# This file uses centimeters as units for non-parametric coordinates.

mtllib Draugr_Ship_01_v09.mtl
g default
v -2.531780 4.410710 -5.876623
v -2.448763 4.536431 -6.109081
v -2.678650 4.923549 -5.722794
v -2.579886 4.994289 -5.971743
v -2.421477 4.963215 -5.609497
v -2.322714 5.033955 -5.858446
v -2.274608 4.450377 -5.763326
v -2.191590 4.576097 -5.995784
v -2.244708 4.684441 -6.053788
v -2.400128 4.660469 -6.122258
v -2.323951 4.961142 -5.970789
v -2.479371 4.937171 -6.039259
v -2.107768 4.585683 -6.104629
v -2.364204 4.585683 -6.104629
v -2.107768 4.900026 -6.418972
v -2.364204 4.900026 -6.418972
v -2.142814 4.391825 -6.336271
v -2.329158 4.391825 -6.336271
v -2.142814 4.620248 -6.564693
v -2.329158 4.620248 -6.564693
v -2.142814 3.756521 -6.694775
v -2.329158 3.756521 -6.694775
v -2.142814 3.984943 -6.923197
v -2.329158 3.984943 -6.923197
v -2.142814 2.612729 -7.462356
v -2.329158 2.612729 -7.462356
v -2.142814 2.841151 -7.690779
v -2.329158 2.841151 -7.690779
v -2.142814 1.676556 -8.317266
v -2.329158 1.676556 -8.317266
v -2.142814 1.927743 -8.568455
v -2.329158 1.927743 -8.568455
v -2.142814 1.113480 -8.788885
v -2.329158 1.113480 -8.788885
v -2.142814 1.456123 -9.131528
v -2.329158 1.456123 -9.131528
v -2.186355 1.154085 -8.908405
v -2.285618 1.154085 -8.908405
v -2.186355 1.336603 -9.090922
v -2.285618 1.336603 -9.090922
v -2.084744 0.939573 -8.749245
v -2.387227 0.939573 -8.749245
v -2.117862 1.468015 -9.333185
v -2.417457 1.497503 -9.303698
v -2.157570 0.861264 -8.907333
v -2.414191 0.886522 -8.882074
v -2.157570 1.337676 -9.383742
v -2.414191 1.362934 -9.358484
v -2.364204 5.185724 -6.704670
v -2.107768 5.185724 -6.704670
v -2.329158 4.905946 -6.850391
v -2.142814 4.905946 -6.850391
v -2.364204 5.118519 -6.338048
v -2.107768 5.118519 -6.338048
v -2.364204 5.338696 -6.558225
v -2.107768 5.338696 -6.558225
v -2.364204 5.404969 -6.054941
v -2.107768 5.404969 -6.054941
v -2.364204 5.512066 -6.162038
v -2.107768 5.512066 -6.162038
v -2.329158 4.226332 -7.052937
v -2.142814 4.226332 -7.052937
v -2.142814 4.458703 -7.285308
v -2.329158 4.458703 -7.285308
v -2.329158 3.632074 -7.498882
v -2.142814 3.632074 -7.498882
v -2.142814 3.810866 -7.677675
v -2.329158 3.810866 -7.677675
v -2.329158 3.024266 -7.949203
v -2.142814 3.024266 -7.949203
v -2.142814 3.203058 -8.127995
v -2.329158 3.203058 -8.127995
v -2.329158 2.083067 -8.788963
v -2.142814 2.083067 -8.788963
v -2.142814 2.201003 -8.906901
v -2.329158 2.201003 -8.906901
v -2.346762 1.528851 -9.137384
v -2.125211 1.528851 -9.137384
v -2.142814 1.684337 -9.313684
v -2.329158 1.684337 -9.313684
v -2.346762 1.542615 -9.413121
v -2.125211 1.542615 -9.413121
v -2.142814 1.591942 -9.441632
v -2.329158 1.591942 -9.441632
v -2.166858 0.588426 -8.725754
v -2.422422 0.613580 -8.700600
v -2.166858 1.449808 -9.587133
v -2.422422 1.474961 -9.561980
v -2.208030 0.434521 -8.990165
v -2.463594 0.459675 -8.965010
v -2.208030 1.295903 -9.851543
v -2.463594 1.321057 -9.826392
v -2.605215 4.667130 -5.799708
v -2.348042 4.706796 -5.686411
v -2.257152 4.805027 -5.927115
v -2.284330 4.822791 -6.012289
v -2.107768 4.742855 -6.261800
v -2.142814 4.506037 -6.450482
v -2.142814 3.870731 -6.808985
v -2.142814 2.726940 -7.576567
v -2.142814 1.802150 -8.442859
v -2.142814 1.284801 -8.960206
v -2.186355 1.245343 -8.999666
v -2.084744 1.217669 -9.027340
v -2.157570 1.099470 -9.145540
v -2.166858 1.053024 -9.190353
v -2.208030 0.899119 -9.454759
v -2.463594 0.924273 -9.429607
v -2.422422 1.078177 -9.165199
v -2.414191 1.124728 -9.120281
v -2.387227 1.217669 -9.027340
v -2.285618 1.245343 -8.999666
v -2.329158 1.284801 -8.960206
v -2.329158 1.802150 -8.442859
v -2.329158 2.726940 -7.576567
v -2.329158 3.870731 -6.808985
v -2.329158 4.506037 -6.450482
v -2.364204 4.742855 -6.261800
v -2.439749 4.798820 -6.080759
v -2.514325 4.765360 -6.040412
v -2.568498 4.538919 -5.838165
v -2.311325 4.578586 -5.724869
v -2.224371 4.690561 -5.961449
v -2.264519 4.753615 -6.033039
v -2.107768 4.664269 -6.183214
v -2.142814 4.448931 -6.393376
v -2.142814 3.813626 -6.751880
v -2.142814 2.669834 -7.519463
v -2.142814 1.739353 -8.380061
v -2.142814 1.199141 -8.874547
v -2.186355 1.199714 -8.954037
v -2.084744 1.078621 -8.888292
v -2.157570 0.980367 -9.026437
v -2.166858 0.854632 -8.991960
v -2.208030 0.700727 -9.256371
v -2.463594 0.725881 -9.231218
v -2.422422 0.879786 -8.966805
v -2.414191 1.005625 -9.001177
v -2.387227 1.078621 -8.888292
v -2.285618 1.199714 -8.954037
v -2.329158 1.199141 -8.874547
v -2.329158 1.739353 -8.380061
v -2.329158 2.669834 -7.519463
v -2.329158 3.813626 -6.751880
v -2.329158 4.448931 -6.393376
v -2.364204 4.664269 -6.183214
v -2.419939 4.729644 -6.101509
v -2.481544 4.650895 -6.074747
v -2.384759 4.835005 -5.647955
v -2.641932 4.795339 -5.761251
v -2.547106 4.879824 -6.006078
v -2.459560 4.867994 -6.060009
v -2.364204 4.821441 -6.340386
v -2.329158 4.563142 -6.507587
v -2.329158 3.927837 -6.866092
v -2.329158 2.784045 -7.633673
v -2.329158 1.864946 -8.505656
v -2.329158 1.370462 -9.045867
v -2.285618 1.290973 -9.045294
v -2.387227 1.356716 -9.166388
v -2.414191 1.243831 -9.239383
v -2.422422 1.276569 -9.363590
v -2.463594 1.122665 -9.627997
v -2.208030 1.097511 -9.653152
v -2.166858 1.251415 -9.388744
v -2.157570 1.218573 -9.264643
v -2.084744 1.356716 -9.166388
v -2.186355 1.290973 -9.045294
v -2.142814 1.370462 -9.045867
v -2.142814 1.864946 -8.505656
v -2.142814 2.784045 -7.633673
v -2.142814 3.927837 -6.866092
v -2.142814 4.563142 -6.507587
v -2.107768 4.821441 -6.340386
v -2.304140 4.891966 -5.991539
v -2.289933 4.919490 -5.892780
v -2.388582 1.089334 -9.677492
v -2.296185 1.080239 -9.686586
v -2.296185 1.151965 -9.758310
v -2.388582 1.161059 -9.749219
v -2.471448 1.085344 -9.716961
v -2.224861 1.061074 -9.741230
v -2.224861 1.223176 -9.903333
v -2.471448 1.247446 -9.879062
v -2.514194 0.821646 -10.281022
v -2.343587 0.804854 -10.297815
v -2.343587 0.917007 -10.409966
v -2.514194 0.933799 -10.393175
v -2.570405 0.595282 -10.625777
v -2.399799 0.578490 -10.642569
v -2.399799 0.690644 -10.754723
v -2.570405 0.707435 -10.737934
v -2.542916 0.575645 -10.691735
v -2.442772 0.565789 -10.701590
v -2.442772 0.631622 -10.767426
v -2.542916 0.641479 -10.757570
v -2.577037 0.516913 -10.673483
v -2.413943 0.500860 -10.689539
v -2.413943 0.643678 -10.832352
v -2.577037 0.659731 -10.816298
v -2.627984 0.317359 -10.991557
v -2.464890 0.301307 -11.007607
v -2.464890 0.383573 -11.089877
v -2.627984 0.399625 -11.073824
v -2.682749 0.118386 -11.213541
v -2.493495 0.099760 -11.232172
v -2.493495 0.191930 -11.324343
v -2.682749 0.210558 -11.305716
v -2.626238 0.118820 -11.258337
v -2.556427 0.111948 -11.265207
v -2.556427 0.158890 -11.312155
v -2.626238 0.165761 -11.305279
v -2.685647 0.085389 -11.249424
v -2.504010 0.067511 -11.267300
v -2.504010 0.156798 -11.356590
v -2.685647 0.174676 -11.338714
v -2.697434 -0.175693 -11.542253
v -2.599634 -0.185319 -11.551877
v -2.599634 -0.127777 -11.609422
v -2.697434 -0.118152 -11.599791
v -2.679300 -0.177542 -11.558928
v -2.620656 -0.183314 -11.564699
v -2.620656 -0.140601 -11.607412
v -2.679300 -0.134829 -11.601645
v -2.705769 -0.194761 -11.557651
v -2.598272 -0.205341 -11.568228
v -2.598272 -0.144128 -11.629442
v -2.705769 -0.133548 -11.618864
v -2.704395 -0.401917 -11.770310
v -2.680660 -0.404253 -11.772648
v -2.680660 -0.374758 -11.802141
v -2.704395 -0.372421 -11.799807
v -2.379915 4.501610 -5.542228
v -2.637087 4.461945 -5.655525
v -2.662371 4.550231 -5.629043
v -2.405199 4.589897 -5.515745
v -2.455767 4.766472 -5.462780
v -2.712940 4.726806 -5.576077
v -2.738224 4.815093 -5.549595
v -2.481051 4.854759 -5.436298
v -2.687656 4.638519 -5.602560
v -2.430483 4.678185 -5.489262
v -2.545433 4.270801 -5.085710
v -2.802605 4.231135 -5.199006
v -2.825371 4.310629 -5.175162
v -2.568198 4.350295 -5.061865
v -2.613730 4.509283 -5.014176
v -2.870903 4.469616 -5.127473
v -2.893669 4.549111 -5.103628
v -2.636496 4.588777 -4.990331
v -2.848137 4.390123 -5.151318
v -2.590964 4.429790 -5.038020
v -2.920285 3.493723 -3.962769
v -3.177458 3.454057 -4.076068
v -3.206101 3.554072 -4.046068
v -2.948928 3.593740 -3.932768
v -3.006214 3.793769 -3.872771
v -3.263387 3.754105 -3.986067
v -3.292030 3.854124 -3.956064
v -3.034857 3.893787 -3.842769
v -3.234744 3.654087 -4.016068
v -2.977571 3.693757 -3.902769
v -3.482913 2.231686 -2.243813
v -3.740087 2.192017 -2.357112
v -3.770940 2.299759 -2.324792
v -3.513767 2.339424 -2.211494
v -3.575475 2.554896 -2.146866
v -3.832648 2.515230 -2.260158
v -3.863502 2.622965 -2.227846
v -3.606330 2.662634 -2.114547
v -3.801795 2.407492 -2.292478
v -3.544621 2.447159 -2.179180
v -3.507497 1.914317 -2.076892
v -3.764670 1.874648 -2.190190
v -3.812874 2.042973 -2.139697
v -3.555702 2.082635 -2.026407
v -3.652111 2.419275 -1.925429
v -3.909283 2.379612 -2.038723
v -3.957488 2.547933 -1.988236
v -3.700316 2.587602 -1.874938
v -3.861079 2.211289 -2.089214
v -3.603906 2.250958 -1.975916
v -3.571856 1.786436 -1.886027
v -3.829029 1.746765 -1.999325
v -3.883612 1.937361 -1.942153
v -3.626439 1.977021 -1.828863
v -3.735604 2.358207 -1.714521
v -3.992777 2.318541 -1.827820
v -4.047360 2.509135 -1.770653
v -3.790188 2.548798 -1.657357
v -3.938194 2.127951 -1.884989
v -3.681021 2.167614 -1.771695
v -3.683806 1.879089 -1.664353
v -3.940979 1.839421 -1.777652
v -3.978710 1.971167 -1.738134
v -3.721538 2.010834 -1.624838
v -3.796999 2.274333 -1.545800
v -4.054171 2.234664 -1.659099
v -4.091904 2.366414 -1.619582
v -3.834730 2.406082 -1.506284
v -4.016442 2.102921 -1.698609
v -3.759269 2.142586 -1.585319
v -3.747278 1.967843 -1.551346
v -4.004451 1.928175 -1.664646
v -4.016709 2.063271 -1.684122
v -3.759537 2.102937 -1.570824
v -3.776752 2.163049 -1.552798
v -4.033926 2.123391 -1.666086
v -4.086553 2.214852 -1.578659
v -3.829380 2.254519 -1.465363
v -4.025317 2.093322 -1.675113
v -3.768145 2.132993 -1.561812
v -2.286461 0.878894 -9.477499
v -2.396441 0.889719 -9.466672
v -2.286461 0.964271 -9.562874
v -2.396441 0.975095 -9.552047
v -2.296420 0.841166 -9.540949
v -2.406400 0.851990 -9.530123
v -2.297926 1.009294 -9.724380
v -2.407906 1.020118 -9.713553
v -2.321787 0.731265 -9.688786
v -2.431767 0.742089 -9.677959
v -2.321787 0.853030 -9.810550
v -2.431767 0.863855 -9.799725
v -2.377947 0.513405 -10.041518
v -2.487928 0.524230 -10.030689
v -2.377947 0.594965 -10.123079
v -2.487928 0.605790 -10.112252
v -2.445820 0.160244 -10.377945
v -2.555800 0.171069 -10.367123
v -2.445820 0.298317 -10.516016
v -2.555800 0.309142 -10.505194
v -2.452192 0.012693 -10.536003
v -2.608686 0.028096 -10.520601
v -2.452192 0.140257 -10.663566
v -2.608686 0.155660 -10.648166
v -2.512890 0.035586 -10.584343
v -2.555209 0.039751 -10.580178
v -2.512890 0.091918 -10.640673
v -2.555209 0.096082 -10.636511
v -2.482806 -0.042395 -10.567930
v -2.596038 -0.031250 -10.556789
v -2.482806 0.108327 -10.718656
v -2.596038 0.119472 -10.707512
v -2.544063 -0.298238 -10.934460
v -2.657295 -0.287093 -10.923315
v -2.544063 -0.193207 -11.039491
v -2.657295 -0.182062 -11.028345
v -2.600215 -0.561320 -11.241892
v -2.713447 -0.550176 -11.230749
v -2.600215 -0.500638 -11.302572
v -2.713447 -0.489493 -11.291428
v -2.629718 -0.557034 -11.266521
v -2.688995 -0.551201 -11.260686
v -2.629718 -0.525268 -11.298291
v -2.688995 -0.519434 -11.292458
v -2.597065 -0.594293 -11.265677
v -2.727438 -0.581460 -11.252846
v -2.597065 -0.524422 -11.335546
v -2.727438 -0.511590 -11.322718
v -2.686268 -0.920033 -11.615318
v -2.772046 -0.911590 -11.606873
v -2.686268 -0.874063 -11.661289
v -2.772046 -0.865620 -11.652848
v -2.698594 -0.924940 -11.631051
v -2.764175 -0.918487 -11.624594
v -2.698594 -0.889795 -11.666196
v -2.764175 -0.883340 -11.659740
v -2.684410 -0.950237 -11.638083
v -2.784064 -0.940430 -11.628281
v -2.684410 -0.896832 -11.691491
v -2.784064 -0.887023 -11.681684
v -2.756618 -1.198621 -11.863390
v -2.806071 -1.193754 -11.858522
v -2.756618 -1.172119 -11.889894
v -2.806071 -1.167252 -11.885024
v -2.268391 0.689601 -9.328070
v -2.421523 0.704674 -9.312999
v -2.268391 0.808477 -9.446948
v -2.421523 0.823550 -9.431876
v -2.280643 0.611279 -9.374241
v -2.433776 0.626352 -9.359166
v -2.280643 0.812019 -9.574978
v -2.433776 0.827092 -9.559905
v -2.358033 0.278802 -9.828044
v -2.511165 0.293874 -9.812972
v -2.358033 0.370287 -9.919527
v -2.511165 0.385360 -9.904456
v -2.433469 -0.152338 -10.163335
v -2.586601 -0.137267 -10.148260
v -2.433469 -0.012076 -10.303596
v -2.586601 0.002995 -10.288525
v -2.459801 -0.269279 -10.313936
v -2.612934 -0.254207 -10.298869
v -2.459801 -0.169524 -10.413692
v -2.612934 -0.154452 -10.398621
v -2.478720 -0.318743 -10.314622
v -2.604419 -0.306371 -10.302254
v -2.478720 -0.173137 -10.460232
v -2.604419 -0.160766 -10.447859
v -2.544378 -0.534319 -10.561907
v -2.630637 -0.525829 -10.553420
v -2.544378 -0.434400 -10.661831
v -2.630637 -0.425910 -10.653342
v -2.612721 -0.957099 -10.926561
v -2.716952 -0.946841 -10.916302
v -2.612721 -0.836361 -11.047295
v -2.716952 -0.826102 -11.037039
v -2.649992 -0.932137 -10.979944
v -2.686587 -0.928535 -10.976340
v -2.649992 -0.889747 -11.022331
v -2.686587 -0.886145 -11.018728
v -2.630617 -1.008355 -10.981156
v -2.720177 -0.999540 -10.972341
v -2.630617 -0.904609 -11.084904
v -2.720177 -0.895794 -11.076087
v -2.710835 -1.355186 -11.350176
v -2.781245 -1.348257 -11.343245
v -2.710835 -1.273629 -11.431732
v -2.781245 -1.266699 -11.424805
v -2.732443 -1.340412 -11.380930
v -2.763545 -1.337352 -11.377865
v -2.732443 -1.304383 -11.416956
v -2.763545 -1.301322 -11.413898
v -2.720485 -1.375367 -11.380899
v -2.781791 -1.369333 -11.374863
v -2.720485 -1.304352 -11.451912
v -2.781791 -1.298318 -11.445874
v -2.784576 -1.588433 -11.635101
v -2.810370 -1.585895 -11.632560
v -2.784576 -1.558552 -11.664979
v -2.810370 -1.556013 -11.662444
v -2.268950 0.520226 -9.180545
v -2.425205 0.535605 -9.165164
v -2.268950 0.641524 -9.301846
v -2.425205 0.656904 -9.286463
v -2.257951 0.463532 -9.207886
v -2.452014 0.482632 -9.188787
v -2.257951 0.614181 -9.358537
v -2.452014 0.633281 -9.339437
v -2.317091 0.122869 -9.468091
v -2.511154 0.141969 -9.448993
v -2.317091 0.206219 -9.551440
v -2.511154 0.225319 -9.532341
v -2.399381 -0.425858 -9.755434
v -2.593444 -0.406757 -9.736335
v -2.399381 -0.282598 -9.898695
v -2.593444 -0.263498 -9.879596
v -2.414559 -0.551007 -9.784498
v -2.608622 -0.531906 -9.765398
v -2.414559 -0.364679 -9.970827
v -2.608622 -0.345578 -9.951723
v -2.488945 -0.548945 -9.901291
v -2.559219 -0.542028 -9.894376
v -2.488945 -0.481472 -9.968763
v -2.559219 -0.474556 -9.961847
v -2.480809 -0.632454 -9.871454
v -2.577410 -0.622946 -9.861946
v -2.480809 -0.479626 -10.024284
v -2.577410 -0.470118 -10.014776
v -2.503097 -0.760958 -9.969405
v -2.599700 -0.751450 -9.959900
v -2.503097 -0.577574 -10.152788
v -2.599700 -0.568067 -10.143278
v -2.539069 -0.933075 -10.162765
v -2.635671 -0.923567 -10.153257
v -2.539069 -0.836195 -10.259647
v -2.635671 -0.826687 -10.250136
v -2.586239 -1.205694 -10.369401
v -2.682842 -1.196186 -10.359896
v -2.586239 -1.111084 -10.464012
v -2.682842 -1.101576 -10.454502
v -2.609176 -1.210721 -10.409896
v -2.669568 -1.204777 -10.403946
v -2.609176 -1.151576 -10.469038
v -2.669568 -1.145631 -10.463099
v -2.587640 -1.267847 -10.414047
v -2.702116 -1.256579 -10.402782
v -2.587640 -1.155730 -10.526164
v -2.702116 -1.144463 -10.514898
v -2.587640 -1.267847 -10.414047
v -2.702116 -1.256579 -10.402782
v -2.587640 -1.155730 -10.526164
v -2.702116 -1.144463 -10.514898
v -2.669644 -1.573832 -10.703451
v -2.738203 -1.567083 -10.696695
v -2.669644 -1.506685 -10.770592
v -2.738203 -1.499937 -10.763842
v -2.687428 -1.574414 -10.732582
v -2.726835 -1.570535 -10.728706
v -2.687428 -1.535820 -10.771174
v -2.726835 -1.531940 -10.767295
v -2.674526 -1.610699 -10.736475
v -2.747004 -1.603565 -10.729343
v -2.674526 -1.539714 -10.807465
v -2.747004 -1.532581 -10.800327
v -2.728783 -1.804763 -10.910257
v -2.765844 -1.801116 -10.906605
v -2.728783 -1.768464 -10.946554
v -2.765844 -1.764816 -10.942907
v -2.220389 0.544205 -8.747921
v -2.383746 0.560283 -8.731840
v -2.246706 0.445828 -8.916932
v -2.410064 0.461906 -8.900852
v -2.525830 -1.240049 -9.421131
v -2.564470 -1.236246 -9.417331
v -2.526889 -1.219998 -9.451941
v -2.565527 -1.216195 -9.448138
v -2.166858 0.549086 -8.686414
v -2.422422 0.574240 -8.661261
v -2.223801 0.119696 -8.835573
v -2.479366 0.144850 -8.810419
v -2.208030 0.395181 -8.950823
v -2.246038 0.006734 -8.948538
v -2.463594 0.420335 -8.925669
v -2.501602 0.031888 -8.923384
v -2.308671 -0.221687 -8.884901
v -2.473170 -0.205497 -8.868710
v -2.324395 -0.220917 -9.045424
v -2.488893 -0.204727 -9.029232
v -2.305449 -0.239083 -8.881323
v -2.478937 -0.222008 -8.864246
v -2.322031 -0.238271 -9.050615
v -2.495519 -0.221195 -9.033538
v -2.302680 -0.315606 -8.881598
v -2.496433 -0.296536 -8.862531
v -2.321199 -0.314698 -9.070669
v -2.514952 -0.295628 -9.051601
v -2.326157 -0.336558 -8.898493
v -2.481155 -0.321302 -8.883238
v -2.340972 -0.335833 -9.049743
v -2.495971 -0.320577 -9.034489
v -2.308075 -0.376300 -8.880877
v -2.502821 -0.357133 -8.861709
v -2.326689 -0.375384 -9.070908
v -2.521435 -0.356216 -9.051739
v -2.377337 -0.615429 -9.039360
v -2.512977 -0.602080 -9.026009
v -2.386414 -0.622856 -9.124151
v -2.522053 -0.609506 -9.110803
v -2.421937 -0.864433 -9.160979
v -2.541642 -0.852651 -9.149199
v -2.428872 -0.827384 -9.268480
v -2.548576 -0.815602 -9.256697
v -2.432173 -0.919012 -9.173044
v -2.545670 -0.919481 -9.167690
v -2.436882 -0.871118 -9.268720
v -2.550379 -0.871586 -9.263367
v -2.426661 -0.982847 -9.199179
v -2.567338 -0.969001 -9.185330
v -2.430515 -0.909846 -9.311333
v -2.571192 -0.896001 -9.297484
vt 0.436360 0.541895
vt 0.438736 0.541182
vt 0.440811 0.545566
vt 0.438690 0.546203
vt 0.615678 0.087185
vt 0.620699 0.084973
vt 0.622627 0.089834
vt 0.617606 0.092046
vt 0.512272 0.162626
vt 0.509897 0.161913
vt 0.512226 0.157606
vt 0.514347 0.158242
vt 0.650683 0.011714
vt 0.645595 0.009472
vt 0.647237 0.004874
vt 0.652325 0.007115
vt 0.268839 0.005754
vt 0.268839 0.004970
vt 0.269640 0.004891
vt 0.269640 0.005675
vt 0.678960 0.075329
vt 0.678716 0.078018
vt 0.673595 0.077229
vt 0.673840 0.074539
vt 0.070081 0.026832
vt 0.067675 0.025888
vt 0.067210 0.022873
vt 0.069312 0.021843
vt 0.514234 0.156531
vt 0.515515 0.156915
vt 0.622603 0.092027
vt 0.619569 0.093364
vt 0.442270 0.546062
vt 0.440988 0.546447
vt 0.448066 0.075247
vt 0.448790 0.073739
vt 0.453958 0.073739
vt 0.451198 0.075730
vt 0.512404 0.155589
vt 0.513860 0.154133
vt 0.626824 0.100777
vt 0.621817 0.100777
vt 0.441059 0.547577
vt 0.439602 0.546120
vt 0.449496 0.069832
vt 0.453252 0.069832
vt 0.508812 0.151297
vt 0.509870 0.150238
vt 0.884535 0.224813
vt 0.883824 0.230493
vt 0.880040 0.230493
vt 0.879329 0.224813
vt 0.437068 0.551471
vt 0.436010 0.550413
vt 0.449496 0.057028
vt 0.453252 0.057028
vt 0.497040 0.144654
vt 0.498098 0.143596
vt 0.877557 0.327369
vt 0.877557 0.340424
vt 0.873728 0.340424
vt 0.873728 0.327369
vt 0.425295 0.558115
vt 0.424236 0.557057
vt 0.235234 0.436120
vt 0.235234 0.418615
vt 0.239484 0.418615
vt 0.239484 0.436120
vt 0.475846 0.130431
vt 0.476904 0.129373
vt 0.877557 0.363929
vt 0.873728 0.363929
vt 0.404098 0.572340
vt 0.403039 0.571282
vt 0.235234 0.399119
vt 0.239484 0.399119
vt 0.458499 0.114590
vt 0.459663 0.113426
vt 0.877557 0.382700
vt 0.873728 0.382700
vt 0.386854 0.588289
vt 0.385690 0.587125
vt 0.235234 0.388363
vt 0.239484 0.388363
vt 0.448066 0.105851
vt 0.449653 0.104264
vt 0.877557 0.392391
vt 0.873728 0.392391
vt 0.376842 0.597453
vt 0.375255 0.595865
vt 0.236227 0.385638
vt 0.238491 0.385638
vt 0.448818 0.103636
vt 0.449663 0.102791
vt 0.876663 0.394847
vt 0.874623 0.394847
vt 0.376853 0.598926
vt 0.376007 0.598080
vt 0.495729 0.407909
vt 0.493527 0.404460
vt 0.500082 0.404460
vt 0.497880 0.407909
vt 0.500082 0.407473
vt 0.497880 0.408898
vt 0.497880 0.411864
vt 0.499364 0.417114
vt 0.492872 0.416475
vt 0.495729 0.411864
vt 0.493527 0.407473
vt 0.495729 0.408898
vt 0.311046 0.023232
vt 0.308525 0.023744
vt 0.308045 0.018873
vt 0.311046 0.017490
vt 0.689332 0.067343
vt 0.692234 0.065906
vt 0.694421 0.068092
vt 0.691885 0.069896
vt 0.599842 0.016260
vt 0.602292 0.017006
vt 0.601817 0.021830
vt 0.599288 0.021892
vt 0.474559 0.152058
vt 0.476747 0.149870
vt 0.479188 0.150845
vt 0.476633 0.153400
vt 0.727637 0.044575
vt 0.727637 0.046718
vt 0.722506 0.046718
vt 0.722506 0.044575
vt 0.445428 0.551946
vt 0.450723 0.557240
vt 0.445538 0.559941
vt 0.440243 0.554646
vt 0.644094 0.315460
vt 0.644486 0.314825
vt 0.648635 0.314825
vt 0.649027 0.315460
vt 0.513044 0.147064
vt 0.518338 0.141770
vt 0.523522 0.144470
vt 0.518228 0.149764
vt 0.167627 0.026529
vt 0.167627 0.030963
vt 0.162424 0.030963
vt 0.162424 0.026529
vt 0.449477 0.550446
vt 0.453558 0.554526
vt 0.722506 0.057577
vt 0.722506 0.054646
vt 0.727637 0.054646
vt 0.727637 0.057577
vt 0.526357 0.147184
vt 0.522277 0.151264
vt 0.167627 0.036775
vt 0.162424 0.036775
vt 0.454786 0.545199
vt 0.456770 0.547184
vt 0.529569 0.154525
vt 0.527585 0.156510
vt 0.644486 0.378883
vt 0.644486 0.368012
vt 0.648635 0.368012
vt 0.648635 0.378883
vt 0.505745 0.138017
vt 0.510051 0.133711
vt 0.883824 0.239574
vt 0.880040 0.239574
vt 0.437249 0.568001
vt 0.432943 0.563694
vt 0.644486 0.358082
vt 0.648635 0.358082
vt 0.494734 0.129754
vt 0.498047 0.126441
vt 0.883824 0.252727
vt 0.880040 0.252727
vt 0.425243 0.575272
vt 0.421930 0.571959
vt 0.644486 0.348056
vt 0.648635 0.348056
vt 0.483472 0.121410
vt 0.486784 0.118097
vt 0.883824 0.265067
vt 0.880040 0.265067
vt 0.413979 0.583618
vt 0.410666 0.580304
vt 0.644486 0.329358
vt 0.648635 0.329358
vt 0.466032 0.105849
vt 0.468217 0.103664
vt 0.883824 0.285412
vt 0.880040 0.285412
vt 0.395409 0.598052
vt 0.393223 0.595867
vt 0.644094 0.321599
vt 0.649027 0.321599
vt 0.455762 0.099393
vt 0.458643 0.096127
vt 0.883824 0.295902
vt 0.880040 0.295902
vt 0.385834 0.605591
vt 0.382953 0.602324
vt 0.456017 0.094284
vt 0.456931 0.093756
vt 0.883824 0.297778
vt 0.880040 0.297778
vt 0.384122 0.607962
vt 0.383208 0.607434
vt 0.044970 0.011677
vt 0.044807 0.006269
vt 0.049871 0.005771
vt 0.050055 0.011177
vt 0.688901 0.060897
vt 0.693788 0.065784
vt 0.857273 0.091409
vt 0.857093 0.095363
vt 0.852125 0.094874
vt 0.852285 0.090918
vt 0.475190 0.149746
vt 0.480081 0.144855
vt 0.857051 0.173133
vt 0.857032 0.172757
vt 0.857756 0.172828
vt 0.857776 0.173204
vt 0.693755 0.058071
vt 0.698642 0.062959
vt 0.856292 0.100503
vt 0.851325 0.100013
vt 0.470332 0.146919
vt 0.475223 0.142027
vt 0.887674 0.317492
vt 0.886595 0.309361
vt 0.891435 0.308885
vt 0.892513 0.317015
vt 0.918534 0.083411
vt 0.921310 0.075422
vt 0.923411 0.073320
vt 0.923454 0.080548
vt 0.863733 0.142549
vt 0.863021 0.149831
vt 0.858230 0.149360
vt 0.858943 0.142078
vt 0.513627 0.080835
vt 0.513669 0.073732
vt 0.515735 0.075798
vt 0.518462 0.083649
vt 0.886713 0.302727
vt 0.889827 0.302421
vt 0.922228 0.069070
vt 0.925214 0.069084
vt 0.861552 0.154099
vt 0.858468 0.153795
vt 0.511734 0.069406
vt 0.514669 0.069391
vt 0.886603 0.302414
vt 0.889889 0.302091
vt 0.922161 0.068746
vt 0.925311 0.068761
vt 0.861596 0.154424
vt 0.858344 0.154104
vt 0.511655 0.069104
vt 0.514750 0.069090
vt 0.886272 0.301003
vt 0.889941 0.300642
vt 0.922166 0.067323
vt 0.925684 0.067339
vt 0.861612 0.155857
vt 0.857980 0.155499
vt 0.511325 0.067744
vt 0.514782 0.067727
vt 0.886561 0.300534
vt 0.889496 0.300245
vt 0.922480 0.066933
vt 0.925295 0.066946
vt 0.861241 0.156253
vt 0.858336 0.155967
vt 0.511638 0.067287
vt 0.514403 0.067274
vt 0.886151 0.299856
vt 0.889839 0.299493
vt 0.922153 0.066193
vt 0.925688 0.066210
vt 0.861509 0.156995
vt 0.857858 0.156635
vt 0.511322 0.066636
vt 0.514797 0.066619
vt 0.885959 0.295218
vt 0.888527 0.294965
vt 0.925101 0.061744
vt 0.926679 0.061606
vt 0.860389 0.161634
vt 0.857847 0.161384
vt 0.510242 0.062004
vt 0.511793 0.062140
vt 0.885416 0.290473
vt 0.887683 0.290250
vt 0.927364 0.057111
vt 0.929364 0.057800
vt 0.859593 0.165468
vt 0.857349 0.165247
vt 0.507574 0.058236
vt 0.509540 0.057558
vt 0.885340 0.289208
vt 0.887489 0.289216
vt 0.927589 0.056095
vt 0.929369 0.056987
vt 0.859443 0.166288
vt 0.857316 0.166297
vt 0.507452 0.057212
vt 0.509202 0.056336
vt 0.884929 0.288270
vt 0.887593 0.288008
vt 0.928075 0.054908
vt 0.930162 0.056266
vt 0.859563 0.167014
vt 0.856925 0.166755
vt 0.506829 0.056766
vt 0.508879 0.055431
vt 0.884984 0.283210
vt 0.885716 0.283138
vt 0.932205 0.050122
vt 0.932778 0.050495
vt 0.504074 0.050911
vt 0.504637 0.050544
vt 0.678373 0.079215
vt 0.677325 0.081036
vt 0.672205 0.080247
vt 0.673253 0.078426
vt 0.519399 0.164763
vt 0.517024 0.164051
vt 0.518589 0.159514
vt 0.520710 0.160150
vt 0.518079 0.157684
vt 0.519361 0.158069
vt 0.516772 0.151220
vt 0.511986 0.148122
vt 0.500214 0.141479
vt 0.501272 0.140421
vt 0.479020 0.127256
vt 0.480078 0.126198
vt 0.461990 0.111099
vt 0.463154 0.109935
vt 0.452827 0.101089
vt 0.454415 0.099502
vt 0.451355 0.101100
vt 0.452200 0.100254
vt 0.500082 0.413500
vt 0.497880 0.410875
vt 0.698794 0.072466
vt 0.700981 0.074652
vt 0.700052 0.077045
vt 0.696990 0.075002
vt 0.701072 0.073069
vt 0.704715 0.076711
vt 0.705927 0.070243
vt 0.709569 0.073885
vt 0.235234 0.007422
vt 0.235234 0.006785
vt 0.235747 0.006734
vt 0.235747 0.007372
vt 0.464255 0.160682
vt 0.459397 0.157854
vt 0.463042 0.154209
vt 0.467900 0.157037
vt 0.467994 0.158623
vt 0.470182 0.156435
vt 0.469000 0.161096
vt 0.471523 0.158509
vt 0.493527 0.413500
vt 0.495729 0.410875
vt 0.381605 0.602215
vt 0.379390 0.601463
vt 0.378544 0.600617
vt 0.380017 0.600628
vt 0.390345 0.591780
vt 0.389181 0.590617
vt 0.407272 0.575515
vt 0.406214 0.574457
vt 0.428469 0.561290
vt 0.427411 0.560232
vt 0.439185 0.553588
vt 0.443972 0.550489
vt 0.446116 0.544909
vt 0.444834 0.545293
vt 0.447175 0.543658
vt 0.445054 0.544294
vt 0.443488 0.539757
vt 0.445864 0.539044
vt 0.678544 0.078617
vt 0.673424 0.077827
vt 0.514648 0.163338
vt 0.516468 0.158878
vt 0.516797 0.157300
vt 0.515316 0.152676
vt 0.510928 0.149180
vt 0.499156 0.142537
vt 0.477962 0.128314
vt 0.460826 0.112263
vt 0.451240 0.102676
vt 0.450509 0.101945
vt 0.500082 0.410486
vt 0.497880 0.409887
vt 0.696608 0.070279
vt 0.694438 0.072449
vt 0.697430 0.069426
vt 0.702284 0.066601
vt 0.806518 0.005589
vt 0.806518 0.004944
vt 0.807075 0.004889
vt 0.807075 0.005534
vt 0.466687 0.150564
vt 0.471545 0.153391
vt 0.472371 0.154247
vt 0.474078 0.155954
vt 0.493527 0.410486
vt 0.495729 0.409887
vt 0.377699 0.599772
vt 0.378430 0.599040
vt 0.388018 0.589453
vt 0.405156 0.573398
vt 0.426353 0.559173
vt 0.438126 0.552530
vt 0.442515 0.549033
vt 0.443552 0.545678
vt 0.442932 0.544930
vt 0.441112 0.540469
vt 0.398336 0.005965
vt 0.397763 0.005965
vt 0.397658 0.004896
vt 0.398231 0.004896
vt 0.584609 0.336636
vt 0.586101 0.335652
vt 0.587938 0.335471
vt 0.589691 0.336136
vt 0.514228 0.004896
vt 0.514580 0.006692
vt 0.513119 0.006692
vt 0.510187 0.004896
vt 0.512934 0.008574
vt 0.509675 0.010102
vt 0.460815 0.154914
vt 0.462133 0.153596
vt 0.584453 0.334867
vt 0.589356 0.334384
vt 0.824642 0.056876
vt 0.824288 0.055866
vt 0.827284 0.052870
vt 0.825968 0.055550
vt 0.890352 0.234794
vt 0.891762 0.237662
vt 0.886886 0.237182
vt 0.888525 0.234614
vt 0.886886 0.233976
vt 0.888525 0.233196
vt 0.583603 0.323651
vt 0.586995 0.323317
vt 0.819551 0.045578
vt 0.821625 0.043505
vt 0.889415 0.247680
vt 0.886041 0.247348
vt 0.020602 0.007833
vt 0.014879 0.017214
vt 0.012832 0.015167
vt 0.017644 0.004875
vt 0.582485 0.316796
vt 0.585878 0.316462
vt 0.815367 0.039205
vt 0.817440 0.037132
vt 0.888303 0.254498
vt 0.884929 0.254166
vt 0.010748 0.023504
vt 0.008702 0.021458
vt 0.583032 0.315485
vt 0.585023 0.315289
vt 0.815132 0.038114
vt 0.816349 0.036897
vt 0.610799 0.014691
vt 0.611886 0.015483
vt 0.611704 0.017327
vt 0.610489 0.017834
vt 0.009545 0.023863
vt 0.008344 0.022661
vt 0.264615 0.017075
vt 0.263534 0.017703
vt 0.263239 0.014702
vt 0.264433 0.015233
vt 0.813932 0.038337
vt 0.816572 0.035697
vt 0.307448 0.005100
vt 0.308049 0.006454
vt 0.304648 0.006119
vt 0.305360 0.004895
vt 0.009878 0.024934
vt 0.007272 0.022328
vt 0.859074 0.052391
vt 0.858039 0.045925
vt 0.861354 0.045598
vt 0.862390 0.052064
vt 0.810244 0.032458
vt 0.811764 0.030937
vt 0.306987 0.011823
vt 0.303586 0.011489
vt 0.005132 0.029633
vt 0.003631 0.028132
vt 0.856925 0.041412
vt 0.860773 0.041033
vt 0.806518 0.028307
vt 0.808222 0.026603
vt 0.306390 0.016712
vt 0.302444 0.016323
vt 0.001682 0.033864
vt 0.000000 0.032183
vt 0.858074 0.040501
vt 0.859493 0.040362
vt 0.859493 0.039407
vt 0.860773 0.039160
vt 0.885269 0.014690
vt 0.885872 0.015838
vt 0.885747 0.017112
vt 0.884929 0.018143
vt 0.856925 0.039538
vt 0.858074 0.039547
vt 0.387388 0.025282
vt 0.386781 0.026361
vt 0.386457 0.023062
vt 0.387264 0.024014
vt 0.336072 0.050244
vt 0.335231 0.050204
vt 0.336920 0.048515
vt 0.336960 0.049356
vt 0.579951 0.006253
vt 0.581091 0.007219
vt 0.577141 0.006831
vt 0.578433 0.006104
vt 0.577141 0.004889
vt 0.578433 0.005083
vt 0.000246 0.024845
vt 0.000000 0.018727
vt 0.002043 0.018525
vt 0.004041 0.024471
vt 0.330448 0.044821
vt 0.331537 0.043733
vt 0.579011 0.012717
vt 0.576884 0.012508
vt 0.919354 0.061200
vt 0.914016 0.065959
vt 0.912967 0.064911
vt 0.917726 0.059573
vt 0.000379 0.018378
vt 0.001604 0.018258
vt 0.001604 0.017365
vt 0.002043 0.017323
vt 0.274615 0.021150
vt 0.274847 0.021531
vt 0.274742 0.022594
vt 0.274440 0.022923
vt 0.913712 0.065993
vt 0.912934 0.065214
vt 0.129383 0.046901
vt 0.128819 0.046535
vt 0.131108 0.046309
vt 0.130631 0.046779
vt 0.123218 0.009035
vt 0.123284 0.008621
vt 0.124434 0.009771
vt 0.124020 0.009837
vt 0.113947 0.041744
vt 0.114455 0.042243
vt 0.112016 0.042004
vt 0.112617 0.041613
vt 0.112016 0.040615
vt 0.112617 0.040644
vt 0.128848 0.042123
vt 0.129354 0.042074
vt 0.127122 0.004887
vt 0.127676 0.005440
vt 0.112586 0.046161
vt 0.112048 0.046108
vt 0.933008 0.009714
vt 0.929736 0.005395
vt 0.930269 0.004862
vt 0.934115 0.008608
vt 0.648599 0.016088
vt 0.643512 0.013846
vt 0.437309 0.537797
vt 0.438945 0.537307
vt 0.512482 0.166500
vt 0.510846 0.166010
vt 0.442218 0.536325
vt 0.443854 0.535834
vt 0.614515 0.083804
vt 0.619536 0.081592
vt 0.517390 0.167973
vt 0.515754 0.167482
vt 0.440582 0.536816
vt 0.514118 0.166991
vt 0.645325 0.025119
vt 0.640237 0.022878
vt 0.433032 0.529337
vt 0.434505 0.528895
vt 0.508042 0.174911
vt 0.506569 0.174469
vt 0.437452 0.528011
vt 0.438925 0.527569
vt 0.611480 0.075097
vt 0.616501 0.072885
vt 0.512461 0.176236
vt 0.510988 0.175794
vt 0.435978 0.528453
vt 0.509515 0.175353
vt 0.637909 0.047334
vt 0.632822 0.045093
vt 0.418631 0.508527
vt 0.420484 0.507970
vt 0.494024 0.195832
vt 0.492170 0.195276
vt 0.424192 0.506859
vt 0.426045 0.506303
vt 0.603703 0.052692
vt 0.608724 0.050480
vt 0.499583 0.197500
vt 0.497730 0.196944
vt 0.422338 0.507415
vt 0.495877 0.196388
vt 0.626779 0.081341
vt 0.621691 0.079099
vt 0.395243 0.476670
vt 0.397239 0.476071
vt 0.470782 0.227727
vt 0.468785 0.227128
vt 0.401232 0.474874
vt 0.403229 0.474275
vt 0.592545 0.018950
vt 0.597566 0.016738
vt 0.476771 0.229523
vt 0.474774 0.228924
vt 0.399236 0.475473
vt 0.472778 0.228325
vt 0.386586 0.026385
vt 0.386086 0.032839
vt 0.380856 0.033646
vt 0.381356 0.027191
vt 0.389361 0.473577
vt 0.392480 0.472641
vt 0.466024 0.231156
vt 0.462905 0.230221
vt 0.398719 0.470770
vt 0.401839 0.469834
vt 0.590710 0.014272
vt 0.595731 0.012060
vt 0.475380 0.233963
vt 0.472261 0.233027
vt 0.395600 0.471706
vt 0.469142 0.232092
vt 0.502531 0.031976
vt 0.501280 0.035686
vt 0.496282 0.033484
vt 0.497532 0.029774
vt 0.386991 0.470040
vt 0.390523 0.468980
vt 0.464067 0.234817
vt 0.460535 0.233757
vt 0.397587 0.466862
vt 0.401120 0.465802
vt 0.588956 0.010024
vt 0.593977 0.007812
vt 0.474661 0.237994
vt 0.471130 0.236935
vt 0.394055 0.467921
vt 0.467598 0.235876
vt 0.499104 0.039994
vt 0.494106 0.037792
vt 0.388708 0.465932
vt 0.391150 0.465199
vt 0.464693 0.238597
vt 0.462252 0.237865
vt 0.396033 0.463735
vt 0.398475 0.463002
vt 0.588086 0.007075
vt 0.593107 0.004863
vt 0.472017 0.240794
vt 0.469576 0.240062
vt 0.393591 0.464467
vt 0.467134 0.239329
vt 0.497870 0.042190
vt 0.492872 0.039988
vt 0.390353 0.463838
vt 0.392857 0.464198
vt 0.466400 0.239598
vt 0.463897 0.239959
vt 0.393971 0.463864
vt 0.395666 0.462244
vt 0.672098 0.083264
vt 0.677219 0.084054
vt 0.469209 0.241552
vt 0.467514 0.239932
vt 0.393414 0.464031
vt 0.466957 0.239765
vt 0.584609 0.340581
vt 0.585944 0.339844
vt 0.588131 0.339628
vt 0.589691 0.340080
vt 0.588131 0.337931
vt 0.585944 0.338146
vt 0.464437 0.151497
vt 0.466006 0.149929
vt 0.585746 0.338582
vt 0.587933 0.338367
vt 0.267762 0.029344
vt 0.267077 0.028192
vt 0.270129 0.024862
vt 0.269312 0.027794
vt 0.203873 0.005095
vt 0.203661 0.008079
vt 0.201630 0.007879
vt 0.201841 0.004896
vt 0.461470 0.152325
vt 0.464840 0.149236
vt 0.889114 0.150620
vt 0.888590 0.147561
vt 0.890865 0.147337
vt 0.891389 0.150396
vt 0.265082 0.025508
vt 0.267293 0.023297
vt 0.527666 0.385092
vt 0.527144 0.388506
vt 0.524741 0.388270
vt 0.525263 0.384856
vt 0.459887 0.149454
vt 0.462124 0.147216
vt 0.887428 0.140264
vt 0.889703 0.140040
vt 0.261127 0.019104
vt 0.262608 0.017624
vt 0.525917 0.394144
vt 0.523514 0.393908
vt 0.454145 0.144712
vt 0.455643 0.143214
vt 0.886024 0.133305
vt 0.888299 0.133081
vt 0.254716 0.012997
vt 0.257222 0.010490
vt 0.524435 0.400626
vt 0.522032 0.400389
vt 0.446925 0.139262
vt 0.449462 0.136725
vt 0.884929 0.130130
vt 0.888167 0.129811
vt 0.252037 0.010127
vt 0.254353 0.007811
vt 0.524295 0.404079
vt 0.520876 0.403742
vt 0.444298 0.136442
vt 0.446642 0.134098
vt 0.886036 0.128897
vt 0.886911 0.128811
vt 0.886911 0.127646
vt 0.888167 0.127172
vt 0.522969 0.405135
vt 0.522045 0.405044
vt 0.444512 0.135347
vt 0.445547 0.134312
vt 0.359967 0.006215
vt 0.358658 0.006968
vt 0.358452 0.004879
vt 0.359891 0.005434
vt 0.274137 0.066103
vt 0.272713 0.066402
vt 0.275465 0.063650
vt 0.275165 0.065074
vt 0.934048 0.056697
vt 0.934695 0.058374
vt 0.932261 0.058134
vt 0.933138 0.056608
vt 0.443208 0.135777
vt 0.445977 0.133007
vt 0.002387 0.065756
vt 0.001141 0.058306
vt 0.003443 0.058079
vt 0.004688 0.065530
vt 0.268042 0.059710
vt 0.269960 0.057793
vt 0.933378 0.065273
vt 0.930943 0.065033
vt 0.437313 0.130237
vt 0.439243 0.128307
vt 0.000000 0.052056
vt 0.002302 0.051830
vt 0.263239 0.054097
vt 0.264346 0.052989
vt 0.932171 0.070929
vt 0.929736 0.070690
vt 0.432479 0.124588
vt 0.433594 0.123473
vt 0.000497 0.051448
vt 0.001702 0.051329
vt 0.001702 0.050683
vt 0.002302 0.050596
vt 0.437066 0.022515
vt 0.437513 0.023050
vt 0.437407 0.024126
vt 0.436864 0.024569
vt 0.432460 0.124038
vt 0.433044 0.123454
vt 0.448850 0.021271
vt 0.448299 0.021971
vt 0.448066 0.019598
vt 0.448744 0.020192
vt 0.000016 0.016728
vt 0.000000 0.016040
vt 0.001291 0.017331
vt 0.000603 0.017315
vt 0.372735 0.043589
vt 0.373442 0.044395
vt 0.370620 0.044118
vt 0.371452 0.043462
vt 0.370620 0.042605
vt 0.371452 0.042775
vt 0.790656 0.034366
vt 0.789716 0.026906
vt 0.791523 0.026728
vt 0.793403 0.034096
vt 0.006461 0.010020
vt 0.007311 0.010869
vt 0.371511 0.051447
vt 0.369654 0.051264
vt 0.570321 0.073191
vt 0.564310 0.066745
vt 0.565147 0.065908
vt 0.571593 0.071919
vt 0.789881 0.026532
vt 0.791263 0.026396
vt 0.006752 0.009929
vt 0.007402 0.010579
vt 0.627449 0.013732
vt 0.627743 0.013962
vt 0.627622 0.015186
vt 0.627292 0.015333
vt 0.564184 0.066422
vt 0.564824 0.065782
vt 0.734578 0.036273
vt 0.734165 0.035816
vt 0.736236 0.035612
vt 0.735942 0.036138
vt 0.006882 0.009462
vt 0.007869 0.010449
vt 0.859402 0.024319
vt 0.859728 0.024902
vt 0.857432 0.024676
vt 0.857891 0.024170
vt 0.563784 0.066355
vt 0.564757 0.065383
vt 0.733707 0.030550
vt 0.734735 0.030449
vt 0.011046 0.004872
vt 0.011535 0.005361
vt 0.858065 0.029473
vt 0.856925 0.029361
vt 0.560082 0.061253
vt 0.560565 0.060770
vt 0.227199 0.055355
vt 0.228091 0.053621
vt 0.231337 0.053302
vt 0.232617 0.054822
vt 0.699959 0.062754
vt 0.702141 0.064937
vt 0.734163 0.004879
vt 0.735807 0.005974
vt 0.735533 0.008750
vt 0.733707 0.009513
vt 0.466645 0.148713
vt 0.468830 0.146529
vt 0.227831 0.052643
vt 0.231077 0.052323
vt 0.700806 0.061316
vt 0.704491 0.065002
vt 0.474695 0.187201
vt 0.474426 0.190006
vt 0.471071 0.189676
vt 0.471340 0.186871
vt 0.464293 0.148778
vt 0.467981 0.145090
vt 0.226190 0.043022
vt 0.229437 0.042703
vt 0.709137 0.055213
vt 0.710817 0.056892
vt 0.472731 0.197554
vt 0.469376 0.197224
vt 0.457963 0.140662
vt 0.459643 0.138981
vt 0.224591 0.035914
vt 0.227837 0.035595
vt 0.715293 0.047297
vt 0.717868 0.049872
vt 0.471078 0.205968
vt 0.467724 0.205638
vt 0.450906 0.133637
vt 0.453483 0.131060
vt 0.224033 0.032722
vt 0.227279 0.032402
vt 0.718058 0.045151
vt 0.719889 0.046982
vt 0.470501 0.208380
vt 0.467147 0.208050
vt 0.448883 0.130744
vt 0.450716 0.128911
vt 0.253207 0.007648
vt 0.252261 0.007494
vt 0.252037 0.005214
vt 0.252934 0.004871
vt 0.718070 0.044242
vt 0.720743 0.046916
vt 0.470087 0.209399
vt 0.467333 0.209128
vt 0.447978 0.130628
vt 0.450654 0.127953
vt 0.584917 0.020984
vt 0.584351 0.015556
vt 0.586215 0.015372
vt 0.587634 0.020717
vt 0.722610 0.040285
vt 0.724445 0.042119
vt 0.468649 0.213816
vt 0.466759 0.213630
vt 0.444203 0.125756
vt 0.446039 0.123920
vt 0.582485 0.007713
vt 0.584738 0.007491
vt 0.729305 0.032523
vt 0.731521 0.034740
vt 0.467151 0.222260
vt 0.464868 0.222035
vt 0.437153 0.118403
vt 0.439371 0.116185
vt 0.583141 0.006416
vt 0.583932 0.006338
vt 0.583932 0.005422
vt 0.584738 0.004882
vt 0.106608 0.011136
vt 0.107609 0.011835
vt 0.107542 0.012521
vt 0.106416 0.013091
vt 0.437490 0.117300
vt 0.438268 0.116521
vt 0.494319 0.005900
vt 0.493032 0.006509
vt 0.492872 0.004885
vt 0.494254 0.005236
vt 0.190428 0.047818
vt 0.190450 0.046429
vt 0.192341 0.048320
vt 0.191201 0.048591
vt 0.602104 0.056309
vt 0.602519 0.057651
vt 0.600598 0.057462
vt 0.601318 0.056231
vt 0.436436 0.117123
vt 0.438342 0.115217
vt 0.214122 0.083768
vt 0.212831 0.075927
vt 0.214320 0.075780
vt 0.216016 0.083582
vt 0.197177 0.040106
vt 0.198663 0.041593
vt 0.600798 0.065092
vt 0.599288 0.064943
vt 0.430028 0.110308
vt 0.431527 0.108810
vt 0.213205 0.075195
vt 0.213863 0.075130
vt 0.213863 0.074368
vt 0.214320 0.074056
vt 0.095344 0.011671
vt 0.095922 0.012077
vt 0.095865 0.012662
vt 0.095214 0.012994
vt 0.430229 0.109672
vt 0.430891 0.109010
vt 0.897160 0.053779
vt 0.896759 0.053076
vt 0.898106 0.052944
vt 0.897843 0.053712
vt 0.375255 0.009411
vt 0.375255 0.008770
vt 0.376555 0.010071
vt 0.375915 0.010070
vt 0.718617 0.050848
vt 0.718880 0.051616
vt 0.717533 0.051484
vt 0.717934 0.050781
vt 0.429641 0.109727
vt 0.430946 0.108422
vt 0.896131 0.048319
vt 0.896698 0.048263
vt 0.379909 0.004869
vt 0.380457 0.005416
vt 0.717471 0.056297
vt 0.716905 0.056241
vt 0.425662 0.104992
vt 0.426211 0.104443
vt 0.408860 0.024692
vt 0.409588 0.020893
vt 0.412554 0.020601
vt 0.413710 0.024214
vt 0.697250 0.059645
vt 0.699477 0.061872
vt 0.319779 0.036380
vt 0.320742 0.037670
vt 0.320417 0.040979
vt 0.319247 0.041792
vt 0.469317 0.145651
vt 0.471546 0.143423
vt 0.686874 0.415132
vt 0.686351 0.414100
vt 0.690132 0.413728
vt 0.689918 0.414832
vt 0.697752 0.058604
vt 0.700518 0.061370
vt 0.321943 0.037437
vt 0.321538 0.041546
vt 0.468344 0.145217
vt 0.471112 0.142449
vt 0.685199 0.407463
vt 0.688980 0.407091
vt 0.702529 0.052350
vt 0.704059 0.053880
vt 0.029275 0.102652
vt 0.028116 0.110646
vt 0.024313 0.110272
vt 0.025472 0.102278
vt 0.464799 0.137721
vt 0.466331 0.136190
vt 0.683596 0.396772
vt 0.687377 0.396400
vt 0.707804 0.042276
vt 0.710434 0.044906
vt 0.026504 0.120225
vt 0.022701 0.119851
vt 0.458419 0.128740
vt 0.461051 0.126108
vt 0.683300 0.394334
vt 0.687081 0.393961
vt 0.708338 0.039978
vt 0.711759 0.043399
vt 0.026206 0.121834
vt 0.022403 0.121459
vt 0.457094 0.127232
vt 0.460517 0.123809
vt 0.500937 0.008376
vt 0.498598 0.007480
vt 0.498473 0.006206
vt 0.500590 0.004858
vt 0.710482 0.040016
vt 0.711721 0.041255
vt 0.024748 0.124122
vt 0.023371 0.123987
vt 0.456908 0.124862
vt 0.458148 0.123623
vt 0.522572 0.006362
vt 0.521054 0.006703
vt 0.520876 0.004892
vt 0.522442 0.005045
vt 0.709934 0.038483
vt 0.712740 0.041289
vt 0.607076 0.005030
vt 0.607236 0.006126
vt 0.605329 0.005939
vt 0.605688 0.004893
vt 0.455936 0.124944
vt 0.458744 0.122136
vt 0.478402 0.067168
vt 0.477909 0.065001
vt 0.480045 0.064791
vt 0.480538 0.066957
vt 0.711733 0.036124
vt 0.715099 0.039491
vt 0.606796 0.008664
vt 0.604888 0.008476
vt 0.453575 0.123144
vt 0.456944 0.119775
vt 0.477113 0.060724
vt 0.479250 0.060514
vt 0.715282 0.032964
vt 0.717061 0.034743
vt 0.804420 0.048457
vt 0.803719 0.053496
vt 0.801836 0.053311
vt 0.802537 0.048272
vt 0.451611 0.118393
vt 0.453391 0.116613
vt 0.476070 0.056154
vt 0.478206 0.055943
vt 0.719076 0.027959
vt 0.720813 0.029696
vt 0.802800 0.058852
vt 0.800917 0.058667
vt 0.447856 0.113342
vt 0.449595 0.111604
vt 0.476363 0.055179
vt 0.477699 0.055048
vt 0.719819 0.027867
vt 0.720905 0.028953
vt 0.802353 0.059641
vt 0.801176 0.059525
vt 0.447698 0.112532
vt 0.448785 0.111446
vt 0.936480 0.006365
vt 0.935541 0.006955
vt 0.935337 0.004880
vt 0.936372 0.005270
vt 0.719896 0.026818
vt 0.721954 0.028877
vt 0.829029 0.009643
vt 0.830065 0.009252
vt 0.829860 0.011328
vt 0.828921 0.010738
vt 0.446747 0.112554
vt 0.448807 0.110494
vt 0.000000 0.004896
vt 0.000000 0.004896
vt 0.000000 0.000000
vt 0.000000 0.000000
vt 0.001224 0.000000
vt 0.001224 0.000000
vt 0.001224 0.004896
vt 0.001224 0.004896
vt 0.840903 0.021121
vt 0.840123 0.014770
vt 0.841605 0.014624
vt 0.843377 0.020878
vt 0.061609 0.036934
vt 0.066914 0.031325
vt 0.068145 0.032556
vt 0.063664 0.038989
vt 0.988742 0.054754
vt 0.987109 0.061742
vt 0.985744 0.061608
vt 0.986463 0.054530
vt 0.931924 0.016842
vt 0.927394 0.010373
vt 0.928616 0.009151
vt 0.933964 0.014802
vt 0.840369 0.014078
vt 0.841220 0.013994
vt 0.067448 0.031314
vt 0.068156 0.032022
vt 0.986755 0.062323
vt 0.985971 0.062245
vt 0.927331 0.009791
vt 0.928033 0.009088
vt 0.415263 0.050521
vt 0.414848 0.049841
vt 0.416338 0.049695
vt 0.416073 0.050441
vt 0.067520 0.030649
vt 0.068821 0.031950
vt 0.841986 0.004981
vt 0.842293 0.005843
vt 0.840571 0.005673
vt 0.841050 0.004889
vt 0.926730 0.009779
vt 0.928022 0.008487
vt 0.414461 0.045780
vt 0.415223 0.045705
vt 0.070705 0.027092
vt 0.071371 0.027757
vt 0.841004 0.009148
vt 0.840123 0.009062
vt 0.924135 0.005553
vt 0.924796 0.004892
vt 0.045573 0.005213
vt 0.048810 0.004894
vt 0.414491 0.029232
vt 0.413476 0.028812
vt 0.412976 0.025604
vt 0.409876 0.025909
vt 0.476402 0.142068
vt 0.479507 0.143876
vt 0.740743 0.009255
vt 0.739308 0.010041
vt 0.739820 0.004846
vt 0.741070 0.005935
vt 0.919679 0.083320
vt 0.922823 0.081490
vt 0.744505 0.006470
vt 0.745194 0.005683
vt 0.744683 0.010878
vt 0.744178 0.009790
vn -0.121861 -0.970096 -0.209916
vn -0.906148 -0.139764 -0.399202
vn -0.856544 -0.093038 -0.507619
vn -0.051423 -0.769592 -0.636462
vn -0.588681 0.799614 0.118625
vn 0.089697 0.904247 0.417483
vn 0.226205 0.958486 0.173595
vn -0.513641 0.844373 -0.152342
vn 0.906148 0.139764 0.399201
vn 0.475848 -0.877905 0.053404
vn 0.688417 -0.655480 -0.310528
vn 0.940893 0.184199 0.284240
vn -0.787939 -0.426865 0.443777
vn -0.834617 0.281665 -0.473370
vn 0.765872 0.124133 -0.630897
vn 0.761276 -0.579333 0.291259
vn -0.109574 -0.414538 0.903412
vn -0.219770 0.034024 0.974958
vn -0.572817 -0.020444 0.819428
vn -0.478218 -0.471402 0.741004
vn -0.045480 -0.428014 -0.902627
vn 0.976697 -0.116053 0.180541
vn 0.876413 0.346752 0.334161
vn 0.249195 0.952431 -0.175431
vn -0.183946 0.914337 -0.360765
vn -0.779693 -0.100996 -0.617963
vn -0.362096 -0.648713 0.669371
vn 0.434137 -0.595413 0.676024
vn 0.977826 0.084988 0.191400
vn 0.973678 0.148668 0.172766
vn -0.956952 0.274982 0.092885
vn -0.979394 -0.128254 -0.156011
vn -0.429269 -0.550105 0.716319
vn 0.429269 -0.550105 0.716319
vn 0.999230 -0.027750 -0.027749
vn 0.823295 0.279943 -0.493778
vn 0.888409 0.247817 -0.386415
vn -0.888409 0.247817 -0.386414
vn -0.823295 0.279943 -0.493778
vn -0.999230 -0.027750 -0.027749
vn -0.396767 -0.490924 0.775609
vn 0.396767 -0.490925 0.775609
vn 1.000000 -0.000000 0.000000
vn 0.986154 -0.088173 -0.140447
vn 0.382066 0.494249 -0.780861
vn -0.382067 0.494249 -0.780861
vn -0.986154 -0.088173 -0.140447
vn -1.000000 0.000000 0.000000
vn -0.386700 -0.567211 0.727141
vn 0.386700 -0.567212 0.727141
vn 1.000000 -0.000000 0.000000
vn 0.422274 0.566161 -0.707917
vn -0.422274 0.566161 -0.707917
vn -1.000000 0.000001 0.000000
vn -0.445053 -0.593405 0.670670
vn 0.445052 -0.593406 0.670670
vn 1.000000 -0.000000 0.000000
vn 0.454185 0.642264 -0.617424
vn -0.454186 0.642264 -0.617424
vn -1.000000 0.000001 0.000000
vn -0.462162 -0.636383 0.617595
vn 0.462159 -0.636384 0.617596
vn 0.998787 -0.034822 -0.034821
vn 0.462162 0.617592 -0.636385
vn -0.462161 0.617593 -0.636385
vn -0.998787 -0.034821 -0.034821
vn -0.258469 0.450145 0.854730
vn 0.258466 0.450146 0.854730
vn 0.744563 0.472032 0.472030
vn 0.309003 0.895283 0.320914
vn -0.150366 0.903596 0.401130
vn -0.744566 0.472028 0.472028
vn -0.313169 -0.257257 0.914191
vn 0.499540 -0.231910 0.834672
vn 1.000000 -0.000487 -0.000488
vn 0.487538 0.829974 -0.271015
vn -0.322933 0.932330 -0.162710
vn -0.847984 0.374783 0.374782
vn -0.478222 0.125353 0.869247
vn 0.707829 -0.146287 0.691070
vn 0.946913 -0.227329 -0.227328
vn 0.725671 0.627061 -0.283189
vn -0.578687 0.812887 -0.065847
vn -0.985007 0.121988 0.121987
vn 0.645958 -0.311662 0.696854
vn 0.663129 0.742099 -0.097720
vn -0.663129 0.742099 -0.097720
vn -0.645958 -0.311661 0.696854
vn -0.471660 -0.864872 -0.171853
vn -0.584597 0.461341 -0.667392
vn 0.584597 0.461341 -0.667392
vn 0.471660 -0.864872 -0.171853
vn 0.764566 -0.376933 0.522839
vn -0.764566 -0.376933 0.522839
vn -0.667999 0.637718 -0.383526
vn 0.667999 0.637718 -0.383526
vn -0.883175 -0.322223 0.340844
vn 0.883175 -0.322224 0.340844
vn 0.849391 0.318127 -0.421106
vn -0.849391 0.318127 -0.421106
vn -0.820836 -0.341409 0.457895
vn 0.820836 -0.341409 0.457895
vn 0.829193 0.311486 -0.464129
vn -0.829193 0.311486 -0.464129
vn -0.764279 -0.412703 0.495535
vn 0.764278 -0.412703 0.495535
vn 0.766345 0.389875 -0.510601
vn -0.766345 0.389874 -0.510601
vn -0.743350 -0.411552 0.527310
vn 0.743350 -0.411552 0.527310
vn 0.744167 0.413048 -0.524983
vn -0.744168 0.413047 -0.524982
vn -0.615640 -0.604864 0.505101
vn 0.615640 -0.604864 0.505101
vn 0.713573 0.474324 -0.515588
vn -0.713573 0.474324 -0.515587
vn -0.656915 0.354461 0.665447
vn 0.829080 0.208060 0.518978
vn 0.990357 -0.097961 -0.097961
vn 0.696186 0.704659 -0.137044
vn -0.559927 0.828436 -0.013247
vn -0.990687 0.096281 0.096280
vn -0.670047 -0.512177 0.537318
vn -0.710908 0.262290 -0.652544
vn 0.608511 0.132428 -0.782417
vn 0.649421 -0.642049 0.407463
vn 0.884905 -0.430271 -0.178356
vn 0.965645 -0.175925 -0.191259
vn 0.645711 0.426529 -0.633349
vn -0.661101 0.555151 -0.504731
vn -0.999844 0.017526 0.002194
vn -0.968797 -0.247821 0.004093
vn -0.216514 -0.200478 0.955474
vn -0.512603 -0.176660 0.840256
vn 0.621265 -0.288259 0.728654
vn 0.354083 -0.256637 0.899312
vn 0.482814 -0.002756 -0.875719
vn 0.577753 -0.000083 -0.816212
vn -0.634104 0.107175 -0.765784
vn -0.713423 0.127000 -0.689128
vn -0.361110 -0.146692 0.920914
vn 0.496895 -0.231134 0.836464
vn 0.383992 0.278270 -0.880407
vn -0.485680 0.363860 -0.794809
vn -0.577261 0.190655 0.793990
vn 0.745470 0.060470 0.663790
vn 0.643762 0.213979 -0.734700
vn -0.719849 0.348190 -0.600484
vn -0.655609 -0.037883 0.754150
vn 0.768984 -0.178106 0.613956
vn 0.595737 -0.033009 -0.802501
vn -0.734420 0.097915 -0.671595
vn -0.618735 0.046930 0.784197
vn 0.755711 -0.088337 0.648921
vn 0.615369 -0.081479 -0.784017
vn -0.759102 0.053788 -0.648745
vn -0.429640 -0.374033 0.821893
vn 0.499797 -0.465514 0.730411
vn 0.636516 0.082411 -0.766848
vn -0.744489 0.218343 -0.630922
vn -0.548975 -0.404431 0.731479
vn 0.591264 -0.516661 0.619248
vn 0.582272 0.190783 -0.790292
vn -0.675904 0.314624 -0.666457
vn -0.560492 -0.293976 0.774227
vn 0.615311 -0.414264 0.670655
vn 0.499795 0.367051 -0.784525
vn -0.581545 0.465007 -0.667513
vn -0.511569 -0.138361 0.848029
vn 0.635364 -0.243104 0.732948
vn 0.763688 0.283305 -0.580103
vn -0.773343 0.478021 -0.416458
vn -0.660268 -0.423230 0.620422
vn 0.685444 -0.547457 0.480060
vn 0.654622 0.232986 -0.719158
vn -0.711738 0.369181 -0.597607
vn -0.029501 -0.630462 0.775659
vn -0.164401 -0.223096 0.960833
vn -0.533044 -0.279954 0.798429
vn -0.382520 -0.684916 0.620136
vn 0.906148 0.139764 0.399201
vn 0.940893 0.184197 0.284239
vn 0.907540 0.301074 0.292789
vn 0.973349 0.117958 0.196667
vn 0.999230 -0.027749 -0.027749
vn 1.000000 0.000000 0.000000
vn 1.000000 0.000000 0.000000
vn 1.000000 -0.000000 0.000000
vn 0.998787 -0.034821 -0.034821
vn 0.725373 0.515562 0.456103
vn 0.993327 0.115290 -0.003226
vn 0.950250 -0.210784 -0.229336
vn 0.990356 -0.097968 -0.097969
vn 0.934137 -0.241928 -0.262410
vn -0.673241 -0.555140 0.488433
vn -0.701322 0.401536 -0.588996
vn 0.638488 0.269661 -0.720845
vn 0.634776 -0.683874 0.359689
vn -0.996019 -0.051954 -0.072435
vn -0.990690 0.096263 0.096263
vn -0.988454 0.090081 0.121839
vn -0.867872 0.313450 0.385419
vn -0.753189 0.456944 0.473190
vn -0.998787 -0.034820 -0.034821
vn -1.000000 -0.000000 0.000000
vn -1.000000 -0.000000 0.000000
vn -1.000000 -0.000000 0.000000
vn -0.999230 -0.027749 -0.027749
vn -0.973122 -0.152777 -0.172317
vn -0.875883 -0.150867 -0.458333
vn -0.856544 -0.093036 -0.507619
vn -0.906148 -0.139764 -0.399201
vn -0.095817 -0.311040 0.945554
vn -0.543771 -0.380132 0.748206
vn 0.906148 0.139764 0.399201
vn 0.940893 0.184198 0.284238
vn 0.895577 0.319566 0.309549
vn 0.975357 0.104173 0.194492
vn 0.999230 -0.027750 -0.027749
vn 1.000000 0.000000 0.000000
vn 1.000000 0.000000 0.000000
vn 1.000000 0.000000 0.000000
vn 0.998787 -0.034820 -0.034820
vn 0.744562 0.472031 0.472032
vn 1.000000 -0.000490 -0.000489
vn 0.946267 -0.228669 -0.228668
vn 0.990356 -0.097969 -0.097969
vn 0.953124 -0.186037 -0.238632
vn -0.858431 -0.368552 0.356743
vn -0.858446 0.356733 -0.368527
vn 0.823515 0.191204 -0.534102
vn 0.823532 -0.534085 0.191174
vn -0.998899 0.006089 -0.046508
vn -0.990690 0.096262 0.096263
vn -0.984899 0.122420 0.122420
vn -0.847983 0.374782 0.374784
vn -0.744563 0.472030 0.472031
vn -0.998787 -0.034820 -0.034820
vn -1.000000 0.000001 0.000000
vn -1.000000 0.000000 0.000000
vn -1.000000 -0.000001 0.000000
vn -0.999230 -0.027750 -0.027749
vn -0.975723 -0.143038 -0.165848
vn -0.842202 -0.132057 -0.522740
vn -0.856544 -0.093036 -0.507618
vn -0.906148 -0.139763 -0.399201
vn -0.572608 -0.566073 0.593027
vn -0.628845 0.446407 -0.636612
vn 0.568229 0.328580 -0.754421
vn 0.556067 -0.677152 0.481928
vn -0.514450 -0.825641 0.231640
vn 0.380183 -0.913696 0.143600
vn 0.732138 0.154576 -0.663386
vn -0.802559 0.305636 -0.512333
vn -0.632959 -0.634773 0.443200
vn 0.571905 -0.753361 0.324612
vn 0.738261 0.559792 -0.376303
vn -0.674764 0.698869 -0.237227
vn -0.706945 -0.593651 0.384457
vn 0.639676 -0.726190 0.251917
vn 0.656266 0.573271 -0.490587
vn -0.615352 0.698430 -0.365429
vn -0.725135 -0.544964 0.420944
vn 0.673615 -0.682640 0.283276
vn 0.634115 0.544320 -0.549194
vn -0.610951 0.666864 -0.426651
vn -0.682428 -0.272447 0.678280
vn 0.729522 -0.381127 0.567927
vn 0.729547 0.567924 -0.381083
vn -0.682428 0.678288 -0.272430
vn -0.637769 -0.539052 0.550158
vn 0.617351 -0.660847 0.426800
vn 0.691833 0.498429 -0.522432
vn -0.669152 0.632347 -0.390350
vn -0.668189 -0.529830 0.522306
vn 0.641337 -0.658718 0.393417
vn 0.646942 0.507234 -0.569368
vn -0.634355 0.633339 -0.443255
vn -0.606471 -0.575379 0.548755
vn 0.578290 -0.691982 0.432136
vn 0.561369 0.539521 -0.627521
vn -0.557017 0.649602 -0.517445
vn -0.522536 -0.631868 0.572450
vn 0.491174 -0.731662 0.472672
vn 0.491164 0.472698 -0.731652
vn -0.522549 0.572417 -0.631886
vn -0.611134 -0.517815 0.598651
vn 0.603516 -0.637363 0.479099
vn 0.603527 0.479091 -0.637360
vn -0.611139 0.598648 -0.517812
vn -0.590832 -0.601845 0.537308
vn 0.555920 -0.714709 0.424435
vn 0.555918 0.424435 -0.714710
vn -0.590838 0.537304 -0.601843
vn -0.530666 -0.349484 0.772175
vn 0.592080 -0.460009 0.661690
vn 0.592113 0.661670 -0.459995
vn -0.530600 0.772257 -0.349404
vn -0.728419 -0.441261 0.524113
vn 0.716725 -0.583499 0.381881
vn 0.673451 0.346225 -0.653140
vn -0.707098 0.482113 -0.517281
vn 0.540383 -0.841390 -0.007000
vn -0.128856 -0.944613 -0.301832
vn -0.906148 -0.139762 -0.399202
vn 0.906148 0.139763 0.399201
vn -0.906148 -0.139765 -0.399202
vn -0.582788 0.769002 0.262665
vn -0.010542 0.857265 0.514768
vn 0.906148 0.139765 0.399202
vn -0.906148 -0.139763 -0.399201
vn 0.906148 0.139766 0.399201
vn 0.607575 -0.747318 -0.269015
vn -0.006271 -0.841999 -0.539443
vn -0.906148 -0.139765 -0.399202
vn 0.906148 0.139764 0.399201
vn -0.906149 -0.139761 -0.399201
vn -0.570953 0.775566 0.269276
vn -0.024583 0.859836 0.509977
vn 0.906147 0.139765 0.399203
vn -0.906149 -0.139762 -0.399201
vn 0.906147 0.139768 0.399203
vn 0.636660 -0.710493 -0.299772
vn -0.012022 -0.810547 -0.585550
vn -0.906148 -0.139764 -0.399202
vn 0.906148 0.139765 0.399202
vn -0.906149 -0.139761 -0.399200
vn -0.603824 0.741351 0.292908
vn -0.011904 0.832647 0.553676
vn 0.906148 0.139764 0.399202
vn -0.906149 -0.139761 -0.399200
vn 0.906146 0.139769 0.399205
vn 0.642000 -0.674333 -0.364845
vn 0.022469 -0.769891 -0.637780
vn -0.906149 -0.139762 -0.399201
vn 0.906148 0.139762 0.399202
vn -0.906150 -0.139760 -0.399199
vn -0.671736 0.701383 0.238398
vn 0.081264 0.817526 0.570130
vn 0.906147 0.139764 0.399203
vn -0.906149 -0.139762 -0.399200
vn 0.906145 0.139770 0.399205
vn 0.726902 -0.512514 -0.457102
vn -0.006313 -0.625606 -0.780114
vn -0.906151 -0.139766 -0.399193
vn 0.906148 0.139767 0.399202
vn -0.906149 -0.139764 -0.399200
vn -0.661657 0.745476 -0.080472
vn 0.294315 0.892925 0.340680
vn 0.906148 0.139766 0.399201
vn -0.906147 -0.139769 -0.399202
vn 0.906148 0.139764 0.399201
vn 0.519737 -0.841000 0.150310
vn -0.229498 -0.956564 -0.179765
vn -0.906147 -0.139763 -0.399204
vn 0.906147 0.139772 0.399202
vn -0.906146 -0.139768 -0.399206
vn -0.680668 0.724504 0.108558
vn 0.175084 0.856492 0.485559
vn 0.906147 0.139767 0.399204
vn -0.906147 -0.139768 -0.399203
vn 0.906148 0.139762 0.399201
vn 0.323407 -0.750508 0.576321
vn -0.434548 -0.867416 0.242398
vn -0.906148 -0.139764 -0.399201
vn 0.906150 0.139773 0.399193
vn -0.906144 -0.139775 -0.399207
vn -0.754186 0.426304 0.499468
vn 0.014999 0.544947 0.838336
vn 0.906145 0.139765 0.399209
vn -0.906146 -0.139767 -0.399205
vn 0.906148 0.139761 0.399203
vn -0.660494 -0.739878 0.127782
vn 0.517198 -0.855784 0.011853
vn 0.492359 -0.361256 -0.791882
vn -0.696322 -0.244260 -0.674887
vn -0.867778 -0.327406 0.373853
vn 0.843760 -0.495865 0.205396
vn 0.789603 0.509757 -0.341577
vn -0.727116 0.659037 -0.192284
vn -0.814174 -0.416034 0.405014
vn 0.781100 -0.573044 0.247998
vn 0.845720 0.276088 -0.456653
vn -0.848443 0.442832 -0.289904
vn -0.821324 -0.357814 0.444292
vn 0.806805 -0.518058 0.284045
vn 0.810310 0.382937 -0.443572
vn -0.791223 0.540561 -0.285938
vn -0.789234 -0.322059 0.522865
vn 0.798004 -0.478287 0.366648
vn 0.788069 0.412575 -0.456868
vn -0.766668 0.565597 -0.303843
vn -0.836258 -0.347962 0.423787
vn 0.819106 -0.510897 0.260864
vn 0.819110 0.260855 -0.510895
vn -0.836257 0.423784 -0.347968
vn -0.871093 -0.403984 0.279273
vn 0.813899 -0.569822 0.113457
vn 0.813886 0.113448 -0.569841
vn -0.871077 0.279309 -0.403993
vn -0.808687 -0.355362 0.468768
vn 0.799848 -0.513679 0.310446
vn 0.846670 0.346040 -0.404236
vn -0.825716 0.510653 -0.239639
vn -0.810740 -0.387016 0.439226
vn 0.790002 -0.544569 0.281674
vn 0.777602 0.350566 -0.521957
vn -0.781138 0.503986 -0.368541
vn -0.733397 -0.465939 0.495004
vn 0.711133 -0.608112 0.352830
vn 0.711142 0.352826 -0.608105
vn -0.733406 0.495001 -0.465928
vn -0.476470 -0.263131 0.838891
vn 0.569541 -0.366097 0.735932
vn 0.569503 0.735988 -0.366044
vn -0.476427 0.838941 -0.263053
vn -0.601048 -0.511309 0.614251
vn 0.598080 -0.629331 0.496229
vn 0.598084 0.496228 -0.629327
vn -0.601042 0.614253 -0.511313
vn -0.600559 -0.553787 0.576758
vn 0.582168 -0.670193 0.460350
vn 0.582161 0.460355 -0.670195
vn -0.600536 0.576768 -0.553801
vn -0.508112 -0.316533 0.801017
vn 0.582331 -0.423834 0.693726
vn 0.582321 0.693708 -0.423878
vn -0.508165 0.800985 -0.316531
vn -0.620432 -0.462613 0.633288
vn 0.629817 -0.585662 0.510226
vn 0.555905 0.431403 -0.710535
vn -0.588646 0.544069 -0.597900
vn -0.776426 -0.603940 0.180052
vn 0.665057 -0.745816 0.038173
vn 0.752361 0.039335 -0.657576
vn -0.843141 0.196374 -0.500550
vn -0.770604 -0.417689 0.481357
vn 0.753605 -0.567711 0.331337
vn 0.753680 0.404496 -0.518025
vn -0.746959 0.552191 -0.370320
vn -0.787797 -0.359303 0.500277
vn 0.785075 -0.514111 0.345466
vn 0.768387 0.337995 -0.543453
vn -0.778854 0.490281 -0.391166
vn -0.688799 -0.405098 0.601209
vn 0.700490 -0.541835 0.464466
vn 0.708517 0.399169 -0.581952
vn -0.716882 0.539461 -0.441658
vn -0.793801 -0.390096 0.466590
vn 0.778387 -0.544847 0.311856
vn 0.777184 0.282280 -0.562409
vn -0.801738 0.437683 -0.407001
vn -0.818703 -0.332316 0.468286
vn 0.813838 -0.492997 0.307607
vn 0.798381 0.290647 -0.527363
vn -0.813739 0.449323 -0.368697
vn -0.848918 -0.283767 0.445886
vn 0.847952 -0.450784 0.278875
vn 0.836444 0.254275 -0.485496
vn -0.849293 0.420199 -0.319585
vn -0.831012 -0.294539 0.471875
vn 0.833662 -0.458392 0.308035
vn 0.840762 0.257114 -0.476458
vn -0.851159 0.423642 -0.309929
vn -0.889445 -0.389762 0.238690
vn 0.826488 -0.558611 0.069805
vn 0.760694 -0.006351 -0.649080
vn -0.858355 0.152984 -0.489717
vn -0.834079 -0.281893 0.474182
vn 0.839503 -0.446616 0.309464
vn 0.841678 0.299736 -0.449150
vn -0.838544 0.465103 -0.283768
vn -0.850034 -0.324491 0.414908
vn 0.835180 -0.490359 0.249043
vn 0.835177 0.249045 -0.490363
vn -0.850036 0.414903 -0.324490
vn -0.875435 -0.450903 0.174066
vn 0.788776 -0.614595 0.010298
vn 0.788752 0.010220 -0.614627
vn -0.875462 0.174076 -0.450848
vn -0.839190 -0.322843 0.437644
vn 0.829459 -0.487081 0.273405
vn 0.829445 0.273427 -0.487093
vn -0.839196 0.437643 -0.322830
vn -0.691787 -0.699238 -0.180265
vn 0.495648 -0.816113 -0.297141
vn 0.688582 0.292862 -0.663390
vn -0.733969 0.432870 -0.523367
vn -0.649413 -0.353994 0.673017
vn 0.686325 -0.485467 0.541553
vn 0.525249 0.367006 -0.767737
vn -0.582658 0.476054 -0.658697
vn -0.624739 -0.334908 0.705364
vn 0.672520 -0.462594 0.577688
vn 0.607482 0.337355 -0.719137
vn -0.658105 0.461923 -0.594579
vn -0.563222 -0.283043 0.776317
vn 0.637060 -0.401182 0.658185
vn 0.659612 0.368576 -0.655030
vn -0.689848 0.501399 -0.522215
vn -0.653503 -0.489123 0.577661
vn 0.645767 -0.616997 0.449778
vn 0.678513 0.133990 -0.722265
vn -0.766323 0.276195 -0.580057
vn -0.824263 -0.561748 0.070928
vn 0.698136 -0.711603 -0.078917
vn 0.641936 -0.133440 -0.755057
vn -0.789116 0.007422 -0.614200
vn -0.869651 -0.056796 0.490389
vn 0.920323 -0.232973 0.314211
vn 0.925362 0.265500 -0.270583
vn -0.891166 0.444294 -0.091792
vn -0.890244 -0.216039 0.400990
vn 0.892120 -0.391464 0.225560
vn 0.847705 0.188730 -0.495759
vn -0.874772 0.358263 -0.326223
vn -0.858120 -0.245275 0.451077
vn 0.865246 -0.414891 0.281451
vn 0.843204 0.166737 -0.511082
vn -0.877649 0.336107 -0.341708
vn -0.771865 -0.340209 0.537105
vn 0.780544 -0.493005 0.384315
vn 0.801365 0.226583 -0.553602
vn -0.834056 0.387543 -0.392633
vn -0.762132 -0.125237 0.635193
vn 0.831653 -0.282034 0.478341
vn 0.831647 0.478332 -0.282068
vn -0.762107 0.635232 -0.125192
vn -0.387189 0.263211 0.883632
vn 0.593910 0.166636 0.787085
vn 0.593918 0.787075 0.166659
vn -0.387201 0.883627 0.263209
vn -0.818165 -0.342258 0.462023
vn 0.810200 -0.502519 0.301745
vn 0.747037 0.253469 -0.614564
vn -0.788369 0.404590 -0.463445
vn -0.790544 -0.386316 0.475185
vn 0.777687 -0.540640 0.320799
vn 0.786170 0.202912 -0.583750
vn -0.829820 0.361971 -0.424707
vn -0.810072 -0.253319 0.528785
vn 0.832431 -0.415051 0.367138
vn 0.832412 0.367184 -0.415049
vn -0.810044 0.528798 -0.253381
vn -0.810799 -0.291565 0.507538
vn 0.821691 -0.452234 0.346854
vn 0.742661 0.289607 -0.603807
vn -0.775111 0.438996 -0.454408
vn -0.678720 0.530452 0.507897
vn 0.853440 0.379630 0.357100
vn 0.685486 -0.514585 -0.515085
vn -0.858271 -0.362627 -0.363143
s 1
g polySurface105 polySurface71
usemtl openPBRSurface2SG
f 1/1/1 121/2/2 148/3/3 2/4/4
f 3/5/5 5/6/6 6/7/7 4/8/8
f 122/9/9 7/10/10 8/11/11 123/12/12
f 7/13/10 1/14/1 2/15/4 8/16/11
f 498/17/13 500/18/14 499/19/15 497/20/16
f 303/21/17 306/22/18 305/23/19 304/24/20
f 2/25/4 10/26/21 9/27/22 8/28/11
f 8/11/11 9/29/22 124/30/23 123/12/12
f 6/7/7 11/31/24 12/32/25 4/8/8
f 147/33/26 10/34/21 2/4/4 148/3/3
f 10/35/21 14/36/27 13/37/28 9/38/22
f 9/29/22 13/39/28 125/40/29 124/30/23
f 11/31/24 15/41/30 16/42/31 12/32/25
f 146/43/32 14/44/27 10/34/21 147/33/26
f 14/36/27 18/45/33 17/46/34 13/37/28
f 13/39/28 17/47/34 126/48/35 125/40/29
f 50/49/36 52/50/37 51/51/38 49/52/39
f 145/53/40 18/54/33 14/44/27 146/43/32
f 18/45/33 22/55/41 21/56/42 17/46/34
f 17/47/34 21/57/42 127/58/43 126/48/35
f 19/59/44 23/60/45 24/61/46 20/62/47
f 144/63/48 22/64/41 18/54/33 145/53/40
f 22/65/41 26/66/49 25/67/50 21/68/42
f 21/57/42 25/69/50 128/70/51 127/58/43
f 23/60/45 27/71/52 28/72/53 24/61/46
f 143/73/54 26/74/49 22/64/41 144/63/48
f 26/66/49 30/75/55 29/76/56 25/67/50
f 25/69/50 29/77/56 129/78/57 128/70/51
f 27/71/52 31/79/58 32/80/59 28/72/53
f 142/81/60 30/82/55 26/74/49 143/73/54
f 30/75/55 34/83/61 33/84/62 29/76/56
f 29/77/56 33/85/62 130/86/63 129/78/57
f 31/79/58 35/87/64 36/88/65 32/80/59
f 141/89/66 34/90/61 30/82/55 142/81/60
f 34/83/61 38/91/67 37/92/68 33/84/62
f 33/85/62 37/93/68 131/94/69 130/86/63
f 35/87/64 39/95/70 40/96/71 36/88/65
f 140/97/72 38/98/67 34/90/61 141/89/66
f 38/99/67 42/100/73 41/101/74 37/102/68
f 37/102/68 41/101/74 132/103/75 131/104/69
f 39/105/70 43/106/76 44/107/77 40/108/71
f 139/109/78 42/100/73 38/99/67 140/110/72
f 42/111/73 46/112/79 45/113/80 41/114/74
f 41/115/74 45/116/80 133/117/81 132/118/75
f 43/119/76 47/120/82 48/121/83 44/122/77
f 138/123/84 46/124/79 42/125/73 139/126/78
f 58/127/85 60/128/86 59/129/87 57/130/88
f 16/131/31 49/132/39 51/133/38 20/134/47
f 81/135/89 84/136/90 83/137/91 82/138/92
f 19/139/44 52/140/37 50/141/36 15/142/30
f 15/143/30 54/144/93 53/145/94 16/146/31
f 16/131/31 53/147/94 55/148/95 49/132/39
f 49/149/39 55/150/95 56/151/96 50/152/36
f 50/141/36 56/153/96 54/154/93 15/142/30
f 54/144/93 58/155/85 57/156/88 53/145/94
f 53/147/94 57/157/88 59/158/87 55/148/95
f 55/150/95 59/129/87 60/128/86 56/151/96
f 56/153/96 60/159/86 58/160/85 54/154/93
f 20/161/47 61/162/97 62/163/98 19/164/44
f 19/139/44 62/165/98 63/166/99 52/140/37
f 52/50/37 63/167/99 64/168/100 51/51/38
f 51/133/38 64/169/100 61/170/97 20/134/47
f 61/162/97 65/171/101 66/172/102 62/163/98
f 62/165/98 66/173/102 67/174/103 63/166/99
f 63/167/99 67/175/103 68/176/104 64/168/100
f 64/169/100 68/177/104 65/178/101 61/170/97
f 65/171/101 69/179/105 70/180/106 66/172/102
f 66/173/102 70/181/106 71/182/107 67/174/103
f 67/175/103 71/183/107 72/184/108 68/176/104
f 68/177/104 72/185/108 69/186/105 65/178/101
f 69/179/105 73/187/109 74/188/110 70/180/106
f 70/181/106 74/189/110 75/190/111 71/182/107
f 71/183/107 75/191/111 76/192/112 72/184/108
f 72/185/108 76/193/112 73/194/109 69/186/105
f 73/187/109 77/195/113 78/196/114 74/188/110
f 74/189/110 78/197/114 79/198/115 75/190/111
f 75/191/111 79/199/115 80/200/116 76/192/112
f 76/193/112 80/201/116 77/202/113 73/194/109
f 77/195/113 81/135/89 82/138/92 78/196/114
f 78/197/114 82/203/92 83/204/91 79/198/115
f 79/199/115 83/205/91 84/206/90 80/200/116
f 80/201/116 84/207/90 81/208/89 77/202/113
f 46/209/79 86/210/117 85/211/118 45/212/80
f 45/116/80 85/213/118 134/214/119 133/117/81
f 47/215/82 87/216/120 88/217/121 48/218/83
f 137/219/122 86/220/117 46/124/79 138/123/84
f 506/221/123 508/222/124 507/223/125 505/224/126
f 85/213/118 89/225/127 135/226/128 134/214/119
f 87/216/120 91/227/129 92/228/130 88/217/121
f 136/229/131 90/230/132 86/220/117 137/219/122
f 510/231/133 512/232/134 511/233/135 509/234/136
f 509/235/136 511/236/135 514/237/137 513/238/138
f 513/239/138 514/240/137 516/241/139 515/242/140
f 515/243/140 516/244/139 512/245/134 510/246/133
f 512/232/134 518/247/141 517/248/142 511/233/135
f 511/236/135 517/249/142 519/250/143 514/237/137
f 514/240/137 519/251/143 520/252/144 516/241/139
f 516/244/139 520/253/144 518/254/141 512/245/134
f 518/247/141 522/255/145 521/256/146 517/248/142
f 517/249/142 521/257/146 523/258/147 519/250/143
f 519/251/143 523/259/147 524/260/148 520/252/144
f 520/253/144 524/261/148 522/262/145 518/254/141
f 522/255/145 526/263/149 525/264/150 521/256/146
f 521/257/146 525/265/150 527/266/151 523/258/147
f 523/259/147 527/267/151 528/268/152 524/260/148
f 524/261/148 528/269/152 526/270/149 522/262/145
f 526/263/149 530/271/153 529/272/154 525/264/150
f 525/265/150 529/273/154 531/274/155 527/266/151
f 527/267/151 531/275/155 532/276/156 528/268/152
f 528/269/152 532/277/156 530/278/153 526/270/149
f 530/271/153 534/279/157 533/280/158 529/272/154
f 529/273/154 533/281/158 535/282/159 531/274/155
f 531/275/155 535/283/159 536/284/160 532/276/156
f 532/277/156 536/285/160 534/286/157 530/278/153
f 534/279/157 538/287/161 537/288/162 533/280/158
f 533/281/158 537/289/162 539/290/163 535/282/159
f 535/283/159 539/291/163 540/292/164 536/284/160
f 536/285/160 540/293/164 538/294/161 534/286/157
f 538/287/161 542/295/165 541/296/166 537/288/162
f 537/289/162 541/297/166 543/298/167 539/290/163
f 539/291/163 543/299/167 544/300/168 540/292/164
f 540/293/164 544/301/168 542/302/165 538/294/161
f 542/295/165 546/303/169 545/304/170 541/296/166
f 541/297/166 545/305/170 547/306/171 543/298/167
f 543/299/167 547/307/171 548/308/172 544/300/168
f 544/301/168 548/309/172 546/310/169 542/302/165
f 546/303/169 550/311/173 549/312/174 545/304/170
f 545/305/170 549/313/174 551/314/175 547/306/171
f 547/307/171 551/315/175 552/316/176 548/308/172
f 548/309/172 552/317/176 550/318/173 546/310/169
f 550/311/173 506/319/123 505/320/126 549/312/174
f 549/313/174 505/321/126 507/322/125 551/314/175
f 551/315/175 507/223/125 508/222/124 552/316/176
f 552/317/176 508/323/124 506/324/123 550/318/173
f 307/325/177 310/326/178 309/327/179 308/328/180
f 5/329/6 149/330/181 176/331/182 6/332/7
f 175/333/183 11/334/24 6/332/7 176/331/182
f 174/335/184 15/142/30 11/334/24 175/333/183
f 173/336/185 19/139/44 15/142/30 174/335/184
f 172/337/186 23/338/45 19/139/44 173/336/185
f 171/339/187 27/340/52 23/338/45 172/337/186
f 170/341/188 31/342/58 27/340/52 171/339/187
f 169/343/189 35/344/64 31/342/58 170/341/188
f 168/345/190 39/346/70 35/344/64 169/343/189
f 167/347/191 43/106/76 39/105/70 168/348/190
f 166/349/192 47/350/82 43/351/76 167/352/191
f 165/353/193 87/354/120 47/350/82 166/349/192
f 164/355/194 91/356/129 87/354/120 165/353/193
f 229/357/195 232/358/196 231/359/197 230/360/198
f 88/361/121 92/362/130 163/363/199 162/364/200
f 48/365/83 88/361/121 162/364/200 161/366/201
f 44/367/77 48/365/83 161/366/201 160/368/202
f 40/108/71 44/107/77 160/369/202 159/370/203
f 36/371/65 40/372/71 159/373/203 158/374/204
f 32/375/59 36/371/65 158/374/204 157/376/205
f 28/377/53 32/375/59 157/376/205 156/378/206
f 24/379/46 28/377/53 156/378/206 155/380/207
f 20/134/47 24/379/46 155/380/207 154/381/208
f 16/131/31 20/134/47 154/381/208 153/382/209
f 12/383/25 16/131/31 153/382/209 152/384/210
f 4/385/8 12/383/25 152/384/210 151/386/211
f 150/387/212 3/388/5 4/385/8 151/386/211
f 306/22/18 312/389/213 311/390/214 305/23/19
f 94/391/215 122/9/9 123/12/12 95/392/216
f 124/30/23 96/393/217 95/392/216 123/12/12
f 125/40/29 97/394/218 96/393/217 124/30/23
f 126/48/35 98/395/219 97/394/218 125/40/29
f 127/58/43 99/396/220 98/395/219 126/48/35
f 128/70/51 100/397/221 99/396/220 127/58/43
f 129/78/57 101/398/222 100/397/221 128/70/51
f 130/86/63 102/399/223 101/398/222 129/78/57
f 131/94/69 103/400/224 102/399/223 130/86/63
f 132/103/75 104/401/225 103/402/224 131/104/69
f 133/117/81 105/403/226 104/404/225 132/118/75
f 134/214/119 106/405/227 105/403/226 133/117/81
f 135/226/128 107/406/228 106/405/227 134/214/119
f 430/407/229 432/408/230 431/409/231 429/410/232
f 108/411/233 136/229/131 137/219/122 109/412/234
f 109/412/234 137/219/122 138/123/84 110/413/235
f 110/413/235 138/123/84 139/126/78 111/414/236
f 111/415/236 139/109/78 140/110/72 112/416/237
f 112/417/237 140/97/72 141/89/66 113/418/238
f 113/418/238 141/89/66 142/81/60 114/419/239
f 114/419/239 142/81/60 143/73/54 115/420/240
f 115/420/240 143/73/54 144/63/48 116/421/241
f 116/421/241 144/63/48 145/53/40 117/422/242
f 117/422/242 145/53/40 146/43/32 118/423/243
f 118/423/243 146/43/32 147/33/26 119/424/244
f 119/424/244 147/33/26 148/3/3 120/425/245
f 121/2/2 93/426/246 120/425/245 148/3/3
f 312/389/213 307/325/177 308/328/180 311/390/214
f 93/426/246 150/387/212 151/386/211 120/425/245
f 152/384/210 119/424/244 120/425/245 151/386/211
f 153/382/209 118/423/243 119/424/244 152/384/210
f 154/381/208 117/422/242 118/423/243 153/382/209
f 155/380/207 116/421/241 117/422/242 154/381/208
f 156/378/206 115/420/240 116/421/241 155/380/207
f 157/376/205 114/419/239 115/420/240 156/378/206
f 158/374/204 113/418/238 114/419/239 157/376/205
f 159/373/203 112/417/237 113/418/238 158/374/204
f 160/369/202 111/415/236 112/416/237 159/370/203
f 161/366/201 110/413/235 111/414/236 160/368/202
f 162/364/200 109/412/234 110/413/235 161/366/201
f 163/363/199 108/411/233 109/412/234 162/364/200
f 374/427/247 376/428/248 375/429/249 373/430/250
f 107/406/228 164/355/194 165/353/193 106/405/227
f 106/405/227 165/353/193 166/349/192 105/403/226
f 105/403/226 166/349/192 167/352/191 104/404/225
f 104/401/225 167/347/191 168/348/190 103/402/224
f 103/400/224 168/345/190 169/343/189 102/399/223
f 102/399/223 169/343/189 170/341/188 101/398/222
f 101/398/222 170/341/188 171/339/187 100/397/221
f 100/397/221 171/339/187 172/337/186 99/396/220
f 99/396/220 172/337/186 173/336/185 98/395/219
f 98/395/219 173/336/185 174/335/184 97/394/218
f 97/394/218 174/335/184 175/333/183 96/393/217
f 96/393/217 175/333/183 176/331/182 95/392/216
f 149/330/181 94/391/215 95/392/216 176/331/182
f 163/431/199 177/432/251 178/433/252 164/434/194
f 164/435/194 178/436/252 179/437/253 91/438/129
f 91/438/129 179/437/253 180/439/254 92/440/130
f 92/362/130 180/441/254 177/442/251 163/363/199
f 177/432/251 181/443/255 182/444/256 178/433/252
f 178/445/252 182/446/256 183/447/257 179/448/253
f 179/449/253 183/450/257 184/451/258 180/452/254
f 180/452/254 184/451/258 181/453/255 177/454/251
f 181/443/255 185/455/259 186/456/260 182/444/256
f 182/446/256 186/457/260 187/458/261 183/447/257
f 183/450/257 187/459/261 188/460/262 184/451/258
f 184/461/258 188/462/262 185/463/259 181/464/255
f 185/455/259 189/465/263 190/466/264 186/456/260
f 186/457/260 190/467/264 191/468/265 187/458/261
f 187/459/261 191/469/265 192/470/266 188/460/262
f 188/462/262 192/471/266 189/472/263 185/463/259
f 189/465/263 193/473/267 194/474/268 190/466/264
f 190/467/264 194/475/268 195/476/269 191/468/265
f 191/477/265 195/478/269 196/479/270 192/480/266
f 192/471/266 196/481/270 193/482/267 189/472/263
f 193/483/267 197/484/271 198/485/272 194/486/268
f 194/475/268 198/487/272 199/488/273 195/476/269
f 195/489/269 199/490/273 200/491/274 196/492/270
f 196/481/270 200/493/274 197/494/271 193/482/267
f 197/495/271 201/496/275 202/497/276 198/498/272
f 198/487/272 202/499/276 203/500/277 199/488/273
f 199/490/273 203/501/277 204/502/278 200/491/274
f 200/493/274 204/503/278 201/504/275 197/494/271
f 201/496/275 205/505/279 206/506/280 202/497/276
f 202/499/276 206/507/280 207/508/281 203/500/277
f 203/501/277 207/509/281 208/510/282 204/502/278
f 204/503/278 208/511/282 205/512/279 201/504/275
f 205/505/279 209/513/283 210/514/284 206/506/280
f 206/506/280 210/514/284 211/515/285 207/516/281
f 207/517/281 211/518/285 212/519/286 208/520/282
f 208/521/282 212/522/286 209/513/283 205/505/279
f 209/523/283 213/524/287 214/525/288 210/526/284
f 210/527/284 214/528/288 215/529/289 211/530/285
f 211/531/285 215/532/289 216/533/290 212/534/286
f 212/534/286 216/533/290 213/535/287 209/536/283
f 213/537/287 217/538/291 218/539/292 214/540/288
f 214/528/288 218/541/292 219/542/293 215/529/289
f 215/532/289 219/543/293 220/544/294 216/533/290
f 216/545/290 220/546/294 217/547/291 213/548/287
f 217/538/291 221/549/295 222/550/296 218/539/292
f 218/539/292 222/550/296 223/551/297 219/552/293
f 219/553/293 223/554/297 224/555/298 220/556/294
f 220/546/294 224/557/298 221/558/295 217/547/291
f 221/559/295 225/560/299 226/561/300 222/562/296
f 222/563/296 226/564/300 227/565/301 223/566/297
f 223/567/297 227/568/301 228/569/302 224/570/298
f 224/570/298 228/569/302 225/571/299 221/572/295
f 225/560/299 229/573/195 230/574/198 226/561/300
f 226/564/300 230/575/198 231/576/197 227/565/301
f 227/568/301 231/577/197 232/578/196 228/569/302
f 228/579/302 232/580/196 229/581/195 225/582/299
f 7/13/10 233/583/303 234/584/304 1/14/1
f 1/1/1 234/585/304 235/586/305 121/2/2
f 122/9/9 236/587/306 233/588/303 7/10/10
f 150/387/212 238/589/307 239/590/308 3/388/5
f 3/5/5 239/591/308 240/592/309 5/6/6
f 5/329/6 240/593/309 237/594/310 149/330/181
f 121/2/2 235/586/305 241/595/311 93/426/246
f 94/391/215 242/596/312 236/587/306 122/9/9
f 93/426/246 241/595/311 238/589/307 150/387/212
f 149/330/181 237/594/310 242/596/312 94/391/215
f 233/583/303 243/597/313 244/598/314 234/584/304
f 234/585/304 244/599/314 245/600/315 235/586/305
f 236/587/306 246/601/316 243/602/313 233/588/303
f 238/589/307 248/603/317 249/604/318 239/590/308
f 239/591/308 249/605/318 250/606/319 240/592/309
f 240/593/309 250/607/319 247/608/320 237/594/310
f 235/586/305 245/600/315 251/609/321 241/595/311
f 242/596/312 252/610/322 246/601/316 236/587/306
f 241/595/311 251/609/321 248/603/317 238/589/307
f 237/594/310 247/608/320 252/610/322 242/596/312
f 243/597/313 253/611/323 254/612/324 244/598/314
f 244/599/314 254/613/324 255/614/325 245/600/315
f 246/601/316 256/615/326 253/616/323 243/602/313
f 248/603/317 258/617/327 259/618/328 249/604/318
f 249/605/318 259/619/328 260/620/329 250/606/319
f 250/607/319 260/621/329 257/622/330 247/608/320
f 245/600/315 255/614/325 261/623/331 251/609/321
f 252/610/322 262/624/332 256/615/326 246/601/316
f 251/609/321 261/623/331 258/617/327 248/603/317
f 247/608/320 257/622/330 262/624/332 252/610/322
f 253/611/323 263/625/333 264/626/334 254/612/324
f 254/613/324 264/627/334 265/628/335 255/614/325
f 256/615/326 266/629/336 263/630/333 253/616/323
f 258/617/327 268/631/337 269/632/338 259/618/328
f 259/619/328 269/633/338 270/634/339 260/620/329
f 260/621/329 270/635/339 267/636/340 257/622/330
f 255/614/325 265/628/335 271/637/341 261/623/331
f 262/624/332 272/638/342 266/629/336 256/615/326
f 261/623/331 271/637/341 268/631/337 258/617/327
f 257/622/330 267/636/340 272/638/342 262/624/332
f 263/639/333 273/640/343 274/641/344 264/642/334
f 264/627/334 274/643/344 275/644/345 265/628/335
f 266/629/336 276/645/346 273/646/343 263/630/333
f 268/631/337 278/647/347 279/648/348 269/632/338
f 269/633/338 279/649/348 280/650/349 270/634/339
f 270/635/339 280/651/349 277/652/350 267/636/340
f 265/628/335 275/644/345 281/653/351 271/637/341
f 272/638/342 282/654/352 276/645/346 266/629/336
f 271/637/341 281/653/351 278/647/347 268/631/337
f 267/636/340 277/652/350 282/654/352 272/638/342
f 273/655/343 283/656/353 284/657/354 274/658/344
f 274/643/344 284/659/354 285/660/355 275/644/345
f 276/645/346 286/661/356 283/662/353 273/646/343
f 278/647/347 288/663/357 289/664/358 279/648/348
f 279/649/348 289/665/358 290/666/359 280/650/349
f 280/651/349 290/667/359 287/668/360 277/652/350
f 275/644/345 285/660/355 291/669/361 281/653/351
f 282/654/352 292/670/362 286/661/356 276/645/346
f 281/653/351 291/669/361 288/663/357 278/647/347
f 277/652/350 287/668/360 292/670/362 282/654/352
f 283/656/353 293/671/363 294/672/364 284/657/354
f 284/659/354 294/673/364 295/674/365 285/660/355
f 286/661/356 296/675/366 293/676/363 283/662/353
f 288/663/357 298/677/367 299/678/368 289/664/358
f 289/665/358 299/679/368 300/680/369 290/666/359
f 290/667/359 300/681/369 297/682/370 287/668/360
f 285/660/355 295/674/365 301/683/371 291/669/361
f 292/670/362 302/684/372 296/675/366 286/661/356
f 291/669/361 301/683/371 298/677/367 288/663/357
f 287/668/360 297/682/370 302/684/372 292/670/362
f 293/671/363 303/685/17 304/686/20 294/672/364
f 294/673/364 304/687/20 305/688/19 295/674/365
f 296/675/366 306/689/18 303/690/17 293/676/363
f 298/677/367 308/691/180 309/692/179 299/678/368
f 299/693/368 309/327/179 310/326/178 300/694/369
f 300/681/369 310/695/178 307/696/177 297/682/370
f 295/674/365 305/688/19 311/697/214 301/683/371
f 302/684/372 312/698/213 306/689/18 296/675/366
f 301/683/371 311/697/214 308/691/180 298/677/367
f 297/682/370 307/696/177 312/698/213 302/684/372
f 108/699/233 314/700/373 313/701/374 107/702/228
f 107/702/228 313/701/374 315/703/375 164/434/194
f 164/434/194 315/703/375 316/704/376 163/431/199
f 163/363/199 316/705/376 314/706/373 108/411/233
f 314/700/373 318/707/377 317/708/378 313/701/374
f 313/709/374 317/710/378 319/711/379 315/712/375
f 315/713/375 319/714/379 320/715/380 316/716/376
f 316/705/376 320/717/380 318/718/377 314/706/373
f 318/719/377 322/720/381 321/721/382 317/722/378
f 317/710/378 321/723/382 323/724/383 319/711/379
f 319/725/379 323/726/383 324/727/384 320/728/380
f 320/717/380 324/729/384 322/730/381 318/718/377
f 322/720/381 326/731/385 325/732/386 321/721/382
f 321/723/382 325/733/386 327/734/387 323/724/383
f 323/726/383 327/735/387 328/736/388 324/727/384
f 324/729/384 328/737/388 326/738/385 322/730/381
f 326/731/385 330/739/389 329/740/390 325/732/386
f 325/733/386 329/741/390 331/742/391 327/734/387
f 327/735/387 331/743/391 332/744/392 328/736/388
f 328/737/388 332/745/392 330/746/389 326/738/385
f 330/739/389 334/747/393 333/748/394 329/740/390
f 329/741/390 333/749/394 335/750/395 331/742/391
f 331/743/391 335/751/395 336/752/396 332/744/392
f 332/745/392 336/753/396 334/754/393 330/746/389
f 334/747/393 338/755/397 337/756/398 333/748/394
f 333/748/394 337/756/398 339/757/399 335/758/395
f 335/751/395 339/759/399 340/760/400 336/752/396
f 336/753/396 340/761/400 338/762/397 334/754/393
f 338/763/397 342/764/401 341/765/402 337/766/398
f 337/767/398 341/768/402 343/769/403 339/770/399
f 339/771/399 343/772/403 344/773/404 340/774/400
f 340/761/400 344/775/404 342/776/401 338/762/397
f 342/777/401 346/778/405 345/779/406 341/780/402
f 341/768/402 345/781/406 347/782/407 343/769/403
f 343/772/403 347/783/407 348/784/408 344/773/404
f 344/775/404 348/785/408 346/786/405 342/776/401
f 346/778/405 350/787/409 349/788/410 345/779/406
f 345/781/406 349/789/410 351/790/411 347/782/407
f 347/783/407 351/791/411 352/792/412 348/784/408
f 348/785/408 352/793/412 350/794/409 346/786/405
f 350/787/409 354/795/413 353/796/414 349/788/410
f 349/788/410 353/796/414 355/797/415 351/798/411
f 351/799/411 355/800/415 356/801/416 352/802/412
f 352/793/412 356/803/416 354/804/413 350/794/409
f 354/805/413 358/806/417 357/807/418 353/808/414
f 353/809/414 357/810/418 359/811/419 355/812/415
f 355/813/415 359/814/419 360/815/420 356/816/416
f 356/816/416 360/815/420 358/817/417 354/818/413
f 358/819/417 362/820/421 361/821/422 357/822/418
f 357/810/418 361/823/422 363/824/423 359/811/419
f 359/814/419 363/825/423 364/826/424 360/815/420
f 360/827/420 364/828/424 362/829/421 358/830/417
f 362/820/421 366/831/425 365/832/426 361/821/422
f 361/823/422 365/833/426 367/834/427 363/824/423
f 363/835/423 367/836/427 368/837/428 364/838/424
f 364/828/424 368/839/428 366/840/425 362/829/421
f 366/841/425 370/842/429 369/843/430 365/844/426
f 365/833/426 369/845/430 371/846/431 367/834/427
f 367/847/427 371/848/431 372/849/432 368/850/428
f 368/839/428 372/851/432 370/852/429 366/840/425
f 370/842/429 374/853/247 373/854/250 369/843/430
f 369/845/430 373/855/250 375/856/249 371/846/431
f 371/848/431 375/857/249 376/858/248 372/849/432
f 372/851/432 376/859/248 374/860/247 370/852/429
f 136/861/131 378/862/433 377/863/434 135/864/128
f 135/226/128 377/865/434 379/866/435 107/406/228
f 107/867/228 379/868/435 380/869/436 108/870/233
f 108/411/233 380/871/436 378/872/433 136/229/131
f 378/862/433 382/873/437 381/874/438 377/863/434
f 377/865/434 381/875/438 383/876/439 379/866/435
f 379/877/435 383/878/439 384/879/440 380/880/436
f 380/871/436 384/881/440 382/882/437 378/872/433
f 382/873/437 386/883/441 385/884/442 381/874/438
f 381/875/438 385/885/442 387/886/443 383/876/439
f 383/878/439 387/887/443 388/888/444 384/879/440
f 384/881/440 388/889/444 386/890/441 382/882/437
f 386/883/441 390/891/445 389/892/446 385/884/442
f 385/885/442 389/893/446 391/894/447 387/886/443
f 387/887/443 391/895/447 392/896/448 388/888/444
f 388/889/444 392/897/448 390/898/445 386/890/441
f 390/891/445 394/899/449 393/900/450 389/892/446
f 389/893/446 393/901/450 395/902/451 391/894/447
f 391/895/447 395/903/451 396/904/452 392/896/448
f 392/897/448 396/905/452 394/906/449 390/898/445
f 394/907/449 398/908/453 397/909/454 393/910/450
f 393/901/450 397/911/454 399/912/455 395/902/451
f 395/903/451 399/913/455 400/914/456 396/904/452
f 396/905/452 400/915/456 398/916/453 394/906/449
f 398/917/453 402/918/457 401/919/458 397/920/454
f 397/911/454 401/921/458 403/922/459 399/912/455
f 399/913/455 403/923/459 404/924/460 400/914/456
f 400/915/456 404/925/460 402/926/457 398/916/453
f 402/918/457 406/927/461 405/928/462 401/919/458
f 401/921/458 405/929/462 407/930/463 403/922/459
f 403/923/459 407/931/463 408/932/464 404/924/460
f 404/925/460 408/933/464 406/934/461 402/926/457
f 406/927/461 410/935/465 409/936/466 405/928/462
f 405/928/462 409/936/466 411/937/467 407/938/463
f 407/939/463 411/940/467 412/941/468 408/942/464
f 408/933/464 412/943/468 410/944/465 406/934/461
f 410/945/465 414/946/469 413/947/470 409/948/466
f 409/949/466 413/950/470 415/951/471 411/952/467
f 411/953/467 415/954/471 416/955/472 412/956/468
f 412/943/468 416/957/472 414/958/469 410/944/465
f 414/959/469 418/960/473 417/961/474 413/962/470
f 413/950/470 417/963/474 419/964/475 415/951/471
f 415/954/471 419/965/475 420/966/476 416/955/472
f 416/957/472 420/967/476 418/968/473 414/958/469
f 418/960/473 422/969/477 421/970/478 417/961/474
f 417/961/474 421/970/478 423/971/479 419/972/475
f 419/973/475 423/974/479 424/975/480 420/976/476
f 420/967/476 424/977/480 422/978/477 418/968/473
f 422/979/477 426/980/481 425/981/482 421/982/478
f 421/983/478 425/984/482 427/985/483 423/986/479
f 423/987/479 427/988/483 428/989/484 424/990/480
f 424/977/480 428/991/484 426/992/481 422/978/477
f 426/980/481 430/993/229 429/994/232 425/981/482
f 425/984/482 429/995/232 431/996/231 427/985/483
f 427/988/483 431/997/231 432/998/230 428/989/484
f 428/991/484 432/999/230 430/1000/229 426/992/481
f 90/1001/132 434/1002/485 433/1003/486 89/1004/127
f 89/225/127 433/1005/486 435/1006/487 135/226/128
f 135/1007/128 435/1008/487 436/1009/488 136/1010/131
f 136/229/131 436/1011/488 434/1012/485 90/230/132
f 434/1013/485 438/1014/489 437/1015/490 433/1016/486
f 433/1005/486 437/1017/490 439/1018/491 435/1006/487
f 435/1008/487 439/1019/491 440/1020/492 436/1009/488
f 436/1011/488 440/1021/492 438/1022/489 434/1012/485
f 438/1014/489 442/1023/493 441/1024/494 437/1015/490
f 437/1017/490 441/1025/494 443/1026/495 439/1018/491
f 439/1027/491 443/1028/495 444/1029/496 440/1030/492
f 440/1021/492 444/1031/496 442/1032/493 438/1022/489
f 442/1023/493 446/1033/497 445/1034/498 441/1024/494
f 441/1025/494 445/1035/498 447/1036/499 443/1026/495
f 443/1028/495 447/1037/499 448/1038/500 444/1029/496
f 444/1031/496 448/1039/500 446/1040/497 442/1032/493
f 446/1033/497 450/1041/501 449/1042/502 445/1034/498
f 445/1035/498 449/1043/502 451/1044/503 447/1036/499
f 447/1037/499 451/1045/503 452/1046/504 448/1038/500
f 448/1039/500 452/1047/504 450/1048/501 446/1040/497
f 450/1049/501 454/1050/505 453/1051/506 449/1052/502
f 449/1043/502 453/1053/506 455/1054/507 451/1044/503
f 451/1045/503 455/1055/507 456/1056/508 452/1046/504
f 452/1047/504 456/1057/508 454/1058/505 450/1048/501
f 454/1059/505 458/1060/509 457/1061/510 453/1062/506
f 453/1053/506 457/1063/510 459/1064/511 455/1054/507
f 455/1065/507 459/1066/511 460/1067/512 456/1068/508
f 456/1057/508 460/1069/512 458/1070/509 454/1058/505
f 458/1071/509 462/1072/513 461/1073/514 457/1074/510
f 457/1063/510 461/1075/514 463/1076/515 459/1064/511
f 459/1066/511 463/1077/515 464/1078/516 460/1067/512
f 460/1069/512 464/1079/516 462/1080/513 458/1070/509
f 462/1072/513 466/1081/517 465/1082/518 461/1073/514
f 461/1075/514 465/1083/518 467/1084/519 463/1076/515
f 463/1085/515 467/1086/519 468/1087/520 464/1088/516
f 464/1079/516 468/1089/520 466/1090/517 462/1080/513
f 466/1081/517 470/1091/521 469/1092/522 465/1082/518
f 465/1083/518 469/1093/522 471/1094/523 467/1084/519
f 467/1086/519 471/1095/523 472/1096/524 468/1087/520
f 468/1089/520 472/1097/524 470/1098/521 466/1090/517
f 470/1091/521 474/1099/525 473/1100/526 469/1092/522
f 469/1093/522 473/1101/526 475/1102/527 471/1094/523
f 471/1095/523 475/1103/527 476/1104/528 472/1096/524
f 472/1097/524 476/1105/528 474/1106/525 470/1098/521
f 474/1107/525 478/1108/529 477/1109/530 473/1110/526
f 473/1101/526 477/1111/530 479/1112/531 475/1102/527
f 475/1113/527 479/1114/531 480/1115/532 476/1116/528
f 476/1105/528 480/1117/532 478/1118/529 474/1106/525
f 478/1119/529 482/1120/533 481/1121/534 477/1122/530
f 477/1122/530 481/1121/534 483/1123/535 479/1124/531
f 479/1124/531 483/1123/535 484/1125/536 480/1126/532
f 480/1126/532 484/1125/536 482/1120/533 478/1119/529
f 482/1127/533 486/1128/537 485/1129/538 481/1130/534
f 481/1131/534 485/1132/538 487/1133/539 483/1134/535
f 483/1135/535 487/1136/539 488/1137/540 484/1138/536
f 484/1139/536 488/1140/540 486/1141/537 482/1142/533
f 486/1128/537 490/1143/541 489/1144/542 485/1129/538
f 485/1132/538 489/1145/542 491/1146/543 487/1133/539
f 487/1136/539 491/1147/543 492/1148/544 488/1137/540
f 488/1140/540 492/1149/544 490/1150/541 486/1141/537
f 490/1151/541 494/1152/545 493/1153/546 489/1154/542
f 489/1145/542 493/1155/546 495/1156/547 491/1146/543
f 491/1157/543 495/1158/547 496/1159/548 492/1160/544
f 492/1149/544 496/1161/548 494/1162/545 490/1150/541
f 494/1152/545 498/1163/13 497/1164/16 493/1153/546
f 493/1155/546 497/1165/16 499/1166/15 495/1156/547
f 495/1158/547 499/1167/15 500/1168/14 496/1159/548
f 496/1161/548 500/1169/14 498/1170/13 494/1162/545
f 86/210/117 502/1171/549 501/1172/550 85/211/118
f 85/1173/118 501/1174/550 503/1175/551 89/1004/127
f 89/1004/127 503/1175/551 504/1176/552 90/1001/132
f 90/230/132 504/1177/552 502/1178/549 86/220/117
f 502/1179/549 510/1180/133 509/1181/136 501/1182/550
f 501/1183/550 509/235/136 513/238/138 503/1184/551
f 503/1185/551 513/1186/138 515/1187/140 504/1188/552
f 504/1188/552 515/1187/140 510/1180/133 502/1179/549
g default
v 0.230031 20.815870 -9.973990
v 0.000000 20.911152 -9.973990
v -0.230031 20.815870 -9.973990
v -0.325312 20.585840 -9.973990
v -0.230031 20.355810 -9.973990
v 0.000000 20.260529 -9.973990
v 0.230031 20.355810 -9.973990
v 0.325312 20.585840 -9.973990
v 0.230031 20.815870 9.973990
v 0.000000 20.911152 9.973990
v -0.230031 20.815870 9.973990
v -0.325312 20.585840 9.973990
v -0.230031 20.355810 9.973990
v 0.000000 20.260529 9.973990
v 0.230031 20.355810 9.973990
v 0.325312 20.585840 9.973990
v 0.000000 20.585840 -9.973990
v 0.000000 20.585840 9.973990
vt 0.787169 0.959903
vt 0.782841 0.959903
vt 0.782841 0.584631
vt 0.787169 0.584631
vt 0.778514 0.959903
vt 0.778514 0.584631
vt 0.361507 0.978596
vt 0.357179 0.978596
vt 0.357179 0.603322
vt 0.361507 0.603322
vt 0.352852 0.978596
vt 0.352852 0.603322
vt 0.991345 0.428571
vt 0.995673 0.428571
vt 0.995673 0.803847
vt 0.991345 0.803847
vt 1.000000 0.428571
vt 1.000000 0.803847
vt 0.767312 0.588886
vt 0.771640 0.588886
vt 0.771640 0.964162
vt 0.767312 0.964162
vt 0.775967 0.588886
vt 0.775967 0.964162
vt 0.582767 0.210644
vt 0.586926 0.212367
vt 0.582767 0.216527
vt 0.578607 0.212367
vt 0.576884 0.216527
vt 0.578607 0.220686
vt 0.582767 0.222409
vt 0.586926 0.220686
vt 0.588649 0.216527
vt 0.900572 0.303661
vt 0.896413 0.305384
vt 0.896413 0.299501
vt 0.892253 0.303661
vt 0.890530 0.299501
vt 0.892253 0.295342
vt 0.896413 0.293619
vt 0.900572 0.295342
vt 0.902295 0.299501
vn 0.707093 0.707094 -0.006115
vn -0.000000 0.999981 -0.006115
vn 0.000000 0.999981 0.006115
vn 0.707093 0.707094 0.006115
vn -0.707093 0.707094 -0.006115
vn -0.707093 0.707094 0.006115
vn -0.999981 0.000000 -0.006115
vn -0.999981 0.000000 0.006115
vn -0.707093 -0.707094 -0.006115
vn -0.707093 -0.707094 0.006115
vn 0.000000 -0.999981 -0.006115
vn -0.000000 -0.999981 0.006115
vn 0.707093 -0.707094 -0.006115
vn 0.707093 -0.707094 0.006115
vn 0.999981 0.000000 -0.006115
vn 0.999981 0.000000 0.006115
vn 0.000000 0.000000 -1.000000
vn 0.000000 0.000000 1.000000
s 1
g polySurface71 polySurface91
usemtl openPBRSurface1SG
f 553/1189/553 554/1190/554 562/1191/555 561/1192/556
f 554/1190/554 555/1193/557 563/1194/558 562/1191/555
f 555/1195/557 556/1196/559 564/1197/560 563/1198/558
f 556/1196/559 557/1199/561 565/1200/562 564/1197/560
f 557/1201/561 558/1202/563 566/1203/564 565/1204/562
f 558/1202/563 559/1205/565 567/1206/566 566/1203/564
f 559/1207/565 560/1208/567 568/1209/568 567/1210/566
f 560/1208/567 553/1211/553 561/1212/556 568/1209/568
f 554/1213/554 553/1214/553 569/1215/569
f 555/1216/557 554/1213/554 569/1215/569
f 556/1217/559 555/1216/557 569/1215/569
f 557/1218/561 556/1217/559 569/1215/569
f 558/1219/563 557/1218/561 569/1215/569
f 559/1220/565 558/1219/563 569/1215/569
f 560/1221/567 559/1220/565 569/1215/569
f 553/1214/553 560/1221/567 569/1215/569
f 561/1222/556 562/1223/555 570/1224/570
f 562/1223/555 563/1225/558 570/1224/570
f 563/1225/558 564/1226/560 570/1224/570
f 564/1226/560 565/1227/562 570/1224/570
f 565/1227/562 566/1228/564 570/1224/570
f 566/1228/564 567/1229/566 570/1224/570
f 567/1229/566 568/1230/568 570/1224/570
f 568/1230/568 561/1222/556 570/1224/570
g default
v -8.888941 2.950115 -3.606446
v -9.792194 2.515238 -3.071289
v -10.695447 2.950115 -2.536132
v -11.069586 4.000000 -2.314462
v -10.695447 5.049885 -2.536132
v -9.792194 5.484762 -3.071289
v -8.888941 5.049885 -3.606446
v -8.514801 4.000000 -3.828115
v -8.947602 2.950115 -3.705456
v -9.850855 2.515238 -3.170299
v -10.754108 2.950115 -2.635142
v -11.128248 4.000000 -2.413473
v -10.754108 5.049885 -2.635142
v -9.850855 5.484762 -3.170299
v -8.947602 5.049885 -3.705456
v -8.573462 4.000000 -3.927125
v -9.792194 4.000000 -3.071289
v -9.850855 4.000000 -3.170299
v -8.805426 2.856094 -3.649938
v -9.789567 2.382273 -3.066856
v -9.853482 2.382273 -3.174732
v -8.869340 2.856094 -3.757814
v -10.773709 2.856094 -2.483773
v -10.837624 2.856094 -2.591650
v -11.181355 4.000000 -2.242253
v -11.245269 4.000000 -2.350129
v -10.773709 5.143906 -2.483773
v -10.837624 5.143906 -2.591650
v -9.789567 5.617727 -3.066856
v -9.853482 5.617727 -3.174732
v -8.805426 5.143906 -3.649938
v -8.869340 5.143906 -3.757814
v -8.397779 4.000000 -3.891459
v -8.461695 4.000000 -3.999335
v -8.871566 2.950115 -3.577120
v -9.774818 2.515238 -3.041963
v -9.772192 2.382273 -3.037529
v -8.788050 2.856094 -3.620612
v -10.678072 2.950115 -2.506805
v -10.756334 2.856094 -2.454447
v -11.052212 4.000000 -2.285136
v -11.163980 4.000000 -2.212926
v -10.678072 5.049885 -2.506805
v -10.756334 5.143906 -2.454447
v -9.774818 5.484762 -3.041963
v -9.772192 5.617727 -3.037529
v -8.871566 5.049885 -3.577120
v -8.788050 5.143906 -3.620612
v -8.497426 4.000000 -3.798789
v -8.380405 4.000000 -3.862132
v -8.964977 2.950115 -3.734782
v -9.868231 2.515238 -3.199625
v -8.886715 2.856094 -3.787140
v -9.870857 2.382273 -3.204058
v -10.771483 2.950115 -2.664468
v -10.855000 2.856094 -2.620976
v -11.145622 4.000000 -2.442799
v -11.262644 4.000000 -2.379455
v -10.771483 5.049885 -2.664468
v -10.855000 5.143906 -2.620976
v -9.868231 5.484762 -3.199625
v -9.870857 5.617727 -3.204058
v -8.964977 5.049885 -3.734782
v -8.886715 5.143906 -3.787141
v -8.590837 4.000000 -3.956451
v -8.479070 4.000000 -4.028661
vt 0.316227 0.005208
vt 0.327196 0.023722
vt 0.325167 0.024924
vt 0.314198 0.006410
vt 0.338166 0.042236
vt 0.336136 0.043439
vt 0.462050 0.239951
vt 0.466949 0.263152
vt 0.464761 0.263152
vt 0.459862 0.239951
vt 0.462050 0.286353
vt 0.459862 0.286353
vt 0.392609 0.042224
vt 0.403578 0.023709
vt 0.405608 0.024912
vt 0.394639 0.043426
vt 0.414548 0.005195
vt 0.416577 0.006398
vt 0.958335 0.157209
vt 0.963233 0.134008
vt 0.965421 0.134008
vt 0.960523 0.157209
vt 0.958335 0.110807
vt 0.960523 0.110807
vt 0.396886 0.493140
vt 0.410372 0.504099
vt 0.396886 0.530556
vt 0.383400 0.504099
vt 0.377814 0.530556
vt 0.383400 0.557013
vt 0.396886 0.567972
vt 0.410372 0.557013
vt 0.415958 0.530556
vt 0.288186 0.587732
vt 0.301672 0.576773
vt 0.301672 0.614189
vt 0.315158 0.587732
vt 0.320744 0.614189
vt 0.315158 0.640646
vt 0.301672 0.651605
vt 0.288186 0.640646
vt 0.282600 0.614189
vt 0.297516 0.690282
vt 0.280041 0.681868
vt 0.280092 0.679296
vt 0.299132 0.688463
vt 0.300933 0.576773
vt 0.287447 0.587732
vt 0.286127 0.585362
vt 0.300821 0.573422
vt 0.396147 0.493140
vt 0.382661 0.504099
vt 0.381341 0.501729
vt 0.396035 0.489789
vt 0.911234 0.780706
vt 0.928710 0.789120
vt 0.928659 0.791693
vt 0.909619 0.782525
vt 0.377075 0.530556
vt 0.375255 0.530556
vt 0.903996 0.760394
vt 0.901732 0.760394
vt 0.382661 0.557013
vt 0.381341 0.559382
vt 0.911234 0.740082
vt 0.909619 0.738263
vt 0.396147 0.567972
vt 0.396035 0.571323
vt 0.928710 0.731668
vt 0.928659 0.729096
vt 0.280041 0.739320
vt 0.297516 0.730906
vt 0.299132 0.732725
vt 0.280092 0.741892
vt 0.287447 0.640646
vt 0.300933 0.651605
vt 0.300821 0.654956
vt 0.286127 0.643015
vt 0.304755 0.710594
vt 0.307019 0.710594
vt 0.281861 0.614189
vt 0.280041 0.614189
vt 0.911218 0.011953
vt 0.901150 0.028946
vt 0.900598 0.028619
vt 0.910666 0.011626
vt 0.316779 0.004881
vt 0.327748 0.023395
vt 0.891082 0.045938
vt 0.890530 0.045612
vt 0.338717 0.041909
vt 0.462645 0.239951
vt 0.467543 0.263152
vt 0.462645 0.286353
vt 0.328180 0.041979
vt 0.318112 0.024987
vt 0.318664 0.024660
vt 0.328732 0.041652
vt 0.392057 0.041897
vt 0.403027 0.023382
vt 0.308045 0.007995
vt 0.308597 0.007668
vt 0.413996 0.004868
vt 0.245331 0.398043
vt 0.240835 0.376749
vt 0.241430 0.376749
vt 0.245926 0.398043
vt 0.957740 0.157209
vt 0.962639 0.134008
vt 0.245331 0.355454
vt 0.245926 0.355454
vt 0.957740 0.110807
vt 0.911799 0.038751
vt 0.921867 0.021759
vt 0.922418 0.022086
vt 0.912351 0.039077
vt 0.324615 0.025251
vt 0.313646 0.006737
vt 0.901732 0.055742
vt 0.902284 0.056069
vt 0.335584 0.043765
vt 0.487271 0.398148
vt 0.491767 0.376854
vt 0.492362 0.376854
vt 0.487866 0.398148
vt 0.464166 0.263152
vt 0.459267 0.239951
vt 0.491767 0.419442
vt 0.492362 0.419442
vt 0.459267 0.286353
vt 0.229051 0.030092
vt 0.239118 0.047084
vt 0.238567 0.047410
vt 0.228499 0.030419
vt 0.406159 0.025239
vt 0.395190 0.043753
vt 0.218984 0.013100
vt 0.218432 0.013427
vt 0.417129 0.006725
vt 0.966016 0.134008
vt 0.961118 0.157209
vt 0.961118 0.110807
vn 0.329236 -0.923879 -0.195066
vn 0.329236 -0.923879 -0.195066
vn 0.329236 -0.923879 -0.195066
vn 0.329236 -0.923879 -0.195066
vn -0.329236 -0.923879 0.195066
vn -0.329236 -0.923879 0.195066
vn -0.329236 -0.923879 0.195066
vn -0.329236 -0.923879 0.195066
vn -0.794845 -0.382685 0.470928
vn -0.794845 -0.382685 0.470928
vn -0.794845 -0.382685 0.470928
vn -0.794845 -0.382685 0.470928
vn -0.794845 0.382686 0.470928
vn -0.794845 0.382686 0.470928
vn -0.794845 0.382686 0.470928
vn -0.794845 0.382686 0.470928
vn -0.329236 0.923879 0.195065
vn -0.329236 0.923879 0.195065
vn -0.329236 0.923879 0.195065
vn -0.329236 0.923879 0.195065
vn 0.329236 0.923880 -0.195065
vn 0.329236 0.923880 -0.195065
vn 0.329236 0.923879 -0.195065
vn 0.329236 0.923879 -0.195065
vn 0.794845 0.382684 -0.470929
vn 0.794845 0.382684 -0.470929
vn 0.794845 0.382684 -0.470929
vn 0.794846 0.382684 -0.470929
vn 0.794845 -0.382683 -0.470929
vn 0.794845 -0.382683 -0.470929
vn 0.794845 -0.382684 -0.470929
vn 0.794845 -0.382684 -0.470929
vn 0.509729 0.000000 0.860335
vn 0.509729 0.000000 0.860335
vn 0.509729 0.000000 0.860335
vn 0.509729 0.000000 0.860335
vn 0.509729 0.000000 0.860335
vn 0.509729 0.000000 0.860335
vn 0.509729 0.000000 0.860335
vn 0.509729 0.000000 0.860335
vn 0.509729 0.000000 0.860335
vn -0.509729 0.000000 -0.860335
vn -0.509729 0.000000 -0.860335
vn -0.509729 0.000000 -0.860335
vn -0.509729 0.000000 -0.860335
vn -0.509729 0.000000 -0.860335
vn -0.509729 0.000000 -0.860335
vn -0.509729 0.000000 -0.860335
vn -0.509729 -0.000000 -0.860335
vn -0.509729 0.000000 -0.860335
vn 0.495482 0.038721 0.867755
vn 0.495482 0.038721 0.867755
vn 0.495482 0.038721 0.867755
vn 0.495482 0.038721 0.867755
vn -0.523079 0.038718 -0.851404
vn -0.523079 0.038718 -0.851404
vn -0.523079 0.038718 -0.851404
vn -0.523079 0.038718 -0.851404
vn 0.523079 0.038720 0.851404
vn 0.523079 0.038720 0.851404
vn 0.523079 0.038720 0.851404
vn 0.523079 0.038720 0.851404
vn -0.495482 0.038721 -0.867755
vn -0.495482 0.038721 -0.867755
vn -0.495482 0.038721 -0.867755
vn -0.495482 0.038721 -0.867755
vn 0.542595 0.016039 0.839841
vn 0.542595 0.016039 0.839841
vn 0.542595 0.016039 0.839841
vn 0.542595 0.016039 0.839841
vn -0.475971 0.016038 -0.879315
vn -0.475971 0.016038 -0.879315
vn -0.475971 0.016038 -0.879315
vn -0.475971 0.016038 -0.879315
vn 0.542595 -0.016038 0.839841
vn 0.542595 -0.016038 0.839841
vn 0.542595 -0.016038 0.839841
vn 0.542595 -0.016038 0.839841
vn -0.475970 -0.016039 -0.879315
vn -0.475970 -0.016039 -0.879315
vn -0.475970 -0.016039 -0.879315
vn -0.475970 -0.016039 -0.879315
vn 0.523079 -0.038721 0.851404
vn 0.523079 -0.038721 0.851404
vn 0.523079 -0.038721 0.851404
vn 0.523079 -0.038721 0.851404
vn -0.495484 -0.038721 -0.867754
vn -0.495484 -0.038721 -0.867754
vn -0.495484 -0.038721 -0.867754
vn -0.495484 -0.038721 -0.867754
vn 0.495484 -0.038722 0.867754
vn 0.495484 -0.038722 0.867754
vn 0.495484 -0.038722 0.867754
vn 0.495484 -0.038722 0.867754
vn -0.523079 -0.038721 -0.851404
vn -0.523079 -0.038721 -0.851404
vn -0.523079 -0.038721 -0.851404
vn -0.523079 -0.038721 -0.851404
vn 0.475972 -0.016037 0.879314
vn 0.475972 -0.016037 0.879314
vn 0.475972 -0.016037 0.879314
vn 0.475972 -0.016037 0.879314
vn -0.542595 -0.016038 -0.839841
vn -0.542595 -0.016038 -0.839841
vn -0.542595 -0.016038 -0.839841
vn -0.542595 -0.016038 -0.839841
vn 0.475973 0.016038 0.879314
vn 0.475973 0.016038 0.879313
vn 0.475973 0.016038 0.879313
vn 0.475973 0.016038 0.879314
vn -0.542594 0.016038 -0.839842
vn -0.542594 0.016038 -0.839842
vn -0.542594 0.016038 -0.839842
vn -0.542594 0.016038 -0.839842
vn -0.329236 0.923879 0.195069
vn -0.329236 0.923879 0.195069
vn -0.329236 0.923879 0.195069
vn -0.329236 0.923879 0.195069
vn 0.329232 -0.923881 -0.195063
vn 0.329232 -0.923881 -0.195063
vn 0.329232 -0.923881 -0.195063
vn 0.329232 -0.923881 -0.195063
vn 0.329232 0.923879 -0.195072
vn 0.329232 0.923879 -0.195072
vn 0.329232 0.923879 -0.195072
vn 0.329232 0.923879 -0.195072
vn -0.329234 -0.923880 0.195067
vn -0.329234 -0.923880 0.195067
vn -0.329234 -0.923880 0.195067
vn -0.329234 -0.923880 0.195067
vn 0.794850 0.382687 -0.470919
vn 0.794850 0.382687 -0.470919
vn 0.794850 0.382687 -0.470919
vn 0.794850 0.382687 -0.470919
vn -0.794849 -0.382678 0.470928
vn -0.794849 -0.382678 0.470927
vn -0.794849 -0.382678 0.470928
vn -0.794849 -0.382678 0.470928
vn 0.794850 -0.382687 -0.470919
vn 0.794850 -0.382687 -0.470919
vn 0.794850 -0.382687 -0.470919
vn 0.794850 -0.382687 -0.470919
vn -0.794849 0.382679 0.470927
vn -0.794849 0.382679 0.470927
vn -0.794849 0.382679 0.470927
vn -0.794849 0.382679 0.470927
vn 0.329231 -0.923879 -0.195078
vn 0.329231 -0.923879 -0.195078
vn 0.329231 -0.923878 -0.195078
vn 0.329231 -0.923879 -0.195078
vn -0.329232 0.923882 0.195059
vn -0.329232 0.923882 0.195059
vn -0.329232 0.923882 0.195059
vn -0.329232 0.923882 0.195059
vn -0.329233 -0.923879 0.195072
vn -0.329233 -0.923879 0.195072
vn -0.329233 -0.923879 0.195072
vn -0.329233 -0.923879 0.195072
vn 0.329230 0.923881 -0.195071
vn 0.329230 0.923881 -0.195071
vn 0.329230 0.923881 -0.195071
vn 0.329230 0.923881 -0.195071
vn -0.794845 -0.382686 0.470928
vn -0.794845 -0.382686 0.470928
vn -0.794845 -0.382686 0.470928
vn -0.794845 -0.382686 0.470928
vn 0.794843 0.382686 -0.470931
vn 0.794843 0.382686 -0.470931
vn 0.794843 0.382686 -0.470931
vn 0.794843 0.382686 -0.470931
vn -0.794844 0.382687 0.470928
vn -0.794844 0.382687 0.470928
vn -0.794844 0.382687 0.470928
vn -0.794844 0.382687 0.470928
vn 0.794844 -0.382687 -0.470928
vn 0.794844 -0.382687 -0.470928
vn 0.794844 -0.382687 -0.470928
vn 0.794844 -0.382687 -0.470928
vn -0.329234 0.923879 0.195071
vn -0.329234 0.923879 0.195071
vn -0.329234 0.923879 0.195071
vn -0.329234 0.923879 0.195071
vn 0.329235 -0.923879 -0.195069
vn 0.329235 -0.923879 -0.195069
vn 0.329235 -0.923879 -0.195069
vn 0.329236 -0.923879 -0.195069
vn 0.329238 0.923878 -0.195068
vn 0.329238 0.923878 -0.195068
vn 0.329238 0.923878 -0.195068
vn 0.329238 0.923878 -0.195068
vn -0.329236 -0.923880 0.195065
vn -0.329236 -0.923880 0.195065
vn -0.329236 -0.923880 0.195065
vn -0.329236 -0.923880 0.195065
vn 0.794850 0.382685 -0.470919
vn 0.794850 0.382685 -0.470919
vn 0.794850 0.382685 -0.470919
vn 0.794850 0.382685 -0.470919
vn -0.794842 -0.382680 0.470937
vn -0.794842 -0.382680 0.470937
vn -0.794842 -0.382680 0.470937
vn -0.794842 -0.382680 0.470937
vn 0.794852 -0.382681 -0.470920
vn 0.794852 -0.382681 -0.470920
vn 0.794852 -0.382681 -0.470920
vn 0.794852 -0.382681 -0.470920
vn -0.794840 0.382681 0.470940
vn -0.794840 0.382681 0.470940
vn -0.794840 0.382681 0.470940
vn -0.794840 0.382681 0.470940
vn 0.329236 -0.923878 -0.195072
vn 0.329236 -0.923878 -0.195072
vn 0.329236 -0.923878 -0.195072
vn 0.329236 -0.923878 -0.195073
vn -0.329233 0.923879 0.195073
vn -0.329233 0.923879 0.195073
vn -0.329233 0.923879 0.195073
vn -0.329233 0.923879 0.195073
vn -0.329234 -0.923878 0.195078
vn -0.329234 -0.923878 0.195078
vn -0.329234 -0.923878 0.195078
vn -0.329234 -0.923878 0.195078
vn 0.329233 0.923881 -0.195061
vn 0.329233 0.923881 -0.195061
vn 0.329233 0.923881 -0.195061
vn 0.329233 0.923881 -0.195061
vn -0.794844 -0.382687 0.470928
vn -0.794844 -0.382687 0.470928
vn -0.794844 -0.382687 0.470928
vn -0.794844 -0.382687 0.470928
vn 0.794846 0.382679 -0.470932
vn 0.794846 0.382679 -0.470932
vn 0.794846 0.382679 -0.470932
vn 0.794846 0.382679 -0.470932
vn -0.794845 0.382684 0.470928
vn -0.794845 0.382684 0.470928
vn -0.794845 0.382684 0.470928
vn -0.794845 0.382685 0.470928
vn 0.794845 -0.382681 -0.470932
vn 0.794845 -0.382681 -0.470932
vn 0.794845 -0.382681 -0.470932
vn 0.794845 -0.382681 -0.470932
s off
g polySurface71 polySurface89
usemtl openPBRSurface4SG
f 589/1231/571 590/1232/572 591/1233/573 592/1234/574
f 590/1232/575 593/1235/576 594/1236/577 591/1233/578
f 593/1237/579 595/1238/580 596/1239/581 594/1240/582
f 595/1238/583 597/1241/584 598/1242/585 596/1239/586
f 597/1243/587 599/1244/588 600/1245/589 598/1246/590
f 599/1244/591 601/1247/592 602/1248/593 600/1245/594
f 601/1249/595 603/1250/596 604/1251/597 602/1252/598
f 603/1250/599 589/1253/600 592/1254/601 604/1251/602
s 1
usemtl openPBRSurface5SG
f 572/1255/603 571/1256/604 587/1257/605
f 573/1258/606 572/1255/603 587/1257/605
usemtl openPBRSurface10SG
f 574/1259/607 573/1258/606 587/1257/605
f 575/1260/608 574/1259/607 587/1257/605
usemtl openPBRSurface5SG
f 576/1261/609 575/1260/608 587/1257/605
f 577/1262/610 576/1261/609 587/1257/605
usemtl openPBRSurface10SG
f 578/1263/611 577/1262/610 587/1257/605
f 571/1256/604 578/1263/611 587/1257/605
s 2
usemtl openPBRSurface5SG
f 579/1264/612 580/1265/613 588/1266/614
f 580/1265/613 581/1267/615 588/1266/614
usemtl openPBRSurface10SG
f 581/1267/615 582/1268/616 588/1266/614
f 582/1268/616 583/1269/617 588/1266/614
usemtl openPBRSurface5SG
f 583/1269/617 584/1270/618 588/1266/614
f 584/1270/618 585/1271/619 588/1266/614
usemtl openPBRSurface10SG
f 585/1271/619 586/1272/620 588/1266/614
f 586/1272/620 579/1264/612 588/1266/614
s off
usemtl openPBRSurface4SG
f 605/1273/621 606/1274/622 607/1275/623 608/1276/624
f 622/1277/625 621/1278/626 623/1279/627 624/1280/628
f 606/1281/629 609/1282/630 610/1283/631 607/1284/632
f 625/1285/633 622/1286/634 624/1287/635 626/1288/636
f 609/1282/637 611/1289/638 612/1290/639 610/1283/640
f 627/1291/641 625/1285/642 626/1288/643 628/1292/644
f 611/1289/645 613/1293/646 614/1294/647 612/1290/648
f 629/1295/649 627/1291/650 628/1292/651 630/1296/652
f 613/1293/653 615/1297/654 616/1298/655 614/1294/656
f 631/1299/657 629/1295/658 630/1296/659 632/1300/660
f 615/1301/661 617/1302/662 618/1303/663 616/1304/664
f 633/1305/665 631/1306/666 632/1307/667 634/1308/668
f 617/1302/669 619/1309/670 620/1310/671 618/1303/672
f 635/1311/673 633/1305/674 634/1308/675 636/1312/676
f 619/1309/677 605/1273/678 608/1276/679 620/1310/680
f 621/1278/681 635/1311/682 636/1312/683 623/1279/684
f 571/1313/685 572/1314/686 606/1315/687 605/1316/688
f 590/1232/689 589/1231/690 608/1317/691 607/1318/692
f 572/1314/693 573/1319/694 609/1320/695 606/1315/696
f 593/1235/697 590/1232/698 607/1318/699 610/1321/700
f 573/1258/701 574/1259/702 611/1289/703 609/1282/704
f 595/1238/705 593/1237/706 610/1322/707 612/1323/708
f 574/1259/709 575/1260/710 613/1293/711 611/1289/712
f 597/1241/713 595/1238/714 612/1323/715 614/1324/716
f 575/1325/717 576/1326/718 615/1327/719 613/1328/720
f 599/1244/721 597/1243/722 614/1329/723 616/1330/724
f 576/1326/725 577/1331/726 617/1332/727 615/1327/728
f 601/1247/729 599/1244/730 616/1330/731 618/1333/732
f 577/1334/733 578/1335/734 619/1336/735 617/1337/736
f 603/1250/737 601/1249/738 618/1338/739 620/1339/740
f 578/1335/741 571/1340/742 605/1341/743 619/1336/744
f 589/1253/745 603/1250/746 620/1339/747 608/1342/748
f 580/1343/749 579/1344/750 621/1345/751 622/1346/752
f 592/1234/753 591/1233/754 624/1347/755 623/1348/756
f 581/1349/757 580/1343/758 622/1346/759 625/1350/760
f 591/1233/761 594/1236/762 626/1351/763 624/1347/764
f 582/1352/765 581/1353/766 625/1354/767 627/1355/768
f 594/1240/769 596/1239/770 628/1356/771 626/1357/772
f 583/1358/773 582/1352/774 627/1355/775 629/1359/776
f 596/1239/777 598/1242/778 630/1360/779 628/1356/780
f 584/1361/781 583/1362/782 629/1363/783 631/1364/784
f 598/1246/785 600/1245/786 632/1365/787 630/1366/788
f 585/1367/789 584/1361/790 631/1364/791 633/1368/792
f 600/1245/793 602/1248/794 634/1369/795 632/1365/796
f 586/1272/797 585/1271/798 633/1305/799 635/1311/800
f 602/1252/801 604/1251/802 636/1370/803 634/1371/804
f 579/1264/805 586/1272/806 635/1311/807 621/1278/808
f 604/1251/809 592/1254/810 623/1372/811 636/1370/812
g default
v -7.710975 4.458240 3.876641
v -7.627970 4.583942 4.109065
v -7.857822 4.971004 3.722834
v -7.759074 5.041733 3.971748
v -7.600688 5.010664 3.609554
v -7.501939 5.081393 3.858467
v -7.453840 4.497900 3.763361
v -7.370835 4.623603 3.995785
v -7.423944 4.731931 4.053780
v -7.579341 4.707962 4.122240
v -7.503176 5.008591 3.970794
v -7.658573 4.984622 4.039254
v -7.287025 4.633187 4.104613
v -7.543423 4.633187 4.104613
v -7.287025 4.947484 4.418910
v -7.543423 4.947484 4.418910
v -7.322066 4.439358 4.336221
v -7.508382 4.439358 4.336221
v -7.322066 4.667747 4.564610
v -7.508382 4.667747 4.564610
v -7.322066 3.804147 4.694673
v -7.508382 3.804147 4.694673
v -7.322066 4.032536 4.923061
v -7.508382 4.032536 4.923061
v -7.322066 2.660523 5.462141
v -7.508382 2.660523 5.462141
v -7.322066 2.888912 5.690528
v -7.508382 2.888912 5.690528
v -7.322066 1.724488 6.316929
v -7.508382 1.724488 6.316929
v -7.322066 1.975638 6.568075
v -7.508382 1.975638 6.568075
v -7.322066 1.161495 6.788476
v -7.508382 1.161495 6.788476
v -7.322066 1.504087 7.131067
v -7.508382 1.504087 7.131067
v -7.365600 1.202093 6.907975
v -7.464848 1.202093 6.907975
v -7.365600 1.384585 7.090468
v -7.464848 1.384585 7.090468
v -7.264004 0.987614 6.748838
v -7.566443 0.987614 6.748838
v -7.297117 1.515978 7.332692
v -7.596668 1.545461 7.303208
v -7.336819 0.909317 6.906908
v -7.593403 0.934570 6.881651
v -7.336819 1.385657 7.383241
v -7.593403 1.410911 7.357997
v -7.543423 5.233140 4.704566
v -7.287025 5.233140 4.704566
v -7.508382 4.953403 4.850266
v -7.322066 4.953403 4.850266
v -7.543423 5.165945 4.337998
v -7.287025 5.165945 4.337998
v -7.543423 5.386089 4.558143
v -7.287025 5.386089 4.558143
v -7.543423 5.452353 4.054933
v -7.287025 5.452353 4.054933
v -7.543423 5.559434 4.162014
v -7.287025 5.559434 4.162014
v -7.508382 4.273889 5.052781
v -7.322066 4.273889 5.052781
v -7.322066 4.506226 5.285119
v -7.508382 4.506226 5.285119
v -7.508382 3.679718 5.498662
v -7.322066 3.679718 5.498662
v -7.322066 3.858484 5.677428
v -7.508382 3.858484 5.677428
v -7.508382 3.072000 5.948918
v -7.322066 3.072000 5.948918
v -7.322066 3.250765 6.127678
v -7.508382 3.250765 6.127678
v -7.508382 2.130939 6.788558
v -7.322066 2.130939 6.788558
v -7.322066 2.248857 6.906467
v -7.508382 2.248857 6.906467
v -7.525983 1.576805 7.136921
v -7.304465 1.576805 7.136921
v -7.322066 1.732268 7.313201
v -7.508382 1.732268 7.313201
v -7.525983 1.590567 7.412625
v -7.304465 1.590567 7.412625
v -7.322066 1.639886 7.441121
v -7.508382 1.639886 7.441121
v -7.346106 0.636518 6.725357
v -7.601633 0.661668 6.700202
v -7.346106 1.497773 7.586613
v -7.601633 1.522922 7.561456
v -7.387272 0.482635 6.989724
v -7.642799 0.507786 6.964572
v -7.387272 1.343890 7.850977
v -7.642799 1.369041 7.825831
v -7.784399 4.714622 3.799738
v -7.527264 4.754282 3.686457
v -7.436387 4.852498 3.927126
v -7.463561 4.870260 4.012287
v -7.287025 4.790336 4.261762
v -7.322066 4.553553 4.450416
v -7.322066 3.918341 4.808867
v -7.322066 2.774717 5.576334
v -7.322066 1.850063 6.442500
v -7.322066 1.332791 6.959770
v -7.365600 1.293339 6.999228
v -7.264004 1.265668 7.026895
v -7.336819 1.147487 7.145080
v -7.346106 1.101047 7.189882
v -7.387272 0.947165 7.454250
v -7.642799 0.972315 7.429105
v -7.601633 1.126198 7.164737
v -7.593403 1.172741 7.119820
v -7.566443 1.265668 7.026895
v -7.464848 1.293339 6.999228
v -7.508382 1.332791 6.959770
v -7.508382 1.850063 6.442500
v -7.508382 2.774717 5.576334
v -7.508382 3.918341 4.808867
v -7.508382 4.553553 4.450416
v -7.543423 4.790336 4.261762
v -7.618958 4.846292 4.080747
v -7.693521 4.812838 4.040406
v -7.747687 4.586431 3.838190
v -7.490552 4.626091 3.724909
v -7.403611 4.738050 3.961455
v -7.443752 4.801095 4.033034
v -7.287025 4.711761 4.183187
v -7.322066 4.496455 4.393319
v -7.322066 3.861244 4.751769
v -7.322066 2.717620 5.519237
v -7.322066 1.787275 6.379709
v -7.322066 1.247143 6.874127
v -7.365600 1.247716 6.953597
v -7.264004 1.126641 6.887868
v -7.336819 1.028401 7.025995
v -7.346106 0.902684 6.991519
v -7.387272 0.748803 7.255891
v -7.642799 0.773952 7.230737
v -7.601633 0.927835 6.966367
v -7.593403 1.053655 7.000736
v -7.566443 1.126641 6.887868
v -7.464848 1.247716 6.953597
v -7.508382 1.247143 6.874127
v -7.508382 1.787275 6.379709
v -7.508382 2.717620 5.519237
v -7.508382 3.861244 4.751769
v -7.508382 4.496455 4.393319
v -7.543423 4.711761 4.183187
v -7.599149 4.777127 4.101494
v -7.660746 4.698390 4.074735
v -7.563975 4.882472 3.648006
v -7.821110 4.842812 3.761286
v -7.726297 4.927284 4.006077
v -7.638765 4.915457 4.060000
v -7.543423 4.868910 4.340336
v -7.508382 4.610649 4.507513
v -7.508382 3.975438 4.865965
v -7.508382 2.831814 5.633430
v -7.508382 1.912851 6.505286
v -7.508382 1.418439 7.045425
v -7.464848 1.338962 7.044847
v -7.566443 1.404696 7.165922
v -7.593403 1.291826 7.238909
v -7.601633 1.324560 7.363092
v -7.642799 1.170678 7.627462
v -7.387272 1.145529 7.652616
v -7.346106 1.299409 7.388246
v -7.336819 1.266572 7.264164
v -7.264004 1.404696 7.165922
v -7.365600 1.338962 7.044847
v -7.322066 1.418439 7.045425
v -7.322066 1.912851 6.505286
v -7.322066 2.831814 5.633430
v -7.322066 3.975438 4.865965
v -7.322066 4.610649 4.507513
v -7.287025 4.868910 4.340336
v -7.483368 4.939425 3.991540
v -7.469163 4.966945 3.892796
v -7.567798 1.137352 7.676953
v -7.475414 1.128259 7.686041
v -7.475414 1.199974 7.757757
v -7.567798 1.209067 7.748671
v -7.650651 1.133363 7.716413
v -7.404100 1.109097 7.740683
v -7.404100 1.271175 7.902758
v -7.650651 1.295441 7.878489
v -7.693390 0.869703 8.280400
v -7.522809 0.852914 8.297182
v -7.522809 0.965050 8.409319
v -7.693390 0.981840 8.392527
v -7.749594 0.643372 8.625092
v -7.579013 0.626583 8.641883
v -7.579013 0.738720 8.754023
v -7.749594 0.755510 8.737236
v -7.722109 0.623739 8.691044
v -7.621980 0.613884 8.700897
v -7.621980 0.679708 8.766724
v -7.722109 0.689564 8.756864
v -7.756224 0.565016 8.672798
v -7.593155 0.548965 8.688840
v -7.593155 0.691762 8.831647
v -7.756224 0.707812 8.815598
v -7.807164 0.365490 8.990829
v -7.644094 0.349441 9.006868
v -7.644094 0.431695 9.089129
v -7.807164 0.447745 9.073082
v -7.861921 0.166549 9.212779
v -7.672695 0.147923 9.231401
v -7.672695 0.240081 9.323551
v -7.861921 0.258706 9.304930
v -7.805418 0.166981 9.257564
v -7.735618 0.160110 9.264429
v -7.735618 0.207045 9.311363
v -7.805418 0.213916 9.304496
v -7.864819 0.133555 9.248653
v -7.683208 0.115680 9.266530
v -7.683208 0.204954 9.355797
v -7.864819 0.222828 9.337921
v -7.876604 -0.127489 9.541441
v -7.778818 -0.137113 9.551056
v -7.778818 -0.079580 9.608589
v -7.876604 -0.069956 9.598972
v -7.858473 -0.129337 9.558119
v -7.799837 -0.135109 9.563886
v -7.799837 -0.092402 9.606588
v -7.858473 -0.086629 9.600819
v -7.884938 -0.146554 9.556826
v -7.777457 -0.157133 9.567419
v -7.777457 -0.095929 9.628605
v -7.884938 -0.085351 9.618029
v -7.883564 -0.353679 9.769459
v -7.859833 -0.356014 9.771803
v -7.859833 -0.326524 9.801279
v -7.883564 -0.324189 9.798956
v -7.559131 4.549127 3.542295
v -7.816266 4.509467 3.655576
v -7.841547 4.597740 3.629097
v -7.584412 4.637402 3.515816
v -7.634973 4.813950 3.462860
v -7.892107 4.774289 3.576140
v -7.917388 4.862564 3.549662
v -7.660253 4.902224 3.436381
v -7.866827 4.686016 3.602618
v -7.609692 4.725676 3.489338
v -7.724625 4.318351 3.085845
v -7.981760 4.278692 3.199124
v -8.004522 4.358173 3.175283
v -7.747387 4.397834 3.062004
v -7.792912 4.556797 3.014321
v -8.050047 4.517136 3.127602
v -8.072809 4.596620 3.103759
v -7.815675 4.636281 2.990480
v -8.027285 4.437656 3.151442
v -7.770150 4.477316 3.038162
v -8.099422 3.541386 1.963073
v -8.356557 3.501727 2.076350
v -8.385196 3.601726 2.046356
v -8.128061 3.641389 1.933074
v -8.185339 3.841389 1.873083
v -8.442473 3.801730 1.986363
v -8.471113 3.901732 1.956368
v -8.213978 3.941391 1.843087
v -8.413835 3.701731 2.016358
v -8.156700 3.741390 1.903078
v -8.661968 2.279533 0.244366
v -8.919104 2.239879 0.357642
v -8.949952 2.347592 0.325337
v -8.692818 2.387253 0.212055
v -8.754516 2.602697 0.147432
v -9.011651 2.563040 0.260707
v -9.042500 2.670759 0.228400
v -8.785366 2.710420 0.115119
v -8.980802 2.455319 0.293024
v -8.723667 2.494982 0.179743
v -8.686548 1.962215 0.077469
v -8.943683 1.922550 0.190750
v -8.991880 2.090851 0.140269
v -8.734746 2.130504 0.026991
v -8.831141 2.467101 -0.073975
v -9.088275 2.427438 0.039310
v -9.136473 2.595737 -0.011173
v -8.879339 2.635403 -0.124460
v -9.040078 2.259149 0.089784
v -8.782943 2.298799 -0.023485
v -8.750896 1.834339 -0.113358
v -9.008033 1.794682 -0.000082
v -9.062607 1.985248 -0.057248
v -8.805472 2.024907 -0.170523
v -8.914621 2.406032 -0.284841
v -9.171757 2.366375 -0.171563
v -9.226332 2.556945 -0.228724
v -8.969197 2.596601 -0.342001
v -9.117182 2.175820 -0.114411
v -8.860046 2.215471 -0.227683
v -8.862831 1.926988 -0.335005
v -9.119967 1.887328 -0.221725
v -9.157692 2.019056 -0.261237
v -8.900557 2.058718 -0.374521
v -8.976007 2.322181 -0.453550
v -9.233141 2.282512 -0.340256
v -9.270868 2.414244 -0.379779
v -9.013733 2.453907 -0.493058
v -9.195417 2.150787 -0.300752
v -8.938282 2.190447 -0.414037
v -8.926294 2.015728 -0.447994
v -9.183429 1.976067 -0.334710
v -9.195685 2.111145 -0.315247
v -8.938550 2.150800 -0.428523
v -8.955764 2.210911 -0.446550
v -9.212899 2.171255 -0.333276
v -9.265518 2.262702 -0.420688
v -9.008384 2.302362 -0.533968
v -9.204292 2.141193 -0.324255
v -8.947157 2.180860 -0.437540
v -7.465692 0.926944 7.476984
v -7.575655 0.937767 7.466166
v -7.465692 1.012307 7.562347
v -7.575655 1.023130 7.551526
v -7.475648 0.889220 7.540432
v -7.585613 0.900043 7.529606
v -7.477155 1.057323 7.723835
v -7.587119 1.068147 7.713004
v -7.501012 0.779335 7.688240
v -7.610977 0.790158 7.677418
v -7.501012 0.901083 7.809983
v -7.610977 0.911906 7.799164
v -7.557164 0.561509 8.040924
v -7.667129 0.572331 8.030098
v -7.557164 0.643057 8.122467
v -7.667129 0.653880 8.111647
v -7.625027 0.208399 8.377298
v -7.734991 0.219223 8.366481
v -7.625027 0.346451 8.515356
v -7.734991 0.357275 8.504531
v -7.631398 0.060871 8.535339
v -7.787868 0.076271 8.519935
v -7.631398 0.188415 8.662882
v -7.787868 0.203815 8.647479
v -7.692087 0.083760 8.583675
v -7.734400 0.087924 8.579511
v -7.692087 0.140083 8.639992
v -7.734400 0.144246 8.635830
v -7.662008 0.005790 8.567266
v -7.775223 0.016933 8.556118
v -7.662008 0.156489 8.717960
v -7.775223 0.167633 8.706814
v -7.723255 -0.250014 8.933740
v -7.836471 -0.238872 8.922590
v -7.723255 -0.145000 9.038759
v -7.836471 -0.133856 9.027613
v -7.779399 -0.513059 9.241120
v -7.892614 -0.501915 9.229981
v -7.779399 -0.452386 9.301789
v -7.892614 -0.441243 9.290648
v -7.808898 -0.508774 9.265747
v -7.868166 -0.502941 9.259914
v -7.808898 -0.477012 9.297506
v -7.868166 -0.471178 9.291677
v -7.776250 -0.546026 9.264908
v -7.906604 -0.533196 9.252074
v -7.776250 -0.476166 9.334770
v -7.906604 -0.463336 9.321929
v -7.865440 -0.871719 9.614490
v -7.951205 -0.863277 9.606054
v -7.865440 -0.825755 9.660457
v -7.951205 -0.817314 9.652006
v -7.877764 -0.876626 9.630223
v -7.943336 -0.870173 9.623764
v -7.877764 -0.841486 9.665365
v -7.943336 -0.835032 9.658911
v -7.863582 -0.901919 9.637247
v -7.963222 -0.892112 9.627455
v -7.863582 -0.848521 9.690647
v -7.963222 -0.838714 9.680846
v -7.935779 -1.150266 9.862534
v -7.985225 -1.145400 9.857665
v -7.935779 -1.123768 9.889025
v -7.985225 -1.118901 9.884157
v -7.447624 0.737679 7.327585
v -7.600734 0.752748 7.312513
v -7.447624 0.856537 7.446435
v -7.600734 0.871606 7.431370
v -7.459875 0.659368 7.373743
v -7.612985 0.674438 7.358677
v -7.459875 0.860079 7.574458
v -7.612985 0.875149 7.559385
v -7.537252 0.326939 7.827479
v -7.690362 0.342010 7.812412
v -7.537252 0.418412 7.918954
v -7.690362 0.433482 7.903884
v -7.612678 -0.104137 8.162727
v -7.765788 -0.089068 8.147655
v -7.612678 0.036104 8.302964
v -7.765788 0.051173 8.287897
v -7.639006 -0.221061 8.313307
v -7.792116 -0.205991 8.298231
v -7.639006 -0.121320 8.413049
v -7.792116 -0.106249 8.397978
v -7.657922 -0.270517 8.313986
v -7.783603 -0.258147 8.301626
v -7.657922 -0.124934 8.459572
v -7.783603 -0.112563 8.447208
v -7.723571 -0.486063 8.561235
v -7.809817 -0.477573 8.552750
v -7.723571 -0.386158 8.661139
v -7.809817 -0.377668 8.652655
v -7.791903 -0.908780 8.925833
v -7.896119 -0.898522 8.915571
v -7.791903 -0.788059 9.046558
v -7.896119 -0.777802 9.036293
v -7.829169 -0.883821 8.979214
v -7.865758 -0.880219 8.975613
v -7.829169 -0.841438 9.021595
v -7.865758 -0.837836 9.018000
v -7.809797 -0.960029 8.980426
v -7.899344 -0.951215 8.971606
v -7.809797 -0.856297 9.084152
v -7.899344 -0.847484 9.075341
v -7.890003 -1.306808 9.349383
v -7.960402 -1.299881 9.342460
v -7.890003 -1.225263 9.430927
v -7.960402 -1.218334 9.424003
v -7.911608 -1.292036 9.380141
v -7.942705 -1.288976 9.377080
v -7.911608 -1.256013 9.416154
v -7.942705 -1.252952 9.413095
v -7.899651 -1.326986 9.380108
v -7.960948 -1.320953 9.374077
v -7.899651 -1.255982 9.451103
v -7.960948 -1.249949 9.445070
v -7.963734 -1.540021 9.634272
v -7.989524 -1.537483 9.631723
v -7.963734 -1.510144 9.664139
v -7.989524 -1.507606 9.661604
v -7.448183 0.568327 7.180081
v -7.604415 0.583704 7.164701
v -7.448183 0.689609 7.301361
v -7.604415 0.704986 7.285978
v -7.437186 0.511642 7.207419
v -7.631220 0.530740 7.188320
v -7.437186 0.662269 7.358042
v -7.631220 0.681366 7.338947
v -7.496317 0.171029 7.467585
v -7.690351 0.190127 7.448484
v -7.496317 0.254367 7.550919
v -7.690351 0.273465 7.531826
v -7.578595 -0.377617 7.754886
v -7.772630 -0.358519 7.735790
v -7.578595 -0.234378 7.898124
v -7.772630 -0.215281 7.879019
v -7.593771 -0.502747 7.783943
v -7.787805 -0.483649 7.764847
v -7.593771 -0.316447 7.970243
v -7.787805 -0.297349 7.951147
v -7.668145 -0.500686 7.900715
v -7.738410 -0.493770 7.893805
v -7.668145 -0.433224 7.968178
v -7.738410 -0.426308 7.961264
v -7.660011 -0.584183 7.870889
v -7.756598 -0.574677 7.861381
v -7.660011 -0.431376 8.023693
v -7.756598 -0.421870 8.014187
v -7.682296 -0.712668 7.968816
v -7.778884 -0.703160 7.959314
v -7.682296 -0.529310 8.152178
v -7.778884 -0.519805 8.142668
v -7.718262 -0.884759 8.162151
v -7.814850 -0.875252 8.152643
v -7.718262 -0.787894 8.259018
v -7.814850 -0.778388 8.249510
v -7.765426 -1.157338 8.368761
v -7.862014 -1.147831 8.359255
v -7.765426 -1.062742 8.463354
v -7.862014 -1.053235 8.453853
v -7.788359 -1.162364 8.409241
v -7.848742 -1.156421 8.403303
v -7.788359 -1.103227 8.468386
v -7.848742 -1.097285 8.462439
v -7.766827 -1.219482 8.413397
v -7.881286 -1.208216 8.402134
v -7.766827 -1.107382 8.525501
v -7.881286 -1.096116 8.514236
v -7.766827 -1.219482 8.413397
v -7.881286 -1.208216 8.402134
v -7.766827 -1.107382 8.525501
v -7.881286 -1.096116 8.514236
v -7.848818 -1.525422 8.702757
v -7.917367 -1.518674 8.696013
v -7.848818 -1.458284 8.769894
v -7.917367 -1.451538 8.763150
v -7.866600 -1.526003 8.731886
v -7.906001 -1.522125 8.728009
v -7.866600 -1.487416 8.770472
v -7.906001 -1.483537 8.766597
v -7.853700 -1.562283 8.735779
v -7.926167 -1.555151 8.728645
v -7.853700 -1.491309 8.806757
v -7.926167 -1.484177 8.799618
v -7.907948 -1.756320 8.909529
v -7.945004 -1.752672 8.905884
v -7.907948 -1.720026 8.945820
v -7.945004 -1.716378 8.942183
v -7.399629 0.592303 6.747514
v -7.562962 0.608379 6.731438
v -7.425943 0.493941 6.916505
v -7.589276 0.510017 6.900427
v -7.705025 -1.191688 7.420635
v -7.743659 -1.187885 7.416825
v -7.706084 -1.171641 7.451433
v -7.744717 -1.167838 7.447633
v -7.346106 0.597184 6.686018
v -7.601633 0.622334 6.660874
v -7.403041 0.167857 6.835158
v -7.658568 0.193007 6.810008
v -7.387272 0.443301 6.950388
v -7.425274 0.054912 6.948106
v -7.642799 0.468451 6.925236
v -7.680801 0.080062 6.922953
v -7.487899 -0.173476 6.884475
v -7.652373 -0.157288 6.868288
v -7.503620 -0.172706 7.044974
v -7.668094 -0.156518 7.028786
v -7.484676 -0.190869 6.880898
v -7.658139 -0.173796 6.863821
v -7.501256 -0.190057 7.050166
v -7.674719 -0.172984 7.033092
v -7.481907 -0.267381 6.881172
v -7.675632 -0.248314 6.862109
v -7.500424 -0.266473 7.070221
v -7.694149 -0.247406 7.051151
v -7.505381 -0.288330 6.898061
v -7.660357 -0.273077 6.882811
v -7.520195 -0.287605 7.049298
v -7.675170 -0.272351 7.034041
v -7.487303 -0.328067 6.880451
v -7.682020 -0.308902 6.861286
v -7.505913 -0.327151 7.070461
v -7.700631 -0.307985 7.051295
v -7.556554 -0.567161 7.038908
v -7.692174 -0.553813 7.025564
v -7.565629 -0.574586 7.123689
v -7.701249 -0.561238 7.110347
v -7.601148 -0.816127 7.160514
v -7.720835 -0.804348 7.148732
v -7.608081 -0.779084 7.268001
v -7.727767 -0.767303 7.256214
v -7.611382 -0.870698 7.172569
v -7.724862 -0.871167 7.167223
v -7.616091 -0.822811 7.268241
v -7.729571 -0.823279 7.262888
v -7.605871 -0.934524 7.198709
v -7.746528 -0.920679 7.184864
v -7.609724 -0.861535 7.310842
v -7.750381 -0.847691 7.296999
vt 0.873215 0.640572
vt 0.875544 0.636264
vt 0.877665 0.636900
vt 0.875591 0.641284
vt 0.654880 0.018486
vt 0.656808 0.013627
vt 0.661828 0.015838
vt 0.659900 0.020698
vt 0.529065 0.308935
vt 0.531140 0.313319
vt 0.529019 0.313955
vt 0.526690 0.309648
vt 0.488255 0.102117
vt 0.489897 0.106714
vt 0.484810 0.108956
vt 0.483168 0.104358
vt 0.341650 0.004892
vt 0.342451 0.004971
vt 0.342451 0.005755
vt 0.341650 0.005676
vt 0.208490 0.050405
vt 0.203370 0.051195
vt 0.203126 0.048506
vt 0.208246 0.047716
vt 0.750510 0.040426
vt 0.751279 0.035438
vt 0.753381 0.036468
vt 0.752916 0.039483
vt 0.532308 0.314645
vt 0.531026 0.315029
vt 0.658770 0.012309
vt 0.661804 0.013645
vt 0.879125 0.636405
vt 0.877843 0.636020
vt 0.688901 0.094811
vt 0.692033 0.094328
vt 0.694792 0.096319
vt 0.689625 0.096319
vt 0.530653 0.317427
vt 0.529197 0.315971
vt 0.661018 0.004896
vt 0.666024 0.004896
vt 0.877913 0.634890
vt 0.876457 0.636347
vt 0.694086 0.100225
vt 0.690331 0.100225
vt 0.526663 0.321321
vt 0.525605 0.320263
vt 0.682905 0.328030
vt 0.677699 0.328030
vt 0.678411 0.322350
vt 0.682193 0.322350
vt 0.873923 0.630996
vt 0.872865 0.632054
vt 0.694086 0.113028
vt 0.690331 0.113028
vt 0.514893 0.327963
vt 0.513835 0.326905
vt 0.681528 0.395499
vt 0.677699 0.395499
vt 0.677699 0.382445
vt 0.681528 0.382445
vt 0.862151 0.624354
vt 0.861093 0.625412
vt 0.246436 0.392750
vt 0.250685 0.392750
vt 0.250685 0.410252
vt 0.246436 0.410252
vt 0.493702 0.342183
vt 0.492644 0.341125
vt 0.677699 0.358944
vt 0.681528 0.358944
vt 0.840957 0.610131
vt 0.839899 0.611189
vt 0.250685 0.429745
vt 0.246436 0.429745
vt 0.476463 0.358127
vt 0.475300 0.356964
vt 0.677699 0.340176
vt 0.681528 0.340176
vt 0.823716 0.594184
vt 0.822552 0.595348
vt 0.250685 0.440499
vt 0.246436 0.440499
vt 0.466455 0.367289
vt 0.464868 0.365702
vt 0.677699 0.330486
vt 0.681528 0.330486
vt 0.813706 0.585021
vt 0.812119 0.586609
vt 0.249692 0.443224
vt 0.247429 0.443224
vt 0.466466 0.368761
vt 0.465620 0.367916
vt 0.678594 0.328030
vt 0.680633 0.328030
vt 0.813717 0.583549
vt 0.812871 0.584394
vt 0.534934 0.425582
vt 0.537085 0.425582
vt 0.539287 0.429031
vt 0.532733 0.429031
vt 0.537085 0.424594
vt 0.539287 0.426018
vt 0.537085 0.421628
vt 0.534934 0.421628
vt 0.532078 0.417018
vt 0.538569 0.416379
vt 0.532733 0.426018
vt 0.534934 0.424594
vt 0.084012 0.031261
vt 0.084012 0.025520
vt 0.087013 0.026902
vt 0.086533 0.031772
vt 0.932713 0.147007
vt 0.930161 0.149559
vt 0.927625 0.147755
vt 0.929811 0.145569
vt 0.316096 0.026962
vt 0.316650 0.032593
vt 0.314121 0.032532
vt 0.313646 0.027709
vt 0.475991 0.530314
vt 0.473917 0.531655
vt 0.471362 0.529101
vt 0.473803 0.528126
vt 0.834052 0.059383
vt 0.828921 0.059383
vt 0.828921 0.057240
vt 0.834052 0.057240
vt 0.882282 0.630522
vt 0.877097 0.627822
vt 0.882391 0.622528
vt 0.887575 0.625228
vt 0.459267 0.381965
vt 0.464200 0.381965
vt 0.463808 0.382600
vt 0.459659 0.382600
vt 0.529837 0.324495
vt 0.535020 0.321795
vt 0.540313 0.327088
vt 0.535130 0.329788
vt 0.744510 0.041956
vt 0.739308 0.041956
vt 0.739308 0.037524
vt 0.744510 0.037524
vt 0.890410 0.627942
vt 0.886330 0.632022
vt 0.828921 0.046383
vt 0.834052 0.046383
vt 0.834052 0.049313
vt 0.828921 0.049313
vt 0.539068 0.320296
vt 0.543148 0.324375
vt 0.739308 0.031713
vt 0.744510 0.031713
vt 0.893622 0.635283
vt 0.891638 0.637267
vt 0.544375 0.315051
vt 0.546360 0.317035
vt 0.459659 0.318550
vt 0.463808 0.318550
vt 0.463808 0.329420
vt 0.459659 0.329420
vt 0.526844 0.337845
vt 0.522539 0.333540
vt 0.678411 0.313271
vt 0.682193 0.313271
vt 0.869798 0.618775
vt 0.874104 0.614469
vt 0.463808 0.339348
vt 0.459659 0.339348
vt 0.514842 0.345115
vt 0.511529 0.341802
vt 0.678411 0.300120
vt 0.682193 0.300120
vt 0.858787 0.610512
vt 0.862100 0.607199
vt 0.463808 0.349374
vt 0.459659 0.349374
vt 0.503581 0.353457
vt 0.500269 0.350145
vt 0.678411 0.287782
vt 0.682193 0.287782
vt 0.847525 0.602168
vt 0.850838 0.598855
vt 0.463808 0.368069
vt 0.459659 0.368069
vt 0.485016 0.367888
vt 0.482831 0.365703
vt 0.678411 0.267440
vt 0.682193 0.267440
vt 0.830085 0.586607
vt 0.832270 0.584422
vt 0.464200 0.375826
vt 0.459267 0.375826
vt 0.475444 0.375425
vt 0.472564 0.372158
vt 0.678411 0.256951
vt 0.682193 0.256951
vt 0.819815 0.580151
vt 0.822697 0.576884
vt 0.473732 0.377795
vt 0.472819 0.377267
vt 0.678411 0.255076
vt 0.682193 0.255076
vt 0.820071 0.575042
vt 0.820984 0.574514
vt 0.134583 0.004891
vt 0.139667 0.005391
vt 0.139483 0.010797
vt 0.134420 0.010299
vt 0.928258 0.145447
vt 0.933145 0.140561
vt 0.252384 0.078748
vt 0.247396 0.079239
vt 0.247236 0.075284
vt 0.252203 0.074795
vt 0.475359 0.528002
vt 0.470469 0.523112
vt 0.425788 0.071862
vt 0.426513 0.071790
vt 0.426493 0.072166
vt 0.425768 0.072238
vt 0.923405 0.142622
vt 0.928291 0.137736
vt 0.246436 0.070145
vt 0.251403 0.069656
vt 0.480217 0.525175
vt 0.475326 0.520284
vt 0.574027 0.274877
vt 0.578866 0.275353
vt 0.577788 0.283483
vt 0.572949 0.283006
vt 0.439904 0.094237
vt 0.434985 0.091374
vt 0.435027 0.084147
vt 0.437129 0.086249
vt 0.432469 0.102441
vt 0.427679 0.102912
vt 0.426967 0.095631
vt 0.431757 0.095160
vt 0.105649 0.077102
vt 0.100815 0.079915
vt 0.103542 0.072065
vt 0.105607 0.070000
vt 0.576181 0.289946
vt 0.573066 0.289639
vt 0.433225 0.079912
vt 0.436211 0.079898
vt 0.427205 0.091196
vt 0.430288 0.090893
vt 0.104607 0.065660
vt 0.107542 0.065674
vt 0.576242 0.290275
vt 0.572957 0.289952
vt 0.433128 0.079589
vt 0.436278 0.079574
vt 0.427081 0.090888
vt 0.430333 0.090567
vt 0.104526 0.065358
vt 0.107621 0.065373
vt 0.576294 0.291724
vt 0.572626 0.291363
vt 0.432755 0.078168
vt 0.436273 0.078151
vt 0.426716 0.089492
vt 0.430348 0.089135
vt 0.104494 0.063995
vt 0.107951 0.064012
vt 0.575850 0.292121
vt 0.572915 0.291832
vt 0.433144 0.077774
vt 0.435958 0.077761
vt 0.427072 0.089025
vt 0.429977 0.088739
vt 0.104873 0.063543
vt 0.107638 0.063556
vt 0.576192 0.292873
vt 0.572505 0.292510
vt 0.432751 0.077039
vt 0.436286 0.077021
vt 0.426595 0.088357
vt 0.430245 0.087997
vt 0.104479 0.062888
vt 0.107954 0.062904
vt 0.574881 0.297400
vt 0.572313 0.297148
vt 0.431760 0.072435
vt 0.433338 0.072573
vt 0.426583 0.083609
vt 0.429126 0.083359
vt 0.107483 0.058409
vt 0.109033 0.058274
vt 0.574036 0.302115
vt 0.571770 0.301892
vt 0.429075 0.068630
vt 0.431075 0.067941
vt 0.426086 0.079746
vt 0.428330 0.079525
vt 0.109735 0.053828
vt 0.111701 0.054506
vt 0.573843 0.303148
vt 0.571694 0.303157
vt 0.429071 0.067816
vt 0.430851 0.066925
vt 0.426052 0.078697
vt 0.428180 0.078706
vt 0.110073 0.052606
vt 0.111823 0.053482
vt 0.573947 0.304357
vt 0.571284 0.304094
vt 0.428278 0.067096
vt 0.430364 0.065738
vt 0.425662 0.078239
vt 0.428299 0.077980
vt 0.110396 0.051701
vt 0.112446 0.053036
vt 0.572070 0.309226
vt 0.571338 0.309154
vt 0.425662 0.061326
vt 0.426235 0.060953
vt 0.114637 0.046815
vt 0.115201 0.047182
vt 0.207903 0.046519
vt 0.202784 0.047309
vt 0.201736 0.045488
vt 0.206855 0.044699
vt 0.536191 0.306798
vt 0.537502 0.311410
vt 0.535381 0.312046
vt 0.533816 0.307510
vt 0.534871 0.313876
vt 0.536153 0.313492
vt 0.533565 0.320339
vt 0.528779 0.323437
vt 0.517009 0.330079
vt 0.518067 0.331137
vt 0.495818 0.344299
vt 0.496876 0.345357
vt 0.478790 0.360454
vt 0.479954 0.361618
vt 0.469629 0.370463
vt 0.471216 0.372050
vt 0.468156 0.370452
vt 0.469002 0.371298
vt 0.539287 0.419993
vt 0.537085 0.422616
vt 0.923253 0.152128
vt 0.925056 0.154664
vt 0.921995 0.156707
vt 0.921067 0.154314
vt 0.920975 0.152731
vt 0.917333 0.156373
vt 0.916121 0.149906
vt 0.912480 0.153547
vt 0.744909 0.008132
vt 0.745422 0.008183
vt 0.745422 0.008820
vt 0.744909 0.008770
vt 0.486293 0.538936
vt 0.482648 0.535291
vt 0.487506 0.532464
vt 0.491151 0.536109
vt 0.482555 0.536878
vt 0.480367 0.534690
vt 0.481548 0.539350
vt 0.479026 0.536764
vt 0.534934 0.422616
vt 0.532733 0.419993
vt 0.818468 0.580260
vt 0.816881 0.581847
vt 0.815408 0.581858
vt 0.816253 0.581012
vt 0.827207 0.590693
vt 0.826043 0.591857
vt 0.844132 0.606956
vt 0.843074 0.608014
vt 0.865326 0.621179
vt 0.864267 0.622237
vt 0.876039 0.628880
vt 0.880825 0.631978
vt 0.882970 0.637558
vt 0.881688 0.637174
vt 0.884028 0.638809
vt 0.881907 0.638173
vt 0.880342 0.642709
vt 0.882717 0.643422
vt 0.202955 0.047907
vt 0.208075 0.047118
vt 0.531440 0.308223
vt 0.533260 0.312682
vt 0.533590 0.314260
vt 0.532109 0.318883
vt 0.527721 0.322379
vt 0.515951 0.329021
vt 0.494760 0.343241
vt 0.477627 0.359291
vt 0.468042 0.368876
vt 0.467311 0.369607
vt 0.537085 0.423605
vt 0.539287 0.423005
vt 0.927609 0.152111
vt 0.925439 0.149942
vt 0.924616 0.149089
vt 0.919763 0.146264
vt 0.817720 0.006690
vt 0.818277 0.006745
vt 0.818277 0.007390
vt 0.817720 0.007335
vt 0.483861 0.528820
vt 0.479004 0.531647
vt 0.478179 0.532502
vt 0.476471 0.534209
vt 0.532733 0.423005
vt 0.534934 0.423605
vt 0.814562 0.582703
vt 0.815293 0.583434
vt 0.824880 0.593020
vt 0.842015 0.609072
vt 0.863209 0.623295
vt 0.874981 0.629938
vt 0.879369 0.633434
vt 0.880406 0.636789
vt 0.879786 0.637537
vt 0.877966 0.641997
vt 0.722506 0.005965
vt 0.722611 0.004896
vt 0.723183 0.004896
vt 0.723078 0.005965
vt 0.472592 0.386436
vt 0.477673 0.386936
vt 0.475921 0.387601
vt 0.474084 0.387420
vt 0.633244 0.004896
vt 0.637285 0.004896
vt 0.634353 0.006692
vt 0.632893 0.006692
vt 0.637797 0.010101
vt 0.634539 0.008574
vt 0.488415 0.531852
vt 0.489733 0.533169
vt 0.477339 0.388687
vt 0.472436 0.388205
vt 0.510993 0.031303
vt 0.512319 0.032629
vt 0.513635 0.035309
vt 0.510639 0.032313
vt 0.884751 0.325425
vt 0.882924 0.325605
vt 0.881285 0.323038
vt 0.886161 0.322558
vt 0.882924 0.327023
vt 0.881285 0.326243
vt 0.474978 0.399753
vt 0.471586 0.399419
vt 0.507977 0.044673
vt 0.505904 0.042600
vt 0.880440 0.312873
vt 0.883813 0.312541
vt 0.149418 0.073475
vt 0.146460 0.076432
vt 0.141649 0.066141
vt 0.143695 0.064095
vt 0.473861 0.406607
vt 0.470469 0.406273
vt 0.503793 0.051045
vt 0.501720 0.048972
vt 0.879329 0.306056
vt 0.882702 0.305724
vt 0.137519 0.059852
vt 0.139566 0.057805
vt 0.473006 0.407780
vt 0.471015 0.407584
vt 0.502702 0.051280
vt 0.501485 0.050063
vt 0.325935 0.014663
vt 0.326244 0.017805
vt 0.325029 0.017299
vt 0.324848 0.015454
vt 0.137161 0.058648
vt 0.138362 0.057447
vt 0.700102 0.016784
vt 0.700284 0.014942
vt 0.701478 0.014412
vt 0.701183 0.017412
vt 0.502925 0.052480
vt 0.500285 0.049840
vt 0.934739 0.028403
vt 0.932651 0.028609
vt 0.931940 0.027384
vt 0.935340 0.027049
vt 0.136090 0.058981
vt 0.138695 0.056376
vt 0.612638 0.041528
vt 0.615953 0.041855
vt 0.614917 0.048320
vt 0.611603 0.047994
vt 0.498118 0.057239
vt 0.496597 0.055719
vt 0.930878 0.022016
vt 0.934278 0.021681
vt 0.132449 0.053178
vt 0.133950 0.051677
vt 0.614336 0.052884
vt 0.610489 0.052506
vt 0.494576 0.061572
vt 0.492872 0.059869
vt 0.929736 0.017182
vt 0.933681 0.016793
vt 0.128819 0.049128
vt 0.130500 0.047447
vt 0.613057 0.053556
vt 0.611638 0.053416
vt 0.614336 0.054757
vt 0.613057 0.054510
vt 0.891133 0.020053
vt 0.891473 0.023506
vt 0.890656 0.022475
vt 0.890530 0.021201
vt 0.610489 0.054379
vt 0.611638 0.054370
vt 0.616090 0.026379
vt 0.616215 0.025111
vt 0.617022 0.024159
vt 0.616697 0.027458
vt 0.039227 0.004893
vt 0.040115 0.005781
vt 0.040076 0.006621
vt 0.038387 0.004933
vt 0.859991 0.011353
vt 0.858474 0.011503
vt 0.857182 0.010776
vt 0.861131 0.010387
vt 0.858474 0.012523
vt 0.857182 0.012717
vt 0.554727 0.018745
vt 0.558522 0.019119
vt 0.556524 0.025064
vt 0.554481 0.024863
vt 0.034693 0.011404
vt 0.033605 0.010315
vt 0.856925 0.005099
vt 0.859052 0.004889
vt 0.393685 0.092308
vt 0.392057 0.090681
vt 0.397395 0.085922
vt 0.398443 0.086971
vt 0.556085 0.025332
vt 0.554860 0.025211
vt 0.556524 0.026266
vt 0.556085 0.026224
vt 0.330681 0.024152
vt 0.330855 0.025925
vt 0.330553 0.025596
vt 0.330448 0.024533
vt 0.397699 0.085889
vt 0.398477 0.086667
vt 0.577448 0.043736
vt 0.578697 0.043859
vt 0.579173 0.044329
vt 0.576884 0.044103
vt 0.698959 0.009029
vt 0.698157 0.009831
vt 0.697744 0.009765
vt 0.698893 0.008616
vt 0.197959 0.048766
vt 0.196629 0.048897
vt 0.196029 0.048506
vt 0.198467 0.048267
vt 0.196629 0.049865
vt 0.196029 0.049895
vt 0.577419 0.048564
vt 0.576914 0.048514
vt 0.694502 0.005435
vt 0.695055 0.004881
vt 0.196060 0.044402
vt 0.196598 0.044350
vt 0.253144 0.020637
vt 0.252037 0.019530
vt 0.255882 0.015785
vt 0.256415 0.016318
vt 0.481085 0.099984
vt 0.486172 0.097743
vt 0.875800 0.645159
vt 0.874164 0.644668
vt 0.527639 0.305552
vt 0.529275 0.305061
vt 0.880708 0.646631
vt 0.879072 0.646140
vt 0.658737 0.024079
vt 0.653717 0.021867
vt 0.532546 0.304080
vt 0.534182 0.303589
vt 0.877436 0.645650
vt 0.530910 0.304570
vt 0.477811 0.090954
vt 0.482898 0.088713
vt 0.871360 0.653569
vt 0.869887 0.653127
vt 0.523363 0.297094
vt 0.524836 0.296652
vt 0.875779 0.654895
vt 0.874306 0.654453
vt 0.655703 0.032785
vt 0.650683 0.030573
vt 0.527781 0.295769
vt 0.529254 0.295327
vt 0.872833 0.654011
vt 0.526308 0.296210
vt 0.470396 0.068742
vt 0.475483 0.066501
vt 0.857342 0.674491
vt 0.855489 0.673935
vt 0.508966 0.276290
vt 0.510819 0.275734
vt 0.862902 0.676158
vt 0.861048 0.675603
vt 0.647926 0.055186
vt 0.642906 0.052975
vt 0.514525 0.274622
vt 0.516378 0.274066
vt 0.859195 0.675047
vt 0.512672 0.275178
vt 0.459267 0.034741
vt 0.464354 0.032500
vt 0.834100 0.706385
vt 0.832104 0.705786
vt 0.485585 0.244443
vt 0.487581 0.243844
vt 0.840089 0.708182
vt 0.838093 0.707583
vt 0.636771 0.088923
vt 0.631750 0.086711
vt 0.491573 0.242647
vt 0.493569 0.242048
vt 0.836096 0.706984
vt 0.489577 0.243245
vt 0.274569 0.013197
vt 0.269339 0.012391
vt 0.268839 0.005937
vt 0.274069 0.006744
vt 0.829342 0.709815
vt 0.826223 0.708879
vt 0.479705 0.241350
vt 0.482823 0.240415
vt 0.838699 0.712621
vt 0.835580 0.711686
vt 0.634936 0.093600
vt 0.629916 0.091389
vt 0.489060 0.238544
vt 0.492179 0.237609
vt 0.832461 0.710750
vt 0.485942 0.239480
vt 0.485727 0.342739
vt 0.480729 0.344940
vt 0.479479 0.341231
vt 0.484476 0.339030
vt 0.827385 0.713475
vt 0.823853 0.712416
vt 0.477335 0.237814
vt 0.480867 0.236755
vt 0.837980 0.716653
vt 0.834448 0.715594
vt 0.633182 0.097848
vt 0.628161 0.095636
vt 0.487929 0.234637
vt 0.491460 0.233578
vt 0.830917 0.714535
vt 0.484398 0.235696
vt 0.477303 0.336924
vt 0.482301 0.334722
vt 0.828011 0.717256
vt 0.825570 0.716523
vt 0.479052 0.233707
vt 0.481493 0.232975
vt 0.835335 0.719452
vt 0.832894 0.718720
vt 0.632312 0.100797
vt 0.627292 0.098585
vt 0.486375 0.231511
vt 0.488816 0.230779
vt 0.830453 0.717988
vt 0.483934 0.232243
vt 0.476070 0.334728
vt 0.481067 0.332526
vt 0.829718 0.718256
vt 0.827215 0.718617
vt 0.480696 0.231614
vt 0.483199 0.231974
vt 0.832527 0.720211
vt 0.830832 0.718591
vt 0.201630 0.042471
vt 0.206749 0.041681
vt 0.484313 0.231640
vt 0.486008 0.230021
vt 0.830275 0.718423
vt 0.483756 0.231807
vt 0.472592 0.382492
vt 0.477673 0.382992
vt 0.476114 0.383444
vt 0.473927 0.383229
vt 0.476114 0.385141
vt 0.473927 0.384926
vt 0.484542 0.528185
vt 0.486111 0.529753
vt 0.475916 0.384706
vt 0.473729 0.384490
vt 0.396579 0.004872
vt 0.398129 0.006422
vt 0.398946 0.009353
vt 0.395894 0.006024
vt 0.041448 0.010332
vt 0.039417 0.010532
vt 0.039206 0.007549
vt 0.041237 0.007349
vt 0.485708 0.527492
vt 0.489078 0.530580
vt 0.183410 0.004890
vt 0.185685 0.005114
vt 0.185160 0.008172
vt 0.182886 0.007948
vt 0.396109 0.010917
vt 0.393899 0.008707
vt 0.270027 0.427622
vt 0.267625 0.427859
vt 0.267103 0.424445
vt 0.269506 0.424209
vt 0.488424 0.525473
vt 0.490661 0.527710
vt 0.183999 0.015468
vt 0.181724 0.015244
vt 0.391425 0.016590
vt 0.389945 0.015110
vt 0.265877 0.418808
vt 0.268279 0.418571
vt 0.494904 0.521470
vt 0.496402 0.522969
vt 0.182595 0.022427
vt 0.180320 0.022203
vt 0.386040 0.023723
vt 0.383534 0.021217
vt 0.264394 0.412327
vt 0.266796 0.412091
vt 0.501084 0.514983
vt 0.503621 0.517519
vt 0.182463 0.025696
vt 0.179226 0.025378
vt 0.383171 0.026401
vt 0.380856 0.024086
vt 0.263239 0.408974
vt 0.266657 0.408638
vt 0.503904 0.512356
vt 0.506247 0.514700
vt 0.181208 0.026696
vt 0.180332 0.026610
vt 0.182463 0.028335
vt 0.181208 0.027861
vt 0.264407 0.407673
vt 0.265331 0.407582
vt 0.504998 0.512570
vt 0.506033 0.513605
vt 0.593687 0.006204
vt 0.593764 0.005424
vt 0.595202 0.004869
vt 0.594996 0.006957
vt 0.705398 0.005191
vt 0.706427 0.006220
vt 0.706726 0.007643
vt 0.703975 0.004892
vt 0.177937 0.072675
vt 0.177027 0.072764
vt 0.176150 0.071238
vt 0.178584 0.070998
vt 0.504568 0.511266
vt 0.507337 0.514035
vt 0.198415 0.062092
vt 0.200716 0.062319
vt 0.199471 0.069769
vt 0.197170 0.069542
vt 0.701222 0.013500
vt 0.699304 0.011583
vt 0.174833 0.064340
vt 0.177267 0.064100
vt 0.511302 0.506566
vt 0.513231 0.508495
vt 0.198330 0.076017
vt 0.196029 0.075790
vt 0.695609 0.018303
vt 0.694502 0.017195
vt 0.173625 0.058684
vt 0.176060 0.058444
vt 0.516950 0.501733
vt 0.518064 0.502848
vt 0.197730 0.076518
vt 0.196526 0.076399
vt 0.198330 0.077250
vt 0.197730 0.077163
vt 0.582932 0.020915
vt 0.583134 0.022968
vt 0.582591 0.022525
vt 0.582485 0.021450
vt 0.517499 0.501714
vt 0.518083 0.502298
vt 0.050407 0.022245
vt 0.050513 0.021166
vt 0.051192 0.020572
vt 0.050958 0.022944
vt 0.554798 0.018479
vt 0.554210 0.019066
vt 0.553522 0.019081
vt 0.554813 0.017790
vt 0.815200 0.050706
vt 0.813917 0.050832
vt 0.813084 0.050177
vt 0.815906 0.049899
vt 0.813917 0.051520
vt 0.813084 0.051689
vt 0.818660 0.029525
vt 0.821407 0.029795
vt 0.819527 0.037162
vt 0.817720 0.036985
vt 0.547503 0.012621
vt 0.548353 0.011772
vt 0.812119 0.043031
vt 0.813976 0.042848
vt 0.684572 0.030490
vt 0.683300 0.029217
vt 0.689745 0.023207
vt 0.690582 0.024044
vt 0.819267 0.037494
vt 0.817886 0.037358
vt 0.547413 0.012330
vt 0.548062 0.011681
vt 0.549174 0.019022
vt 0.549331 0.020622
vt 0.549001 0.020476
vt 0.548880 0.019252
vt 0.690068 0.023082
vt 0.690708 0.023721
vt 0.807389 0.035512
vt 0.808752 0.035646
vt 0.809047 0.036171
vt 0.806975 0.035968
vt 0.546945 0.012200
vt 0.547932 0.011214
vt 0.030480 0.033986
vt 0.028969 0.034135
vt 0.028511 0.033629
vt 0.030807 0.033404
vt 0.690135 0.022682
vt 0.691107 0.023654
vt 0.807546 0.041334
vt 0.806518 0.041233
vt 0.543280 0.007114
vt 0.543769 0.006624
vt 0.028004 0.028945
vt 0.029143 0.028833
vt 0.694327 0.018070
vt 0.694809 0.018553
vt 0.501638 0.152136
vt 0.507055 0.152669
vt 0.505776 0.154189
vt 0.502530 0.153870
vt 0.919906 0.144600
vt 0.922088 0.142418
vt 0.802560 0.015755
vt 0.803016 0.020388
vt 0.801190 0.019625
vt 0.800917 0.016850
vt 0.481719 0.524785
vt 0.483903 0.526969
vt 0.505516 0.155168
vt 0.502270 0.154848
vt 0.917556 0.144665
vt 0.921241 0.140981
vt 0.418685 0.095269
vt 0.415331 0.095599
vt 0.415062 0.092794
vt 0.418417 0.092464
vt 0.482567 0.523346
vt 0.486255 0.527034
vt 0.503876 0.164786
vt 0.500630 0.164467
vt 0.911232 0.136557
vt 0.912911 0.134878
vt 0.413367 0.085247
vt 0.416721 0.084917
vt 0.490904 0.517239
vt 0.492585 0.518919
vt 0.502277 0.171894
vt 0.499031 0.171574
vt 0.904182 0.129538
vt 0.906756 0.126964
vt 0.411715 0.076835
vt 0.415069 0.076505
vt 0.497064 0.509318
vt 0.499640 0.511895
vt 0.501719 0.175086
vt 0.498473 0.174766
vt 0.902161 0.126648
vt 0.903992 0.124817
vt 0.411138 0.074423
vt 0.414492 0.074093
vt 0.499830 0.507170
vt 0.501663 0.509003
vt 0.621691 0.022440
vt 0.621964 0.019663
vt 0.622861 0.020006
vt 0.622637 0.022285
vt 0.901307 0.126582
vt 0.903979 0.123909
vt 0.411325 0.073345
vt 0.414078 0.073074
vt 0.499892 0.506212
vt 0.502567 0.508887
vt 0.920966 0.028561
vt 0.923682 0.028828
vt 0.922264 0.034172
vt 0.920400 0.033988
vt 0.897606 0.121786
vt 0.899440 0.119952
vt 0.410750 0.068844
vt 0.412640 0.068658
vt 0.504506 0.502180
vt 0.506342 0.504016
vt 0.920787 0.042051
vt 0.918534 0.041830
vt 0.890530 0.114408
vt 0.892747 0.112191
vt 0.408860 0.060440
vt 0.411143 0.060215
vt 0.511173 0.494446
vt 0.513391 0.496664
vt 0.919981 0.043205
vt 0.919191 0.043127
vt 0.920787 0.044660
vt 0.919981 0.044121
vt 0.790717 0.015818
vt 0.790909 0.017773
vt 0.789783 0.017204
vt 0.789716 0.016517
vt 0.512276 0.494782
vt 0.513055 0.495561
vt 0.907333 0.005910
vt 0.907398 0.005247
vt 0.908779 0.004896
vt 0.908620 0.006519
vt 0.243469 0.040480
vt 0.242696 0.041253
vt 0.241556 0.040982
vt 0.243447 0.039091
vt 0.254852 0.087553
vt 0.254067 0.087630
vt 0.253347 0.086400
vt 0.255268 0.086211
vt 0.512202 0.493478
vt 0.514108 0.495384
vt 0.729397 0.077290
vt 0.731291 0.077477
vt 0.729595 0.085277
vt 0.728107 0.085131
vt 0.235234 0.034256
vt 0.236721 0.032769
vt 0.252037 0.078920
vt 0.253547 0.078771
vt 0.519016 0.487072
vt 0.520514 0.488570
vt 0.729138 0.085927
vt 0.728481 0.085863
vt 0.729595 0.087001
vt 0.729138 0.086689
vt 0.045384 0.011666
vt 0.045515 0.012989
vt 0.044864 0.012656
vt 0.044807 0.012072
vt 0.519652 0.487272
vt 0.520314 0.487934
vt 0.846752 0.057231
vt 0.847435 0.057298
vt 0.847698 0.058066
vt 0.846352 0.057933
vt 0.425262 0.009419
vt 0.424602 0.010078
vt 0.423962 0.010079
vt 0.425262 0.008779
vt 0.007312 0.060518
vt 0.006629 0.060586
vt 0.006229 0.059883
vt 0.007575 0.059750
vt 0.519597 0.486684
vt 0.520901 0.487989
vt 0.846290 0.062745
vt 0.845724 0.062690
vt 0.420061 0.005425
vt 0.420608 0.004878
vt 0.005601 0.055126
vt 0.006167 0.055071
vt 0.524331 0.482706
vt 0.524880 0.483255
vt 0.033605 0.027134
vt 0.038454 0.027612
vt 0.037298 0.031224
vt 0.034333 0.030933
vt 0.922570 0.141536
vt 0.924796 0.139309
vt 0.903895 0.039679
vt 0.904428 0.045089
vt 0.903258 0.044276
vt 0.902932 0.040968
vt 0.479003 0.521679
vt 0.481232 0.523908
vt 0.854898 0.415361
vt 0.857942 0.415661
vt 0.858156 0.416765
vt 0.854375 0.416393
vt 0.921529 0.141034
vt 0.924295 0.138269
vt 0.902136 0.044844
vt 0.901732 0.040735
vt 0.479437 0.520706
vt 0.482205 0.523474
vt 0.857004 0.423401
vt 0.853223 0.423029
vt 0.917988 0.133545
vt 0.919518 0.132015
vt 0.690171 0.081703
vt 0.686368 0.082078
vt 0.685210 0.074084
vt 0.689012 0.073710
vt 0.484217 0.514448
vt 0.485749 0.515979
vt 0.855401 0.434091
vt 0.851620 0.433719
vt 0.911614 0.124573
vt 0.914244 0.121943
vt 0.683597 0.064507
vt 0.687400 0.064133
vt 0.489496 0.504368
vt 0.492128 0.506999
vt 0.855105 0.436529
vt 0.851325 0.436157
vt 0.910290 0.123066
vt 0.913710 0.119646
vt 0.683300 0.062899
vt 0.687102 0.062525
vt 0.490030 0.502069
vt 0.493453 0.505491
vt 0.380856 0.017908
vt 0.381202 0.014390
vt 0.383319 0.015738
vt 0.383194 0.017012
vt 0.910328 0.120922
vt 0.911566 0.119684
vt 0.684268 0.060372
vt 0.685645 0.060236
vt 0.492399 0.501882
vt 0.493639 0.503122
vt 0.890530 0.006359
vt 0.890660 0.005041
vt 0.892225 0.004889
vt 0.892047 0.006700
vt 0.909309 0.120956
vt 0.912114 0.118151
vt 0.069397 0.014785
vt 0.068009 0.014922
vt 0.067650 0.013876
vt 0.069557 0.013689
vt 0.491804 0.500396
vt 0.494611 0.503204
vt 0.814451 0.069507
vt 0.816587 0.069717
vt 0.816094 0.071884
vt 0.813958 0.071673
vt 0.906950 0.119158
vt 0.910316 0.115792
vt 0.067210 0.011339
vt 0.069117 0.011151
vt 0.493603 0.498035
vt 0.496972 0.501404
vt 0.815299 0.076160
vt 0.813162 0.075949
vt 0.904989 0.114411
vt 0.906767 0.112632
vt 0.457168 0.085093
vt 0.455286 0.085278
vt 0.454585 0.080240
vt 0.456467 0.080055
vt 0.497155 0.494873
vt 0.498935 0.496653
vt 0.814255 0.080730
vt 0.812119 0.080519
vt 0.901237 0.109365
vt 0.902974 0.107628
vt 0.453666 0.074884
vt 0.455548 0.074699
vt 0.500951 0.489865
vt 0.502689 0.491603
vt 0.813748 0.081625
vt 0.812413 0.081494
vt 0.901145 0.108621
vt 0.902231 0.107536
vt 0.453925 0.074026
vt 0.455102 0.073910
vt 0.501761 0.489707
vt 0.502847 0.490794
vt 0.056008 0.012620
vt 0.056116 0.011525
vt 0.057151 0.011135
vt 0.056947 0.013210
vt 0.900096 0.108545
vt 0.902154 0.106487
vt 0.807554 0.010413
vt 0.807661 0.011508
vt 0.806722 0.012098
vt 0.806518 0.010023
vt 0.501739 0.488756
vt 0.503799 0.490815
vt 0.000000 0.004896
vt 0.000000 0.000001
vt 0.000000 0.000001
vt 0.000000 0.004896
vt 0.001224 0.000001
vt 0.001224 0.000001
vt 0.001224 0.004896
vt 0.001224 0.004896
vt 0.650475 0.049960
vt 0.652948 0.050204
vt 0.651177 0.056457
vt 0.649695 0.056311
vt 0.614648 0.039522
vt 0.612593 0.041577
vt 0.608113 0.035144
vt 0.609344 0.033913
vt 0.210228 0.070805
vt 0.207949 0.071030
vt 0.207230 0.063953
vt 0.208595 0.063819
vt 0.881369 0.036728
vt 0.879329 0.034688
vt 0.884677 0.029038
vt 0.885898 0.030260
vt 0.650792 0.057087
vt 0.649941 0.057003
vt 0.608103 0.034610
vt 0.608810 0.033903
vt 0.207457 0.063316
vt 0.208241 0.063239
vt 0.885259 0.028975
vt 0.885961 0.029678
vt 0.213633 0.048078
vt 0.214443 0.048158
vt 0.214709 0.048904
vt 0.213219 0.048757
vt 0.607438 0.034539
vt 0.608739 0.033238
vt 0.875591 0.020289
vt 0.874655 0.020382
vt 0.874176 0.019597
vt 0.875898 0.019427
vt 0.885270 0.028374
vt 0.886562 0.029666
vt 0.213593 0.052893
vt 0.212831 0.052818
vt 0.604888 0.030346
vt 0.605554 0.029681
vt 0.873728 0.016209
vt 0.874608 0.016123
vt 0.888496 0.024780
vt 0.889156 0.025440
vt 0.138422 0.011673
vt 0.135186 0.011355
vt 0.039236 0.022594
vt 0.037721 0.026222
vt 0.038220 0.023015
vt 0.034621 0.025917
vt 0.471043 0.522133
vt 0.474148 0.520325
vt 0.917384 0.085100
vt 0.917058 0.081780
vt 0.918308 0.080692
vt 0.918819 0.085886
vt 0.438760 0.094146
vt 0.435615 0.092316
vt 0.913622 0.082315
vt 0.913949 0.085635
vt 0.913445 0.086723
vt 0.912934 0.081529
vn -0.121862 -0.970096 0.209915
vn -0.051423 -0.769593 0.636461
vn -0.856544 -0.093037 0.507618
vn -0.906148 -0.139764 0.399201
vn -0.588682 0.799614 -0.118624
vn -0.513643 0.844371 0.152343
vn 0.226205 0.958486 -0.173596
vn 0.089698 0.904247 -0.417483
vn 0.906149 0.139763 -0.399200
vn 0.940892 0.184200 -0.284239
vn 0.688418 -0.655480 0.310526
vn 0.475849 -0.877904 -0.053404
vn -0.787982 -0.426826 -0.443739
vn 0.761249 -0.579347 -0.291304
vn 0.765858 0.124145 0.630912
vn -0.834625 0.281661 0.473359
vn -0.109577 -0.414548 -0.903406
vn -0.478221 -0.471415 -0.740995
vn -0.572810 -0.020499 -0.819431
vn -0.219776 0.033959 -0.974959
vn 0.976695 -0.116054 -0.180549
vn -0.045481 -0.428022 0.902623
vn 0.876411 0.346755 -0.334162
vn -0.183945 0.914337 0.360765
vn 0.249195 0.952432 0.175431
vn -0.779694 -0.100996 0.617963
vn 0.434139 -0.595411 -0.676024
vn -0.362098 -0.648711 -0.669372
vn 0.977826 0.084989 -0.191400
vn -0.956952 0.274981 -0.092885
vn 0.973678 0.148669 -0.172767
vn -0.979394 -0.128252 0.156010
vn 0.429271 -0.550105 -0.716318
vn -0.429270 -0.550105 -0.716318
vn 0.999230 -0.027750 0.027749
vn 0.823295 0.279944 0.493778
vn -0.823295 0.279943 0.493778
vn -0.888409 0.247817 0.386414
vn 0.888409 0.247818 0.386414
vn -0.999230 -0.027748 0.027749
vn 0.396764 -0.490925 -0.775610
vn -0.396763 -0.490925 -0.775610
vn 1.000000 -0.000000 0.000000
vn 0.986154 -0.088172 0.140447
vn -0.986154 -0.088173 0.140447
vn -0.382067 0.494248 0.780861
vn 0.382067 0.494248 0.780861
vn -1.000000 0.000000 0.000000
vn 0.386690 -0.567215 -0.727143
vn -0.386691 -0.567214 -0.727144
vn 1.000000 -0.000000 0.000000
vn -0.422278 0.566159 0.707916
vn 0.422278 0.566159 0.707916
vn -1.000000 0.000001 0.000000
vn 0.445043 -0.593409 -0.670673
vn -0.445043 -0.593409 -0.670673
vn 1.000000 -0.000000 0.000000
vn -0.454186 0.642264 0.617424
vn 0.454186 0.642264 0.617424
vn -1.000000 0.000001 0.000000
vn 0.462161 -0.636380 -0.617599
vn -0.462160 -0.636380 -0.617599
vn 0.998787 -0.034822 0.034822
vn -0.462165 0.617594 0.636381
vn 0.462166 0.617593 0.636382
vn -0.998787 -0.034823 0.034822
vn 0.258465 0.450153 -0.854727
vn -0.258465 0.450149 -0.854729
vn 0.744576 0.472030 -0.472012
vn -0.150350 0.903595 -0.401138
vn 0.308988 0.895286 -0.320920
vn -0.744580 0.472024 -0.472011
vn 0.499537 -0.231927 -0.834669
vn -0.313166 -0.257274 -0.914187
vn 1.000000 -0.000488 0.000488
vn -0.322945 0.932326 0.162709
vn 0.487534 0.829977 0.271015
vn -0.847986 0.374780 -0.374779
vn 0.707832 -0.146296 -0.691065
vn -0.478214 0.125342 -0.869253
vn 0.946912 -0.227331 0.227329
vn -0.578648 0.812915 0.065841
vn 0.725672 0.627058 0.283195
vn -0.985007 0.121986 -0.121985
vn 0.645959 -0.311662 -0.696853
vn -0.645959 -0.311662 -0.696853
vn -0.663130 0.742098 0.097720
vn 0.663130 0.742098 0.097720
vn -0.471629 -0.864889 0.171853
vn 0.471628 -0.864889 0.171853
vn 0.584623 0.461349 0.667363
vn -0.584624 0.461347 0.667363
vn -0.764566 -0.376933 -0.522839
vn 0.764566 -0.376933 -0.522839
vn -0.667999 0.637718 0.383527
vn 0.667999 0.637718 0.383527
vn 0.883175 -0.322223 -0.340843
vn -0.883175 -0.322223 -0.340843
vn 0.849392 0.318126 0.421105
vn -0.849392 0.318126 0.421105
vn 0.820836 -0.341410 -0.457895
vn -0.820836 -0.341410 -0.457895
vn 0.829193 0.311484 0.464129
vn -0.829193 0.311485 0.464129
vn 0.764272 -0.412709 -0.495540
vn -0.764272 -0.412708 -0.495540
vn 0.766339 0.389877 0.510607
vn -0.766339 0.389878 0.510607
vn 0.743341 -0.411557 -0.527318
vn -0.743342 -0.411556 -0.527318
vn 0.744164 0.413051 0.524984
vn -0.744164 0.413052 0.524984
vn 0.615638 -0.604867 -0.505100
vn -0.615638 -0.604867 -0.505100
vn 0.713565 0.474330 0.515593
vn -0.713564 0.474331 0.515593
vn 0.829082 0.208058 -0.518975
vn -0.656908 0.354466 -0.665452
vn 0.990357 -0.097961 0.097963
vn -0.559935 0.828431 0.013239
vn 0.696184 0.704659 0.137052
vn -0.990686 0.096282 -0.096281
vn -0.670013 -0.512196 -0.537344
vn 0.649429 -0.642046 -0.407455
vn 0.608516 0.132440 0.782412
vn -0.710882 0.262302 0.652567
vn 0.965645 -0.175927 0.191260
vn 0.884901 -0.430278 0.178358
vn -0.661106 0.555145 0.504730
vn 0.645710 0.426526 0.633351
vn -0.999844 0.017526 -0.002195
vn -0.968796 -0.247825 -0.004094
vn -0.216519 -0.200482 -0.955472
vn 0.354066 -0.256643 -0.899317
vn 0.621259 -0.288259 -0.728659
vn -0.512597 -0.176659 -0.840259
vn 0.577748 -0.000080 0.816215
vn 0.482808 -0.002754 0.875722
vn -0.713419 0.127001 0.689133
vn -0.634097 0.107177 0.765790
vn 0.496891 -0.231124 -0.836470
vn -0.361110 -0.146678 -0.920915
vn 0.383996 0.278266 0.880406
vn -0.485677 0.363860 0.794811
vn 0.745486 0.060469 -0.663773
vn -0.577239 0.190660 -0.794005
vn 0.643772 0.213987 0.734689
vn -0.719841 0.348208 0.600484
vn 0.768988 -0.178109 -0.613950
vn -0.655620 -0.037871 -0.754141
vn 0.595725 -0.033006 0.802510
vn -0.734432 0.097929 0.671580
vn 0.755707 -0.088331 -0.648926
vn -0.618738 0.046932 -0.784194
vn 0.615387 -0.081423 0.784009
vn -0.759124 0.053837 0.648716
vn 0.499809 -0.465513 -0.730403
vn -0.429663 -0.374029 -0.821883
vn 0.636531 0.082398 0.766837
vn -0.744490 0.218333 0.630924
vn 0.591263 -0.516664 -0.619247
vn -0.548998 -0.404421 -0.731468
vn 0.582295 0.190760 0.790280
vn -0.675907 0.314618 0.666457
vn 0.615325 -0.414263 -0.670643
vn -0.560495 -0.293970 -0.774226
vn 0.499801 0.367051 0.784520
vn -0.581552 0.465012 0.667503
vn 0.635330 -0.243135 -0.732968
vn -0.511587 -0.138394 -0.848013
vn 0.763688 0.283298 0.580106
vn -0.773344 0.478009 0.416468
vn 0.685440 -0.547460 -0.480062
vn -0.660259 -0.423247 -0.620420
vn 0.654622 0.232996 0.719154
vn -0.711729 0.369180 0.597619
vn -0.029513 -0.630455 -0.775665
vn -0.382556 -0.684909 -0.620121
vn -0.533054 -0.279968 -0.798418
vn -0.164409 -0.223112 -0.960828
vn 0.940893 0.184196 -0.284239
vn 0.906148 0.139765 -0.399201
vn 0.907539 0.301077 -0.292790
vn 0.973348 0.117961 -0.196668
vn 0.999230 -0.027750 0.027749
vn 1.000000 0.000000 0.000000
vn 1.000000 0.000001 0.000000
vn 1.000000 0.000001 0.000000
vn 0.998787 -0.034820 0.034822
vn 0.725367 0.515566 -0.456108
vn 0.993327 0.115289 0.003227
vn 0.950251 -0.210782 0.229336
vn 0.990356 -0.097969 0.097969
vn 0.934136 -0.241930 0.262413
vn -0.673184 -0.555180 -0.488466
vn 0.634760 -0.683880 -0.359705
vn 0.638403 0.269750 0.720886
vn -0.701339 0.401536 0.588977
vn -0.990690 0.096262 -0.096264
vn -0.996019 -0.051954 0.072433
vn -0.988454 0.090079 -0.121837
vn -0.867875 0.313447 -0.385415
vn -0.753187 0.456942 -0.473195
vn -0.998787 -0.034820 0.034822
vn -1.000000 -0.000000 0.000000
vn -1.000000 -0.000001 0.000000
vn -1.000000 -0.000000 0.000000
vn -0.999230 -0.027749 0.027749
vn -0.973123 -0.152773 0.172317
vn -0.875884 -0.150859 0.458334
vn -0.856543 -0.093035 0.507620
vn -0.906148 -0.139763 0.399201
vn -0.543799 -0.380123 -0.748191
vn -0.095850 -0.311039 -0.945551
vn 0.906148 0.139765 -0.399201
vn 0.940893 0.184199 -0.284238
vn 0.895577 0.319566 -0.309548
vn 0.975357 0.104171 -0.194491
vn 0.999230 -0.027751 0.027749
vn 1.000000 -0.000000 0.000000
vn 1.000000 -0.000000 0.000000
vn 1.000000 -0.000000 0.000000
vn 0.998787 -0.034820 0.034819
vn 0.744552 0.472043 -0.472037
vn 1.000000 -0.000484 0.000489
vn 0.946267 -0.228669 0.228669
vn 0.990355 -0.097970 0.097970
vn 0.953123 -0.186039 0.238633
vn -0.858391 -0.368596 -0.356795
vn 0.823540 -0.534078 -0.191162
vn 0.823517 0.191204 0.534098
vn -0.858432 0.356748 0.368546
vn -0.998899 0.006084 0.046508
vn -0.990690 0.096261 -0.096263
vn -0.984900 0.122420 -0.122418
vn -0.847982 0.374786 -0.374782
vn -0.744556 0.472037 -0.472035
vn -0.998787 -0.034823 0.034819
vn -1.000000 -0.000002 0.000000
vn -1.000000 -0.000001 0.000000
vn -1.000000 0.000000 0.000000
vn -0.999230 -0.027748 0.027749
vn -0.975723 -0.143037 0.165849
vn -0.842201 -0.132056 0.522741
vn -0.856544 -0.093036 0.507618
vn -0.906148 -0.139763 0.399201
vn -0.572575 -0.566093 -0.593040
vn 0.555997 -0.677183 -0.481966
vn 0.568252 0.328583 0.754402
vn -0.628835 0.446421 0.636612
vn 0.380178 -0.913698 -0.143601
vn -0.514450 -0.825643 -0.231635
vn 0.732158 0.154547 0.663370
vn -0.802556 0.305629 0.512342
vn 0.571901 -0.753363 -0.324612
vn -0.632956 -0.634777 -0.443199
vn 0.738253 0.559799 0.376306
vn -0.674764 0.698868 0.237226
vn 0.639671 -0.726194 -0.251919
vn -0.706947 -0.593648 -0.384460
vn 0.656262 0.573274 0.490588
vn -0.615353 0.698429 0.365428
vn 0.673622 -0.682633 -0.283276
vn -0.725132 -0.544963 -0.420949
vn 0.634115 0.544318 0.549196
vn -0.610944 0.666867 0.426656
vn 0.729535 -0.381114 -0.567917
vn -0.682470 -0.272439 -0.678241
vn 0.729524 0.567963 0.381069
vn -0.682472 0.678240 0.272438
vn 0.617340 -0.660854 -0.426807
vn -0.637774 -0.539053 -0.550152
vn 0.691862 0.498409 0.522414
vn -0.669149 0.632351 0.390347
vn 0.641329 -0.658726 -0.393418
vn -0.668198 -0.529823 -0.522301
vn 0.646958 0.507215 0.569367
vn -0.634350 0.633337 0.443266
vn 0.578261 -0.691994 -0.432155
vn -0.606465 -0.575383 -0.548757
vn 0.561387 0.539501 0.627522
vn -0.557021 0.649592 0.517454
vn 0.491124 -0.731696 -0.472672
vn -0.522498 -0.631878 -0.572474
vn 0.491175 0.472654 0.731673
vn -0.522482 0.572457 0.631906
vn 0.603514 -0.637362 -0.479104
vn -0.611149 -0.517805 -0.598644
vn 0.603502 0.479116 0.637364
vn -0.611118 0.598661 0.517822
vn 0.555880 -0.714720 -0.424466
vn -0.590853 -0.601830 -0.537302
vn 0.555899 0.424458 0.714711
vn -0.590827 0.537314 0.601844
vn 0.592131 -0.460085 -0.661591
vn -0.530481 -0.349439 -0.772323
vn 0.592219 0.661529 0.460061
vn -0.530577 0.772180 0.349609
vn 0.716718 -0.583500 -0.381893
vn -0.728401 -0.441293 -0.524110
vn 0.673363 0.346312 0.653184
vn -0.707090 0.482116 0.517289
vn -0.128858 -0.944613 0.301831
vn 0.540383 -0.841390 0.006998
vn -0.906148 -0.139763 0.399201
vn 0.906148 0.139760 -0.399202
vn -0.582790 0.769001 -0.262664
vn -0.906148 -0.139764 0.399202
vn -0.010541 0.857265 -0.514767
vn 0.906148 0.139766 -0.399201
vn -0.906148 -0.139763 0.399202
vn 0.906148 0.139765 -0.399201
vn -0.006274 -0.841998 0.539445
vn 0.607574 -0.747319 0.269015
vn -0.906148 -0.139763 0.399201
vn 0.906149 0.139761 -0.399201
vn -0.570954 0.775566 -0.269276
vn -0.906147 -0.139769 0.399203
vn -0.024587 0.859837 -0.509976
vn 0.906148 0.139764 -0.399203
vn -0.906148 -0.139766 0.399202
vn 0.906148 0.139761 -0.399202
vn -0.012019 -0.810549 0.585548
vn 0.636650 -0.710499 0.299779
vn -0.906148 -0.139763 0.399202
vn 0.906150 0.139760 -0.399200
vn -0.603821 0.741352 -0.292910
vn -0.906146 -0.139771 0.399204
vn -0.011909 0.832648 -0.553674
vn 0.906148 0.139764 -0.399203
vn -0.906150 -0.139760 0.399199
vn 0.906148 0.139760 -0.399202
vn 0.022477 -0.769893 0.637777
vn 0.641982 -0.674341 0.364859
vn -0.906148 -0.139766 0.399202
vn 0.906149 0.139761 -0.399200
vn -0.671731 0.701386 -0.238400
vn -0.906147 -0.139768 0.399203
vn 0.081261 0.817528 -0.570127
vn 0.906148 0.139763 -0.399202
vn -0.906151 -0.139757 0.399197
vn 0.906149 0.139759 -0.399201
vn -0.006312 -0.625589 0.780127
vn 0.726907 -0.512498 0.457112
vn -0.906150 -0.139763 0.399197
vn 0.906146 0.139770 -0.399204
vn -0.661662 0.745471 0.080475
vn -0.906146 -0.139768 0.399204
vn 0.294311 0.892925 -0.340684
vn 0.906148 0.139755 -0.399203
vn -0.906150 -0.139766 0.399196
vn 0.906149 0.139762 -0.399201
vn -0.229505 -0.956562 0.179770
vn 0.519727 -0.841008 -0.150296
vn -0.906148 -0.139757 0.399204
vn 0.906149 0.139765 -0.399200
vn -0.680675 0.724498 -0.108555
vn -0.906145 -0.139768 0.399207
vn 0.175091 0.856489 -0.485562
vn 0.906149 0.139763 -0.399200
vn -0.906144 -0.139768 0.399208
vn 0.906151 0.139765 -0.399195
vn -0.434554 -0.867411 -0.242406
vn 0.323417 -0.750500 -0.576326
vn -0.906146 -0.139759 0.399209
vn 0.906150 0.139764 -0.399196
vn -0.754181 0.426303 -0.499477
vn -0.906145 -0.139773 0.399205
vn 0.015014 0.544946 -0.838337
vn 0.906147 0.139768 -0.399203
vn -0.906142 -0.139770 0.399212
vn 0.906152 0.139767 -0.399192
vn 0.517183 -0.855793 -0.011860
vn -0.660499 -0.739875 -0.127774
vn 0.492370 -0.361260 0.791873
vn -0.696315 -0.244255 0.674897
vn 0.843765 -0.495856 -0.205396
vn -0.867777 -0.327404 -0.373858
vn 0.789590 0.509764 0.341598
vn -0.727107 0.659047 0.192280
vn 0.781094 -0.573050 -0.248005
vn -0.814171 -0.416036 -0.405019
vn 0.845720 0.276086 0.456655
vn -0.848439 0.442837 0.289908
vn 0.806806 -0.518057 -0.284043
vn -0.821325 -0.357814 -0.444292
vn 0.810312 0.382937 0.443569
vn -0.791218 0.540567 0.285941
vn 0.798005 -0.478287 -0.366646
vn -0.789234 -0.322058 -0.522865
vn 0.788070 0.412574 0.456868
vn -0.766664 0.565601 0.303847
vn 0.819113 -0.510892 -0.260851
vn -0.836250 -0.347975 -0.423792
vn 0.819115 0.260850 0.510890
vn -0.836259 0.423780 0.347967
vn 0.813895 -0.569825 -0.113466
vn -0.871070 -0.404008 -0.279311
vn 0.813880 0.113431 0.569853
vn -0.871070 0.279313 0.404007
vn 0.799850 -0.513678 -0.310443
vn -0.808692 -0.355357 -0.468763
vn 0.846655 0.346065 0.404245
vn -0.825721 0.510650 0.239627
vn 0.790008 -0.544564 -0.281671
vn -0.810738 -0.387019 -0.439227
vn 0.777589 0.350578 0.521967
vn -0.781136 0.503988 0.368542
vn 0.711119 -0.608123 -0.352842
vn -0.733398 -0.465936 -0.495007
vn 0.711138 0.352815 0.608115
vn -0.733422 0.494984 0.465922
vn 0.569573 -0.366112 -0.735900
vn -0.476413 -0.263182 -0.838908
vn 0.569588 0.735937 0.366014
vn -0.476315 0.839001 0.263063
vn 0.598071 -0.629334 -0.496236
vn -0.601025 -0.511323 -0.614262
vn 0.598029 0.496256 0.629358
vn -0.601051 0.614251 0.511306
vn 0.582150 -0.670200 -0.460363
vn -0.600504 -0.553819 -0.576784
vn 0.582132 0.460365 0.670214
vn -0.600570 0.576752 0.553781
vn 0.582345 -0.423752 -0.693765
vn -0.508086 -0.316491 -0.801051
vn 0.582263 0.693742 0.423900
vn -0.508081 0.801052 0.316496
vn 0.629774 -0.585692 -0.510244
vn -0.620428 -0.462623 -0.633284
vn 0.555906 0.431401 0.710536
vn -0.588603 0.544080 0.597933
vn 0.665062 -0.745812 -0.038170
vn -0.776423 -0.603948 -0.180042
vn 0.752360 0.039333 0.657577
vn -0.843148 0.196370 0.500541
vn 0.753610 -0.567704 -0.331337
vn -0.770609 -0.417683 -0.481355
vn 0.753687 0.404491 0.518018
vn -0.746958 0.552195 0.370317
vn 0.785074 -0.514113 -0.345465
vn -0.787801 -0.359300 -0.500273
vn 0.768391 0.337990 0.543451
vn -0.778856 0.490279 0.391165
vn 0.700489 -0.541836 -0.464467
vn -0.688800 -0.405096 -0.601208
vn 0.708519 0.399168 0.581950
vn -0.716883 0.539462 0.441656
vn 0.778399 -0.544836 -0.311846
vn -0.793792 -0.390098 -0.466602
vn 0.777177 0.282281 0.562418
vn -0.801738 0.437679 0.407006
vn 0.813833 -0.493001 -0.307614
vn -0.818707 -0.332315 -0.468279
vn 0.798387 0.290632 0.527363
vn -0.813731 0.449319 0.368720
vn 0.847956 -0.450776 -0.278875
vn -0.848917 -0.283764 -0.445890
vn 0.836445 0.254276 0.485493
vn -0.849290 0.420202 0.319588
vn 0.833678 -0.458374 -0.308017
vn -0.831005 -0.294548 -0.471881
vn 0.840760 0.257124 0.476455
vn -0.851150 0.423652 0.309941
vn 0.826446 -0.558670 -0.069813
vn -0.889458 -0.389742 -0.238675
vn 0.760704 -0.006418 0.649068
vn -0.858359 0.153020 0.489699
vn 0.839499 -0.446623 -0.309467
vn -0.834081 -0.281889 -0.474180
vn 0.841681 0.299729 0.449151
vn -0.838539 0.465104 0.283777
vn 0.835162 -0.490380 -0.249061
vn -0.850039 -0.324488 -0.414899
vn 0.835176 0.249044 0.490366
vn -0.850042 0.414897 0.324483
vn 0.788775 -0.614596 -0.010322
vn -0.875430 -0.450907 -0.174087
vn 0.788740 0.010241 0.614641
vn -0.875448 0.173981 0.450913
vn 0.829467 -0.487070 -0.273400
vn -0.839178 -0.322854 -0.437660
vn 0.829435 0.273443 0.487100
vn -0.839165 0.437675 0.322867
vn 0.495661 -0.816108 0.297132
vn -0.691795 -0.699233 0.180258
vn 0.688583 0.292883 0.663380
vn -0.733975 0.432882 0.523348
vn 0.686325 -0.485467 -0.541553
vn -0.649411 -0.353992 -0.673019
vn 0.525242 0.367012 0.767739
vn -0.582655 0.476058 0.658697
vn 0.672521 -0.462595 -0.577686
vn -0.624727 -0.334915 -0.705371
vn 0.607473 0.337356 0.719143
vn -0.658104 0.461923 0.594580
vn 0.637060 -0.401184 -0.658184
vn -0.563212 -0.283049 -0.776322
vn 0.659608 0.368578 0.655033
vn -0.689856 0.501395 0.522208
vn 0.645761 -0.616993 -0.449791
vn -0.653506 -0.489114 -0.577665
vn 0.678505 0.134009 0.722269
vn -0.766303 0.276213 0.580074
vn 0.698128 -0.711612 0.078904
vn -0.824264 -0.561745 -0.070932
vn 0.641948 -0.133449 0.755046
vn -0.789108 0.007404 0.614210
vn 0.920329 -0.232966 -0.314200
vn -0.869653 -0.056786 -0.490387
vn 0.925359 0.265505 0.270587
vn -0.891161 0.444304 0.091795
vn 0.892118 -0.391466 -0.225566
vn -0.890243 -0.216038 -0.400992
vn 0.847704 0.188728 0.495762
vn -0.874771 0.358263 0.326226
vn 0.865244 -0.414895 -0.281451
vn -0.858121 -0.245278 -0.451073
vn 0.843208 0.166735 0.511076
vn -0.877650 0.336110 0.341704
vn 0.780544 -0.493008 -0.384310
vn -0.771869 -0.340207 -0.537102
vn 0.801365 0.226584 0.553601
vn -0.834052 0.387552 0.392633
vn 0.831640 -0.282066 -0.478345
vn -0.762141 -0.125167 -0.635197
vn 0.831628 0.478379 0.282042
vn -0.762141 0.635188 0.125208
vn 0.593936 0.166672 -0.787058
vn -0.387198 0.263204 -0.883630
vn 0.593927 0.787071 -0.166645
vn -0.387163 0.883650 -0.263189
vn 0.810192 -0.502530 -0.301750
vn -0.818173 -0.342252 -0.462013
vn 0.747056 0.253459 0.614545
vn -0.788377 0.404590 0.463432
vn 0.777670 -0.540654 -0.320815
vn -0.790582 -0.386281 -0.475149
vn 0.786168 0.202919 0.583750
vn -0.829824 0.361971 0.424699
vn 0.832457 -0.415006 -0.367133
vn -0.810023 -0.253324 -0.528858
vn 0.832464 0.367055 0.415060
vn -0.810020 0.528820 0.253412
vn 0.821687 -0.452232 -0.346867
vn -0.810813 -0.291548 -0.507525
vn 0.742654 0.289612 0.603813
vn -0.775114 0.438990 0.454407
vn 0.853441 0.379647 -0.357081
vn -0.678713 0.530451 -0.507908
vn 0.685482 -0.514589 0.515085
vn -0.858254 -0.362658 0.363152
s 1
g polySurface71 polySurface106
usemtl openPBRSurface2SG
f 637/1373/813 638/1374/814 784/1375/815 757/1376/816
f 639/1377/817 640/1378/818 642/1379/819 641/1380/820
f 758/1381/821 759/1382/822 644/1383/823 643/1384/824
f 643/1385/824 644/1386/823 638/1387/814 637/1388/813
f 1134/1389/825 1133/1390/826 1135/1391/827 1136/1392/828
f 939/1393/829 940/1394/830 941/1395/831 942/1396/832
f 638/1397/814 644/1398/823 645/1399/833 646/1400/834
f 644/1383/823 759/1382/822 760/1401/835 645/1402/833
f 642/1379/819 640/1378/818 648/1403/836 647/1404/837
f 783/1405/838 784/1375/815 638/1374/814 646/1406/834
f 646/1407/834 645/1408/833 649/1409/839 650/1410/840
f 645/1402/833 760/1401/835 761/1411/841 649/1412/839
f 647/1404/837 648/1403/836 652/1413/842 651/1414/843
f 782/1415/844 783/1405/838 646/1406/834 650/1416/840
f 650/1410/840 649/1409/839 653/1417/845 654/1418/846
f 649/1412/839 761/1411/841 762/1419/847 653/1420/845
f 686/1421/848 685/1422/849 687/1423/850 688/1424/851
f 781/1425/852 782/1415/844 650/1416/840 654/1426/846
f 654/1418/846 653/1417/845 657/1427/853 658/1428/854
f 653/1420/845 762/1419/847 763/1429/855 657/1430/853
f 655/1431/856 656/1432/857 660/1433/858 659/1434/859
f 780/1435/860 781/1425/852 654/1426/846 658/1436/854
f 658/1437/854 657/1438/853 661/1439/861 662/1440/862
f 657/1430/853 763/1429/855 764/1441/863 661/1442/861
f 659/1434/859 660/1433/858 664/1443/864 663/1444/865
f 779/1445/866 780/1435/860 658/1436/854 662/1446/862
f 662/1440/862 661/1439/861 665/1447/867 666/1448/868
f 661/1442/861 764/1441/863 765/1449/869 665/1450/867
f 663/1444/865 664/1443/864 668/1451/870 667/1452/871
f 778/1453/872 779/1445/866 662/1446/862 666/1454/868
f 666/1448/868 665/1447/867 669/1455/873 670/1456/874
f 665/1450/867 765/1449/869 766/1457/875 669/1458/873
f 667/1452/871 668/1451/870 672/1459/876 671/1460/877
f 777/1461/878 778/1453/872 666/1454/868 670/1462/874
f 670/1456/874 669/1455/873 673/1463/879 674/1464/880
f 669/1458/873 766/1457/875 767/1465/881 673/1466/879
f 671/1460/877 672/1459/876 676/1467/882 675/1468/883
f 776/1469/884 777/1461/878 670/1462/874 674/1470/880
f 674/1471/880 673/1472/879 677/1473/885 678/1474/886
f 673/1472/879 767/1475/881 768/1476/887 677/1473/885
f 675/1477/883 676/1478/882 680/1479/888 679/1480/889
f 775/1481/890 776/1482/884 674/1471/880 678/1474/886
f 678/1483/886 677/1484/885 681/1485/891 682/1486/892
f 677/1487/885 768/1488/887 769/1489/893 681/1490/891
f 679/1491/889 680/1492/888 684/1493/894 683/1494/895
f 774/1495/896 775/1496/890 678/1497/886 682/1498/892
f 694/1499/897 693/1500/898 695/1501/899 696/1502/900
f 652/1503/842 656/1504/857 687/1505/850 685/1506/849
f 717/1507/901 718/1508/902 719/1509/903 720/1510/904
f 655/1511/856 651/1512/843 686/1513/848 688/1514/851
f 651/1515/843 652/1516/842 689/1517/905 690/1518/906
f 652/1503/842 685/1506/849 691/1519/907 689/1520/905
f 685/1521/849 686/1522/848 692/1523/908 691/1524/907
f 686/1513/848 651/1512/843 690/1525/906 692/1526/908
f 690/1518/906 689/1517/905 693/1527/898 694/1528/897
f 689/1520/905 691/1519/907 695/1529/899 693/1530/898
f 691/1524/907 692/1523/908 696/1502/900 695/1501/899
f 692/1526/908 690/1525/906 694/1531/897 696/1532/900
f 656/1533/857 655/1534/856 698/1535/909 697/1536/910
f 655/1511/856 688/1514/851 699/1537/911 698/1538/909
f 688/1424/851 687/1423/850 700/1539/912 699/1540/911
f 687/1505/850 656/1504/857 697/1541/910 700/1542/912
f 697/1536/910 698/1535/909 702/1543/913 701/1544/914
f 698/1538/909 699/1537/911 703/1545/915 702/1546/913
f 699/1540/911 700/1539/912 704/1547/916 703/1548/915
f 700/1542/912 697/1541/910 701/1549/914 704/1550/916
f 701/1544/914 702/1543/913 706/1551/917 705/1552/918
f 702/1546/913 703/1545/915 707/1553/919 706/1554/917
f 703/1548/915 704/1547/916 708/1555/920 707/1556/919
f 704/1550/916 701/1549/914 705/1557/918 708/1558/920
f 705/1552/918 706/1551/917 710/1559/921 709/1560/922
f 706/1554/917 707/1553/919 711/1561/923 710/1562/921
f 707/1556/919 708/1555/920 712/1563/924 711/1564/923
f 708/1558/920 705/1557/918 709/1565/922 712/1566/924
f 709/1560/922 710/1559/921 714/1567/925 713/1568/926
f 710/1562/921 711/1561/923 715/1569/927 714/1570/925
f 711/1564/923 712/1563/924 716/1571/928 715/1572/927
f 712/1566/924 709/1565/922 713/1573/926 716/1574/928
f 713/1568/926 714/1567/925 718/1508/902 717/1507/901
f 714/1570/925 715/1569/927 719/1575/903 718/1576/902
f 715/1572/927 716/1571/928 720/1577/904 719/1578/903
f 716/1574/928 713/1573/926 717/1579/901 720/1580/904
f 682/1581/892 681/1582/891 721/1583/929 722/1584/930
f 681/1490/891 769/1489/893 770/1585/931 721/1586/929
f 683/1587/895 684/1588/894 724/1589/932 723/1590/933
f 773/1591/934 774/1495/896 682/1498/892 722/1592/930
f 1142/1593/935 1141/1594/936 1143/1595/937 1144/1596/938
f 721/1586/929 770/1585/931 771/1597/939 725/1598/940
f 723/1590/933 724/1589/932 728/1599/941 727/1600/942
f 772/1601/943 773/1591/934 722/1592/930 726/1602/944
f 1146/1603/945 1145/1604/946 1147/1605/947 1148/1606/948
f 1145/1607/946 1149/1608/949 1150/1609/950 1147/1610/947
f 1149/1611/949 1151/1612/951 1152/1613/952 1150/1614/950
f 1151/1615/951 1146/1616/945 1148/1617/948 1152/1618/952
f 1148/1606/948 1147/1605/947 1153/1619/953 1154/1620/954
f 1147/1610/947 1150/1609/950 1155/1621/955 1153/1622/953
f 1150/1614/950 1152/1613/952 1156/1623/956 1155/1624/955
f 1152/1618/952 1148/1617/948 1154/1625/954 1156/1626/956
f 1154/1620/954 1153/1619/953 1157/1627/957 1158/1628/958
f 1153/1622/953 1155/1621/955 1159/1629/959 1157/1630/957
f 1155/1624/955 1156/1623/956 1160/1631/960 1159/1632/959
f 1156/1626/956 1154/1625/954 1158/1633/958 1160/1634/960
f 1158/1628/958 1157/1627/957 1161/1635/961 1162/1636/962
f 1157/1630/957 1159/1629/959 1163/1637/963 1161/1638/961
f 1159/1632/959 1160/1631/960 1164/1639/964 1163/1640/963
f 1160/1634/960 1158/1633/958 1162/1641/962 1164/1642/964
f 1162/1636/962 1161/1635/961 1165/1643/965 1166/1644/966
f 1161/1638/961 1163/1637/963 1167/1645/967 1165/1646/965
f 1163/1640/963 1164/1639/964 1168/1647/968 1167/1648/967
f 1164/1642/964 1162/1641/962 1166/1649/966 1168/1650/968
f 1166/1644/966 1165/1643/965 1169/1651/969 1170/1652/970
f 1165/1646/965 1167/1645/967 1171/1653/971 1169/1654/969
f 1167/1648/967 1168/1647/968 1172/1655/972 1171/1656/971
f 1168/1650/968 1166/1649/966 1170/1657/970 1172/1658/972
f 1170/1652/970 1169/1651/969 1173/1659/973 1174/1660/974
f 1169/1654/969 1171/1653/971 1175/1661/975 1173/1662/973
f 1171/1656/971 1172/1655/972 1176/1663/976 1175/1664/975
f 1172/1658/972 1170/1657/970 1174/1665/974 1176/1666/976
f 1174/1660/974 1173/1659/973 1177/1667/977 1178/1668/978
f 1173/1662/973 1175/1661/975 1179/1669/979 1177/1670/977
f 1175/1664/975 1176/1663/976 1180/1671/980 1179/1672/979
f 1176/1666/976 1174/1665/974 1178/1673/978 1180/1674/980
f 1178/1668/978 1177/1667/977 1181/1675/981 1182/1676/982
f 1177/1670/977 1179/1669/979 1183/1677/983 1181/1678/981
f 1179/1672/979 1180/1671/980 1184/1679/984 1183/1680/983
f 1180/1674/980 1178/1673/978 1182/1681/982 1184/1682/984
f 1182/1676/982 1181/1675/981 1185/1683/985 1186/1684/986
f 1181/1678/981 1183/1677/983 1187/1685/987 1185/1686/985
f 1183/1680/983 1184/1679/984 1188/1687/988 1187/1688/987
f 1184/1682/984 1182/1681/982 1186/1689/986 1188/1690/988
f 1186/1684/986 1185/1683/985 1141/1691/936 1142/1692/935
f 1185/1686/985 1187/1685/987 1143/1693/937 1141/1694/936
f 1187/1688/987 1188/1687/988 1144/1596/938 1143/1595/937
f 1188/1690/988 1186/1689/986 1142/1695/935 1144/1696/938
f 943/1697/989 944/1698/990 945/1699/991 946/1700/992
f 641/1701/820 642/1702/819 812/1703/993 785/1704/994
f 811/1705/995 812/1703/993 642/1702/819 647/1706/837
f 810/1707/996 811/1705/995 647/1706/837 651/1512/843
f 809/1708/997 810/1707/996 651/1512/843 655/1511/856
f 808/1709/998 809/1708/997 655/1511/856 659/1710/859
f 807/1711/999 808/1709/998 659/1710/859 663/1712/865
f 806/1713/1000 807/1711/999 663/1712/865 667/1714/871
f 805/1715/1001 806/1713/1000 667/1714/871 671/1716/877
f 804/1717/1002 805/1715/1001 671/1716/877 675/1718/883
f 803/1719/1003 804/1720/1002 675/1477/883 679/1480/889
f 802/1721/1004 803/1722/1003 679/1723/889 683/1724/895
f 801/1725/1005 802/1721/1004 683/1724/895 723/1726/933
f 800/1727/1006 801/1725/1005 723/1726/933 727/1728/942
f 865/1729/1007 866/1730/1008 867/1731/1009 868/1732/1010
f 724/1733/932 798/1734/1011 799/1735/1012 728/1736/941
f 684/1737/894 797/1738/1013 798/1734/1011 724/1733/932
f 680/1739/888 796/1740/1014 797/1738/1013 684/1737/894
f 676/1478/882 795/1741/1015 796/1742/1014 680/1479/888
f 672/1743/876 794/1744/1016 795/1745/1015 676/1746/882
f 668/1747/870 793/1748/1017 794/1744/1016 672/1743/876
f 664/1749/864 792/1750/1018 793/1748/1017 668/1747/870
f 660/1751/858 791/1752/1019 792/1750/1018 664/1749/864
f 656/1504/857 790/1753/1020 791/1752/1019 660/1751/858
f 652/1503/842 789/1754/1021 790/1753/1020 656/1504/857
f 648/1755/836 788/1756/1022 789/1754/1021 652/1503/842
f 640/1757/818 787/1758/1023 788/1756/1022 648/1755/836
f 786/1759/1024 787/1758/1023 640/1757/818 639/1760/817
f 942/1396/832 941/1395/831 947/1761/1025 948/1762/1026
f 730/1763/1027 731/1764/1028 759/1382/822 758/1381/821
f 760/1401/835 759/1382/822 731/1764/1028 732/1765/1029
f 761/1411/841 760/1401/835 732/1765/1029 733/1766/1030
f 762/1419/847 761/1411/841 733/1766/1030 734/1767/1031
f 763/1429/855 762/1419/847 734/1767/1031 735/1768/1032
f 764/1441/863 763/1429/855 735/1768/1032 736/1769/1033
f 765/1449/869 764/1441/863 736/1769/1033 737/1770/1034
f 766/1457/875 765/1449/869 737/1770/1034 738/1771/1035
f 767/1465/881 766/1457/875 738/1771/1035 739/1772/1036
f 768/1476/887 767/1475/881 739/1773/1036 740/1774/1037
f 769/1489/893 768/1488/887 740/1775/1037 741/1776/1038
f 770/1585/931 769/1489/893 741/1776/1038 742/1777/1039
f 771/1597/939 770/1585/931 742/1777/1039 743/1778/1040
f 1066/1779/1041 1065/1780/1042 1067/1781/1043 1068/1782/1044
f 744/1783/1045 745/1784/1046 773/1591/934 772/1601/943
f 745/1784/1046 746/1785/1047 774/1495/896 773/1591/934
f 746/1785/1047 747/1786/1048 775/1496/890 774/1495/896
f 747/1787/1048 748/1788/1049 776/1482/884 775/1481/890
f 748/1789/1049 749/1790/1050 777/1461/878 776/1469/884
f 749/1790/1050 750/1791/1051 778/1453/872 777/1461/878
f 750/1791/1051 751/1792/1052 779/1445/866 778/1453/872
f 751/1792/1052 752/1793/1053 780/1435/860 779/1445/866
f 752/1793/1053 753/1794/1054 781/1425/852 780/1435/860
f 753/1794/1054 754/1795/1055 782/1415/844 781/1425/852
f 754/1795/1055 755/1796/1056 783/1405/838 782/1415/844
f 755/1796/1056 756/1797/1057 784/1375/815 783/1405/838
f 757/1376/816 784/1375/815 756/1797/1057 729/1798/1058
f 948/1762/1026 947/1761/1025 944/1698/990 943/1697/989
f 729/1798/1058 756/1797/1057 787/1758/1023 786/1759/1024
f 788/1756/1022 787/1758/1023 756/1797/1057 755/1796/1056
f 789/1754/1021 788/1756/1022 755/1796/1056 754/1795/1055
f 790/1753/1020 789/1754/1021 754/1795/1055 753/1794/1054
f 791/1752/1019 790/1753/1020 753/1794/1054 752/1793/1053
f 792/1750/1018 791/1752/1019 752/1793/1053 751/1792/1052
f 793/1748/1017 792/1750/1018 751/1792/1052 750/1791/1051
f 794/1744/1016 793/1748/1017 750/1791/1051 749/1790/1050
f 795/1745/1015 794/1744/1016 749/1790/1050 748/1789/1049
f 796/1742/1014 795/1741/1015 748/1788/1049 747/1787/1048
f 797/1738/1013 796/1740/1014 747/1786/1048 746/1785/1047
f 798/1734/1011 797/1738/1013 746/1785/1047 745/1784/1046
f 799/1735/1012 798/1734/1011 745/1784/1046 744/1783/1045
f 1010/1799/1059 1009/1800/1060 1011/1801/1061 1012/1802/1062
f 743/1778/1040 742/1777/1039 801/1725/1005 800/1727/1006
f 742/1777/1039 741/1776/1038 802/1721/1004 801/1725/1005
f 741/1776/1038 740/1775/1037 803/1722/1003 802/1721/1004
f 740/1774/1037 739/1773/1036 804/1720/1002 803/1719/1003
f 739/1772/1036 738/1771/1035 805/1715/1001 804/1717/1002
f 738/1771/1035 737/1770/1034 806/1713/1000 805/1715/1001
f 737/1770/1034 736/1769/1033 807/1711/999 806/1713/1000
f 736/1769/1033 735/1768/1032 808/1709/998 807/1711/999
f 735/1768/1032 734/1767/1031 809/1708/997 808/1709/998
f 734/1767/1031 733/1766/1030 810/1707/996 809/1708/997
f 733/1766/1030 732/1765/1029 811/1705/995 810/1707/996
f 732/1765/1029 731/1764/1028 812/1703/993 811/1705/995
f 785/1704/994 812/1703/993 731/1764/1028 730/1763/1027
f 799/1803/1012 800/1804/1006 814/1805/1063 813/1806/1064
f 800/1807/1006 727/1808/942 815/1809/1065 814/1810/1063
f 727/1808/942 728/1811/941 816/1812/1066 815/1809/1065
f 728/1736/941 799/1735/1012 813/1813/1064 816/1814/1066
f 813/1806/1064 814/1805/1063 818/1815/1067 817/1816/1068
f 814/1817/1063 815/1818/1065 819/1819/1069 818/1820/1067
f 815/1821/1065 816/1822/1066 820/1823/1070 819/1824/1069
f 816/1822/1066 813/1825/1064 817/1826/1068 820/1823/1070
f 817/1816/1068 818/1815/1067 822/1827/1071 821/1828/1072
f 818/1820/1067 819/1819/1069 823/1829/1073 822/1830/1071
f 819/1824/1069 820/1823/1070 824/1831/1074 823/1832/1073
f 820/1833/1070 817/1834/1068 821/1835/1072 824/1836/1074
f 821/1828/1072 822/1827/1071 826/1837/1075 825/1838/1076
f 822/1830/1071 823/1829/1073 827/1839/1077 826/1840/1075
f 823/1832/1073 824/1831/1074 828/1841/1078 827/1842/1077
f 824/1836/1074 821/1835/1072 825/1843/1076 828/1844/1078
f 825/1838/1076 826/1837/1075 830/1845/1079 829/1846/1080
f 826/1840/1075 827/1839/1077 831/1847/1081 830/1848/1079
f 827/1849/1077 828/1850/1078 832/1851/1082 831/1852/1081
f 828/1844/1078 825/1843/1076 829/1853/1080 832/1854/1082
f 829/1855/1080 830/1856/1079 834/1857/1083 833/1858/1084
f 830/1848/1079 831/1847/1081 835/1859/1085 834/1860/1083
f 831/1861/1081 832/1862/1082 836/1863/1086 835/1864/1085
f 832/1854/1082 829/1853/1080 833/1865/1084 836/1866/1086
f 833/1867/1084 834/1868/1083 838/1869/1087 837/1870/1088
f 834/1860/1083 835/1859/1085 839/1871/1089 838/1872/1087
f 835/1864/1085 836/1863/1086 840/1873/1090 839/1874/1089
f 836/1866/1086 833/1865/1084 837/1875/1088 840/1876/1090
f 837/1870/1088 838/1869/1087 842/1877/1091 841/1878/1092
f 838/1872/1087 839/1871/1089 843/1879/1093 842/1880/1091
f 839/1874/1089 840/1873/1090 844/1881/1094 843/1882/1093
f 840/1876/1090 837/1875/1088 841/1883/1092 844/1884/1094
f 841/1878/1092 842/1877/1091 846/1885/1095 845/1886/1096
f 842/1877/1091 843/1887/1093 847/1888/1097 846/1885/1095
f 843/1889/1093 844/1890/1094 848/1891/1098 847/1892/1097
f 844/1893/1094 841/1878/1092 845/1886/1096 848/1894/1098
f 845/1895/1096 846/1896/1095 850/1897/1099 849/1898/1100
f 846/1899/1095 847/1900/1097 851/1901/1101 850/1902/1099
f 847/1903/1097 848/1904/1098 852/1905/1102 851/1906/1101
f 848/1904/1098 845/1907/1096 849/1908/1100 852/1905/1102
f 849/1909/1100 850/1910/1099 854/1911/1103 853/1912/1104
f 850/1902/1099 851/1901/1101 855/1913/1105 854/1914/1103
f 851/1906/1101 852/1905/1102 856/1915/1106 855/1916/1105
f 852/1917/1102 849/1918/1100 853/1919/1104 856/1920/1106
f 853/1912/1104 854/1911/1103 858/1921/1107 857/1922/1108
f 854/1911/1103 855/1923/1105 859/1924/1109 858/1921/1107
f 855/1925/1105 856/1926/1106 860/1927/1110 859/1928/1109
f 856/1920/1106 853/1919/1104 857/1929/1108 860/1930/1110
f 857/1931/1108 858/1932/1107 862/1933/1111 861/1934/1112
f 858/1935/1107 859/1936/1109 863/1937/1113 862/1938/1111
f 859/1939/1109 860/1940/1110 864/1941/1114 863/1942/1113
f 860/1940/1110 857/1943/1108 861/1944/1112 864/1941/1114
f 861/1934/1112 862/1933/1111 866/1945/1008 865/1946/1007
f 862/1938/1111 863/1937/1113 867/1947/1009 866/1948/1008
f 863/1942/1113 864/1941/1114 868/1949/1010 867/1950/1009
f 864/1951/1114 861/1952/1112 865/1953/1007 868/1954/1010
f 643/1385/824 637/1388/813 870/1955/1115 869/1956/1116
f 637/1373/813 757/1376/816 871/1957/1117 870/1958/1115
f 758/1381/821 643/1384/824 869/1959/1116 872/1960/1118
f 786/1759/1024 639/1760/817 875/1961/1119 874/1962/1120
f 639/1377/817 641/1380/820 876/1963/1121 875/1964/1119
f 641/1701/820 785/1704/994 873/1965/1122 876/1966/1121
f 757/1376/816 729/1798/1058 877/1967/1123 871/1957/1117
f 730/1763/1027 758/1381/821 872/1960/1118 878/1968/1124
f 729/1798/1058 786/1759/1024 874/1962/1120 877/1967/1123
f 785/1704/994 730/1763/1027 878/1968/1124 873/1965/1122
f 869/1956/1116 870/1955/1115 880/1969/1125 879/1970/1126
f 870/1958/1115 871/1957/1117 881/1971/1127 880/1972/1125
f 872/1960/1118 869/1959/1116 879/1973/1126 882/1974/1128
f 874/1962/1120 875/1961/1119 885/1975/1129 884/1976/1130
f 875/1964/1119 876/1963/1121 886/1977/1131 885/1978/1129
f 876/1966/1121 873/1965/1122 883/1979/1132 886/1980/1131
f 871/1957/1117 877/1967/1123 887/1981/1133 881/1971/1127
f 878/1968/1124 872/1960/1118 882/1974/1128 888/1982/1134
f 877/1967/1123 874/1962/1120 884/1976/1130 887/1981/1133
f 873/1965/1122 878/1968/1124 888/1982/1134 883/1979/1132
f 879/1970/1126 880/1969/1125 890/1983/1135 889/1984/1136
f 880/1972/1125 881/1971/1127 891/1985/1137 890/1986/1135
f 882/1974/1128 879/1973/1126 889/1987/1136 892/1988/1138
f 884/1976/1130 885/1975/1129 895/1989/1139 894/1990/1140
f 885/1978/1129 886/1977/1131 896/1991/1141 895/1992/1139
f 886/1980/1131 883/1979/1132 893/1993/1142 896/1994/1141
f 881/1971/1127 887/1981/1133 897/1995/1143 891/1985/1137
f 888/1982/1134 882/1974/1128 892/1988/1138 898/1996/1144
f 887/1981/1133 884/1976/1130 894/1990/1140 897/1995/1143
f 883/1979/1132 888/1982/1134 898/1996/1144 893/1993/1142
f 889/1984/1136 890/1983/1135 900/1997/1145 899/1998/1146
f 890/1986/1135 891/1985/1137 901/1999/1147 900/2000/1145
f 892/1988/1138 889/1987/1136 899/2001/1146 902/2002/1148
f 894/1990/1140 895/1989/1139 905/2003/1149 904/2004/1150
f 895/1992/1139 896/1991/1141 906/2005/1151 905/2006/1149
f 896/1994/1141 893/1993/1142 903/2007/1152 906/2008/1151
f 891/1985/1137 897/1995/1143 907/2009/1153 901/1999/1147
f 898/1996/1144 892/1988/1138 902/2002/1148 908/2010/1154
f 897/1995/1143 894/1990/1140 904/2004/1150 907/2009/1153
f 893/1993/1142 898/1996/1144 908/2010/1154 903/2007/1152
f 899/2011/1146 900/2012/1145 910/2013/1155 909/2014/1156
f 900/2000/1145 901/1999/1147 911/2015/1157 910/2016/1155
f 902/2002/1148 899/2001/1146 909/2017/1156 912/2018/1158
f 904/2004/1150 905/2003/1149 915/2019/1159 914/2020/1160
f 905/2006/1149 906/2005/1151 916/2021/1161 915/2022/1159
f 906/2008/1151 903/2007/1152 913/2023/1162 916/2024/1161
f 901/1999/1147 907/2009/1153 917/2025/1163 911/2015/1157
f 908/2010/1154 902/2002/1148 912/2018/1158 918/2026/1164
f 907/2009/1153 904/2004/1150 914/2020/1160 917/2025/1163
f 903/2007/1152 908/2010/1154 918/2026/1164 913/2023/1162
f 909/2027/1156 910/2028/1155 920/2029/1165 919/2030/1166
f 910/2016/1155 911/2015/1157 921/2031/1167 920/2032/1165
f 912/2018/1158 909/2017/1156 919/2033/1166 922/2034/1168
f 914/2020/1160 915/2019/1159 925/2035/1169 924/2036/1170
f 915/2022/1159 916/2021/1161 926/2037/1171 925/2038/1169
f 916/2024/1161 913/2023/1162 923/2039/1172 926/2040/1171
f 911/2015/1157 917/2025/1163 927/2041/1173 921/2031/1167
f 918/2026/1164 912/2018/1158 922/2034/1168 928/2042/1174
f 917/2025/1163 914/2020/1160 924/2036/1170 927/2041/1173
f 913/2023/1162 918/2026/1164 928/2042/1174 923/2039/1172
f 919/2030/1166 920/2029/1165 930/2043/1175 929/2044/1176
f 920/2032/1165 921/2031/1167 931/2045/1177 930/2046/1175
f 922/2034/1168 919/2033/1166 929/2047/1176 932/2048/1178
f 924/2036/1170 925/2035/1169 935/2049/1179 934/2050/1180
f 925/2038/1169 926/2037/1171 936/2051/1181 935/2052/1179
f 926/2040/1171 923/2039/1172 933/2053/1182 936/2054/1181
f 921/2031/1167 927/2041/1173 937/2055/1183 931/2045/1177
f 928/2042/1174 922/2034/1168 932/2048/1178 938/2056/1184
f 927/2041/1173 924/2036/1170 934/2050/1180 937/2055/1183
f 923/2039/1172 928/2042/1174 938/2056/1184 933/2053/1182
f 929/2044/1176 930/2043/1175 940/2057/830 939/2058/829
f 930/2046/1175 931/2045/1177 941/2059/831 940/2060/830
f 932/2048/1178 929/2047/1176 939/2061/829 942/2062/832
f 934/2050/1180 935/2049/1179 945/2063/991 944/2064/990
f 935/2065/1179 936/2066/1181 946/1700/992 945/1699/991
f 936/2054/1181 933/2053/1182 943/2067/989 946/2068/992
f 931/2045/1177 937/2055/1183 947/2069/1025 941/2059/831
f 938/2056/1184 932/2048/1178 942/2062/832 948/2070/1026
f 937/2055/1183 934/2050/1180 944/2064/990 947/2069/1025
f 933/2053/1182 938/2056/1184 948/2070/1026 943/2067/989
f 744/2071/1045 743/2072/1040 949/2073/1185 950/2074/1186
f 743/2072/1040 800/1804/1006 951/2075/1187 949/2073/1185
f 800/1804/1006 799/1803/1012 952/2076/1188 951/2075/1187
f 799/1735/1012 744/1783/1045 950/2077/1186 952/2078/1188
f 950/2074/1186 949/2073/1185 953/2079/1189 954/2080/1190
f 949/2081/1185 951/2082/1187 955/2083/1191 953/2084/1189
f 951/2085/1187 952/2086/1188 956/2087/1192 955/2088/1191
f 952/2078/1188 950/2077/1186 954/2089/1190 956/2090/1192
f 954/2091/1190 953/2092/1189 957/2093/1193 958/2094/1194
f 953/2084/1189 955/2083/1191 959/2095/1195 957/2096/1193
f 955/2097/1191 956/2098/1192 960/2099/1196 959/2100/1195
f 956/2090/1192 954/2089/1190 958/2101/1194 960/2102/1196
f 958/2094/1194 957/2093/1193 961/2103/1197 962/2104/1198
f 957/2096/1193 959/2095/1195 963/2105/1199 961/2106/1197
f 959/2100/1195 960/2099/1196 964/2107/1200 963/2108/1199
f 960/2102/1196 958/2101/1194 962/2109/1198 964/2110/1200
f 962/2104/1198 961/2103/1197 965/2111/1201 966/2112/1202
f 961/2106/1197 963/2105/1199 967/2113/1203 965/2114/1201
f 963/2108/1199 964/2107/1200 968/2115/1204 967/2116/1203
f 964/2110/1200 962/2109/1198 966/2117/1202 968/2118/1204
f 966/2112/1202 965/2111/1201 969/2119/1205 970/2120/1206
f 965/2114/1201 967/2113/1203 971/2121/1207 969/2122/1205
f 967/2116/1203 968/2115/1204 972/2123/1208 971/2124/1207
f 968/2118/1204 966/2117/1202 970/2125/1206 972/2126/1208
f 970/2120/1206 969/2119/1205 973/2127/1209 974/2128/1210
f 969/2119/1205 971/2129/1207 975/2130/1211 973/2127/1209
f 971/2124/1207 972/2123/1208 976/2131/1212 975/2132/1211
f 972/2126/1208 970/2125/1206 974/2133/1210 976/2134/1212
f 974/2135/1210 973/2136/1209 977/2137/1213 978/2138/1214
f 973/2139/1209 975/2140/1211 979/2141/1215 977/2142/1213
f 975/2143/1211 976/2144/1212 980/2145/1216 979/2146/1215
f 976/2134/1212 974/2133/1210 978/2147/1214 980/2148/1216
f 978/2149/1214 977/2150/1213 981/2151/1217 982/2152/1218
f 977/2142/1213 979/2141/1215 983/2153/1219 981/2154/1217
f 979/2146/1215 980/2145/1216 984/2155/1220 983/2156/1219
f 980/2148/1216 978/2147/1214 982/2157/1218 984/2158/1220
f 982/2152/1218 981/2151/1217 985/2159/1221 986/2160/1222
f 981/2154/1217 983/2153/1219 987/2161/1223 985/2162/1221
f 983/2156/1219 984/2155/1220 988/2163/1224 987/2164/1223
f 984/2158/1220 982/2157/1218 986/2165/1222 988/2166/1224
f 986/2160/1222 985/2159/1221 989/2167/1225 990/2168/1226
f 985/2159/1221 987/2169/1223 991/2170/1227 989/2167/1225
f 987/2171/1223 988/2172/1224 992/2173/1228 991/2174/1227
f 988/2166/1224 986/2165/1222 990/2175/1226 992/2176/1228
f 990/2177/1226 989/2178/1225 993/2179/1229 994/2180/1230
f 989/2181/1225 991/2182/1227 995/2183/1231 993/2184/1229
f 991/2185/1227 992/2186/1228 996/2187/1232 995/2188/1231
f 992/2186/1228 990/2189/1226 994/2190/1230 996/2187/1232
f 994/2191/1230 993/2192/1229 997/2193/1233 998/2194/1234
f 993/2184/1229 995/2183/1231 999/2195/1235 997/2196/1233
f 995/2188/1231 996/2187/1232 1000/2197/1236 999/2198/1235
f 996/2199/1232 994/2200/1230 998/2201/1234 1000/2202/1236
f 998/2194/1234 997/2193/1233 1001/2203/1237 1002/2204/1238
f 997/2196/1233 999/2195/1235 1003/2205/1239 1001/2206/1237
f 999/2207/1235 1000/2208/1236 1004/2209/1240 1003/2210/1239
f 1000/2202/1236 998/2201/1234 1002/2211/1238 1004/2212/1240
f 1002/2213/1238 1001/2214/1237 1005/2215/1241 1006/2216/1242
f 1001/2206/1237 1003/2205/1239 1007/2217/1243 1005/2218/1241
f 1003/2219/1239 1004/2220/1240 1008/2221/1244 1007/2222/1243
f 1004/2212/1240 1002/2211/1238 1006/2223/1242 1008/2224/1244
f 1006/2216/1242 1005/2215/1241 1009/2225/1060 1010/2226/1059
f 1005/2218/1241 1007/2217/1243 1011/2227/1061 1009/2228/1060
f 1007/2222/1243 1008/2221/1244 1012/2229/1062 1011/2230/1061
f 1008/2224/1244 1006/2223/1242 1010/2231/1059 1012/2232/1062
f 772/2233/943 771/2234/939 1013/2235/1245 1014/2236/1246
f 771/1597/939 743/1778/1040 1015/2237/1247 1013/2238/1245
f 743/2239/1040 744/2240/1045 1016/2241/1248 1015/2242/1247
f 744/1783/1045 772/1601/943 1014/2243/1246 1016/2244/1248
f 1014/2236/1246 1013/2235/1245 1017/2245/1249 1018/2246/1250
f 1013/2238/1245 1015/2237/1247 1019/2247/1251 1017/2248/1249
f 1015/2249/1247 1016/2250/1248 1020/2251/1252 1019/2252/1251
f 1016/2244/1248 1014/2243/1246 1018/2253/1250 1020/2254/1252
f 1018/2246/1250 1017/2245/1249 1021/2255/1253 1022/2256/1254
f 1017/2248/1249 1019/2247/1251 1023/2257/1255 1021/2258/1253
f 1019/2252/1251 1020/2251/1252 1024/2259/1256 1023/2260/1255
f 1020/2254/1252 1018/2253/1250 1022/2261/1254 1024/2262/1256
f 1022/2256/1254 1021/2255/1253 1025/2263/1257 1026/2264/1258
f 1021/2258/1253 1023/2257/1255 1027/2265/1259 1025/2266/1257
f 1023/2260/1255 1024/2259/1256 1028/2267/1260 1027/2268/1259
f 1024/2262/1256 1022/2261/1254 1026/2269/1258 1028/2270/1260
f 1026/2264/1258 1025/2263/1257 1029/2271/1261 1030/2272/1262
f 1025/2266/1257 1027/2265/1259 1031/2273/1263 1029/2274/1261
f 1027/2268/1259 1028/2267/1260 1032/2275/1264 1031/2276/1263
f 1028/2270/1260 1026/2269/1258 1030/2277/1262 1032/2278/1264
f 1030/2279/1262 1029/2280/1261 1033/2281/1265 1034/2282/1266
f 1029/2274/1261 1031/2273/1263 1035/2283/1267 1033/2284/1265
f 1031/2276/1263 1032/2275/1264 1036/2285/1268 1035/2286/1267
f 1032/2278/1264 1030/2277/1262 1034/2287/1266 1036/2288/1268
f 1034/2289/1266 1033/2290/1265 1037/2291/1269 1038/2292/1270
f 1033/2284/1265 1035/2283/1267 1039/2293/1271 1037/2294/1269
f 1035/2286/1267 1036/2285/1268 1040/2295/1272 1039/2296/1271
f 1036/2288/1268 1034/2287/1266 1038/2297/1270 1040/2298/1272
f 1038/2292/1270 1037/2291/1269 1041/2299/1273 1042/2300/1274
f 1037/2294/1269 1039/2293/1271 1043/2301/1275 1041/2302/1273
f 1039/2296/1271 1040/2295/1272 1044/2303/1276 1043/2304/1275
f 1040/2298/1272 1038/2297/1270 1042/2305/1274 1044/2306/1276
f 1042/2300/1274 1041/2299/1273 1045/2307/1277 1046/2308/1278
f 1041/2299/1273 1043/2309/1275 1047/2310/1279 1045/2307/1277
f 1043/2311/1275 1044/2312/1276 1048/2313/1280 1047/2314/1279
f 1044/2306/1276 1042/2305/1274 1046/2315/1278 1048/2316/1280
f 1046/2317/1278 1045/2318/1277 1049/2319/1281 1050/2320/1282
f 1045/2321/1277 1047/2322/1279 1051/2323/1283 1049/2324/1281
f 1047/2325/1279 1048/2326/1280 1052/2327/1284 1051/2328/1283
f 1048/2316/1280 1046/2315/1278 1050/2329/1282 1052/2330/1284
f 1050/2331/1282 1049/2332/1281 1053/2333/1285 1054/2334/1286
f 1049/2324/1281 1051/2323/1283 1055/2335/1287 1053/2336/1285
f 1051/2328/1283 1052/2327/1284 1056/2337/1288 1055/2338/1287
f 1052/2330/1284 1050/2329/1282 1054/2339/1286 1056/2340/1288
f 1054/2334/1286 1053/2333/1285 1057/2341/1289 1058/2342/1290
f 1053/2333/1285 1055/2343/1287 1059/2344/1291 1057/2341/1289
f 1055/2345/1287 1056/2346/1288 1060/2347/1292 1059/2348/1291
f 1056/2340/1288 1054/2339/1286 1058/2349/1290 1060/2350/1292
f 1058/2351/1290 1057/2352/1289 1061/2353/1293 1062/2354/1294
f 1057/2355/1289 1059/2356/1291 1063/2357/1295 1061/2358/1293
f 1059/2359/1291 1060/2360/1292 1064/2361/1296 1063/2362/1295
f 1060/2350/1292 1058/2349/1290 1062/2363/1294 1064/2364/1296
f 1062/2354/1294 1061/2353/1293 1065/2365/1042 1066/2366/1041
f 1061/2358/1293 1063/2357/1295 1067/2367/1043 1065/2368/1042
f 1063/2362/1295 1064/2361/1296 1068/2369/1044 1067/2370/1043
f 1064/2364/1296 1062/2363/1294 1066/2371/1041 1068/2372/1044
f 726/2373/944 725/2374/940 1069/2375/1297 1070/2376/1298
f 725/1598/940 771/1597/939 1071/2377/1299 1069/2378/1297
f 771/2379/939 772/2380/943 1072/2381/1300 1071/2382/1299
f 772/1601/943 726/1602/944 1070/2383/1298 1072/2384/1300
f 1070/2385/1298 1069/2386/1297 1073/2387/1301 1074/2388/1302
f 1069/2378/1297 1071/2377/1299 1075/2389/1303 1073/2390/1301
f 1071/2382/1299 1072/2381/1300 1076/2391/1304 1075/2392/1303
f 1072/2384/1300 1070/2383/1298 1074/2393/1302 1076/2394/1304
f 1074/2388/1302 1073/2387/1301 1077/2395/1305 1078/2396/1306
f 1073/2390/1301 1075/2389/1303 1079/2397/1307 1077/2398/1305
f 1075/2399/1303 1076/2400/1304 1080/2401/1308 1079/2402/1307
f 1076/2394/1304 1074/2393/1302 1078/2403/1306 1080/2404/1308
f 1078/2396/1306 1077/2395/1305 1081/2405/1309 1082/2406/1310
f 1077/2398/1305 1079/2397/1307 1083/2407/1311 1081/2408/1309
f 1079/2402/1307 1080/2401/1308 1084/2409/1312 1083/2410/1311
f 1080/2404/1308 1078/2403/1306 1082/2411/1310 1084/2412/1312
f 1082/2406/1310 1081/2405/1309 1085/2413/1313 1086/2414/1314
f 1081/2408/1309 1083/2407/1311 1087/2415/1315 1085/2416/1313
f 1083/2410/1311 1084/2409/1312 1088/2417/1316 1087/2418/1315
f 1084/2412/1312 1082/2411/1310 1086/2419/1314 1088/2420/1316
f 1086/2421/1314 1085/2422/1313 1089/2423/1317 1090/2424/1318
f 1085/2416/1313 1087/2415/1315 1091/2425/1319 1089/2426/1317
f 1087/2418/1315 1088/2417/1316 1092/2427/1320 1091/2428/1319
f 1088/2420/1316 1086/2419/1314 1090/2429/1318 1092/2430/1320
f 1090/2431/1318 1089/2432/1317 1093/2433/1321 1094/2434/1322
f 1089/2426/1317 1091/2425/1319 1095/2435/1323 1093/2436/1321
f 1091/2437/1319 1092/2438/1320 1096/2439/1324 1095/2440/1323
f 1092/2430/1320 1090/2429/1318 1094/2441/1322 1096/2442/1324
f 1094/2443/1322 1093/2444/1321 1097/2445/1325 1098/2446/1326
f 1093/2436/1321 1095/2435/1323 1099/2447/1327 1097/2448/1325
f 1095/2440/1323 1096/2439/1324 1100/2449/1328 1099/2450/1327
f 1096/2442/1324 1094/2441/1322 1098/2451/1326 1100/2452/1328
f 1098/2446/1326 1097/2445/1325 1101/2453/1329 1102/2454/1330
f 1097/2448/1325 1099/2447/1327 1103/2455/1331 1101/2456/1329
f 1099/2457/1327 1100/2458/1328 1104/2459/1332 1103/2460/1331
f 1100/2452/1328 1098/2451/1326 1102/2461/1330 1104/2462/1332
f 1102/2454/1330 1101/2453/1329 1105/2463/1333 1106/2464/1334
f 1101/2456/1329 1103/2455/1331 1107/2465/1335 1105/2466/1333
f 1103/2460/1331 1104/2459/1332 1108/2467/1336 1107/2468/1335
f 1104/2462/1332 1102/2461/1330 1106/2469/1334 1108/2470/1336
f 1106/2464/1334 1105/2463/1333 1109/2471/1337 1110/2472/1338
f 1105/2466/1333 1107/2465/1335 1111/2473/1339 1109/2474/1337
f 1107/2468/1335 1108/2467/1336 1112/2475/1340 1111/2476/1339
f 1108/2470/1336 1106/2469/1334 1110/2477/1338 1112/2478/1340
f 1110/2479/1338 1109/2480/1337 1113/2481/1341 1114/2482/1342
f 1109/2474/1337 1111/2473/1339 1115/2483/1343 1113/2484/1341
f 1111/2485/1339 1112/2486/1340 1116/2487/1344 1115/2488/1343
f 1112/2478/1340 1110/2477/1338 1114/2489/1342 1116/2490/1344
f 1114/2491/1342 1113/2492/1341 1117/2493/1345 1118/2494/1346
f 1113/2492/1341 1115/2495/1343 1119/2496/1347 1117/2493/1345
f 1115/2495/1343 1116/2497/1344 1120/2498/1348 1119/2496/1347
f 1116/2497/1344 1114/2491/1342 1118/2494/1346 1120/2498/1348
f 1118/2499/1346 1117/2500/1345 1121/2501/1349 1122/2502/1350
f 1117/2503/1345 1119/2504/1347 1123/2505/1351 1121/2506/1349
f 1119/2507/1347 1120/2508/1348 1124/2509/1352 1123/2510/1351
f 1120/2511/1348 1118/2512/1346 1122/2513/1350 1124/2514/1352
f 1122/2502/1350 1121/2501/1349 1125/2515/1353 1126/2516/1354
f 1121/2506/1349 1123/2505/1351 1127/2517/1355 1125/2518/1353
f 1123/2510/1351 1124/2509/1352 1128/2519/1356 1127/2520/1355
f 1124/2514/1352 1122/2513/1350 1126/2521/1354 1128/2522/1356
f 1126/2523/1354 1125/2524/1353 1129/2525/1357 1130/2526/1358
f 1125/2518/1353 1127/2517/1355 1131/2527/1359 1129/2528/1357
f 1127/2529/1355 1128/2530/1356 1132/2531/1360 1131/2532/1359
f 1128/2522/1356 1126/2521/1354 1130/2533/1358 1132/2534/1360
f 1130/2526/1358 1129/2525/1357 1133/2535/826 1134/2536/825
f 1129/2528/1357 1131/2527/1359 1135/2537/827 1133/2538/826
f 1131/2532/1359 1132/2531/1360 1136/2539/828 1135/2540/827
f 1132/2534/1360 1130/2533/1358 1134/2541/825 1136/2542/828
f 722/1584/930 721/1583/929 1137/2543/1361 1138/2544/1362
f 721/2545/929 725/2374/940 1139/2546/1363 1137/2547/1361
f 725/2374/940 726/2373/944 1140/2548/1364 1139/2546/1363
f 726/1602/944 722/1592/930 1138/2549/1362 1140/2550/1364
f 1138/2551/1362 1137/2552/1361 1145/2553/946 1146/2554/945
f 1137/2555/1361 1139/2556/1363 1149/1608/949 1145/1607/946
f 1139/2557/1363 1140/2558/1364 1151/2559/951 1149/2560/949
f 1140/2558/1364 1138/2551/1362 1146/2554/945 1151/2559/951
g default
v 1.049885 2.950115 6.194427
v 0.000000 2.515238 6.194427
v -1.049885 2.950115 6.194427
v -1.484762 4.000000 6.194427
v -1.049885 5.049885 6.194427
v 0.000000 5.484762 6.194427
v 1.049885 5.049885 6.194427
v 1.484762 4.000000 6.194427
v 1.049885 2.950115 6.079343
v 0.000000 2.515238 6.079343
v -1.049885 2.950115 6.079343
v -1.484762 4.000000 6.079343
v -1.049885 5.049885 6.079343
v 0.000000 5.484762 6.079343
v 1.049885 5.049885 6.079343
v 1.484762 4.000000 6.079343
v 0.000000 4.000000 6.194427
v 0.000000 4.000000 6.079343
v 1.143906 2.856094 6.199580
v -0.000000 2.382273 6.199580
v -0.000000 2.382273 6.074191
v 1.143906 2.856094 6.074191
v -1.143906 2.856094 6.199580
v -1.143906 2.856094 6.074191
v -1.617727 4.000000 6.199580
v -1.617727 4.000000 6.074191
v -1.143906 5.143906 6.199580
v -1.143906 5.143906 6.074191
v -0.000000 5.617727 6.199580
v -0.000000 5.617727 6.074191
v 1.143906 5.143906 6.199580
v 1.143906 5.143906 6.074191
v 1.617728 4.000000 6.199580
v 1.617728 4.000000 6.074191
v 1.049885 2.950115 6.228514
v 0.000000 2.515238 6.228514
v -0.000000 2.382273 6.233666
v 1.143906 2.856094 6.233666
v -1.049885 2.950115 6.228514
v -1.143906 2.856094 6.233666
v -1.484762 4.000000 6.228514
v -1.617727 4.000000 6.233666
v -1.049885 5.049885 6.228514
v -1.143906 5.143906 6.233666
v 0.000000 5.484762 6.228514
v -0.000000 5.617727 6.233666
v 1.049885 5.049885 6.228514
v 1.143906 5.143906 6.233666
v 1.484762 4.000000 6.228514
v 1.617728 4.000000 6.233666
v 1.049885 2.950115 6.045257
v 0.000000 2.515238 6.045257
v 1.143906 2.856094 6.040104
v -0.000000 2.382273 6.040104
v -1.049885 2.950115 6.045257
v -1.143906 2.856094 6.040104
v -1.484762 4.000000 6.045257
v -1.617727 4.000000 6.040104
v -1.049885 5.049885 6.045257
v -1.143906 5.143906 6.040104
v 0.000000 5.484762 6.045257
v -0.000000 5.617727 6.040104
v 1.049885 5.049885 6.045257
v 1.143906 5.143906 6.040104
v 1.484762 4.000000 6.045257
v 1.617728 4.000000 6.040104
vt 0.882329 0.411410
vt 0.882329 0.432930
vt 0.879970 0.432930
vt 0.879970 0.411410
vt 0.882329 0.454450
vt 0.879970 0.454450
vt 0.255037 0.400505
vt 0.255037 0.422025
vt 0.252678 0.422025
vt 0.252678 0.400505
vt 0.255037 0.443545
vt 0.252678 0.443545
vt 0.885571 0.444028
vt 0.885571 0.422508
vt 0.887930 0.422508
vt 0.887930 0.444028
vt 0.885571 0.400988
vt 0.887930 0.400988
vt 0.241477 0.441083
vt 0.241477 0.419563
vt 0.243835 0.419563
vt 0.243835 0.441083
vt 0.241477 0.398043
vt 0.243835 0.398043
vt 0.110860 0.864994
vt 0.129845 0.872858
vt 0.110860 0.891842
vt 0.091876 0.872858
vt 0.084012 0.891842
vt 0.091876 0.910827
vt 0.110860 0.918690
vt 0.129845 0.910827
vt 0.137708 0.891842
vt 0.073837 0.913417
vt 0.054852 0.921280
vt 0.054852 0.894432
vt 0.035868 0.913417
vt 0.028004 0.894432
vt 0.035868 0.875448
vt 0.054852 0.867584
vt 0.073837 0.875448
vt 0.081700 0.894432
vt 0.591520 0.392341
vt 0.572534 0.384477
vt 0.572534 0.382072
vt 0.593220 0.390641
vt 0.488522 0.331773
vt 0.507507 0.323909
vt 0.509208 0.325609
vt 0.488522 0.334178
vt 0.553548 0.392341
vt 0.551848 0.390641
vt 0.469536 0.323909
vt 0.467836 0.325609
vt 0.545684 0.411327
vt 0.543280 0.411327
vt 0.461672 0.304923
vt 0.459267 0.304923
vt 0.553548 0.430312
vt 0.551848 0.432013
vt 0.469536 0.285937
vt 0.467836 0.284237
vt 0.572534 0.438177
vt 0.572534 0.440581
vt 0.488522 0.278073
vt 0.488522 0.275669
vt 0.591520 0.430312
vt 0.593220 0.432013
vt 0.507507 0.285937
vt 0.509208 0.284237
vt 0.599384 0.411327
vt 0.601788 0.411327
vt 0.515372 0.304923
vt 0.517776 0.304923
vt 0.907974 0.455067
vt 0.907974 0.474817
vt 0.907333 0.474817
vt 0.907333 0.455067
vt 0.882970 0.411410
vt 0.882970 0.432930
vt 0.907974 0.494567
vt 0.907333 0.494567
vt 0.882970 0.454450
vt 0.555122 0.440279
vt 0.555122 0.460028
vt 0.554481 0.460028
vt 0.554481 0.440279
vt 0.255678 0.400505
vt 0.255678 0.422025
vt 0.555122 0.479778
vt 0.554481 0.479778
vt 0.255678 0.443545
vt 0.924135 0.484430
vt 0.924135 0.464679
vt 0.924776 0.464679
vt 0.924776 0.484430
vt 0.884929 0.444028
vt 0.884929 0.422508
vt 0.924135 0.444928
vt 0.924776 0.444928
vt 0.884929 0.400988
vt 0.873728 0.461335
vt 0.873728 0.441584
vt 0.874369 0.441584
vt 0.874369 0.461335
vt 0.240835 0.441083
vt 0.240835 0.419563
vt 0.873728 0.421833
vt 0.874369 0.421833
vt 0.240835 0.398043
vt 0.918534 0.469425
vt 0.918534 0.449674
vt 0.919176 0.449674
vt 0.919176 0.469425
vt 0.879329 0.432930
vt 0.879329 0.411410
vt 0.918534 0.489176
vt 0.919176 0.489176
vt 0.879329 0.454450
vt 0.229634 0.462635
vt 0.229634 0.442883
vt 0.230275 0.442883
vt 0.230275 0.462635
vt 0.252037 0.422025
vt 0.252037 0.400505
vt 0.229634 0.482386
vt 0.230275 0.482386
vt 0.252037 0.443545
vt 0.235876 0.464996
vt 0.235876 0.484746
vt 0.235234 0.484746
vt 0.235234 0.464996
vt 0.888571 0.422508
vt 0.888571 0.444028
vt 0.235876 0.445245
vt 0.235234 0.445245
vt 0.888571 0.400988
vt 0.532719 0.458451
vt 0.532719 0.478202
vt 0.532078 0.478202
vt 0.532078 0.458451
vt 0.244477 0.419563
vt 0.244477 0.441083
vt 0.532719 0.438700
vt 0.532078 0.438700
vt 0.244477 0.398043
vn 0.382683 -0.923880 0.000000
vn 0.382683 -0.923880 0.000000
vn 0.382683 -0.923880 0.000000
vn 0.382683 -0.923880 0.000000
vn -0.382683 -0.923880 0.000000
vn -0.382683 -0.923880 0.000000
vn -0.382683 -0.923880 0.000000
vn -0.382683 -0.923880 0.000000
vn -0.923880 -0.382683 0.000000
vn -0.923880 -0.382683 0.000000
vn -0.923880 -0.382683 0.000000
vn -0.923880 -0.382683 0.000000
vn -0.923880 0.382683 0.000000
vn -0.923880 0.382683 0.000000
vn -0.923880 0.382683 0.000000
vn -0.923880 0.382683 0.000000
vn -0.382683 0.923880 0.000000
vn -0.382683 0.923880 0.000000
vn -0.382683 0.923880 0.000000
vn -0.382683 0.923880 0.000000
vn 0.382683 0.923880 0.000000
vn 0.382683 0.923880 0.000000
vn 0.382683 0.923880 0.000000
vn 0.382683 0.923880 0.000000
vn 0.923880 0.382683 0.000000
vn 0.923880 0.382683 0.000000
vn 0.923880 0.382683 0.000000
vn 0.923880 0.382683 0.000000
vn 0.923880 -0.382683 0.000000
vn 0.923880 -0.382683 0.000000
vn 0.923880 -0.382683 0.000000
vn 0.923880 -0.382683 0.000000
vn -0.000000 0.000000 1.000000
vn 0.000000 0.000000 1.000000
vn 0.000000 0.000000 1.000000
vn -0.000000 0.000000 1.000000
vn 0.000000 0.000000 1.000000
vn 0.000000 0.000000 1.000000
vn 0.000000 0.000000 1.000000
vn 0.000000 0.000000 1.000000
vn 0.000000 0.000000 1.000000
vn 0.000001 0.000000 -1.000000
vn 0.000000 0.000000 -1.000000
vn 0.000000 0.000000 -1.000000
vn -0.000001 0.000000 -1.000000
vn 0.000000 0.000000 -1.000000
vn -0.000001 0.000000 -1.000000
vn 0.000000 0.000000 -1.000000
vn 0.000001 0.000000 -1.000000
vn 0.000000 0.000000 -1.000000
vn -0.016038 0.038718 0.999122
vn -0.016038 0.038718 0.999121
vn -0.016038 0.038718 0.999122
vn -0.016038 0.038718 0.999121
vn -0.016037 0.038718 -0.999122
vn -0.016037 0.038718 -0.999121
vn -0.016037 0.038718 -0.999121
vn -0.016037 0.038718 -0.999122
vn 0.016038 0.038718 0.999121
vn 0.016038 0.038718 0.999121
vn 0.016038 0.038718 0.999121
vn 0.016038 0.038718 0.999122
vn 0.016037 0.038718 -0.999122
vn 0.016037 0.038718 -0.999122
vn 0.016037 0.038718 -0.999122
vn 0.016037 0.038718 -0.999121
vn 0.038720 0.016038 0.999121
vn 0.038720 0.016038 0.999121
vn 0.038720 0.016038 0.999121
vn 0.038720 0.016038 0.999121
vn 0.038718 0.016038 -0.999121
vn 0.038718 0.016038 -0.999121
vn 0.038718 0.016038 -0.999122
vn 0.038718 0.016038 -0.999122
vn 0.038721 -0.016038 0.999121
vn 0.038721 -0.016038 0.999121
vn 0.038721 -0.016038 0.999121
vn 0.038721 -0.016038 0.999121
vn 0.038720 -0.016038 -0.999121
vn 0.038720 -0.016038 -0.999121
vn 0.038720 -0.016038 -0.999121
vn 0.038720 -0.016038 -0.999121
vn 0.016038 -0.038718 0.999121
vn 0.016038 -0.038718 0.999121
vn 0.016038 -0.038718 0.999122
vn 0.016038 -0.038718 0.999121
vn 0.016037 -0.038718 -0.999121
vn 0.016037 -0.038718 -0.999121
vn 0.016037 -0.038718 -0.999121
vn 0.016037 -0.038718 -0.999122
vn -0.016038 -0.038718 0.999121
vn -0.016038 -0.038718 0.999121
vn -0.016038 -0.038718 0.999121
vn -0.016038 -0.038718 0.999121
vn -0.016037 -0.038718 -0.999121
vn -0.016037 -0.038718 -0.999121
vn -0.016037 -0.038718 -0.999121
vn -0.016037 -0.038718 -0.999121
vn -0.038720 -0.016038 0.999121
vn -0.038720 -0.016038 0.999121
vn -0.038720 -0.016038 0.999121
vn -0.038720 -0.016038 0.999121
vn -0.038718 -0.016038 -0.999122
vn -0.038718 -0.016038 -0.999122
vn -0.038718 -0.016038 -0.999122
vn -0.038718 -0.016038 -0.999122
vn -0.038721 0.016038 0.999121
vn -0.038721 0.016038 0.999121
vn -0.038721 0.016038 0.999121
vn -0.038721 0.016038 0.999121
vn -0.038720 0.016038 -0.999121
vn -0.038720 0.016038 -0.999121
vn -0.038720 0.016038 -0.999121
vn -0.038720 0.016038 -0.999121
vn -0.382682 0.923880 0.000000
vn -0.382682 0.923880 0.000000
vn -0.382682 0.923880 0.000000
vn -0.382682 0.923880 0.000000
vn 0.382682 -0.923880 0.000000
vn 0.382682 -0.923880 0.000000
vn 0.382682 -0.923880 0.000000
vn 0.382682 -0.923880 0.000000
vn 0.382682 0.923880 0.000000
vn 0.382682 0.923880 0.000000
vn 0.382682 0.923880 0.000000
vn 0.382682 0.923880 0.000000
vn -0.382682 -0.923880 0.000000
vn -0.382682 -0.923880 0.000000
vn -0.382682 -0.923880 0.000000
vn -0.382682 -0.923880 0.000000
vn 0.923879 0.382684 0.000000
vn 0.923879 0.382684 0.000000
vn 0.923879 0.382684 0.000000
vn 0.923879 0.382684 0.000000
vn -0.923879 -0.382684 0.000000
vn -0.923879 -0.382684 0.000000
vn -0.923879 -0.382684 0.000000
vn -0.923879 -0.382684 0.000000
vn 0.923879 -0.382684 0.000000
vn 0.923879 -0.382684 0.000000
vn 0.923879 -0.382684 0.000000
vn 0.923879 -0.382684 0.000000
vn -0.923879 0.382684 0.000000
vn -0.923879 0.382684 0.000000
vn -0.923879 0.382684 0.000000
vn -0.923879 0.382684 0.000000
vn 0.382682 -0.923880 0.000000
vn 0.382682 -0.923880 0.000000
vn 0.382682 -0.923880 0.000000
vn 0.382682 -0.923880 0.000000
vn -0.382682 0.923880 0.000000
vn -0.382682 0.923880 0.000000
vn -0.382682 0.923880 0.000000
vn -0.382682 0.923880 0.000000
vn -0.382682 -0.923880 0.000000
vn -0.382682 -0.923880 0.000000
vn -0.382682 -0.923880 0.000000
vn -0.382682 -0.923880 0.000000
vn 0.382682 0.923880 0.000000
vn 0.382682 0.923880 0.000000
vn 0.382682 0.923880 0.000000
vn 0.382682 0.923880 0.000000
vn -0.923879 -0.382684 0.000000
vn -0.923879 -0.382684 0.000000
vn -0.923879 -0.382684 0.000000
vn -0.923879 -0.382684 0.000000
vn 0.923879 0.382684 0.000000
vn 0.923879 0.382684 0.000000
vn 0.923879 0.382684 0.000000
vn 0.923879 0.382684 0.000000
vn -0.923880 0.382684 0.000000
vn -0.923880 0.382684 0.000000
vn -0.923880 0.382684 0.000000
vn -0.923880 0.382684 0.000000
vn 0.923879 -0.382684 0.000000
vn 0.923879 -0.382684 0.000000
vn 0.923879 -0.382684 0.000000
vn 0.923879 -0.382684 0.000000
vn -0.382687 0.923878 0.000000
vn -0.382687 0.923878 0.000000
vn -0.382687 0.923878 0.000000
vn -0.382687 0.923878 0.000000
vn 0.382682 -0.923880 0.000000
vn 0.382682 -0.923880 0.000000
vn 0.382682 -0.923880 0.000000
vn 0.382682 -0.923880 0.000000
vn 0.382687 0.923878 0.000000
vn 0.382687 0.923878 0.000000
vn 0.382687 0.923878 0.000000
vn 0.382687 0.923878 0.000000
vn -0.382682 -0.923880 0.000000
vn -0.382682 -0.923880 0.000000
vn -0.382682 -0.923880 0.000000
vn -0.382682 -0.923880 0.000000
vn 0.923879 0.382684 0.000000
vn 0.923879 0.382684 0.000000
vn 0.923879 0.382684 0.000000
vn 0.923879 0.382684 0.000000
vn -0.923879 -0.382684 0.000000
vn -0.923879 -0.382684 0.000000
vn -0.923879 -0.382684 0.000000
vn -0.923879 -0.382684 0.000000
vn 0.923879 -0.382684 0.000000
vn 0.923879 -0.382684 0.000000
vn 0.923879 -0.382684 0.000000
vn 0.923879 -0.382684 0.000000
vn -0.923879 0.382684 0.000000
vn -0.923879 0.382684 0.000000
vn -0.923879 0.382684 0.000000
vn -0.923879 0.382684 0.000000
vn 0.382687 -0.923878 0.000000
vn 0.382687 -0.923878 0.000000
vn 0.382687 -0.923878 0.000000
vn 0.382687 -0.923878 0.000000
vn -0.382682 0.923880 0.000000
vn -0.382682 0.923880 0.000000
vn -0.382682 0.923880 0.000000
vn -0.382682 0.923880 0.000000
vn -0.382687 -0.923878 0.000000
vn -0.382687 -0.923878 0.000000
vn -0.382687 -0.923878 0.000000
vn -0.382687 -0.923878 0.000000
vn 0.382682 0.923880 0.000000
vn 0.382682 0.923880 0.000000
vn 0.382682 0.923880 0.000000
vn 0.382682 0.923880 0.000000
vn -0.923879 -0.382684 0.000000
vn -0.923879 -0.382684 0.000000
vn -0.923879 -0.382684 0.000000
vn -0.923879 -0.382684 0.000000
vn 0.923879 0.382684 0.000000
vn 0.923879 0.382684 0.000000
vn 0.923879 0.382684 0.000000
vn 0.923879 0.382684 0.000000
vn -0.923880 0.382684 0.000000
vn -0.923880 0.382684 0.000000
vn -0.923880 0.382684 0.000000
vn -0.923880 0.382684 0.000000
vn 0.923879 -0.382684 0.000000
vn 0.923879 -0.382684 0.000000
vn 0.923879 -0.382684 0.000000
vn 0.923879 -0.382684 0.000000
s off
g polySurface71 polySurface88
usemtl pasted__openPBRSurface4SG
f 1207/2561/1365 1208/2562/1366 1209/2563/1367 1210/2564/1368
f 1208/2562/1369 1211/2565/1370 1212/2566/1371 1209/2563/1372
f 1211/2567/1373 1213/2568/1374 1214/2569/1375 1212/2570/1376
f 1213/2568/1377 1215/2571/1378 1216/2572/1379 1214/2569/1380
f 1215/2573/1381 1217/2574/1382 1218/2575/1383 1216/2576/1384
f 1217/2574/1385 1219/2577/1386 1220/2578/1387 1218/2575/1388
f 1219/2579/1389 1221/2580/1390 1222/2581/1391 1220/2582/1392
f 1221/2580/1393 1207/2583/1394 1210/2584/1395 1222/2581/1396
s 1
usemtl openPBRSurface5SG
f 1190/2585/1397 1189/2586/1398 1205/2587/1399
f 1191/2588/1400 1190/2585/1397 1205/2587/1399
usemtl openPBRSurface10SG
f 1192/2589/1401 1191/2588/1400 1205/2587/1399
f 1193/2590/1402 1192/2589/1401 1205/2587/1399
usemtl openPBRSurface5SG
f 1194/2591/1403 1193/2590/1402 1205/2587/1399
f 1195/2592/1404 1194/2591/1403 1205/2587/1399
usemtl openPBRSurface10SG
f 1196/2593/1405 1195/2592/1404 1205/2587/1399
f 1189/2586/1398 1196/2593/1405 1205/2587/1399
s 2
usemtl openPBRSurface5SG
f 1197/2594/1406 1198/2595/1407 1206/2596/1408
f 1198/2595/1407 1199/2597/1409 1206/2596/1408
usemtl openPBRSurface10SG
f 1199/2597/1409 1200/2598/1410 1206/2596/1408
f 1200/2598/1410 1201/2599/1411 1206/2596/1408
usemtl openPBRSurface5SG
f 1201/2599/1411 1202/2600/1412 1206/2596/1408
f 1202/2600/1412 1203/2601/1413 1206/2596/1408
usemtl openPBRSurface10SG
f 1203/2601/1413 1204/2602/1414 1206/2596/1408
f 1204/2602/1414 1197/2594/1406 1206/2596/1408
s off
usemtl pasted__openPBRSurface4SG
f 1223/2603/1415 1224/2604/1416 1225/2605/1417 1226/2606/1418
f 1240/2607/1419 1239/2608/1420 1241/2609/1421 1242/2610/1422
f 1224/2604/1423 1227/2611/1424 1228/2612/1425 1225/2605/1426
f 1243/2613/1427 1240/2607/1428 1242/2610/1429 1244/2614/1430
f 1227/2611/1431 1229/2615/1432 1230/2616/1433 1228/2612/1434
f 1245/2617/1435 1243/2613/1436 1244/2614/1437 1246/2618/1438
f 1229/2615/1439 1231/2619/1440 1232/2620/1441 1230/2616/1442
f 1247/2621/1443 1245/2617/1444 1246/2618/1445 1248/2622/1446
f 1231/2619/1447 1233/2623/1448 1234/2624/1449 1232/2620/1450
f 1249/2625/1451 1247/2621/1452 1248/2622/1453 1250/2626/1454
f 1233/2623/1455 1235/2627/1456 1236/2628/1457 1234/2624/1458
f 1251/2629/1459 1249/2625/1460 1250/2626/1461 1252/2630/1462
f 1235/2627/1463 1237/2631/1464 1238/2632/1465 1236/2628/1466
f 1253/2633/1467 1251/2629/1468 1252/2630/1469 1254/2634/1470
f 1237/2631/1471 1223/2603/1472 1226/2606/1473 1238/2632/1474
f 1239/2608/1475 1253/2633/1476 1254/2634/1477 1241/2609/1478
f 1189/2635/1479 1190/2636/1480 1224/2637/1481 1223/2638/1482
f 1208/2562/1483 1207/2561/1484 1226/2639/1485 1225/2640/1486
f 1190/2636/1487 1191/2641/1488 1227/2642/1489 1224/2637/1490
f 1211/2565/1491 1208/2562/1492 1225/2640/1493 1228/2643/1494
f 1191/2644/1495 1192/2645/1496 1229/2646/1497 1227/2647/1498
f 1213/2568/1499 1211/2567/1500 1228/2648/1501 1230/2649/1502
f 1192/2645/1503 1193/2650/1504 1231/2651/1505 1229/2646/1506
f 1215/2571/1507 1213/2568/1508 1230/2649/1509 1232/2652/1510
f 1193/2653/1511 1194/2654/1512 1233/2655/1513 1231/2656/1514
f 1217/2574/1515 1215/2573/1516 1232/2657/1517 1234/2658/1518
f 1194/2654/1519 1195/2659/1520 1235/2660/1521 1233/2655/1522
f 1219/2577/1523 1217/2574/1524 1234/2658/1525 1236/2661/1526
f 1195/2662/1527 1196/2663/1528 1237/2664/1529 1235/2665/1530
f 1221/2580/1531 1219/2579/1532 1236/2666/1533 1238/2667/1534
f 1196/2663/1535 1189/2668/1536 1223/2669/1537 1237/2664/1538
f 1207/2583/1539 1221/2580/1540 1238/2667/1541 1226/2670/1542
f 1198/2671/1543 1197/2672/1544 1239/2673/1545 1240/2674/1546
f 1210/2564/1547 1209/2563/1548 1242/2675/1549 1241/2676/1550
f 1199/2677/1551 1198/2671/1552 1240/2674/1553 1243/2678/1554
f 1209/2563/1555 1212/2566/1556 1244/2679/1557 1242/2675/1558
f 1200/2680/1559 1199/2681/1560 1243/2682/1561 1245/2683/1562
f 1212/2570/1563 1214/2569/1564 1246/2684/1565 1244/2685/1566
f 1201/2686/1567 1200/2680/1568 1245/2683/1569 1247/2687/1570
f 1214/2569/1571 1216/2572/1572 1248/2688/1573 1246/2684/1574
f 1202/2689/1575 1201/2690/1576 1247/2691/1577 1249/2692/1578
f 1216/2576/1579 1218/2575/1580 1250/2693/1581 1248/2694/1582
f 1203/2695/1583 1202/2689/1584 1249/2692/1585 1251/2696/1586
f 1218/2575/1587 1220/2578/1588 1252/2697/1589 1250/2693/1590
f 1204/2698/1591 1203/2699/1592 1251/2700/1593 1253/2701/1594
f 1220/2582/1595 1222/2581/1596 1254/2702/1597 1252/2703/1598
f 1197/2704/1599 1204/2698/1600 1253/2701/1601 1239/2705/1602
f 1222/2581/1603 1210/2584/1604 1241/2706/1605 1254/2702/1606
g default
v 10.754581 2.950115 2.653751
v 9.851331 2.515238 3.188912
v 8.948079 2.950115 3.724072
v 8.573940 4.000000 3.945743
v 8.948079 5.049885 3.724072
v 9.851331 5.484762 3.188912
v 10.754581 5.049885 2.653751
v 11.128720 4.000000 2.432081
v 10.695920 2.950115 2.554741
v 9.792668 2.515238 3.089902
v 8.889418 2.950115 3.625062
v 8.515279 4.000000 3.846733
v 8.889418 5.049885 3.625062
v 9.792668 5.484762 3.089902
v 10.695920 5.049885 2.554741
v 11.070059 4.000000 2.333071
v 9.851331 4.000000 3.188912
v 9.792668 4.000000 3.089902
v 10.838097 2.856094 2.610259
v 9.853957 2.382273 3.193345
v 9.790042 2.382273 3.085469
v 10.774182 2.856094 2.502383
v 8.869817 2.856094 3.776431
v 8.805902 2.856094 3.668554
v 8.462173 4.000000 4.017952
v 8.398258 4.000000 3.910076
v 8.869817 5.143906 3.776431
v 8.805902 5.143906 3.668554
v 9.853957 5.617727 3.193345
v 9.790042 5.617727 3.085469
v 10.838097 5.143906 2.610259
v 10.774182 5.143906 2.502383
v 11.245741 4.000000 2.368737
v 11.181827 4.000000 2.260860
v 10.771956 2.950115 2.683077
v 9.868706 2.515238 3.218238
v 9.871332 2.382273 3.222671
v 10.855473 2.856094 2.639585
v 8.965455 2.950115 3.753398
v 8.887192 2.856094 3.805757
v 8.591316 4.000000 3.975069
v 8.479548 4.000000 4.047279
v 8.965455 5.049885 3.753398
v 8.887192 5.143906 3.805757
v 9.868706 5.484762 3.218238
v 9.871332 5.617727 3.222671
v 10.771956 5.049885 2.683077
v 10.855473 5.143906 2.639585
v 11.146095 4.000000 2.461407
v 11.263117 4.000000 2.398063
v 10.678544 2.950115 2.525415
v 9.775293 2.515238 3.060576
v 10.756807 2.856094 2.473057
v 9.772667 2.382273 3.056143
v 8.872043 2.950115 3.595736
v 8.788527 2.856094 3.639228
v 8.497904 4.000000 3.817407
v 8.380882 4.000000 3.880750
v 8.872043 5.049885 3.595736
v 8.788527 5.143906 3.639228
v 9.775293 5.484762 3.060576
v 9.772667 5.617727 3.056143
v 10.678544 5.049885 2.525415
v 10.756807 5.143906 2.473057
v 11.052683 4.000000 2.303745
v 11.164452 4.000000 2.231534
vt 0.562663 0.005208
vt 0.573632 0.023722
vt 0.571603 0.024924
vt 0.560634 0.006410
vt 0.584602 0.042236
vt 0.582572 0.043438
vt 0.002783 0.107975
vt 0.007681 0.131176
vt 0.005493 0.131176
vt 0.000595 0.107975
vt 0.002783 0.154377
vt 0.000595 0.154377
vt 0.034157 0.042223
vt 0.045126 0.023709
vt 0.047155 0.024911
vt 0.036186 0.043426
vt 0.056095 0.005195
vt 0.058125 0.006397
vt 0.952734 0.247352
vt 0.957633 0.224151
vt 0.959821 0.224151
vt 0.954922 0.247352
vt 0.952734 0.200950
vt 0.954922 0.200950
vt 0.525705 0.186857
vt 0.539191 0.197816
vt 0.525705 0.224273
vt 0.512219 0.197816
vt 0.506633 0.224273
vt 0.512219 0.250730
vt 0.525705 0.261689
vt 0.539191 0.250730
vt 0.544777 0.224273
vt 0.529021 0.051771
vt 0.542507 0.040813
vt 0.542507 0.078229
vt 0.555993 0.051771
vt 0.561579 0.078229
vt 0.555993 0.104685
vt 0.542507 0.115644
vt 0.529021 0.104685
vt 0.523435 0.078229
vt 0.723179 0.470434
vt 0.705703 0.462020
vt 0.705754 0.459447
vt 0.724794 0.468614
vt 0.541768 0.040813
vt 0.528282 0.051771
vt 0.526963 0.049402
vt 0.541656 0.037462
vt 0.524966 0.186857
vt 0.511480 0.197816
vt 0.510160 0.195446
vt 0.524854 0.183506
vt 0.575185 0.222344
vt 0.592661 0.230757
vt 0.592610 0.233330
vt 0.573570 0.224163
vt 0.505894 0.224273
vt 0.504074 0.224273
vt 0.567947 0.202031
vt 0.565683 0.202031
vt 0.511480 0.250730
vt 0.510160 0.253099
vt 0.575185 0.181719
vt 0.573570 0.179900
vt 0.524966 0.261689
vt 0.524854 0.265039
vt 0.592661 0.173305
vt 0.592610 0.170733
vt 0.705703 0.519472
vt 0.723179 0.511058
vt 0.724794 0.512877
vt 0.705754 0.522044
vt 0.528282 0.104685
vt 0.541768 0.115644
vt 0.541656 0.118995
vt 0.526963 0.107055
vt 0.730417 0.490746
vt 0.732681 0.490746
vt 0.522696 0.078229
vt 0.520876 0.078229
vt 0.681585 0.005202
vt 0.671517 0.022195
vt 0.670965 0.021868
vt 0.681033 0.004875
vt 0.563215 0.004881
vt 0.574184 0.023395
vt 0.661448 0.039189
vt 0.660897 0.038862
vt 0.585153 0.041909
vt 0.003378 0.107975
vt 0.008276 0.131176
vt 0.003378 0.154377
vt 0.591420 0.039180
vt 0.581352 0.022187
vt 0.581903 0.021860
vt 0.591971 0.038853
vt 0.033605 0.041896
vt 0.044574 0.023382
vt 0.571284 0.005194
vt 0.571835 0.004867
vt 0.055544 0.004868
vt 0.659792 0.414783
vt 0.655296 0.393489
vt 0.655891 0.393489
vt 0.660387 0.414783
vt 0.952139 0.247352
vt 0.957038 0.224151
vt 0.659792 0.372195
vt 0.660387 0.372195
vt 0.952139 0.200950
vt 0.396525 0.021869
vt 0.406593 0.004875
vt 0.407145 0.005202
vt 0.397076 0.022196
vt 0.571051 0.025251
vt 0.560082 0.006737
vt 0.386457 0.038862
vt 0.387008 0.039189
vt 0.582021 0.043765
vt 0.660897 0.377079
vt 0.665393 0.355784
vt 0.665988 0.355784
vt 0.661492 0.377079
vt 0.004899 0.131176
vt 0.000000 0.107975
vt 0.665393 0.398373
vt 0.665988 0.398373
vt 0.000000 0.154377
vt 0.335467 0.021860
vt 0.345535 0.038853
vt 0.344983 0.039180
vt 0.334916 0.022187
vt 0.047707 0.025238
vt 0.036738 0.043752
vt 0.325399 0.004867
vt 0.324848 0.005194
vt 0.058676 0.006724
vt 0.960416 0.224151
vt 0.955517 0.247352
vt 0.955517 0.200950
vn 0.329234 -0.923880 -0.195066
vn 0.329234 -0.923880 -0.195066
vn 0.329234 -0.923880 -0.195066
vn 0.329234 -0.923880 -0.195066
vn -0.329235 -0.923880 0.195066
vn -0.329235 -0.923880 0.195066
vn -0.329235 -0.923880 0.195066
vn -0.329235 -0.923880 0.195066
vn -0.794846 -0.382683 0.470929
vn -0.794846 -0.382683 0.470929
vn -0.794846 -0.382683 0.470929
vn -0.794846 -0.382683 0.470929
vn -0.794846 0.382682 0.470929
vn -0.794846 0.382682 0.470929
vn -0.794846 0.382682 0.470929
vn -0.794846 0.382682 0.470929
vn -0.329235 0.923880 0.195065
vn -0.329235 0.923880 0.195065
vn -0.329235 0.923880 0.195065
vn -0.329235 0.923880 0.195065
vn 0.329235 0.923880 -0.195065
vn 0.329235 0.923880 -0.195065
vn 0.329235 0.923880 -0.195065
vn 0.329235 0.923880 -0.195065
vn 0.794846 0.382683 -0.470928
vn 0.794846 0.382683 -0.470928
vn 0.794846 0.382683 -0.470928
vn 0.794846 0.382683 -0.470928
vn 0.794846 -0.382683 -0.470929
vn 0.794846 -0.382683 -0.470929
vn 0.794846 -0.382683 -0.470929
vn 0.794846 -0.382683 -0.470929
vn 0.509732 0.000000 0.860333
vn 0.509733 -0.000000 0.860333
vn 0.509732 0.000000 0.860333
vn 0.509732 0.000000 0.860333
vn 0.509732 0.000000 0.860333
vn 0.509732 0.000000 0.860333
vn 0.509732 0.000000 0.860333
vn 0.509733 0.000000 0.860333
vn 0.509733 0.000000 0.860333
vn -0.509732 0.000000 -0.860333
vn -0.509732 0.000000 -0.860333
vn -0.509732 0.000000 -0.860333
vn -0.509732 -0.000000 -0.860333
vn -0.509732 0.000000 -0.860333
vn -0.509732 0.000000 -0.860333
vn -0.509732 0.000000 -0.860333
vn -0.509732 -0.000000 -0.860333
vn -0.509732 0.000000 -0.860333
vn 0.495485 0.038718 0.867753
vn 0.495485 0.038718 0.867753
vn 0.495485 0.038718 0.867753
vn 0.495486 0.038718 0.867753
vn -0.523082 0.038719 -0.851403
vn -0.523082 0.038719 -0.851403
vn -0.523082 0.038719 -0.851403
vn -0.523082 0.038719 -0.851403
vn 0.523082 0.038720 0.851402
vn 0.523082 0.038720 0.851402
vn 0.523082 0.038720 0.851402
vn 0.523082 0.038720 0.851402
vn -0.495485 0.038719 -0.867753
vn -0.495485 0.038719 -0.867753
vn -0.495485 0.038719 -0.867753
vn -0.495485 0.038719 -0.867753
vn 0.542597 0.016038 0.839840
vn 0.542597 0.016038 0.839840
vn 0.542597 0.016038 0.839840
vn 0.542597 0.016038 0.839840
vn -0.475970 0.016037 -0.879316
vn -0.475970 0.016037 -0.879316
vn -0.475970 0.016037 -0.879316
vn -0.475970 0.016037 -0.879316
vn 0.542596 -0.016039 0.839840
vn 0.542596 -0.016039 0.839840
vn 0.542596 -0.016039 0.839840
vn 0.542596 -0.016039 0.839840
vn -0.475970 -0.016038 -0.879315
vn -0.475970 -0.016038 -0.879315
vn -0.475970 -0.016038 -0.879315
vn -0.475970 -0.016038 -0.879315
vn 0.523083 -0.038720 0.851402
vn 0.523083 -0.038720 0.851402
vn 0.523083 -0.038720 0.851402
vn 0.523083 -0.038720 0.851402
vn -0.495487 -0.038717 -0.867752
vn -0.495487 -0.038717 -0.867752
vn -0.495487 -0.038717 -0.867752
vn -0.495487 -0.038717 -0.867752
vn 0.495488 -0.038719 0.867752
vn 0.495488 -0.038719 0.867752
vn 0.495488 -0.038719 0.867752
vn 0.495488 -0.038719 0.867752
vn -0.523083 -0.038717 -0.851402
vn -0.523083 -0.038717 -0.851402
vn -0.523083 -0.038717 -0.851402
vn -0.523083 -0.038717 -0.851402
vn 0.475971 -0.016038 0.879315
vn 0.475971 -0.016038 0.879315
vn 0.475971 -0.016038 0.879315
vn 0.475971 -0.016038 0.879315
vn -0.542594 -0.016037 -0.839842
vn -0.542594 -0.016037 -0.839842
vn -0.542594 -0.016037 -0.839842
vn -0.542594 -0.016037 -0.839842
vn 0.475971 0.016038 0.879315
vn 0.475971 0.016038 0.879315
vn 0.475971 0.016038 0.879315
vn 0.475971 0.016038 0.879315
vn -0.542594 0.016038 -0.839842
vn -0.542594 0.016038 -0.839842
vn -0.542594 0.016038 -0.839842
vn -0.542594 0.016038 -0.839842
vn -0.329235 0.923881 0.195060
vn -0.329235 0.923881 0.195060
vn -0.329235 0.923881 0.195060
vn -0.329235 0.923881 0.195060
vn 0.329234 -0.923880 -0.195066
vn 0.329234 -0.923880 -0.195066
vn 0.329234 -0.923880 -0.195066
vn 0.329234 -0.923880 -0.195066
vn 0.329234 0.923880 -0.195065
vn 0.329234 0.923880 -0.195065
vn 0.329234 0.923880 -0.195065
vn 0.329234 0.923880 -0.195065
vn -0.329240 -0.923879 0.195063
vn -0.329240 -0.923878 0.195063
vn -0.329240 -0.923879 0.195063
vn -0.329240 -0.923879 0.195063
vn 0.794835 0.382681 -0.470948
vn 0.794835 0.382681 -0.470948
vn 0.794835 0.382681 -0.470948
vn 0.794835 0.382681 -0.470948
vn -0.794851 -0.382681 0.470922
vn -0.794851 -0.382681 0.470922
vn -0.794851 -0.382681 0.470922
vn -0.794851 -0.382681 0.470922
vn 0.794835 -0.382683 -0.470947
vn 0.794835 -0.382683 -0.470947
vn 0.794835 -0.382683 -0.470947
vn 0.794835 -0.382683 -0.470947
vn -0.794852 0.382680 0.470921
vn -0.794852 0.382680 0.470921
vn -0.794852 0.382680 0.470921
vn -0.794852 0.382680 0.470921
vn 0.329234 -0.923880 -0.195065
vn 0.329234 -0.923880 -0.195065
vn 0.329234 -0.923880 -0.195065
vn 0.329234 -0.923880 -0.195065
vn -0.329237 0.923880 0.195060
vn -0.329237 0.923880 0.195060
vn -0.329237 0.923880 0.195060
vn -0.329237 0.923880 0.195060
vn -0.329234 -0.923882 0.195059
vn -0.329234 -0.923882 0.195059
vn -0.329234 -0.923882 0.195059
vn -0.329234 -0.923882 0.195059
vn 0.329232 0.923879 -0.195073
vn 0.329232 0.923879 -0.195073
vn 0.329232 0.923879 -0.195073
vn 0.329232 0.923879 -0.195073
vn -0.794846 -0.382687 0.470925
vn -0.794846 -0.382687 0.470925
vn -0.794846 -0.382687 0.470925
vn -0.794846 -0.382687 0.470925
vn 0.794834 0.382688 -0.470944
vn 0.794834 0.382688 -0.470944
vn 0.794834 0.382688 -0.470944
vn 0.794834 0.382688 -0.470944
vn -0.794846 0.382688 0.470925
vn -0.794846 0.382688 0.470925
vn -0.794846 0.382688 0.470925
vn -0.794846 0.382688 0.470925
vn 0.794836 -0.382684 -0.470945
vn 0.794836 -0.382684 -0.470945
vn 0.794836 -0.382684 -0.470945
vn 0.794836 -0.382684 -0.470945
vn -0.329237 0.923878 0.195069
vn -0.329237 0.923878 0.195069
vn -0.329237 0.923878 0.195069
vn -0.329237 0.923878 0.195069
vn 0.329239 -0.923879 -0.195062
vn 0.329239 -0.923879 -0.195062
vn 0.329239 -0.923879 -0.195062
vn 0.329239 -0.923879 -0.195062
vn 0.329230 0.923883 -0.195059
vn 0.329230 0.923883 -0.195059
vn 0.329230 0.923883 -0.195059
vn 0.329230 0.923883 -0.195059
vn -0.329236 -0.923879 0.195067
vn -0.329236 -0.923879 0.195067
vn -0.329236 -0.923879 0.195067
vn -0.329236 -0.923879 0.195067
vn 0.794844 0.382688 -0.470928
vn 0.794844 0.382688 -0.470928
vn 0.794844 0.382688 -0.470928
vn 0.794844 0.382688 -0.470928
vn -0.794836 -0.382683 0.470945
vn -0.794836 -0.382683 0.470945
vn -0.794836 -0.382683 0.470945
vn -0.794836 -0.382683 0.470945
vn 0.794844 -0.382687 -0.470928
vn 0.794844 -0.382687 -0.470928
vn 0.794844 -0.382687 -0.470928
vn 0.794844 -0.382687 -0.470928
vn -0.794836 0.382684 0.470945
vn -0.794836 0.382684 0.470945
vn -0.794836 0.382684 0.470945
vn -0.794836 0.382684 0.470945
vn 0.329233 -0.923882 -0.195060
vn 0.329233 -0.923882 -0.195060
vn 0.329233 -0.923882 -0.195060
vn 0.329233 -0.923882 -0.195060
vn -0.329237 0.923877 0.195077
vn -0.329237 0.923877 0.195077
vn -0.329237 0.923877 0.195077
vn -0.329237 0.923877 0.195077
vn -0.329235 -0.923879 0.195067
vn -0.329235 -0.923879 0.195067
vn -0.329235 -0.923879 0.195067
vn -0.329235 -0.923879 0.195067
vn 0.329239 0.923879 -0.195061
vn 0.329239 0.923879 -0.195061
vn 0.329239 0.923879 -0.195061
vn 0.329239 0.923879 -0.195061
vn -0.794836 -0.382681 0.470948
vn -0.794836 -0.382681 0.470948
vn -0.794835 -0.382681 0.470948
vn -0.794836 -0.382681 0.470948
vn 0.794847 0.382681 -0.470929
vn 0.794847 0.382681 -0.470929
vn 0.794847 0.382681 -0.470929
vn 0.794847 0.382681 -0.470929
vn -0.794834 0.382683 0.470948
vn -0.794834 0.382683 0.470948
vn -0.794834 0.382683 0.470948
vn -0.794834 0.382683 0.470948
vn 0.794845 -0.382684 -0.470929
vn 0.794845 -0.382684 -0.470929
vn 0.794845 -0.382684 -0.470929
vn 0.794845 -0.382684 -0.470929
s off
g polySurface71 polySurface87
usemtl openPBRSurface4SG
f 1273/2707/1607 1274/2708/1608 1275/2709/1609 1276/2710/1610
f 1274/2708/1611 1277/2711/1612 1278/2712/1613 1275/2709/1614
f 1277/2713/1615 1279/2714/1616 1280/2715/1617 1278/2716/1618
f 1279/2714/1619 1281/2717/1620 1282/2718/1621 1280/2715/1622
f 1281/2719/1623 1283/2720/1624 1284/2721/1625 1282/2722/1626
f 1283/2720/1627 1285/2723/1628 1286/2724/1629 1284/2721/1630
f 1285/2725/1631 1287/2726/1632 1288/2727/1633 1286/2728/1634
f 1287/2726/1635 1273/2729/1636 1276/2730/1637 1288/2727/1638
s 1
usemtl openPBRSurface5SG
f 1256/2731/1639 1255/2732/1640 1271/2733/1641
f 1257/2734/1642 1256/2731/1639 1271/2733/1641
usemtl openPBRSurface10SG
f 1258/2735/1643 1257/2734/1642 1271/2733/1641
f 1259/2736/1644 1258/2735/1643 1271/2733/1641
usemtl openPBRSurface5SG
f 1260/2737/1645 1259/2736/1644 1271/2733/1641
f 1261/2738/1646 1260/2737/1645 1271/2733/1641
usemtl openPBRSurface10SG
f 1262/2739/1647 1261/2738/1646 1271/2733/1641
f 1255/2732/1640 1262/2739/1647 1271/2733/1641
s 2
usemtl openPBRSurface5SG
f 1263/2740/1648 1264/2741/1649 1272/2742/1650
f 1264/2741/1649 1265/2743/1651 1272/2742/1650
usemtl openPBRSurface10SG
f 1265/2743/1651 1266/2744/1652 1272/2742/1650
f 1266/2744/1652 1267/2745/1653 1272/2742/1650
usemtl openPBRSurface5SG
f 1267/2745/1653 1268/2746/1654 1272/2742/1650
f 1268/2746/1654 1269/2747/1655 1272/2742/1650
usemtl openPBRSurface10SG
f 1269/2747/1655 1270/2748/1656 1272/2742/1650
f 1270/2748/1656 1263/2740/1648 1272/2742/1650
s off
usemtl openPBRSurface4SG
f 1289/2749/1657 1290/2750/1658 1291/2751/1659 1292/2752/1660
f 1306/2753/1661 1305/2754/1662 1307/2755/1663 1308/2756/1664
f 1290/2757/1665 1293/2758/1666 1294/2759/1667 1291/2760/1668
f 1309/2761/1669 1306/2762/1670 1308/2763/1671 1310/2764/1672
f 1293/2758/1673 1295/2765/1674 1296/2766/1675 1294/2759/1676
f 1311/2767/1677 1309/2761/1678 1310/2764/1679 1312/2768/1680
f 1295/2765/1681 1297/2769/1682 1298/2770/1683 1296/2766/1684
f 1313/2771/1685 1311/2767/1686 1312/2768/1687 1314/2772/1688
f 1297/2769/1689 1299/2773/1690 1300/2774/1691 1298/2770/1692
f 1315/2775/1693 1313/2771/1694 1314/2772/1695 1316/2776/1696
f 1299/2777/1697 1301/2778/1698 1302/2779/1699 1300/2780/1700
f 1317/2781/1701 1315/2782/1702 1316/2783/1703 1318/2784/1704
f 1301/2778/1705 1303/2785/1706 1304/2786/1707 1302/2779/1708
f 1319/2787/1709 1317/2781/1710 1318/2784/1711 1320/2788/1712
f 1303/2785/1713 1289/2749/1714 1292/2752/1715 1304/2786/1716
f 1305/2754/1717 1319/2787/1718 1320/2788/1719 1307/2755/1720
f 1255/2789/1721 1256/2790/1722 1290/2791/1723 1289/2792/1724
f 1274/2708/1725 1273/2707/1726 1292/2793/1727 1291/2794/1728
f 1256/2790/1729 1257/2795/1730 1293/2796/1731 1290/2791/1732
f 1277/2711/1733 1274/2708/1734 1291/2794/1735 1294/2797/1736
f 1257/2734/1737 1258/2735/1738 1295/2765/1739 1293/2758/1740
f 1279/2714/1741 1277/2713/1742 1294/2798/1743 1296/2799/1744
f 1258/2735/1745 1259/2736/1746 1297/2769/1747 1295/2765/1748
f 1281/2717/1749 1279/2714/1750 1296/2799/1751 1298/2800/1752
f 1259/2801/1753 1260/2802/1754 1299/2803/1755 1297/2804/1756
f 1283/2720/1757 1281/2719/1758 1298/2805/1759 1300/2806/1760
f 1260/2802/1761 1261/2807/1762 1301/2808/1763 1299/2803/1764
f 1285/2723/1765 1283/2720/1766 1300/2806/1767 1302/2809/1768
f 1261/2810/1769 1262/2811/1770 1303/2812/1771 1301/2813/1772
f 1287/2726/1773 1285/2725/1774 1302/2814/1775 1304/2815/1776
f 1262/2811/1777 1255/2816/1778 1289/2817/1779 1303/2812/1780
f 1273/2729/1781 1287/2726/1782 1304/2815/1783 1292/2818/1784
f 1264/2819/1785 1263/2820/1786 1305/2821/1787 1306/2822/1788
f 1276/2710/1789 1275/2709/1790 1308/2823/1791 1307/2824/1792
f 1265/2825/1793 1264/2819/1794 1306/2822/1795 1309/2826/1796
f 1275/2709/1797 1278/2712/1798 1310/2827/1799 1308/2823/1800
f 1266/2828/1801 1265/2829/1802 1309/2830/1803 1311/2831/1804
f 1278/2716/1805 1280/2715/1806 1312/2832/1807 1310/2833/1808
f 1267/2834/1809 1266/2828/1810 1311/2831/1811 1313/2835/1812
f 1280/2715/1813 1282/2718/1814 1314/2836/1815 1312/2832/1816
f 1268/2837/1817 1267/2838/1818 1313/2839/1819 1315/2840/1820
f 1282/2722/1821 1284/2721/1822 1316/2841/1823 1314/2842/1824
f 1269/2843/1825 1268/2837/1826 1315/2840/1827 1317/2844/1828
f 1284/2721/1829 1286/2724/1830 1318/2845/1831 1316/2841/1832
f 1270/2748/1833 1269/2747/1834 1317/2781/1835 1319/2787/1836
f 1286/2728/1837 1288/2727/1838 1320/2846/1839 1318/2847/1840
f 1263/2740/1841 1270/2748/1842 1319/2787/1843 1305/2754/1844
f 1288/2727/1845 1276/2730/1846 1307/2848/1847 1320/2846/1848
g default
v -0.403603 -0.629009 0.500000
v 0.403603 -0.629009 0.500000
v -0.403603 0.144439 0.500000
v 0.403603 0.144439 0.500000
v 9.006877 -0.578925 0.500000
v 9.671551 0.383259 0.500000
v -9.006877 -0.578925 0.500000
v -9.671551 0.383259 0.500000
v 11.882933 1.020215 0.500000
v 11.882933 2.020215 0.500000
v -11.882933 1.020215 0.500000
v -11.882933 2.020215 0.500000
v 13.074600 1.973721 0.500000
v 13.074600 2.973721 0.500000
v -13.074600 1.973721 0.500000
v -13.074600 2.973721 0.500000
v 15.507349 4.399306 0.500000
v 14.509302 4.472026 0.500000
v -15.316507 4.472026 0.500000
v -14.509302 4.472026 0.500000
v 15.108652 5.735850 0.500000
v 14.022831 5.754063 0.500000
v -14.830036 5.754063 0.500000
v -14.022831 5.754063 0.500000
v 15.484602 6.831411 0.513944
v 14.573267 7.338339 0.500000
v -15.042464 7.514702 0.500000
v -14.235258 7.514702 0.500000
v 15.474809 8.475858 0.486056
v 15.034005 8.098111 0.500000
v -15.572669 8.408180 0.500000
v -14.765465 8.408180 0.500000
v -16.791187 7.165583 0.500000
v -16.525858 7.803959 0.500000
v 15.727524 8.474001 0.486056
v 16.307653 6.699734 0.666189
v 15.486224 8.334568 0.999369
v 15.473451 8.612036 0.575438
v 15.738675 8.333194 0.979826
v 15.725902 8.610662 0.555896
v 15.486224 9.014603 1.478948
v 15.473451 9.292070 1.055017
v 15.738675 9.013228 1.459405
v 15.725902 9.290697 1.035475
v 15.483891 9.151031 1.769595
v 15.475818 9.597349 1.529476
v 15.736308 9.148545 1.748845
v 15.728237 9.594863 1.508729
v 15.476419 9.690940 1.207403
v 15.728875 9.689585 1.187926
v 15.472847 9.699431 1.434061
v 15.725236 9.697808 1.413954
v 15.477621 10.044626 1.256480
v 15.730078 10.043271 1.237003
v 15.471646 10.049454 1.384845
v 15.724035 10.047831 1.365016
v 15.477793 10.238390 1.223386
v 15.730247 10.237035 1.203909
v 15.471477 10.242701 1.337467
v 15.723865 10.241077 1.317679
v 15.478666 10.469882 1.302015
v 15.731121 10.468527 1.282538
v 15.470600 10.471575 1.344660
v 15.722990 10.469954 1.325075
v 15.481829 9.368079 2.929438
v 15.477900 9.746949 2.828393
v 15.734226 9.366032 2.907787
v 15.730297 9.744902 2.806745
v 15.481222 9.420543 3.370006
v 15.478514 9.808548 3.313270
v 15.733613 9.418437 3.348070
v 15.730904 9.806442 3.291336
v 15.481236 10.184247 3.217779
v 15.733634 10.182199 3.196132
v 15.475198 10.163206 3.458993
v 15.727568 10.161168 3.437203
v 15.481999 11.000556 3.375320
v 15.734398 10.998508 3.353672
v 15.474434 11.003951 3.561627
v 15.726805 11.001896 3.539870
v 15.483479 11.993340 3.270074
v 15.735876 11.991292 3.248426
v 15.472956 11.994732 3.347482
v 15.725326 11.992678 3.325791
v 15.498639 9.643737 4.010572
v 15.496458 9.957989 3.964621
v 15.751030 9.642108 3.988571
v 15.748848 9.956360 3.942621
v 15.511051 9.827556 4.469242
v 15.500560 10.001872 4.114629
v 15.763475 9.826828 4.449213
v 15.752986 10.001142 4.094601
v 15.520499 11.114402 4.933458
v 15.509339 11.119380 4.538377
v 15.772932 11.114758 4.913683
v 15.761772 11.119733 4.518605
v 15.516811 11.834557 4.875918
v 15.509456 11.837829 4.615061
v 15.769242 11.834913 4.855276
v 15.761889 11.838182 4.594420
v 15.505077 12.481870 4.523642
v 15.503466 12.482545 4.468413
v 15.757508 12.482227 4.501717
v 15.755898 12.482900 4.446487
v -0.403603 0.144439 0.000000
v 0.403603 0.144439 0.000000
v -0.403603 -0.629009 0.000000
v 0.403603 -0.629009 0.000000
v 9.006877 -0.578925 0.000000
v 9.671551 0.383259 0.000000
v -9.006877 -0.578925 0.000000
v -9.671551 0.383259 0.000000
v 11.882933 1.020215 0.000000
v 11.882933 2.020215 0.000000
v -11.882933 1.020215 0.000000
v -11.882933 2.020215 0.000000
v 13.074600 1.973721 0.000000
v 13.074600 2.973721 0.000000
v -13.074600 1.973721 0.000000
v -13.074600 2.973721 0.000000
v 15.507349 4.399306 0.000000
v 14.509302 4.472026 -0.000000
v -15.316507 4.472026 0.000000
v -14.509302 4.472026 0.000000
v 15.108652 5.735850 -0.000000
v 14.022831 5.754063 -0.000000
v -14.830036 5.754063 0.000000
v -14.022831 5.754063 0.000000
v 15.484602 6.707755 0.000000
v 14.573267 7.338339 0.000000
v -15.042464 7.514702 0.000000
v -14.235258 7.514702 0.000000
v 15.474809 8.475858 0.000000
v 15.034005 8.098111 0.000000
v -15.572669 8.408180 0.000000
v -14.765465 8.408180 0.000000
v -16.791187 7.165583 0.000000
v -16.525858 7.803959 0.000000
v 15.727524 8.474001 0.000000
v 16.307653 6.505774 0.000000
v -0.403603 -0.629009 -0.500000
v 0.403603 -0.629009 -0.500000
v -0.403603 0.144439 -0.500000
v 0.403603 0.144439 -0.500000
v 9.006877 -0.578925 -0.500000
v 9.671551 0.383259 -0.500000
v -9.006877 -0.578925 -0.500000
v -9.671551 0.383259 -0.500000
v 11.882933 1.020215 -0.500000
v 11.882933 2.020215 -0.500000
v -11.882933 1.020215 -0.500000
v -11.882933 2.020215 -0.500000
v 13.074600 1.973721 -0.500000
v 13.074600 2.973721 -0.500000
v -13.074600 1.973721 -0.500000
v -13.074600 2.973721 -0.500000
v 15.507349 4.399306 -0.500000
v 14.509302 4.472026 -0.500000
v -15.316507 4.472026 -0.500000
v -14.509302 4.472026 -0.500000
v 15.108652 5.735850 -0.500000
v 14.022831 5.754063 -0.500000
v -14.830036 5.754063 -0.500000
v -14.022831 5.754063 -0.500000
v 15.484602 6.831411 -0.513944
v 14.573267 7.338339 -0.500000
v -15.042464 7.514702 -0.500000
v -14.235258 7.514702 -0.500000
v 15.474809 8.475858 -0.486056
v 15.034005 8.098111 -0.500000
v -15.572669 8.408180 -0.500000
v -14.765465 8.408180 -0.500000
v -16.791187 7.165583 -0.500000
v -16.525858 7.803959 -0.500000
v 15.727524 8.474001 -0.486056
v 16.307653 6.699733 -0.666189
v 15.486224 8.334568 -0.999369
v 15.473451 8.612036 -0.575438
v 15.738675 8.333194 -0.979826
v 15.725902 8.610662 -0.555896
v 15.486224 9.014603 -1.478948
v 15.473451 9.292070 -1.055017
v 15.738675 9.013228 -1.459405
v 15.725902 9.290697 -1.035475
v 15.483891 9.151031 -1.769595
v 15.475818 9.597349 -1.529476
v 15.736308 9.148545 -1.748845
v 15.728237 9.594863 -1.508729
v 15.476419 9.690940 -1.207403
v 15.728875 9.689585 -1.187926
v 15.472847 9.699431 -1.434061
v 15.725236 9.697808 -1.413954
v 15.477621 10.044626 -1.256480
v 15.730078 10.043271 -1.237003
v 15.471646 10.049454 -1.384845
v 15.724035 10.047831 -1.365016
v 15.477793 10.238390 -1.223386
v 15.730247 10.237035 -1.203909
v 15.471477 10.242701 -1.337467
v 15.723865 10.241077 -1.317679
v 15.478666 10.469882 -1.302015
v 15.731121 10.468527 -1.282538
v 15.470600 10.471575 -1.344660
v 15.722990 10.469954 -1.325075
v 15.481829 9.368079 -2.929438
v 15.477900 9.746949 -2.828393
v 15.734226 9.366032 -2.907787
v 15.730297 9.744902 -2.806745
v 15.481222 9.420543 -3.370006
v 15.478514 9.808548 -3.313270
v 15.733613 9.418437 -3.348070
v 15.730904 9.806442 -3.291336
v 15.481236 10.184247 -3.217779
v 15.733634 10.182199 -3.196132
v 15.475198 10.163206 -3.458993
v 15.727568 10.161168 -3.437203
v 15.481999 11.000556 -3.375320
v 15.734398 10.998508 -3.353672
v 15.474434 11.003951 -3.561627
v 15.726805 11.001896 -3.539870
v 15.483479 11.993340 -3.270074
v 15.735876 11.991292 -3.248426
v 15.472956 11.994732 -3.347482
v 15.725326 11.992678 -3.325791
v 15.498639 9.643737 -4.010572
v 15.496458 9.957989 -3.964621
v 15.751030 9.642108 -3.988571
v 15.748848 9.956360 -3.942621
v 15.511051 9.827556 -4.469242
v 15.500560 10.001872 -4.114629
v 15.763475 9.826828 -4.449213
v 15.752986 10.001142 -4.094601
v 15.520499 11.114402 -4.933458
v 15.509339 11.119380 -4.538377
v 15.772932 11.114758 -4.913683
v 15.761772 11.119733 -4.518605
v 15.516811 11.834557 -4.875918
v 15.509456 11.837829 -4.615061
v 15.769242 11.834913 -4.855276
v 15.761889 11.838182 -4.594420
v 15.505077 12.481870 -4.523642
v 15.503466 12.482545 -4.468413
v 15.757508 12.482227 -4.501717
v 15.755898 12.482900 -4.446487
v 16.478615 8.392071 0.000000
v 16.664173 6.448191 0.000000
v 16.485685 8.030278 0.321674
v 16.664173 6.605851 0.754884
v 16.664173 6.653271 -0.754884
v 16.485685 8.030278 -0.321674
v 15.479704 7.935113 0.500000
v 14.796173 7.692834 0.500000
v 14.796173 7.692834 0.000000
v 14.796173 7.692834 -0.500000
v 15.479704 7.935113 -0.500000
v 15.479836 8.473302 -0.787403
v 15.479836 9.153337 -1.266983
v 15.479855 9.374190 -1.649535
v 15.479865 9.557514 -2.878915
v 15.479868 9.614545 -3.341638
v 15.497547 9.800862 -3.987597
v 15.505805 9.914714 -4.291935
v 15.514917 11.116891 -4.735918
v 15.513133 11.836192 -4.745490
v 15.504272 12.482207 -4.496027
v 15.756704 12.482564 -4.474102
v 15.765566 11.836548 -4.724848
v 15.767352 11.117246 -4.716144
v 15.758230 9.913985 -4.271907
v 15.749938 9.799233 -3.965596
v 15.732258 9.612439 -3.319703
v 15.732262 9.555467 -2.857266
v 15.732273 9.371704 -1.628787
v 15.732288 9.151963 -1.247440
v 15.732288 8.471929 -0.767861
v 15.732420 7.933260 -0.500000
v 16.464558 7.492189 -0.576034
v 16.464558 7.492189 0.000000
v 16.464558 7.492189 0.576034
v 16.299583 7.472582 0.643210
v 15.732288 8.471929 0.767861
v 15.732288 9.151963 1.247440
v 15.732273 9.371704 1.628787
v 15.732262 9.555467 2.857266
v 15.732258 9.612439 3.319703
v 15.749938 9.799233 3.965596
v 15.758230 9.913985 4.271907
v 15.767352 11.117246 4.716144
v 15.765566 11.836548 4.724848
v 15.756704 12.482564 4.474102
v 15.504272 12.482207 4.496027
v 15.513133 11.836192 4.745490
v 15.514917 11.116891 4.735918
v 15.505805 9.914714 4.291935
v 15.497547 9.800862 3.987597
v 15.479868 9.614545 3.341638
v 15.479865 9.557514 2.878915
v 15.479855 9.374190 1.649535
v 15.479836 9.153337 1.266983
v 15.479836 8.473302 0.787403
v 18.172091 7.626873 -0.303205
v 18.172091 7.626873 -0.000000
v 17.987190 7.990918 -0.206243
v 17.761662 8.131077 -0.000000
v 18.172091 7.626873 0.303205
v 17.987190 7.990918 0.206243
v 17.057623 6.957058 0.000000
v 16.976442 6.538983 0.000000
v 16.988781 7.003513 0.466493
v 16.940376 6.556545 0.531291
v 16.940376 6.556545 -0.531291
v 16.988781 7.003513 -0.466493
v 17.822811 6.765285 0.000000
v 17.748823 6.415112 0.000000
v 17.771912 6.799633 0.397047
v 17.727551 6.421478 0.388124
v 17.727551 6.421478 -0.388124
v 17.771912 6.799633 -0.397047
v 18.172609 6.677617 0.000000
v 18.101913 6.356646 0.000000
v 18.121714 6.711967 0.452864
v 18.083378 6.361162 0.291824
v 18.083382 6.361162 -0.291824
v 18.121714 6.711967 -0.452864
v 17.724516 6.422555 0.456493
v 17.745142 6.817698 0.682874
v 18.080345 6.362238 0.427437
v 18.094944 6.730031 0.658188
v 17.724516 6.422555 -0.456493
v 17.745142 6.817699 -0.682874
v 18.094944 6.730031 -0.658188
v 18.080345 6.362238 -0.427437
v 17.955776 7.114940 0.494742
v 18.036022 7.094879 0.507539
v 17.945801 7.121675 0.601310
v 18.026043 7.101615 0.614108
v 17.955780 7.114940 -0.494742
v 18.036024 7.094879 -0.507540
v 18.026045 7.101615 -0.614108
v 17.945801 7.121675 -0.601311
v 18.383614 7.626873 -0.303205
v 18.383614 7.626873 -0.000000
v 18.356846 7.882056 -0.300784
v 18.356846 7.882056 -0.000000
v 18.383614 7.626873 0.303205
v 18.356846 7.882056 0.300784
v 18.172091 7.626873 -0.566843
v 18.148529 7.927519 -0.350803
v 18.356846 7.882056 -0.350803
v 18.383614 7.626873 -0.566843
v 18.172091 7.626873 0.566843
v 18.148529 7.927519 0.350803
v 18.383614 7.626873 0.566843
v 18.356846 7.882056 0.350803
v 18.234468 7.276278 -0.380950
v 18.321238 7.276278 -0.380950
v 18.234468 7.276278 -0.489099
v 18.321238 7.276278 -0.489099
v 18.234468 7.276277 0.380950
v 18.321238 7.276277 0.380950
v 18.321238 7.276277 0.489099
v 18.234468 7.276277 0.489099
v 18.248604 7.229510 -0.398566
v 18.307104 7.229510 -0.398566
v 18.248604 7.229510 -0.471483
v 18.307104 7.229510 -0.471483
v 18.248604 7.229510 0.398566
v 18.307104 7.229510 0.398566
v 18.307104 7.229510 0.471483
v 18.248604 7.229510 0.471483
v 17.986217 7.162839 0.529646
v 18.016775 7.155199 0.534521
v 17.982403 7.165406 0.570248
v 18.012959 7.157768 0.575124
v 17.986221 7.162839 -0.529646
v 18.016779 7.155199 -0.534522
v 18.012962 7.157768 -0.575124
v 17.982407 7.165406 -0.570248
v 16.110140 8.334958 0.520492
v 16.485685 8.230253 0.445037
v 16.110140 8.334958 -0.520492
v 16.485685 8.230253 -0.445037
v 16.471586 7.844052 -0.565482
v 16.471586 7.844052 0.565482
v 17.232903 8.093416 -0.380586
v 17.232903 8.093416 0.380586
vt 0.627292 0.292592
vt 0.627292 0.277996
vt 0.641278 0.277996
vt 0.641278 0.292592
vt 0.946539 0.508446
vt 0.946539 0.493848
vt 0.955581 0.493848
vt 0.955581 0.508446
vt 0.927996 0.729104
vt 0.917810 0.729104
vt 0.917810 0.721188
vt 0.928288 0.721188
vt 0.987337 0.521208
vt 0.978139 0.521208
vt 0.978139 0.362948
vt 0.987337 0.362948
vt 0.628197 0.122427
vt 0.645596 0.110408
vt 0.645596 0.460180
vt 0.628197 0.448161
vt 0.955581 0.676059
vt 0.946539 0.676059
vt 0.978139 0.310042
vt 0.987337 0.310042
vt 0.657114 0.070421
vt 0.675196 0.070421
vt 0.675196 0.500167
vt 0.657114 0.500167
vt 0.459267 0.588401
vt 0.469627 0.588401
vt 0.469627 0.622316
vt 0.459267 0.622316
vt 0.946826 0.676059
vt 0.957121 0.676059
vt 0.957121 0.695693
vt 0.946826 0.695693
vt 0.674356 0.048873
vt 0.692438 0.048873
vt 0.692438 0.521715
vt 0.674356 0.521715
vt 0.469627 0.642072
vt 0.459267 0.642072
vt 0.957121 0.745638
vt 0.946826 0.745638
vt 0.718216 0.004883
vt 0.719531 0.022930
vt 0.719531 0.547658
vt 0.719531 0.562254
vt 0.469627 0.673115
vt 0.459267 0.673115
vt 0.957121 0.773159
vt 0.946826 0.773159
vt 0.742384 0.012092
vt 0.742714 0.031727
vt 0.742714 0.538861
vt 0.742714 0.553458
vt 0.469627 0.699677
vt 0.459267 0.699677
vt 0.957121 0.793171
vt 0.946539 0.795717
vt 0.762195 0.005294
vt 0.771361 0.021773
vt 0.774550 0.542703
vt 0.774550 0.557299
vt 0.469627 0.736155
vt 0.459267 0.736155
vt 0.782152 0.005383
vt 0.777771 0.017743
vt 0.790707 0.552290
vt 0.790707 0.566886
vt 0.469627 0.754667
vt 0.459267 0.754667
vt 0.779781 0.584122
vt 0.768237 0.588920
vt 0.408340 0.085892
vt 0.397398 0.085892
vt 0.397398 0.072670
vt 0.408340 0.072670
vt 0.644990 0.028687
vt 0.644594 0.033251
vt 0.644094 0.033237
vt 0.644491 0.028672
vt 0.079954 0.542253
vt 0.070254 0.542253
vt 0.070254 0.526720
vt 0.082827 0.526720
vt 0.375104 0.034392
vt 0.369906 0.024659
vt 0.370158 0.004697
vt 0.378938 0.031883
vt 0.918534 0.157601
vt 0.933853 0.155150
vt 0.923263 0.185551
vt 0.918565 0.185577
vt 0.078488 0.004725
vt 0.078913 0.019006
vt 0.076609 0.037473
vt 0.072693 0.034909
vt 0.386349 0.816503
vt 0.386349 0.821431
vt 0.384607 0.821458
vt 0.384988 0.816535
vt 0.383778 0.046692
vt 0.387612 0.044182
vt 0.963437 0.201825
vt 0.968309 0.201448
vt 0.968309 0.210702
vt 0.963437 0.211079
vt 0.067747 0.050039
vt 0.063831 0.047475
vt 0.375255 0.821458
vt 0.375636 0.816535
vt 0.390697 0.050686
vt 0.392869 0.046650
vt 0.968263 0.216287
vt 0.963393 0.216687
vt 0.060701 0.054099
vt 0.058482 0.049976
vt 0.331572 0.058031
vt 0.331220 0.062597
vt 0.330448 0.062743
vt 0.330803 0.058178
vt 0.850386 0.043470
vt 0.845724 0.043445
vt 0.845779 0.036079
vt 0.850441 0.036104
vt 0.379944 0.049201
vt 0.388526 0.054722
vt 0.386800 0.056568
vt 0.382701 0.056415
vt 0.364111 0.037495
vt 0.368985 0.037895
vt 0.368927 0.039725
vt 0.364053 0.039337
vt 0.062919 0.058223
vt 0.071664 0.052602
vt 0.068847 0.059973
vt 0.064670 0.060125
vt 0.845801 0.029547
vt 0.850463 0.029572
vt 0.385910 0.062899
vt 0.383588 0.062812
vt 0.644135 0.066672
vt 0.648733 0.066643
vt 0.648712 0.073020
vt 0.644113 0.073049
vt 0.067940 0.066509
vt 0.065575 0.066593
vt 0.845804 0.025969
vt 0.850466 0.025994
vt 0.385053 0.066394
vt 0.382990 0.066316
vt 0.648708 0.076540
vt 0.644110 0.076570
vt 0.068552 0.070090
vt 0.066449 0.070164
vt 0.845820 0.021694
vt 0.850482 0.021719
vt 0.385183 0.070534
vt 0.384412 0.070503
vt 0.648692 0.080710
vt 0.644094 0.080740
vt 0.067099 0.074367
vt 0.066313 0.074394
vt 0.412932 0.054002
vt 0.413846 0.050576
vt 0.968223 0.238649
vt 0.963353 0.239067
vt 0.038000 0.057495
vt 0.037066 0.053995
vt 0.364151 0.012411
vt 0.369025 0.012829
vt 0.421301 0.055033
vt 0.421814 0.051525
vt 0.968211 0.247145
vt 0.963341 0.247568
vt 0.029455 0.058548
vt 0.028930 0.054963
vt 0.690692 0.053227
vt 0.690301 0.057792
vt 0.688901 0.057982
vt 0.689293 0.053418
vt 0.364215 0.004891
vt 0.369089 0.005310
vt 0.412018 0.057428
vt 0.420788 0.058542
vt 0.423423 0.064957
vt 0.419061 0.065337
vt 0.240937 0.152699
vt 0.245569 0.152661
vt 0.245508 0.159171
vt 0.240876 0.159208
vt 0.029979 0.062133
vt 0.038934 0.060996
vt 0.031738 0.069076
vt 0.027283 0.068688
vt 0.564680 0.377420
vt 0.560082 0.377382
vt 0.560096 0.362511
vt 0.564694 0.362548
vt 0.425280 0.080162
vt 0.421910 0.080101
vt 0.245494 0.174600
vt 0.240862 0.174637
vt 0.028827 0.084161
vt 0.025386 0.084223
vt 0.560123 0.344425
vt 0.564721 0.344462
vt 0.421407 0.098082
vt 0.420007 0.098057
vt 0.245467 0.192783
vt 0.240835 0.192820
vt 0.030772 0.102506
vt 0.029342 0.102532
vt 0.432984 0.058403
vt 0.433399 0.055561
vt 0.968547 0.259504
vt 0.963677 0.259928
vt 0.017519 0.062000
vt 0.017095 0.059096
vt 0.917563 0.053116
vt 0.912934 0.052714
vt 0.913263 0.040766
vt 0.917893 0.041169
vt 0.438488 0.060462
vt 0.441695 0.058886
vt 0.968787 0.268392
vt 0.963917 0.268778
vt 0.011859 0.064120
vt 0.008583 0.062509
vt 0.913338 0.038014
vt 0.917968 0.038382
vt 0.446518 0.082205
vt 0.450091 0.082160
vt 0.985856 0.004910
vt 0.990574 0.004896
vt 0.990751 0.028971
vt 0.986033 0.028964
vt 0.003650 0.086355
vt 0.000000 0.086309
vt 0.458328 0.397292
vt 0.453666 0.397279
vt 0.453829 0.376643
vt 0.458490 0.376636
vt 0.446691 0.095215
vt 0.449050 0.095185
vt 0.990682 0.042433
vt 0.985964 0.042426
vt 0.003489 0.099647
vt 0.001079 0.099616
vt 0.453831 0.363376
vt 0.458492 0.363369
vt 0.442180 0.106899
vt 0.442679 0.106893
vt 0.990463 0.054533
vt 0.985744 0.054526
vt 0.008123 0.111584
vt 0.007613 0.111578
vt 0.453720 0.351470
vt 0.458382 0.351464
vt 0.978139 0.536057
vt 0.987337 0.536057
vt 0.059403 0.072728
vt 0.044807 0.072728
vt 0.044807 0.063687
vt 0.059403 0.063687
vt 0.955581 0.326235
vt 0.946539 0.326235
vt 0.978139 0.694317
vt 0.987337 0.694317
vt 0.917810 0.593823
vt 0.917810 0.559520
vt 0.928288 0.559520
vt 0.928288 0.593823
vt 0.978139 0.747223
vt 0.987337 0.747223
vt 0.917810 0.613804
vt 0.928288 0.613804
vt 0.654146 0.203431
vt 0.654146 0.184262
vt 0.664198 0.184262
vt 0.664198 0.203431
vt 0.917810 0.645202
vt 0.928288 0.645202
vt 0.654146 0.253656
vt 0.664198 0.253656
vt 0.917810 0.672067
vt 0.928288 0.672067
vt 0.654146 0.279430
vt 0.664198 0.279430
vt 0.917810 0.705267
vt 0.928288 0.705267
vt 0.654146 0.314825
vt 0.664198 0.314825
vt 0.928288 0.712695
vt 0.917810 0.712695
vt 0.397398 0.058700
vt 0.408340 0.058700
vt 0.485200 0.185851
vt 0.485200 0.153919
vt 0.494330 0.153919
vt 0.494330 0.185851
vt 0.184827 0.071051
vt 0.190694 0.071051
vt 0.191322 0.079329
vt 0.184910 0.076385
vt 0.395827 0.816503
vt 0.395827 0.821431
vt 0.623906 0.292590
vt 0.609920 0.292590
vt 0.609920 0.277994
vt 0.623906 0.277994
vt 0.964624 0.508446
vt 0.964624 0.493848
vt 0.907625 0.729104
vt 0.907333 0.721188
vt 0.968942 0.521208
vt 0.968942 0.362948
vt 0.605602 0.110407
vt 0.623000 0.122426
vt 0.623000 0.448159
vt 0.605602 0.460178
vt 0.964624 0.676059
vt 0.968942 0.310042
vt 0.576001 0.070419
vt 0.594084 0.070419
vt 0.594084 0.500165
vt 0.576001 0.500165
vt 0.479986 0.588401
vt 0.479986 0.622316
vt 0.967417 0.676059
vt 0.967417 0.695693
vt 0.558759 0.048871
vt 0.576842 0.048871
vt 0.576842 0.521713
vt 0.558759 0.521713
vt 0.479986 0.642072
vt 0.967417 0.745638
vt 0.531666 0.022928
vt 0.532981 0.004881
vt 0.531666 0.562253
vt 0.531666 0.547656
vt 0.479986 0.673115
vt 0.967417 0.773159
vt 0.508484 0.031725
vt 0.508813 0.012090
vt 0.508484 0.553456
vt 0.508484 0.538860
vt 0.479986 0.699677
vt 0.967704 0.795717
vt 0.479836 0.021771
vt 0.489003 0.005292
vt 0.476647 0.557297
vt 0.476647 0.542701
vt 0.479986 0.736155
vt 0.473426 0.017741
vt 0.469045 0.005381
vt 0.460491 0.566885
vt 0.460491 0.552289
vt 0.479986 0.754667
vt 0.482960 0.588919
vt 0.471417 0.584121
vt 0.386457 0.085892
vt 0.386457 0.072670
vt 0.700998 0.046069
vt 0.700602 0.041504
vt 0.701101 0.041490
vt 0.701498 0.046054
vt 0.060555 0.542253
vt 0.057682 0.526720
vt 0.735481 0.056594
vt 0.730283 0.066328
vt 0.726449 0.063819
vt 0.735228 0.036632
vt 0.576884 0.208856
vt 0.576915 0.180880
vt 0.581613 0.180905
vt 0.592203 0.211306
vt 0.171303 0.004881
vt 0.177012 0.034613
vt 0.173154 0.037138
vt 0.168278 0.027333
vt 0.405305 0.816503
vt 0.406667 0.816535
vt 0.407048 0.821458
vt 0.405305 0.821431
vt 0.721609 0.078627
vt 0.717775 0.076118
vt 0.868224 0.330257
vt 0.868224 0.321003
vt 0.873095 0.321380
vt 0.873095 0.330634
vt 0.185741 0.046991
vt 0.181883 0.049516
vt 0.416019 0.816535
vt 0.416400 0.821458
vt 0.714690 0.082622
vt 0.712518 0.078586
vt 0.868179 0.315395
vt 0.873049 0.315796
vt 0.191010 0.049454
vt 0.188824 0.053515
vt 0.817720 0.061154
vt 0.818489 0.061301
vt 0.818843 0.065866
vt 0.818072 0.065720
vt 0.200691 0.004896
vt 0.200746 0.012263
vt 0.196084 0.012287
vt 0.196029 0.004921
vt 0.725442 0.081137
vt 0.722686 0.088351
vt 0.718587 0.088504
vt 0.716861 0.086658
vt 0.459325 0.194994
vt 0.459267 0.193152
vt 0.464141 0.192763
vt 0.464199 0.194593
vt 0.186639 0.057577
vt 0.184914 0.059451
vt 0.180800 0.059301
vt 0.178025 0.052041
vt 0.200768 0.018794
vt 0.196106 0.018819
vt 0.721799 0.094748
vt 0.719477 0.094835
vt 0.481711 0.079538
vt 0.481690 0.073161
vt 0.486288 0.073191
vt 0.486310 0.079568
vt 0.184023 0.065822
vt 0.181693 0.065739
vt 0.200771 0.022372
vt 0.196109 0.022398
vt 0.722397 0.098252
vt 0.720334 0.098330
vt 0.481686 0.069641
vt 0.486285 0.069670
vt 0.183162 0.069340
vt 0.181091 0.069266
vt 0.200787 0.026648
vt 0.196125 0.026673
vt 0.720975 0.102439
vt 0.720204 0.102470
vt 0.481670 0.065471
vt 0.486269 0.065500
vt 0.183296 0.073506
vt 0.182522 0.073480
vt 0.692455 0.085938
vt 0.691541 0.082511
vt 0.868139 0.293015
vt 0.873009 0.293433
vt 0.212104 0.053412
vt 0.211185 0.056860
vt 0.464239 0.219660
vt 0.459365 0.220078
vt 0.684086 0.086969
vt 0.683573 0.083460
vt 0.868127 0.284514
vt 0.872997 0.284938
vt 0.220118 0.054366
vt 0.219602 0.057897
vt 0.481670 0.038666
vt 0.483070 0.038857
vt 0.483462 0.043421
vt 0.482062 0.043231
vt 0.464303 0.227179
vt 0.459429 0.227597
vt 0.693369 0.089364
vt 0.686326 0.097273
vt 0.681964 0.096892
vt 0.684599 0.090478
vt 0.565785 0.354362
vt 0.565724 0.347853
vt 0.570355 0.347891
vt 0.570417 0.354401
vt 0.219086 0.061428
vt 0.221741 0.067885
vt 0.217353 0.068268
vt 0.210265 0.060308
vt 0.503071 0.211603
vt 0.503085 0.226474
vt 0.498487 0.226511
vt 0.498473 0.211640
vt 0.683477 0.112037
vt 0.680107 0.112098
vt 0.565710 0.332424
vt 0.570341 0.332462
vt 0.223609 0.083188
vt 0.220220 0.083126
vt 0.503112 0.244560
vt 0.498514 0.244597
vt 0.685380 0.129993
vt 0.683980 0.130018
vt 0.565683 0.314241
vt 0.570314 0.314279
vt 0.219713 0.101222
vt 0.218305 0.101197
vt 0.672403 0.090339
vt 0.671987 0.087497
vt 0.868463 0.272154
vt 0.873333 0.272579
vt 0.231777 0.058437
vt 0.231358 0.061297
vt 0.519905 0.050381
vt 0.520234 0.062328
vt 0.515605 0.062731
vt 0.515275 0.050783
vt 0.666899 0.092398
vt 0.663692 0.090822
vt 0.868703 0.263304
vt 0.873573 0.263690
vt 0.240161 0.061800
vt 0.236934 0.063386
vt 0.520310 0.065116
vt 0.515680 0.065483
vt 0.658869 0.114141
vt 0.655296 0.114096
vt 0.599399 0.159125
vt 0.599576 0.135071
vt 0.604295 0.135064
vt 0.604118 0.159139
vt 0.248615 0.085242
vt 0.245020 0.085287
vt 0.004661 0.352838
vt 0.004824 0.373494
vt 0.000162 0.373488
vt 0.000000 0.352852
vt 0.658695 0.127150
vt 0.656337 0.127121
vt 0.599507 0.121609
vt 0.604226 0.121602
vt 0.247552 0.098350
vt 0.245178 0.098380
vt 0.004826 0.386761
vt 0.000164 0.386755
vt 0.663207 0.138834
vt 0.662708 0.138828
vt 0.599288 0.109509
vt 0.604006 0.109502
vt 0.241117 0.110133
vt 0.240614 0.110139
vt 0.004715 0.398667
vt 0.000054 0.398660
vt 0.968942 0.536057
vt 0.059403 0.081769
vt 0.044807 0.081769
vt 0.964624 0.326235
vt 0.968942 0.694317
vt 0.907333 0.593823
vt 0.907333 0.559520
vt 0.968942 0.747223
vt 0.907333 0.613804
vt 0.644094 0.203431
vt 0.644094 0.184262
vt 0.907333 0.645202
vt 0.644094 0.253656
vt 0.907333 0.672067
vt 0.644094 0.279430
vt 0.907333 0.705267
vt 0.644094 0.314825
vt 0.907333 0.712695
vt 0.386457 0.058700
vt 0.476070 0.185851
vt 0.476070 0.153919
vt 0.184910 0.065716
vt 0.191322 0.062773
vt 0.218901 0.036665
vt 0.220874 0.043739
vt 0.215134 0.036665
vt 0.204997 0.037063
vt 0.204628 0.040170
vt 0.190069 0.040018
vt 0.188300 0.033302
vt 0.070254 0.519992
vt 0.084501 0.519992
vt 0.056008 0.519992
vt 0.598857 0.364016
vt 0.575793 0.374772
vt 0.584040 0.361083
vt 0.599726 0.357350
vt 0.568282 0.367709
vt 0.570240 0.360688
vt 0.573979 0.360688
vt 0.791930 0.005471
vt 0.785100 0.013442
vt 0.466098 0.013440
vt 0.459267 0.005469
vt 0.735733 0.066374
vt 0.734116 0.068837
vt 0.672819 0.093181
vt 0.670105 0.093974
vt 0.662441 0.114186
vt 0.661054 0.127180
vt 0.663707 0.138840
vt 0.700499 0.046084
vt 0.700102 0.041519
vt 0.240112 0.110145
vt 0.242804 0.098410
vt 0.241424 0.085333
vt 0.233707 0.064972
vt 0.230940 0.064157
vt 0.169296 0.039663
vt 0.168025 0.037176
vt 0.666192 0.018076
vt 0.665214 0.028737
vt 0.660897 0.022120
vt 0.908953 0.073868
vt 0.908953 0.068358
vt 0.913590 0.068402
vt 0.913590 0.073868
vt 0.908953 0.079377
vt 0.913590 0.079333
vt 0.247413 0.015524
vt 0.246436 0.004863
vt 0.251731 0.008907
vt 0.081817 0.037511
vt 0.080526 0.040036
vt 0.017944 0.064903
vt 0.015136 0.065731
vt 0.007301 0.086401
vt 0.005900 0.099677
vt 0.008633 0.111590
vt 0.645093 0.033266
vt 0.645489 0.028701
vt 0.444332 0.095244
vt 0.441680 0.106905
vt 0.442946 0.082250
vt 0.435282 0.062039
vt 0.432568 0.061245
vt 0.371271 0.036902
vt 0.369654 0.034439
vt 0.833751 0.046383
vt 0.823321 0.046383
vt 0.828261 0.015463
vt 0.833751 0.015463
vt 0.572799 0.346716
vt 0.577461 0.360951
vt 0.844182 0.046383
vt 0.839242 0.015463
vt 0.216324 0.022588
vt 0.211626 0.036930
vt 0.425654 0.043721
vt 0.414461 0.043721
vt 0.416589 0.033534
vt 0.425654 0.032197
vt 0.187371 0.028099
vt 0.195792 0.027187
vt 0.070254 0.514098
vt 0.080281 0.514779
vt 0.060228 0.514779
vt 0.593177 0.351281
vt 0.601534 0.352186
vt 0.436848 0.043721
vt 0.434719 0.033534
vt 0.417939 0.018317
vt 0.425654 0.017328
vt 0.184827 0.013270
vt 0.191951 0.012434
vt 0.070254 0.499522
vt 0.077579 0.499923
vt 0.062930 0.499923
vt 0.596989 0.336638
vt 0.604060 0.337468
vt 0.433369 0.018317
vt 0.416854 0.011519
vt 0.425654 0.010530
vt 0.083142 0.499591
vt 0.078869 0.499981
vt 0.078321 0.493266
vt 0.082676 0.492990
vt 0.070254 0.492858
vt 0.075762 0.493208
vt 0.064747 0.493208
vt 0.061639 0.499981
vt 0.057367 0.499591
vt 0.057833 0.492990
vt 0.062188 0.493266
vt 0.434454 0.011519
vt 0.666667 0.012060
vt 0.666498 0.004896
vt 0.667793 0.004916
vt 0.672082 0.012403
vt 0.191652 0.083082
vt 0.184929 0.078864
vt 0.214390 0.006635
vt 0.213719 0.006743
vt 0.213635 0.005851
vt 0.214306 0.005744
vt 0.660880 0.033831
vt 0.660711 0.040995
vt 0.655296 0.041338
vt 0.659585 0.033851
vt 0.236122 0.004891
vt 0.236793 0.004999
vt 0.236710 0.005890
vt 0.236038 0.005783
vt 0.184929 0.063238
vt 0.191652 0.059019
vt 0.432124 0.052045
vt 0.425662 0.050425
vt 0.429059 0.044600
vt 0.430541 0.044971
vt 0.670537 0.018162
vt 0.668518 0.018034
vt 0.218432 0.006486
vt 0.224827 0.004884
vt 0.223567 0.011677
vt 0.222100 0.012043
vt 0.198321 0.080328
vt 0.198445 0.082276
vt 0.677699 0.032098
vt 0.684161 0.030479
vt 0.682578 0.037553
vt 0.681096 0.037923
vt 0.198445 0.059825
vt 0.198321 0.061773
vt 0.784909 0.024590
vt 0.778514 0.022987
vt 0.782182 0.017430
vt 0.783649 0.017797
vt 0.658860 0.046969
vt 0.656841 0.047097
vt 0.828261 0.011633
vt 0.833751 0.011633
vt 0.406881 0.768835
vt 0.402668 0.769294
vt 0.402668 0.765232
vt 0.406881 0.764710
vt 0.399849 0.772440
vt 0.395827 0.776838
vt 0.395827 0.765232
vt 0.401693 0.765232
vt 0.839242 0.011633
vt 0.391806 0.772440
vt 0.389962 0.765232
vt 0.388987 0.769294
vt 0.384774 0.768835
vt 0.384774 0.764710
vt 0.388987 0.765232
vt 0.503445 0.064338
vt 0.505274 0.071204
vt 0.502547 0.070008
vt 0.498473 0.064338
vt 0.908953 0.063567
vt 0.913590 0.067493
vt 0.824378 0.011403
vt 0.823321 0.011403
vt 0.823321 0.010084
vt 0.824378 0.010084
vt 0.274440 0.124474
vt 0.276269 0.117608
vt 0.281241 0.117608
vt 0.277166 0.123278
vt 0.940938 0.004896
vt 0.941996 0.004896
vt 0.941996 0.006215
vt 0.940938 0.006215
vt 0.913590 0.080242
vt 0.908953 0.084168
vt 0.048683 0.051019
vt 0.044807 0.051019
vt 0.045950 0.044594
vt 0.047540 0.044594
vt 0.499939 0.057726
vt 0.501979 0.057726
vt 0.056008 0.040771
vt 0.059884 0.040771
vt 0.058741 0.047196
vt 0.057151 0.047196
vt 0.902582 0.066945
vt 0.902582 0.064980
vt 0.520876 0.044090
vt 0.524752 0.044090
vt 0.523609 0.050515
vt 0.522019 0.050515
vt 0.902582 0.082756
vt 0.902582 0.080790
vt 0.423938 0.051003
vt 0.420061 0.051003
vt 0.421205 0.044578
vt 0.422795 0.044578
vt 0.277735 0.110996
vt 0.279775 0.110996
vt 0.046209 0.043737
vt 0.047281 0.043737
vt 0.500271 0.056844
vt 0.501647 0.056844
vt 0.058482 0.048053
vt 0.057410 0.048053
vt 0.901732 0.066625
vt 0.901732 0.065300
vt 0.523350 0.051372
vt 0.522278 0.051372
vt 0.901732 0.082435
vt 0.901732 0.081110
vt 0.421464 0.043721
vt 0.422536 0.043721
vt 0.278067 0.110114
vt 0.279442 0.110114
vt 0.429621 0.043715
vt 0.430186 0.043856
vt 0.669948 0.018990
vt 0.669179 0.018942
vt 0.212831 0.005168
vt 0.214594 0.004887
vt 0.199424 0.080822
vt 0.199471 0.081564
vt 0.682223 0.038667
vt 0.681658 0.038808
vt 0.199471 0.060538
vt 0.199424 0.061280
vt 0.236997 0.006746
vt 0.235234 0.006465
vt 0.658199 0.047877
vt 0.657430 0.047926
vt 0.207535 0.004895
vt 0.214393 0.008379
vt 0.395827 0.801857
vt 0.387149 0.801719
vt 0.388406 0.787149
vt 0.385678 0.809042
vt 0.223493 0.050947
vt 0.220874 0.043739
vt 0.565683 0.374863
vt 0.568282 0.367709
vt 0.404505 0.801719
vt 0.405977 0.809042
vt 0.403249 0.787149
vt 0.574715 0.332613
vt 0.581522 0.329156
vn 0.000000 0.000000 1.000000
vn 0.000000 0.000000 1.000000
vn 0.000000 0.000000 1.000000
vn 0.000000 0.000000 1.000000
vn 0.000000 1.000000 0.000000
vn 0.000000 1.000000 0.000000
vn 0.000000 1.000000 0.000000
vn 0.000000 1.000000 0.000000
vn -0.650707 0.759329 0.000000
vn -0.650707 0.759329 0.000000
vn -0.650707 0.759329 0.000000
vn -0.650707 0.759329 0.000000
vn 0.005821 -0.999983 0.000000
vn 0.005821 -0.999983 0.000000
vn 0.005821 -0.999983 0.000000
vn 0.005821 -0.999983 0.000000
vn 0.000000 0.000000 1.000000
vn 0.000000 0.000000 1.000000
vn 0.000000 0.000000 1.000000
vn 0.000000 0.000000 1.000000
vn 0.000000 0.000000 1.000000
vn 0.000000 0.000000 1.000000
vn 0.000000 0.000000 1.000000
vn 0.000000 0.000000 1.000000
vn 0.025760 0.999668 0.000000
vn 0.025760 0.999668 0.000000
vn 0.025760 0.999668 0.000000
vn 0.025760 0.999668 0.000000
vn 0.485952 -0.873985 0.000000
vn 0.485952 -0.873985 0.000000
vn 0.485952 -0.873985 0.000000
vn 0.485952 -0.873985 0.000000
vn 0.000000 0.000000 1.000000
vn 0.000000 0.000000 1.000000
vn 0.000000 0.000000 1.000000
vn 0.000000 0.000000 1.000000
vn -0.000000 0.000000 1.000000
vn -0.000000 0.000000 1.000000
vn -0.000000 0.000000 1.000000
vn -0.000000 0.000000 1.000000
vn 0.594968 0.803749 0.000000
vn 0.594968 0.803749 0.000000
vn 0.594968 0.803749 0.000000
vn 0.594968 0.803749 0.000000
vn 0.624764 -0.780814 0.000000
vn 0.624764 -0.780814 0.000000
vn 0.624764 -0.780814 0.000000
vn 0.624764 -0.780814 0.000000
vn 0.000000 0.000000 1.000000
vn 0.000000 0.000000 1.000000
vn 0.000000 0.000000 1.000000
vn 0.000000 0.000000 1.000000
vn 0.000000 0.000000 1.000000
vn 0.000000 0.000000 1.000000
vn 0.000000 0.000000 1.000000
vn 0.000000 0.000000 1.000000
vn 0.624764 0.780814 0.000000
vn 0.624764 0.780814 0.000000
vn 0.624764 0.780814 0.000000
vn 0.624764 0.780814 0.000000
vn 0.706063 -0.708149 0.000000
vn 0.706063 -0.708149 0.000000
vn 0.706063 -0.708149 0.000000
vn 0.706063 -0.708149 0.000000
vn 0.000000 0.000000 1.000000
vn 0.000000 0.000000 1.000000
vn 0.000000 0.000000 1.000000
vn 0.000000 0.000000 1.000000
vn 0.000000 0.000000 1.000000
vn 0.000000 0.000000 1.000000
vn 0.000000 0.000000 1.000000
vn 0.000000 0.000000 1.000000
vn 0.722271 0.691610 0.000000
vn 0.722271 0.691610 0.000000
vn 0.722271 0.691610 0.000000
vn 0.722271 0.691610 0.000000
vn 0.958272 0.285857 0.000000
vn 0.958272 0.285857 0.000000
vn 0.958272 0.285857 0.000000
vn 0.958272 0.285857 0.000000
vn 0.000000 0.000000 1.000000
vn 0.000000 0.000000 1.000000
vn 0.000000 0.000000 1.000000
vn 0.000000 0.000000 1.000000
vn 0.000000 0.000000 1.000000
vn 0.000000 0.000000 1.000000
vn 0.000000 0.000000 1.000000
vn 0.000000 0.000000 1.000000
vn 0.934954 -0.354770 0.000000
vn 0.934954 -0.354770 0.000000
vn 0.934954 -0.354770 0.000000
vn 0.934954 -0.354770 0.000000
vn 0.938873 -0.341732 0.041676
vn 0.938873 -0.341732 0.041676
vn 0.938873 -0.341732 0.041676
vn 0.938873 -0.341732 0.041676
vn -0.007654 -0.002557 0.999968
vn -0.007654 -0.002557 0.999968
vn -0.007654 -0.002557 0.999968
vn -0.007654 -0.002557 0.999968
vn 0.000000 0.000000 1.000000
vn 0.000000 0.000000 1.000000
vn 0.000000 0.000000 1.000000
vn 0.000000 0.000000 1.000000
vn 0.992800 0.119785 0.000000
vn 0.992800 0.119785 0.000000
vn 0.992800 0.119785 0.000000
vn 0.992800 0.119785 0.000000
vn -0.006983 0.010606 0.999919
vn -0.006983 0.010606 0.999919
vn -0.006983 0.010606 0.999919
vn -0.006983 0.010606 0.999919
vn 0.000000 0.000000 1.000000
vn 0.000000 0.000000 1.000000
vn 0.000000 0.000000 1.000000
vn 0.000000 0.000000 1.000000
vn 0.859980 0.510328 0.000000
vn 0.859980 0.510328 0.000000
vn 0.859980 0.510328 0.000000
vn 0.859980 0.510328 0.000000
vn 0.000000 0.000000 1.000000
vn 0.000000 0.000000 1.000000
vn 0.000000 0.000000 1.000000
vn 0.000000 0.000000 1.000000
vn -0.535390 0.844605 0.000000
vn -0.535390 0.844605 0.000000
vn -0.535390 0.844605 0.000000
vn -0.535390 0.844605 0.000000
vn -0.000354 0.999925 0.012234
vn -0.000354 0.999925 0.012234
vn -0.000354 0.999925 0.012234
vn -0.000354 0.999925 0.012234
vn -0.214645 -0.943132 0.253830
vn -0.214645 -0.943132 0.253830
vn -0.214645 -0.943132 0.253830
vn -0.214645 -0.943132 0.253830
vn -0.999825 -0.005856 0.017740
vn -0.999826 -0.005856 0.017740
vn -0.999825 -0.005856 0.017740
vn -0.999826 -0.005856 0.017740
vn -0.150702 -0.269559 0.951119
vn -0.150702 -0.269559 0.951119
vn -0.150702 -0.269559 0.951119
vn -0.150702 -0.269559 0.951119
vn 0.701435 0.188292 0.687412
vn 0.701435 0.188292 0.687412
vn 0.701435 0.188292 0.687412
vn 0.701435 0.188292 0.687412
vn -0.030181 0.503553 -0.863437
vn -0.030181 0.503553 -0.863437
vn -0.030181 0.503553 -0.863437
vn -0.030181 0.503553 -0.863437
vn -0.999682 -0.014539 0.020615
vn -0.999682 -0.014539 0.020615
vn -0.999682 -0.014539 0.020615
vn -0.999682 -0.014539 0.020615
vn 0.060020 -0.575286 0.815747
vn 0.060020 -0.575286 0.815747
vn 0.060020 -0.575286 0.815747
vn 0.060020 -0.575286 0.815747
vn 0.999682 0.014531 -0.020609
vn 0.999682 0.014531 -0.020609
vn 0.999682 0.014531 -0.020609
vn 0.999682 0.014531 -0.020609
vn -0.060015 0.575287 -0.815747
vn -0.060015 0.575287 -0.815747
vn -0.060015 0.575287 -0.815747
vn -0.060015 0.575287 -0.815747
vn -0.999737 -0.021492 0.007967
vn -0.999737 -0.021492 0.007967
vn -0.999737 -0.021492 0.007967
vn -0.999737 -0.021492 0.007967
vn 0.026937 -0.905148 0.424243
vn 0.026937 -0.905148 0.424243
vn 0.026937 -0.905148 0.424243
vn 0.026937 -0.905148 0.424243
vn 0.999736 0.021567 -0.007868
vn 0.999736 0.021567 -0.007868
vn 0.999736 0.021567 -0.007868
vn 0.999736 0.021567 -0.007868
vn 0.003103 0.999347 -0.036011
vn 0.003103 0.999347 -0.036011
vn 0.003103 0.999347 -0.036011
vn 0.003103 0.999347 -0.036011
vn -0.070070 0.356522 -0.931656
vn -0.070070 0.356522 -0.931656
vn -0.070070 0.356522 -0.931656
vn -0.070070 0.356522 -0.931656
vn -0.999998 0.000203 -0.001810
vn -0.999998 0.000203 -0.001810
vn -0.999998 0.000203 -0.001810
vn -0.999998 0.000203 -0.001810
vn 0.064667 0.679665 0.730666
vn 0.064667 0.679665 0.730667
vn 0.064667 0.679665 0.730667
vn 0.064667 0.679665 0.730666
vn 0.999998 -0.000168 0.001939
vn 0.999998 -0.000168 0.001939
vn 0.999998 -0.000168 0.001939
vn 0.999998 -0.000168 0.001939
vn -0.075459 0.137300 -0.987651
vn -0.075459 0.137300 -0.987651
vn -0.075459 0.137300 -0.987651
vn -0.075459 0.137300 -0.987651
vn -0.999639 -0.000006 -0.026882
vn -0.999639 -0.000006 -0.026882
vn -0.999639 -0.000006 -0.026882
vn -0.999639 -0.000006 -0.026882
vn 0.078995 0.138686 0.987181
vn 0.078995 0.138686 0.987181
vn 0.078995 0.138686 0.987181
vn 0.078995 0.138686 0.987181
vn 0.999626 -0.000011 0.027336
vn 0.999626 -0.000011 0.027336
vn 0.999626 -0.000011 0.027336
vn 0.999626 -0.000011 0.027336
vn -0.076725 -0.167797 -0.982831
vn -0.076725 -0.167797 -0.982831
vn -0.076725 -0.167797 -0.982831
vn -0.076725 -0.167797 -0.982831
vn -0.998683 -0.010447 -0.050235
vn -0.998683 -0.010447 -0.050235
vn -0.998683 -0.010447 -0.050235
vn -0.998683 -0.010447 -0.050235
vn 0.077524 0.237366 0.968322
vn 0.077524 0.237366 0.968322
vn 0.077524 0.237366 0.968322
vn 0.077524 0.237366 0.968322
vn 0.998646 0.010596 0.050940
vn 0.998646 0.010596 0.050940
vn 0.998646 0.010596 0.050940
vn 0.998645 0.010596 0.050940
vn -0.071136 0.321045 -0.944389
vn -0.071136 0.321045 -0.944389
vn -0.071136 0.321045 -0.944389
vn -0.071136 0.321045 -0.944389
vn -0.995610 0.017144 -0.092021
vn -0.995610 0.017144 -0.092021
vn -0.995610 0.017144 -0.092021
vn -0.995610 0.017144 -0.092021
vn 0.077526 -0.031460 0.996494
vn 0.077526 -0.031460 0.996494
vn 0.077526 -0.031460 0.996494
vn 0.077526 -0.031460 0.996494
vn 0.995510 -0.017389 0.093042
vn 0.995510 -0.017389 0.093042
vn 0.995510 -0.017389 0.093042
vn 0.995510 -0.017389 0.093042
vn -0.999902 -0.013928 0.001476
vn -0.999902 -0.013928 0.001476
vn -0.999902 -0.013928 0.001476
vn -0.999902 -0.013928 0.001476
vn 0.006644 -0.982867 0.184198
vn 0.006644 -0.982867 0.184199
vn 0.006644 -0.982867 0.184198
vn 0.006644 -0.982867 0.184198
vn 0.999902 0.013932 -0.001465
vn 0.999902 0.013932 -0.001465
vn 0.999902 0.013932 -0.001465
vn 0.999902 0.013932 -0.001465
vn -0.000704 0.993409 -0.114620
vn -0.000704 0.993409 -0.114620
vn -0.000704 0.993409 -0.114620
vn -0.000704 0.993409 -0.114620
vn -0.999963 -0.008577 0.000371
vn -0.999963 -0.008577 0.000371
vn -0.999963 -0.008577 0.000371
vn -0.999963 -0.008577 0.000371
vn 0.002038 -0.992985 0.118222
vn 0.002038 -0.992985 0.118222
vn 0.002038 -0.992985 0.118222
vn 0.002038 -0.992985 0.118222
vn 0.999963 0.008586 -0.000357
vn 0.999963 0.008586 -0.000357
vn 0.999963 0.008586 -0.000357
vn 0.999963 0.008586 -0.000357
vn 0.006662 0.999833 -0.017034
vn 0.006662 0.999833 -0.017034
vn 0.006662 0.999833 -0.017034
vn 0.006662 0.999833 -0.017034
vn -0.058538 0.664120 -0.745331
vn -0.058538 0.664120 -0.745331
vn -0.058538 0.664120 -0.745331
vn -0.058538 0.664120 -0.745331
vn -0.999956 0.005270 -0.007764
vn -0.999956 0.005270 -0.007764
vn -0.999956 0.005270 -0.007764
vn -0.999956 0.005270 -0.007764
vn 0.076797 -0.378440 0.922435
vn 0.076797 -0.378440 0.922435
vn 0.076797 -0.378440 0.922435
vn 0.076797 -0.378440 0.922435
vn 0.999955 -0.005285 0.007819
vn 0.999956 -0.005285 0.007819
vn 0.999956 -0.005285 0.007819
vn 0.999956 -0.005285 0.007819
vn -0.082394 0.188925 -0.978529
vn -0.082394 0.188925 -0.978529
vn -0.082394 0.188925 -0.978529
vn -0.082394 0.188925 -0.978529
vn -0.999488 0.004960 -0.031598
vn -0.999488 0.004960 -0.031598
vn -0.999488 0.004960 -0.031598
vn -0.999488 0.004960 -0.031598
vn 0.084356 -0.120688 0.989100
vn 0.084356 -0.120688 0.989100
vn 0.084356 -0.120688 0.989100
vn 0.084356 -0.120688 0.989100
vn 0.999484 -0.004987 0.031747
vn 0.999484 -0.004987 0.031747
vn 0.999484 -0.004987 0.031747
vn 0.999484 -0.004987 0.031747
vn -0.085829 -0.104905 -0.990772
vn -0.085829 -0.104905 -0.990772
vn -0.085829 -0.104905 -0.990772
vn -0.085829 -0.104905 -0.990772
vn -0.997609 -0.010984 -0.068227
vn -0.997609 -0.010984 -0.068227
vn -0.997609 -0.010984 -0.068227
vn -0.997609 -0.010984 -0.068227
vn 0.085542 0.210575 0.973828
vn 0.085542 0.210575 0.973828
vn 0.085542 0.210575 0.973828
vn 0.085542 0.210575 0.973828
vn 0.997592 0.011025 0.068475
vn 0.997592 0.011025 0.068475
vn 0.997592 0.011025 0.068475
vn 0.997592 0.011025 0.068475
vn -0.999599 -0.002845 0.028174
vn -0.999599 -0.002845 0.028174
vn -0.999599 -0.002845 0.028174
vn -0.999599 -0.002845 0.028174
vn 0.021630 -0.944166 0.328760
vn 0.021630 -0.944166 0.328760
vn 0.021630 -0.944166 0.328760
vn 0.021630 -0.944166 0.328760
vn 0.999599 0.002839 -0.028181
vn 0.999599 0.002839 -0.028181
vn 0.999599 0.002839 -0.028181
vn 0.999599 0.002839 -0.028181
vn -0.012253 0.974596 -0.223634
vn -0.012253 0.974596 -0.223634
vn -0.012253 0.974596 -0.223634
vn -0.012253 0.974596 -0.223634
vn -0.999599 -0.002825 0.028183
vn -0.999599 -0.002825 0.028183
vn -0.999599 -0.002825 0.028183
vn -0.999599 -0.002825 0.028183
vn 0.026585 -0.928112 0.371350
vn 0.026585 -0.928113 0.371350
vn 0.026585 -0.928113 0.371350
vn 0.026585 -0.928112 0.371350
vn 0.999600 0.002860 -0.028144
vn 0.999600 0.002860 -0.028144
vn 0.999600 0.002860 -0.028144
vn 0.999600 0.002860 -0.028144
vn -0.018926 0.959467 -0.281185
vn -0.018926 0.959467 -0.281185
vn -0.018926 0.959467 -0.281185
vn -0.018926 0.959467 -0.281185
vn -0.999598 -0.002836 0.028197
vn -0.999598 -0.002836 0.028197
vn -0.999598 -0.002836 0.028197
vn -0.999598 -0.002836 0.028197
vn 0.073701 -0.338845 0.937951
vn 0.073701 -0.338845 0.937951
vn 0.073701 -0.338845 0.937951
vn 0.073701 -0.338845 0.937951
vn 0.999599 0.002830 -0.028191
vn 0.999599 0.002830 -0.028191
vn 0.999599 0.002830 -0.028191
vn 0.999599 0.002830 -0.028191
vn -0.073236 0.354051 -0.932354
vn -0.073236 0.354051 -0.932354
vn -0.073236 0.354051 -0.932354
vn -0.073236 0.354051 -0.932354
vn -0.999599 -0.002858 0.028188
vn -0.999599 -0.002858 0.028188
vn -0.999599 -0.002858 0.028188
vn -0.999599 -0.002858 0.028188
vn 0.079429 0.080393 0.993594
vn 0.079429 0.080393 0.993594
vn 0.079429 0.080393 0.993594
vn 0.079429 0.080393 0.993594
vn 0.999599 0.002828 -0.028177
vn 0.999599 0.002828 -0.028177
vn 0.999599 0.002828 -0.028177
vn 0.999599 0.002828 -0.028177
vn -0.079494 0.105217 -0.991267
vn -0.079494 0.105217 -0.991267
vn -0.079494 0.105217 -0.991267
vn -0.079494 0.105217 -0.991267
vn -0.999595 -0.002742 0.028328
vn -0.999595 -0.002742 0.028328
vn -0.999595 -0.002742 0.028328
vn -0.999595 -0.002742 0.028328
vn 0.073105 0.478426 0.875079
vn 0.073105 0.478426 0.875080
vn 0.073105 0.478426 0.875079
vn 0.073105 0.478426 0.875080
vn 0.999596 0.002693 -0.028304
vn 0.999596 0.002693 -0.028304
vn 0.999596 0.002693 -0.028304
vn 0.999596 0.002693 -0.028304
vn -0.081597 -0.222697 -0.971467
vn -0.081597 -0.222697 -0.971467
vn -0.081597 -0.222697 -0.971467
vn -0.081597 -0.222697 -0.971467
vn 0.000000 -1.000000 0.000000
vn 0.000000 -1.000000 0.000000
vn 0.000000 -1.000000 0.000000
vn 0.000000 -1.000000 0.000000
vn 0.000000 1.000000 0.000000
vn 0.000000 1.000000 0.000000
vn 0.000000 1.000000 0.000000
vn 0.000000 1.000000 0.000000
vn -0.025760 0.999668 0.000000
vn -0.025760 0.999668 0.000000
vn -0.025760 0.999668 0.000000
vn -0.025760 0.999668 0.000000
vn -0.005821 -0.999983 0.000000
vn -0.005821 -0.999983 0.000000
vn -0.005821 -0.999983 0.000000
vn -0.005821 -0.999983 0.000000
vn -0.594968 0.803749 0.000000
vn -0.594968 0.803749 0.000000
vn -0.594968 0.803749 0.000000
vn -0.594968 0.803749 0.000000
vn -0.485952 -0.873985 0.000000
vn -0.485952 -0.873985 0.000000
vn -0.485952 -0.873985 0.000000
vn -0.485952 -0.873985 0.000000
vn -0.624764 0.780814 0.000000
vn -0.624764 0.780814 0.000000
vn -0.624764 0.780814 0.000000
vn -0.624764 0.780814 0.000000
vn -0.624764 -0.780814 0.000000
vn -0.624764 -0.780814 0.000000
vn -0.624764 -0.780814 0.000000
vn -0.624764 -0.780814 0.000000
vn -0.722271 0.691610 0.000000
vn -0.722271 0.691610 0.000000
vn -0.722271 0.691610 0.000000
vn -0.722271 0.691610 0.000000
vn -0.744266 -0.667883 0.000000
vn -0.744266 -0.667883 0.000000
vn -0.744266 -0.667883 0.000000
vn -0.744266 -0.667883 0.000000
vn -0.934954 -0.354770 0.000000
vn -0.934954 -0.354770 0.000000
vn -0.934954 -0.354770 0.000000
vn -0.934954 -0.354770 0.000000
vn -0.934954 0.354770 0.000000
vn -0.934954 0.354770 0.000000
vn -0.934954 0.354770 0.000000
vn -0.934954 0.354770 0.000000
vn -0.944611 0.328193 0.000000
vn -0.944611 0.328193 0.000000
vn -0.944611 0.328193 0.000000
vn -0.944611 0.328193 0.000000
vn -0.992800 -0.119785 0.000000
vn -0.992800 -0.119785 0.000000
vn -0.992800 -0.119785 0.000000
vn -0.992800 -0.119785 0.000000
vn -0.846550 0.532310 0.000000
vn -0.846550 0.532310 0.000000
vn -0.846550 0.532310 0.000000
vn -0.846550 0.532310 0.000000
vn -0.923416 0.383801 0.000000
vn -0.923416 0.383801 0.000000
vn -0.923416 0.383801 0.000000
vn -0.923416 0.383801 0.000000
vn 0.195779 -0.980648 0.000000
vn 0.195779 -0.980648 0.000000
vn 0.195779 -0.980648 0.000000
vn 0.195779 -0.980648 0.000000
vn 0.977964 -0.182871 0.100725
vn 0.977964 -0.182871 0.100725
vn 0.977964 -0.182871 0.100725
vn 0.977964 -0.182871 0.100725
vn 0.007347 0.999973 0.000000
vn 0.007347 0.999973 0.000000
vn 0.007347 0.999973 0.000000
vn 0.007347 0.999973 0.000000
vn 0.000000 0.000000 -1.000000
vn 0.000000 0.000000 -1.000000
vn 0.000000 0.000000 -1.000000
vn 0.000000 0.000000 -1.000000
vn 0.000000 1.000000 0.000000
vn 0.000000 1.000000 0.000000
vn 0.000000 1.000000 0.000000
vn 0.000000 1.000000 0.000000
vn -0.650708 0.759328 0.000000
vn -0.650708 0.759329 0.000000
vn -0.650708 0.759328 0.000000
vn -0.650708 0.759328 0.000000
vn 0.005821 -0.999983 0.000000
vn 0.005821 -0.999983 0.000000
vn 0.005821 -0.999983 0.000000
vn 0.005821 -0.999983 0.000000
vn 0.000000 0.000000 -1.000000
vn 0.000000 0.000000 -1.000000
vn 0.000000 0.000000 -1.000000
vn 0.000000 0.000000 -1.000000
vn -0.000000 0.000000 -1.000000
vn -0.000000 0.000000 -1.000000
vn -0.000000 0.000000 -1.000000
vn -0.000000 0.000000 -1.000000
vn 0.025760 0.999668 0.000000
vn 0.025760 0.999668 0.000000
vn 0.025760 0.999668 0.000000
vn 0.025760 0.999668 0.000000
vn 0.485952 -0.873985 0.000000
vn 0.485952 -0.873985 0.000000
vn 0.485952 -0.873985 0.000000
vn 0.485952 -0.873985 0.000000
vn 0.000000 0.000000 -1.000000
vn 0.000000 0.000000 -1.000000
vn 0.000000 0.000000 -1.000000
vn 0.000000 0.000000 -1.000000
vn 0.000000 0.000000 -1.000000
vn 0.000000 0.000000 -1.000000
vn 0.000000 0.000000 -1.000000
vn 0.000000 0.000000 -1.000000
vn 0.594968 0.803749 0.000000
vn 0.594968 0.803749 0.000000
vn 0.594968 0.803749 0.000000
vn 0.594968 0.803749 0.000000
vn 0.624764 -0.780814 0.000000
vn 0.624764 -0.780814 0.000000
vn 0.624764 -0.780814 0.000000
vn 0.624764 -0.780814 0.000000
vn 0.000000 0.000000 -1.000000
vn 0.000000 0.000000 -1.000000
vn 0.000000 0.000000 -1.000000
vn 0.000000 0.000000 -1.000000
vn 0.000000 0.000000 -1.000000
vn 0.000000 0.000000 -1.000000
vn 0.000000 0.000000 -1.000000
vn 0.000000 0.000000 -1.000000
vn 0.624764 0.780814 0.000000
vn 0.624764 0.780814 0.000000
vn 0.624764 0.780814 0.000000
vn 0.624764 0.780814 0.000000
vn 0.706063 -0.708149 0.000000
vn 0.706063 -0.708149 0.000000
vn 0.706063 -0.708149 0.000000
vn 0.706063 -0.708149 0.000000
vn 0.000000 0.000000 -1.000000
vn 0.000000 0.000000 -1.000000
vn 0.000000 0.000000 -1.000000
vn 0.000000 0.000000 -1.000000
vn 0.000000 0.000000 -1.000000
vn 0.000000 0.000000 -1.000000
vn 0.000000 0.000000 -1.000000
vn 0.000000 0.000000 -1.000000
vn 0.722271 0.691610 0.000000
vn 0.722271 0.691610 0.000000
vn 0.722271 0.691610 0.000000
vn 0.722271 0.691610 0.000000
vn 0.958272 0.285857 0.000000
vn 0.958272 0.285857 0.000000
vn 0.958272 0.285857 0.000000
vn 0.958272 0.285857 0.000000
vn 0.000000 0.000000 -1.000000
vn 0.000000 0.000000 -1.000000
vn 0.000000 0.000000 -1.000000
vn 0.000000 0.000000 -1.000000
vn 0.000000 0.000000 -1.000000
vn 0.000000 0.000000 -1.000000
vn 0.000000 0.000000 -1.000000
vn 0.000000 0.000000 -1.000000
vn 0.934954 -0.354770 0.000000
vn 0.934954 -0.354770 0.000000
vn 0.934954 -0.354770 0.000000
vn 0.934954 -0.354770 0.000000
vn 0.938873 -0.341732 -0.041676
vn 0.938873 -0.341732 -0.041676
vn 0.938873 -0.341732 -0.041676
vn 0.938873 -0.341732 -0.041676
vn -0.007654 -0.002557 -0.999968
vn -0.007654 -0.002557 -0.999968
vn -0.007654 -0.002557 -0.999967
vn -0.007654 -0.002557 -0.999968
vn 0.000000 0.000000 -1.000000
vn 0.000000 0.000000 -1.000000
vn 0.000000 0.000000 -1.000000
vn 0.000000 0.000000 -1.000000
vn 0.992800 0.119785 0.000000
vn 0.992800 0.119785 0.000000
vn 0.992800 0.119785 0.000000
vn 0.992800 0.119785 0.000000
vn -0.006983 0.010606 -0.999919
vn -0.006983 0.010606 -0.999919
vn -0.006983 0.010606 -0.999919
vn -0.006983 0.010606 -0.999919
vn 0.000000 0.000000 -1.000000
vn 0.000000 0.000000 -1.000000
vn 0.000000 0.000000 -1.000000
vn 0.000000 0.000000 -1.000000
vn 0.859980 0.510328 0.000000
vn 0.859980 0.510328 0.000000
vn 0.859980 0.510328 0.000000
vn 0.859980 0.510328 0.000000
vn 0.000000 0.000000 -1.000000
vn 0.000000 0.000000 -1.000000
vn 0.000000 0.000000 -1.000000
vn 0.000000 0.000000 -1.000000
vn -0.535390 0.844605 0.000000
vn -0.535390 0.844605 0.000000
vn -0.535390 0.844605 0.000000
vn -0.535390 0.844605 0.000000
vn -0.000354 0.999925 -0.012237
vn -0.000354 0.999925 -0.012237
vn -0.000354 0.999925 -0.012237
vn -0.000354 0.999925 -0.012237
vn -0.214646 -0.943132 -0.253829
vn -0.214646 -0.943132 -0.253829
vn -0.214646 -0.943132 -0.253829
vn -0.214646 -0.943132 -0.253829
vn -0.999826 -0.005857 -0.017740
vn -0.999825 -0.005857 -0.017740
vn -0.999826 -0.005857 -0.017740
vn -0.999825 -0.005857 -0.017740
vn -0.150702 -0.269559 -0.951119
vn -0.150702 -0.269559 -0.951119
vn -0.150702 -0.269559 -0.951119
vn -0.150702 -0.269559 -0.951119
vn 0.910774 0.311260 0.271307
vn 0.910774 0.311260 0.271307
vn 0.910774 0.311260 0.271307
vn 0.910774 0.311260 0.271307
vn -0.030181 0.503553 0.863437
vn -0.030181 0.503553 0.863437
vn -0.030181 0.503553 0.863437
vn -0.030181 0.503553 0.863437
vn -0.999682 -0.014541 -0.020615
vn -0.999682 -0.014541 -0.020615
vn -0.999682 -0.014541 -0.020615
vn -0.999682 -0.014541 -0.020615
vn 0.060020 -0.575286 -0.815747
vn 0.060020 -0.575286 -0.815747
vn 0.060020 -0.575286 -0.815747
vn 0.060020 -0.575286 -0.815747
vn 0.999682 0.014532 0.020609
vn 0.999682 0.014532 0.020609
vn 0.999682 0.014532 0.020609
vn 0.999682 0.014532 0.020609
vn -0.060015 0.575286 0.815748
vn -0.060015 0.575286 0.815748
vn -0.060015 0.575286 0.815748
vn -0.060015 0.575286 0.815748
vn -0.999737 -0.021490 -0.007967
vn -0.999737 -0.021490 -0.007967
vn -0.999737 -0.021490 -0.007967
vn -0.999737 -0.021490 -0.007967
vn 0.026937 -0.905149 -0.424240
vn 0.026937 -0.905149 -0.424240
vn 0.026937 -0.905149 -0.424240
vn 0.026937 -0.905149 -0.424240
vn 0.999736 0.021565 0.007868
vn 0.999737 0.021565 0.007868
vn 0.999737 0.021565 0.007868
vn 0.999737 0.021565 0.007868
vn 0.003103 0.999347 0.036012
vn 0.003103 0.999347 0.036012
vn 0.003103 0.999347 0.036012
vn 0.003103 0.999347 0.036012
vn -0.070070 0.356523 0.931655
vn -0.070070 0.356523 0.931655
vn -0.070070 0.356523 0.931655
vn -0.070070 0.356523 0.931655
vn -0.999998 0.000206 0.001810
vn -0.999998 0.000206 0.001810
vn -0.999998 0.000206 0.001810
vn -0.999998 0.000206 0.001810
vn 0.064667 0.679664 -0.730667
vn 0.064667 0.679664 -0.730667
vn 0.064667 0.679664 -0.730667
vn 0.064667 0.679664 -0.730667
vn 0.999998 -0.000166 -0.001939
vn 0.999998 -0.000166 -0.001939
vn 0.999998 -0.000166 -0.001939
vn 0.999998 -0.000166 -0.001939
vn -0.075459 0.137301 0.987651
vn -0.075459 0.137301 0.987651
vn -0.075459 0.137301 0.987651
vn -0.075459 0.137301 0.987651
vn -0.999639 -0.000008 0.026882
vn -0.999639 -0.000008 0.026882
vn -0.999639 -0.000008 0.026882
vn -0.999639 -0.000008 0.026882
vn 0.078995 0.138687 -0.987181
vn 0.078995 0.138687 -0.987181
vn 0.078995 0.138687 -0.987181
vn 0.078995 0.138687 -0.987181
vn 0.999626 -0.000011 -0.027336
vn 0.999626 -0.000011 -0.027336
vn 0.999626 -0.000011 -0.027336
vn 0.999626 -0.000011 -0.027336
vn -0.076725 -0.167796 0.982832
vn -0.076725 -0.167796 0.982832
vn -0.076725 -0.167796 0.982832
vn -0.076725 -0.167796 0.982832
vn -0.998683 -0.010444 0.050235
vn -0.998683 -0.010444 0.050235
vn -0.998683 -0.010444 0.050235
vn -0.998683 -0.010444 0.050235
vn 0.077524 0.237364 -0.968323
vn 0.077524 0.237364 -0.968323
vn 0.077524 0.237364 -0.968323
vn 0.077524 0.237364 -0.968323
vn 0.998646 0.010598 -0.050940
vn 0.998645 0.010598 -0.050940
vn 0.998646 0.010598 -0.050940
vn 0.998645 0.010598 -0.050940
vn -0.071136 0.321046 0.944388
vn -0.071136 0.321046 0.944388
vn -0.071136 0.321046 0.944388
vn -0.071136 0.321046 0.944388
vn -0.995609 0.017151 0.092021
vn -0.995609 0.017151 0.092021
vn -0.995609 0.017151 0.092021
vn -0.995609 0.017151 0.092021
vn 0.077526 -0.031460 -0.996494
vn 0.077526 -0.031460 -0.996494
vn 0.077526 -0.031460 -0.996494
vn 0.077526 -0.031460 -0.996494
vn 0.995510 -0.017391 -0.093042
vn 0.995510 -0.017391 -0.093042
vn 0.995510 -0.017391 -0.093042
vn 0.995510 -0.017391 -0.093042
vn -0.999902 -0.013925 -0.001476
vn -0.999902 -0.013925 -0.001476
vn -0.999902 -0.013925 -0.001476
vn -0.999902 -0.013925 -0.001476
vn 0.006644 -0.982867 -0.184199
vn 0.006644 -0.982867 -0.184199
vn 0.006644 -0.982867 -0.184199
vn 0.006644 -0.982867 -0.184199
vn 0.999902 0.013932 0.001465
vn 0.999902 0.013932 0.001465
vn 0.999902 0.013932 0.001465
vn 0.999902 0.013932 0.001465
vn -0.000704 0.993409 0.114620
vn -0.000704 0.993409 0.114620
vn -0.000704 0.993409 0.114620
vn -0.000704 0.993409 0.114620
vn -0.999963 -0.008576 -0.000371
vn -0.999963 -0.008576 -0.000371
vn -0.999963 -0.008576 -0.000371
vn -0.999963 -0.008576 -0.000371
vn 0.002038 -0.992985 -0.118222
vn 0.002038 -0.992985 -0.118222
vn 0.002038 -0.992985 -0.118222
vn 0.002038 -0.992985 -0.118222
vn 0.999963 0.008585 0.000357
vn 0.999963 0.008585 0.000357
vn 0.999963 0.008585 0.000357
vn 0.999963 0.008585 0.000357
vn 0.006662 0.999833 0.017030
vn 0.006662 0.999833 0.017030
vn 0.006662 0.999833 0.017030
vn 0.006662 0.999833 0.017030
vn -0.058538 0.664119 0.745331
vn -0.058538 0.664119 0.745332
vn -0.058538 0.664119 0.745332
vn -0.058538 0.664119 0.745332
vn -0.999956 0.005274 0.007764
vn -0.999956 0.005274 0.007764
vn -0.999956 0.005274 0.007764
vn -0.999956 0.005274 0.007764
vn 0.076797 -0.378441 -0.922434
vn 0.076797 -0.378441 -0.922434
vn 0.076797 -0.378441 -0.922434
vn 0.076797 -0.378441 -0.922434
vn 0.999955 -0.005287 -0.007819
vn 0.999955 -0.005287 -0.007819
vn 0.999956 -0.005287 -0.007819
vn 0.999955 -0.005287 -0.007819
vn -0.082395 0.188925 0.978529
vn -0.082395 0.188925 0.978529
vn -0.082395 0.188925 0.978529
vn -0.082395 0.188925 0.978529
vn -0.999488 0.004960 0.031598
vn -0.999488 0.004960 0.031598
vn -0.999488 0.004960 0.031598
vn -0.999488 0.004960 0.031598
vn 0.084356 -0.120688 -0.989100
vn 0.084356 -0.120688 -0.989100
vn 0.084356 -0.120688 -0.989100
vn 0.084356 -0.120688 -0.989100
vn 0.999484 -0.004988 -0.031747
vn 0.999484 -0.004988 -0.031747
vn 0.999484 -0.004988 -0.031747
vn 0.999484 -0.004988 -0.031747
vn -0.085829 -0.104905 0.990772
vn -0.085829 -0.104905 0.990772
vn -0.085829 -0.104905 0.990772
vn -0.085829 -0.104905 0.990772
vn -0.997609 -0.010984 0.068227
vn -0.997609 -0.010984 0.068227
vn -0.997609 -0.010984 0.068227
vn -0.997609 -0.010984 0.068227
vn 0.085543 0.210576 -0.973828
vn 0.085543 0.210576 -0.973828
vn 0.085543 0.210576 -0.973828
vn 0.085543 0.210576 -0.973828
vn 0.997592 0.011025 -0.068475
vn 0.997592 0.011025 -0.068475
vn 0.997592 0.011025 -0.068475
vn 0.997592 0.011025 -0.068475
vn -0.999599 -0.002849 -0.028174
vn -0.999599 -0.002849 -0.028174
vn -0.999599 -0.002849 -0.028174
vn -0.999599 -0.002849 -0.028174
vn 0.021630 -0.944166 -0.328760
vn 0.021630 -0.944166 -0.328760
vn 0.021630 -0.944166 -0.328760
vn 0.021630 -0.944166 -0.328760
vn 0.999599 0.002840 0.028181
vn 0.999599 0.002840 0.028181
vn 0.999599 0.002840 0.028181
vn 0.999599 0.002840 0.028181
vn -0.012253 0.974596 0.223633
vn -0.012253 0.974596 0.223633
vn -0.012253 0.974596 0.223633
vn -0.012253 0.974596 0.223633
vn -0.999599 -0.002826 -0.028183
vn -0.999599 -0.002826 -0.028183
vn -0.999599 -0.002826 -0.028183
vn -0.999599 -0.002826 -0.028183
vn 0.026585 -0.928112 -0.371350
vn 0.026585 -0.928112 -0.371350
vn 0.026585 -0.928112 -0.371350
vn 0.026585 -0.928112 -0.371350
vn 0.999600 0.002858 0.028144
vn 0.999600 0.002858 0.028144
vn 0.999600 0.002858 0.028144
vn 0.999600 0.002858 0.028144
vn -0.018926 0.959467 0.281187
vn -0.018926 0.959467 0.281187
vn -0.018926 0.959467 0.281187
vn -0.018926 0.959467 0.281187
vn -0.999598 -0.002837 -0.028197
vn -0.999598 -0.002837 -0.028197
vn -0.999598 -0.002837 -0.028197
vn -0.999598 -0.002837 -0.028197
vn 0.073701 -0.338845 -0.937951
vn 0.073701 -0.338845 -0.937951
vn 0.073701 -0.338845 -0.937951
vn 0.073701 -0.338845 -0.937951
vn 0.999599 0.002828 0.028191
vn 0.999599 0.002828 0.028191
vn 0.999599 0.002828 0.028191
vn 0.999599 0.002828 0.028191
vn -0.073237 0.354051 0.932354
vn -0.073237 0.354051 0.932354
vn -0.073237 0.354051 0.932354
vn -0.073237 0.354051 0.932354
vn -0.999599 -0.002860 -0.028188
vn -0.999599 -0.002860 -0.028188
vn -0.999599 -0.002860 -0.028188
vn -0.999599 -0.002860 -0.028188
vn 0.079429 0.080392 -0.993594
vn 0.079429 0.080392 -0.993594
vn 0.079429 0.080392 -0.993594
vn 0.079429 0.080392 -0.993594
vn 0.999599 0.002828 0.028177
vn 0.999599 0.002828 0.028177
vn 0.999599 0.002828 0.028177
vn 0.999599 0.002828 0.028177
vn -0.079494 0.105217 0.991267
vn -0.079494 0.105217 0.991267
vn -0.079494 0.105217 0.991267
vn -0.079494 0.105217 0.991267
vn -0.999595 -0.002744 -0.028327
vn -0.999595 -0.002744 -0.028327
vn -0.999595 -0.002744 -0.028327
vn -0.999595 -0.002744 -0.028327
vn 0.073105 0.478426 -0.875080
vn 0.073105 0.478426 -0.875080
vn 0.073105 0.478426 -0.875080
vn 0.073105 0.478426 -0.875080
vn 0.999596 0.002688 0.028304
vn 0.999596 0.002688 0.028304
vn 0.999596 0.002688 0.028304
vn 0.999596 0.002688 0.028304
vn -0.081597 -0.222698 0.971467
vn -0.081597 -0.222698 0.971467
vn -0.081597 -0.222698 0.971467
vn -0.081597 -0.222698 0.971467
vn 0.000000 -1.000000 0.000000
vn 0.000000 -1.000000 0.000000
vn 0.000000 -1.000000 0.000000
vn 0.000000 -1.000000 0.000000
vn 0.000000 1.000000 0.000000
vn 0.000000 1.000000 0.000000
vn 0.000000 1.000000 0.000000
vn 0.000000 1.000000 0.000000
vn -0.025760 0.999668 0.000000
vn -0.025760 0.999668 0.000000
vn -0.025760 0.999668 0.000000
vn -0.025760 0.999668 0.000000
vn -0.005821 -0.999983 0.000000
vn -0.005821 -0.999983 0.000000
vn -0.005821 -0.999983 0.000000
vn -0.005821 -0.999983 0.000000
vn -0.594968 0.803749 0.000000
vn -0.594968 0.803749 0.000000
vn -0.594968 0.803749 0.000000
vn -0.594968 0.803749 0.000000
vn -0.485952 -0.873985 0.000000
vn -0.485952 -0.873985 0.000000
vn -0.485952 -0.873985 0.000000
vn -0.485952 -0.873985 0.000000
vn -0.624764 0.780814 0.000000
vn -0.624764 0.780814 0.000000
vn -0.624764 0.780814 0.000000
vn -0.624764 0.780814 0.000000
vn -0.624764 -0.780814 0.000000
vn -0.624764 -0.780814 0.000000
vn -0.624764 -0.780814 0.000000
vn -0.624764 -0.780814 0.000000
vn -0.722271 0.691610 0.000000
vn -0.722271 0.691610 0.000000
vn -0.722271 0.691610 0.000000
vn -0.722271 0.691610 0.000000
vn -0.744266 -0.667883 0.000000
vn -0.744266 -0.667883 0.000000
vn -0.744266 -0.667883 0.000000
vn -0.744266 -0.667883 0.000000
vn -0.934954 -0.354770 0.000000
vn -0.934954 -0.354770 0.000000
vn -0.934954 -0.354770 0.000000
vn -0.934954 -0.354770 0.000000
vn -0.934954 0.354770 0.000000
vn -0.934954 0.354770 0.000000
vn -0.934954 0.354770 0.000000
vn -0.934954 0.354770 0.000000
vn -0.944611 0.328193 0.000000
vn -0.944611 0.328193 0.000000
vn -0.944611 0.328193 0.000000
vn -0.944611 0.328193 0.000000
vn -0.992800 -0.119785 0.000000
vn -0.992800 -0.119785 0.000000
vn -0.992800 -0.119785 0.000000
vn -0.992800 -0.119785 0.000000
vn -0.846550 0.532310 0.000000
vn -0.846550 0.532310 0.000000
vn -0.846550 0.532310 0.000000
vn -0.846550 0.532310 0.000000
vn -0.923416 0.383801 0.000000
vn -0.923416 0.383801 0.000000
vn -0.923416 0.383801 0.000000
vn -0.923416 0.383801 0.000000
vn 0.195779 -0.980648 0.000000
vn 0.195779 -0.980648 0.000000
vn 0.195779 -0.980648 0.000000
vn 0.195779 -0.980648 0.000000
vn 0.977965 -0.182867 -0.100720
vn 0.977965 -0.182867 -0.100720
vn 0.977965 -0.182868 -0.100720
vn 0.977965 -0.182868 -0.100720
vn 0.007347 0.999973 0.000000
vn 0.007347 0.999973 0.000000
vn 0.007347 0.999973 0.000000
vn 0.007347 0.999973 0.000000
vn 0.024614 -0.524862 0.850831
vn 0.024614 -0.524862 0.850831
vn 0.024614 -0.524862 0.850831
vn -0.024195 0.117734 0.992750
vn -0.024195 0.117734 0.992750
vn -0.024195 0.117734 0.992750
vn -0.024195 0.117734 0.992750
vn -0.229766 -0.944755 0.233763
vn -0.229766 -0.944755 0.233763
vn -0.229766 -0.944755 0.233763
vn -0.229766 -0.944755 0.233763
vn -0.171531 -0.948494 -0.266337
vn -0.171531 -0.948494 -0.266337
vn -0.171531 -0.948494 -0.266337
vn -0.171531 -0.948494 -0.266337
vn -0.091019 0.130341 -0.987283
vn -0.091019 0.130341 -0.987283
vn -0.091019 0.130341 -0.987283
vn -0.091019 0.130341 -0.987283
vn 0.024614 -0.524862 -0.850831
vn 0.024614 -0.524862 -0.850831
vn 0.024614 -0.524862 -0.850831
vn 0.004945 0.013521 0.999896
vn 0.004945 0.013521 0.999896
vn 0.004945 0.013521 0.999896
vn 0.004945 0.013521 0.999896
vn -0.862460 0.506124 0.000000
vn -0.862460 0.506124 0.000000
vn -0.862460 0.506124 0.000000
vn -0.862460 0.506124 0.000000
vn -0.862460 0.506124 0.000000
vn -0.862460 0.506124 0.000000
vn -0.862460 0.506124 0.000000
vn -0.862460 0.506124 0.000000
vn 0.004945 0.013521 -0.999896
vn 0.004945 0.013521 -0.999896
vn 0.004945 0.013521 -0.999896
vn 0.004945 0.013521 -0.999896
vn -0.999801 -0.011083 -0.016584
vn -0.999801 -0.011083 -0.016584
vn -0.999801 -0.011083 -0.016584
vn -0.999801 -0.011083 -0.016584
vn -0.999682 -0.014528 -0.020603
vn -0.999682 -0.014528 -0.020603
vn -0.999682 -0.014528 -0.020603
vn -0.999682 -0.014528 -0.020603
vn -0.999773 -0.016787 -0.013087
vn -0.999774 -0.016787 -0.013087
vn -0.999773 -0.016787 -0.013087
vn -0.999774 -0.016787 -0.013087
vn -0.999906 -0.013476 -0.002601
vn -0.999906 -0.013476 -0.002601
vn -0.999906 -0.013476 -0.002601
vn -0.999906 -0.013476 -0.002601
vn -0.999964 -0.008309 -0.001691
vn -0.999964 -0.008309 -0.001691
vn -0.999964 -0.008309 -0.001691
vn -0.999964 -0.008309 -0.001691
vn -0.999599 -0.002839 -0.028182
vn -0.999599 -0.002839 -0.028182
vn -0.999599 -0.002839 -0.028182
vn -0.999599 -0.002839 -0.028182
vn -0.999599 -0.002836 -0.028172
vn -0.999599 -0.002836 -0.028172
vn -0.999599 -0.002836 -0.028172
vn -0.999599 -0.002836 -0.028172
vn -0.999599 -0.002834 -0.028185
vn -0.999599 -0.002834 -0.028185
vn -0.999599 -0.002834 -0.028185
vn -0.999599 -0.002834 -0.028185
vn -0.999599 -0.002848 -0.028173
vn -0.999599 -0.002848 -0.028173
vn -0.999599 -0.002848 -0.028173
vn -0.999599 -0.002848 -0.028173
vn -0.999595 -0.002815 -0.028321
vn -0.999595 -0.002815 -0.028321
vn -0.999595 -0.002815 -0.028321
vn -0.999595 -0.002815 -0.028321
vn -0.000349 0.999925 -0.012232
vn -0.000349 0.999925 -0.012232
vn -0.000349 0.999925 -0.012232
vn -0.000349 0.999925 -0.012232
vn 0.999595 0.002754 0.028321
vn 0.999595 0.002754 0.028321
vn 0.999595 0.002754 0.028321
vn 0.999595 0.002754 0.028321
vn 0.999599 0.002820 0.028180
vn 0.999599 0.002820 0.028180
vn 0.999599 0.002820 0.028180
vn 0.999599 0.002820 0.028180
vn 0.999599 0.002828 0.028188
vn 0.999599 0.002828 0.028188
vn 0.999599 0.002828 0.028188
vn 0.999599 0.002828 0.028188
vn 0.999601 0.002863 0.028112
vn 0.999601 0.002863 0.028112
vn 0.999601 0.002863 0.028112
vn 0.999601 0.002863 0.028112
vn 0.999599 0.002831 0.028188
vn 0.999599 0.002831 0.028188
vn 0.999599 0.002831 0.028188
vn 0.999599 0.002831 0.028188
vn 0.999964 0.008309 0.001676
vn 0.999964 0.008309 0.001676
vn 0.999964 0.008309 0.001676
vn 0.999964 0.008309 0.001676
vn 0.999906 0.013475 0.002591
vn 0.999906 0.013475 0.002591
vn 0.999906 0.013475 0.002591
vn 0.999906 0.013475 0.002591
vn 0.999773 0.016835 0.013035
vn 0.999773 0.016835 0.013035
vn 0.999773 0.016835 0.013035
vn 0.999773 0.016835 0.013035
vn 0.999682 0.014535 0.020609
vn 0.999682 0.014535 0.020609
vn 0.999682 0.014535 0.020609
vn 0.999682 0.014535 0.020609
vn 0.999798 0.011006 0.016823
vn 0.999798 0.011006 0.016823
vn 0.999798 0.011006 0.016823
vn 0.999798 0.011006 0.016823
vn 0.693273 0.552818 -0.462347
vn 0.693273 0.552818 -0.462347
vn 0.693273 0.552818 -0.462347
vn 0.994543 0.104325 0.000000
vn 0.994543 0.104325 0.000000
vn 0.994543 0.104325 0.000000
vn 0.994543 0.104325 0.000000
vn 0.994543 0.104326 0.000000
vn 0.994543 0.104326 0.000000
vn 0.994543 0.104326 0.000000
vn 0.994543 0.104326 0.000000
vn 0.693274 0.552815 0.462348
vn 0.693274 0.552815 0.462348
vn 0.693274 0.552815 0.462348
vn 0.893268 0.449371 -0.011798
vn 0.893268 0.449371 -0.011798
vn 0.893268 0.449371 -0.011798
vn 0.893268 0.449371 -0.011798
vn 0.999682 0.014535 -0.020609
vn 0.999682 0.014535 -0.020609
vn 0.999682 0.014535 -0.020609
vn 0.999682 0.014535 -0.020609
vn 0.999773 0.016841 -0.013035
vn 0.999773 0.016841 -0.013035
vn 0.999773 0.016841 -0.013035
vn 0.999773 0.016841 -0.013035
vn 0.999906 0.013475 -0.002591
vn 0.999906 0.013475 -0.002591
vn 0.999906 0.013475 -0.002591
vn 0.999906 0.013475 -0.002591
vn 0.999964 0.008311 -0.001676
vn 0.999964 0.008311 -0.001676
vn 0.999964 0.008311 -0.001676
vn 0.999964 0.008311 -0.001676
vn 0.999599 0.002835 -0.028188
vn 0.999599 0.002835 -0.028188
vn 0.999599 0.002835 -0.028188
vn 0.999599 0.002835 -0.028188
vn 0.999601 0.002862 -0.028112
vn 0.999601 0.002862 -0.028112
vn 0.999601 0.002862 -0.028112
vn 0.999601 0.002862 -0.028112
vn 0.999599 0.002828 -0.028188
vn 0.999599 0.002828 -0.028188
vn 0.999599 0.002828 -0.028188
vn 0.999599 0.002828 -0.028188
vn 0.999599 0.002820 -0.028180
vn 0.999599 0.002820 -0.028180
vn 0.999599 0.002820 -0.028180
vn 0.999599 0.002820 -0.028180
vn 0.999595 0.002752 -0.028321
vn 0.999595 0.002752 -0.028321
vn 0.999595 0.002752 -0.028321
vn 0.999595 0.002752 -0.028321
vn -0.000349 0.999925 0.012247
vn -0.000349 0.999925 0.012247
vn -0.000349 0.999925 0.012247
vn -0.000349 0.999925 0.012247
vn -0.999595 -0.002815 0.028320
vn -0.999595 -0.002815 0.028320
vn -0.999595 -0.002815 0.028320
vn -0.999595 -0.002815 0.028320
vn -0.999599 -0.002849 0.028173
vn -0.999599 -0.002849 0.028173
vn -0.999599 -0.002849 0.028173
vn -0.999599 -0.002849 0.028173
vn -0.999599 -0.002834 0.028185
vn -0.999599 -0.002834 0.028185
vn -0.999599 -0.002834 0.028185
vn -0.999599 -0.002834 0.028185
vn -0.999599 -0.002828 0.028172
vn -0.999599 -0.002828 0.028172
vn -0.999599 -0.002828 0.028172
vn -0.999599 -0.002828 0.028172
vn -0.999599 -0.002839 0.028182
vn -0.999599 -0.002839 0.028182
vn -0.999599 -0.002839 0.028182
vn -0.999599 -0.002839 0.028182
vn -0.999964 -0.008311 0.001691
vn -0.999964 -0.008311 0.001691
vn -0.999964 -0.008311 0.001691
vn -0.999964 -0.008311 0.001691
vn -0.999906 -0.013476 0.002601
vn -0.999906 -0.013476 0.002601
vn -0.999906 -0.013476 0.002601
vn -0.999906 -0.013476 0.002601
vn -0.999773 -0.016787 0.013087
vn -0.999774 -0.016787 0.013087
vn -0.999773 -0.016787 0.013087
vn -0.999774 -0.016787 0.013087
vn -0.999682 -0.014531 0.020603
vn -0.999682 -0.014531 0.020603
vn -0.999682 -0.014531 0.020603
vn -0.999682 -0.014531 0.020603
vn -0.999801 -0.011081 0.016584
vn -0.999801 -0.011081 0.016584
vn -0.999801 -0.011081 0.016584
vn -0.999801 -0.011081 0.016584
vn 0.078632 -0.996904 0.000000
vn 0.078632 -0.996904 0.000000
vn 0.078632 -0.996904 0.000000
vn 0.078632 -0.996904 0.000000
vn -0.114194 0.792672 -0.598859
vn -0.114193 0.792672 -0.598859
vn -0.114193 0.792672 -0.598859
vn -0.022732 -0.524893 -0.850865
vn -0.022732 -0.524893 -0.850865
vn -0.022732 -0.524893 -0.850865
vn 0.078632 -0.996904 0.000000
vn 0.078632 -0.996904 0.000000
vn 0.078632 -0.996904 0.000000
vn 0.078632 -0.996904 0.000000
vn -0.022732 -0.524893 0.850865
vn -0.022732 -0.524893 0.850865
vn -0.022732 -0.524893 0.850865
vn -0.114194 0.792672 0.598859
vn -0.114193 0.792672 0.598859
vn -0.114193 0.792672 0.598859
vn 0.676173 0.736648 0.011824
vn 0.676173 0.736648 0.011824
vn 0.676173 0.736648 0.011824
vn 0.676173 0.736648 0.011824
vn 0.492717 0.210189 0.844423
vn 0.492717 0.210189 0.844423
vn 0.492717 0.210189 0.844423
vn 0.492717 0.210189 0.844423
vn 0.121483 -0.983047 0.137331
vn 0.121483 -0.983047 0.137331
vn 0.121483 -0.983047 0.137331
vn 0.121483 -0.983047 0.137331
vn 0.055363 -0.983573 -0.171812
vn 0.055363 -0.983573 -0.171812
vn 0.055363 -0.983573 -0.171812
vn 0.055363 -0.983573 -0.171812
vn 0.506434 0.217647 -0.834359
vn 0.506434 0.217647 -0.834359
vn 0.506434 0.217647 -0.834359
vn 0.506434 0.217647 -0.834359
vn 0.676173 0.736648 -0.011824
vn 0.676173 0.736648 -0.011824
vn 0.676173 0.736648 -0.011824
vn 0.676173 0.736648 -0.011824
vn 0.244800 0.967919 -0.056625
vn 0.244800 0.967919 -0.056625
vn 0.244800 0.967919 -0.056625
vn 0.244800 0.967919 -0.056625
vn 0.144728 0.050646 0.988175
vn 0.144728 0.050646 0.988175
vn 0.144728 0.050646 0.988175
vn 0.144728 0.050646 0.988175
vn -0.162382 -0.986606 0.015549
vn -0.162382 -0.986606 0.015549
vn -0.162382 -0.986606 0.015549
vn -0.162382 -0.986606 0.015549
vn -0.162382 -0.986606 -0.015549
vn -0.162382 -0.986606 -0.015549
vn -0.162382 -0.986606 -0.015549
vn -0.162382 -0.986606 -0.015549
vn 0.144727 0.050646 -0.988175
vn 0.144727 0.050646 -0.988175
vn 0.144727 0.050646 -0.988175
vn 0.144727 0.050646 -0.988175
vn 0.244800 0.967919 0.056625
vn 0.244800 0.967919 0.056625
vn 0.244800 0.967919 0.056625
vn 0.244800 0.967919 0.056625
vn 0.246469 0.967925 -0.048716
vn 0.246469 0.967925 -0.048716
vn 0.246469 0.967925 -0.048716
vn 0.246469 0.967925 -0.048716
vn -0.042057 -0.512092 0.857901
vn -0.042057 -0.512092 0.857900
vn -0.042057 -0.512092 0.857900
vn -0.042057 -0.512092 0.857900
vn -0.164435 -0.986369 0.006159
vn -0.164435 -0.986369 0.006159
vn -0.164435 -0.986369 0.006159
vn -0.164435 -0.986369 0.006159
vn -0.164434 -0.986369 -0.006159
vn -0.164434 -0.986369 -0.006159
vn -0.164434 -0.986369 -0.006159
vn -0.164434 -0.986369 -0.006159
vn -0.042057 -0.512091 -0.857901
vn -0.042057 -0.512091 -0.857901
vn -0.042057 -0.512091 -0.857901
vn -0.042057 -0.512091 -0.857901
vn 0.246469 0.967925 0.048718
vn 0.246469 0.967926 0.048718
vn 0.246469 0.967926 0.048718
vn 0.246469 0.967925 0.048718
vn -0.989878 0.110341 -0.089258
vn -0.989878 0.110341 -0.089258
vn -0.989878 0.110341 -0.089258
vn -0.989878 0.110341 -0.089258
vn -0.166189 -0.986079 0.005461
vn -0.166189 -0.986079 0.005461
vn -0.166189 -0.986079 0.005461
vn -0.166189 -0.986079 0.005461
vn 0.987930 -0.123653 0.093300
vn 0.987930 -0.123653 0.093300
vn 0.987930 -0.123653 0.093300
vn 0.987930 -0.123653 0.093300
vn 0.248045 0.968006 -0.037913
vn 0.248045 0.968006 -0.037913
vn 0.248045 0.968006 -0.037913
vn 0.248045 0.968006 -0.037913
vn -0.989877 0.110344 0.089258
vn -0.989877 0.110344 0.089258
vn -0.989877 0.110344 0.089258
vn -0.989877 0.110344 0.089258
vn 0.248056 0.968004 0.037912
vn 0.248056 0.968004 0.037912
vn 0.248056 0.968004 0.037912
vn 0.248056 0.968004 0.037912
vn 0.987929 -0.123648 -0.093311
vn 0.987929 -0.123648 -0.093311
vn 0.987929 -0.123648 -0.093311
vn 0.987929 -0.123648 -0.093311
vn -0.166188 -0.986079 -0.005461
vn -0.166188 -0.986079 -0.005461
vn -0.166188 -0.986079 -0.005461
vn -0.166188 -0.986079 -0.005461
vn 0.199247 0.182111 -0.962879
vn 0.199247 0.182111 -0.962879
vn 0.199247 0.182111 -0.962879
vn 0.199247 0.182111 -0.962879
vn -0.842875 0.526284 -0.112190
vn -0.842875 0.526284 -0.112190
vn -0.842875 0.526284 -0.112190
vn -0.842875 0.526284 -0.112190
vn 0.069580 0.169277 0.983109
vn 0.069580 0.169277 0.983109
vn 0.069580 0.169277 0.983109
vn 0.069580 0.169277 0.983109
vn 0.975096 0.198404 0.099115
vn 0.975096 0.198404 0.099115
vn 0.975096 0.198404 0.099115
vn 0.975096 0.198404 0.099115
vn 0.199249 0.182109 0.962879
vn 0.199249 0.182109 0.962879
vn 0.199249 0.182109 0.962879
vn 0.199249 0.182109 0.962879
vn 0.975097 0.198398 -0.099116
vn 0.975097 0.198398 -0.099116
vn 0.975097 0.198398 -0.099116
vn 0.975097 0.198398 -0.099116
vn 0.069580 0.169275 -0.983110
vn 0.069580 0.169275 -0.983110
vn 0.069580 0.169275 -0.983110
vn 0.069580 0.169275 -0.983110
vn -0.842870 0.526290 0.112201
vn -0.842870 0.526290 0.112201
vn -0.842870 0.526290 0.112201
vn -0.842870 0.526290 0.112201
vn 0.000000 -1.000000 0.000000
vn 0.000000 -1.000000 0.000000
vn 0.000000 -1.000000 0.000000
vn 0.000000 -1.000000 0.000000
vn 0.066717 0.616128 -0.784815
vn 0.066717 0.616128 -0.784815
vn 0.066717 0.616129 -0.784815
vn 0.066718 0.616129 -0.784815
vn 0.336292 0.935429 -0.108999
vn 0.336292 0.935429 -0.108999
vn 0.336292 0.935429 -0.108999
vn 0.336292 0.935429 -0.108999
vn 0.000000 -1.000000 0.000000
vn 0.000000 -1.000000 0.000000
vn 0.000000 -1.000000 0.000000
vn 0.000000 -1.000000 0.000000
vn 0.336294 0.935428 0.109001
vn 0.336294 0.935428 0.109001
vn 0.336294 0.935428 0.109001
vn 0.336294 0.935428 0.109001
vn 0.066717 0.616128 0.784815
vn 0.066717 0.616128 0.784815
vn 0.066717 0.616129 0.784815
vn 0.066717 0.616129 0.784815
vn -0.928994 -0.127792 -0.347332
vn -0.928994 -0.127792 -0.347332
vn -0.928994 -0.127792 -0.347332
vn -0.928994 -0.127792 -0.347332
vn 0.238386 0.964158 -0.116493
vn 0.238386 0.964158 -0.116493
vn 0.238386 0.964158 -0.116493
vn 0.238386 0.964158 -0.116493
vn 0.994543 0.104330 0.000000
vn 0.994543 0.104330 0.000000
vn 0.994543 0.104330 0.000000
vn 0.994543 0.104330 0.000000
vn 0.000000 -1.000000 0.000000
vn 0.000000 -1.000000 0.000000
vn 0.000000 -1.000000 0.000000
vn 0.000000 -1.000000 0.000000
vn -0.928993 -0.127799 0.347332
vn -0.928993 -0.127799 0.347332
vn -0.928993 -0.127799 0.347332
vn -0.928993 -0.127799 0.347332
vn 0.000000 -1.000000 0.000000
vn 0.000000 -1.000000 0.000000
vn 0.000000 -1.000000 0.000000
vn 0.000000 -1.000000 0.000000
vn 0.994543 0.104327 0.000000
vn 0.994543 0.104327 0.000000
vn 0.994543 0.104327 0.000000
vn 0.994543 0.104327 0.000000
vn 0.238386 0.964158 0.116493
vn 0.238386 0.964158 0.116493
vn 0.238386 0.964158 0.116493
vn 0.238386 0.964158 0.116493
vn 0.000000 -0.216488 0.976285
vn 0.000000 -0.216488 0.976285
vn 0.000000 -0.216488 0.976285
vn 0.000000 -0.216488 0.976285
vn -0.984538 -0.175171 0.000000
vn -0.984538 -0.175171 0.000000
vn -0.984538 -0.175171 0.000000
vn -0.984538 -0.175171 0.000000
vn 0.000000 -0.216490 -0.976285
vn 0.000000 -0.216490 -0.976285
vn 0.000000 -0.216490 -0.976285
vn 0.000000 -0.216490 -0.976285
vn 0.984539 -0.175166 0.000000
vn 0.984539 -0.175166 0.000000
vn 0.984539 -0.175166 0.000000
vn 0.984539 -0.175166 0.000000
vn 0.000000 -0.216488 -0.976285
vn 0.000000 -0.216488 -0.976285
vn 0.000000 -0.216488 -0.976285
vn 0.000000 -0.216488 -0.976285
vn 0.984539 -0.175166 0.000000
vn 0.984539 -0.175166 0.000000
vn 0.984539 -0.175166 0.000000
vn 0.984539 -0.175166 0.000000
vn 0.000000 -0.216490 0.976285
vn 0.000000 -0.216490 0.976285
vn 0.000000 -0.216490 0.976285
vn 0.000000 -0.216490 0.976285
vn -0.984539 -0.175168 0.000000
vn -0.984539 -0.175168 0.000000
vn -0.984539 -0.175168 0.000000
vn -0.984539 -0.175168 0.000000
vn 0.000000 -0.352512 0.935807
vn 0.000000 -0.352512 0.935807
vn 0.000000 -0.352512 0.935807
vn 0.000000 -0.352512 0.935807
vn -0.957236 -0.289309 0.000000
vn -0.957236 -0.289309 0.000000
vn -0.957236 -0.289309 0.000000
vn -0.957236 -0.289309 0.000000
vn 0.000000 -0.352512 -0.935807
vn 0.000000 -0.352512 -0.935807
vn 0.000000 -0.352512 -0.935807
vn 0.000000 -0.352512 -0.935807
vn 0.957241 -0.289291 0.000000
vn 0.957241 -0.289291 0.000000
vn 0.957241 -0.289291 0.000000
vn 0.957241 -0.289291 0.000000
vn 0.000000 -0.352511 -0.935808
vn 0.000000 -0.352511 -0.935808
vn 0.000000 -0.352511 -0.935808
vn 0.000000 -0.352511 -0.935808
vn 0.957242 -0.289287 0.000000
vn 0.957242 -0.289287 0.000000
vn 0.957242 -0.289287 0.000000
vn 0.957242 -0.289287 0.000000
vn 0.000000 -0.352511 0.935808
vn 0.000000 -0.352511 0.935808
vn 0.000000 -0.352511 0.935808
vn 0.000000 -0.352511 0.935808
vn -0.957229 -0.289330 0.000000
vn -0.957229 -0.289330 0.000000
vn -0.957229 -0.289330 0.000000
vn -0.957229 -0.289330 0.000000
vn 0.250984 0.460839 -0.851255
vn 0.250984 0.460839 -0.851255
vn 0.250984 0.460839 -0.851255
vn 0.250984 0.460839 -0.851255
vn -0.799701 0.589819 -0.112216
vn -0.799701 0.589819 -0.112216
vn -0.799701 0.589819 -0.112216
vn -0.799701 0.589819 -0.112216
vn 0.012233 0.572183 0.820035
vn 0.012233 0.572183 0.820035
vn 0.012233 0.572183 0.820035
vn 0.012233 0.572183 0.820035
vn 0.959066 0.273719 0.072603
vn 0.959066 0.273719 0.072603
vn 0.959066 0.273719 0.072603
vn 0.959065 0.273719 0.072603
vn 0.250986 0.460840 0.851253
vn 0.250986 0.460840 0.851253
vn 0.250986 0.460840 0.851253
vn 0.250986 0.460840 0.851253
vn 0.959071 0.273701 -0.072602
vn 0.959071 0.273701 -0.072602
vn 0.959071 0.273701 -0.072602
vn 0.959071 0.273701 -0.072602
vn 0.012233 0.572195 -0.820027
vn 0.012233 0.572195 -0.820027
vn 0.012233 0.572195 -0.820027
vn 0.012233 0.572195 -0.820026
vn -0.799686 0.589835 0.112238
vn -0.799686 0.589835 0.112238
vn -0.799686 0.589834 0.112238
vn -0.799686 0.589835 0.112238
vn 0.183657 0.158596 0.970112
vn 0.183657 0.158596 0.970112
vn 0.183657 0.158596 0.970112
vn 0.183657 0.158596 0.970112
vn 0.183657 0.158596 0.970112
vn 0.194921 0.916037 0.350546
vn 0.194921 0.916037 0.350545
vn 0.194921 0.916037 0.350546
vn 0.194921 0.916037 0.350546
vn 0.194921 0.916037 0.350546
vn 0.218098 0.960695 0.171753
vn 0.218098 0.960695 0.171753
vn 0.218098 0.960695 0.171752
vn 0.218098 0.960695 0.171753
vn 0.218098 0.960695 0.171753
vn 0.054993 0.132244 0.989691
vn 0.054993 0.132244 0.989691
vn 0.054993 0.132244 0.989691
vn 0.054993 0.132244 0.989691
vn 0.054993 0.132244 0.989691
vn -0.083571 0.028743 -0.996087
vn -0.083571 0.028743 -0.996087
vn -0.083571 0.028743 -0.996087
vn -0.083571 0.028743 -0.996087
vn -0.083571 0.028743 -0.996087
vn 0.218098 0.960695 -0.171752
vn 0.218098 0.960695 -0.171752
vn 0.218098 0.960695 -0.171752
vn 0.218098 0.960695 -0.171752
vn 0.218098 0.960695 -0.171752
vn 0.194921 0.916037 -0.350545
vn 0.194921 0.916037 -0.350545
vn 0.194921 0.916037 -0.350545
vn 0.194921 0.916037 -0.350545
vn 0.194921 0.916037 -0.350545
vn 0.183657 0.158595 -0.970112
vn 0.183657 0.158595 -0.970112
vn 0.183657 0.158595 -0.970112
vn 0.183657 0.158595 -0.970112
vn 0.183657 0.158596 -0.970112
s off
g polySurface71 polySurface103
usemtl openPBRSurface1SG
f 1321/2849/1849 1322/2850/1850 1324/2851/1851 1323/2852/1852
f 1323/2853/1853 1324/2854/1854 1426/2855/1855 1425/2856/1856
f 1349/2857/1857 1453/2858/1858 1454/2859/1859 1350/2860/1860
f 1322/2861/1861 1428/2862/1862 1429/2863/1863 1325/2864/1864
f 1324/2851/1865 1322/2850/1866 1325/2865/1867 1326/2866/1868
f 1321/2849/1869 1323/2852/1870 1328/2867/1871 1327/2868/1872
f 1323/2853/1873 1425/2856/1874 1432/2869/1875 1328/2870/1876
f 1325/2864/1877 1429/2863/1878 1433/2871/1879 1329/2872/1880
f 1326/2866/1881 1325/2865/1882 1329/2873/1883 1330/2874/1884
f 1327/2868/1885 1328/2867/1886 1332/2875/1887 1331/2876/1888
f 1328/2877/1889 1432/2878/1890 1436/2879/1891 1332/2880/1892
f 1329/2881/1893 1433/2882/1894 1437/2883/1895 1333/2884/1896
f 1330/2874/1897 1329/2873/1898 1333/2885/1899 1334/2886/1900
f 1331/2876/1901 1332/2875/1902 1336/2887/1903 1335/2888/1904
f 1332/2880/1905 1436/2879/1906 1440/2889/1907 1336/2890/1908
f 1333/2884/1909 1437/2883/1910 1441/2891/1911 1337/2892/1912
f 1334/2886/1913 1333/2885/1914 1337/2893/1915 1338/2894/1916
f 1335/2888/1917 1336/2887/1918 1340/2895/1919 1339/2896/1920
f 1336/2890/1921 1440/2889/1922 1444/2897/1923 1340/2898/1924
f 1337/2892/1925 1441/2891/1926 1445/2899/1927 1341/2900/1928
f 1338/2894/1929 1337/2893/1930 1341/2901/1931 1342/2902/1932
f 1339/2896/1933 1340/2895/1934 1344/2903/1935 1343/2904/1936
f 1340/2898/1937 1444/2897/1938 1448/2905/1939 1344/2906/1940
f 1341/2900/1941 1445/2899/1942 1449/2907/1943 1345/2908/1944
f 1342/2902/1945 1341/2901/1946 1345/2909/1947 1346/2910/1948
f 1343/2904/1949 1344/2903/1950 1348/2911/1951 1347/2912/1952
f 1344/2906/1953 1448/2905/1954 1452/2913/1955 1348/2914/1956
f 1346/2910/1957 1345/2909/1958 1571/2915/1959 1572/2916/1960
f 1347/2912/1961 1348/2911/1962 1352/2917/1963 1351/2918/1964
f 1348/2914/1965 1452/2913/1966 1456/2919/1967 1352/2920/1968
f 1347/2912/1969 1351/2918/1970 1354/2921/1971 1353/2922/1972
f 1351/2923/1973 1455/2924/1974 1458/2925/1975 1354/2926/1976
f 1610/2927/1977 1611/2928/1978 1421/2929/1979 1423/2930/1980
f 1345/2931/1981 1449/2932/1982 1460/2933/1983 1356/2934/1984
f 1620/2935/1985 1571/2936/1986 1345/2937/1987 1357/2938/1988
f 1345/2939/1989 1356/2940/1990 1359/2941/1991 1357/2942/1992
f 1356/2943/1993 1600/2944/1994 1601/2945/1995 1359/2946/1996
f 1355/2947/1997 1349/2948/1998 1358/2949/1999 1360/2950/2000
f 1619/2951/2001 1620/2935/2002 1357/2938/2003 1361/2952/2004
f 1357/2953/2005 1359/2954/2006 1363/2955/2007 1361/2956/2008
f 1359/2946/2009 1601/2945/2010 1602/2957/2011 1363/2958/2012
f 1360/2950/2013 1358/2949/2014 1362/2959/2015 1364/2960/2016
f 1618/2961/2017 1619/2951/2018 1361/2952/2019 1365/2962/2020
f 1361/2956/2021 1363/2955/2022 1367/2963/2023 1365/2964/2024
f 1363/2958/2025 1602/2957/2026 1603/2965/2027 1367/2966/2028
f 1382/2967/2029 1381/2968/2030 1383/2969/2031 1384/2970/2032
f 1364/2971/2033 1362/2972/2034 1369/2973/2035 1370/2974/2036
f 1362/2975/2037 1366/2976/2038 1371/2977/2039 1369/2978/2040
f 1366/2979/2041 1368/2980/2042 1372/2981/2043 1371/2982/2044
f 1368/2983/2045 1364/2984/2046 1370/2985/2047 1372/2986/2048
f 1370/2974/2049 1369/2973/2050 1373/2987/2051 1374/2988/2052
f 1369/2978/2053 1371/2977/2054 1375/2989/2055 1373/2990/2056
f 1371/2991/2057 1372/2992/2058 1376/2993/2059 1375/2994/2060
f 1372/2986/2061 1370/2985/2062 1374/2995/2063 1376/2996/2064
f 1374/2988/2065 1373/2987/2066 1377/2997/2067 1378/2998/2068
f 1373/2990/2069 1375/2989/2070 1379/2999/2071 1377/3000/2072
f 1375/2994/2073 1376/2993/2074 1380/3001/2075 1379/3002/2076
f 1376/2996/2077 1374/2995/2078 1378/3003/2079 1380/3004/2080
f 1378/2998/2081 1377/2997/2082 1381/3005/2083 1382/3006/2084
f 1377/3000/2085 1379/2999/2086 1383/3007/2087 1381/3008/2088
f 1379/3002/2089 1380/3001/2090 1384/3009/2091 1383/3010/2092
f 1380/3004/2093 1378/3003/2094 1382/3011/2095 1384/3012/2096
f 1617/3013/2097 1618/2961/2098 1365/2962/2099 1385/3014/2100
f 1365/2964/2101 1367/2963/2102 1387/3015/2103 1385/3016/2104
f 1367/2966/2105 1603/2965/2106 1604/3017/2107 1387/3018/2108
f 1368/2980/2109 1366/2979/2110 1386/3019/2111 1388/3020/2112
f 1616/3021/2113 1617/3013/2114 1385/3014/2115 1389/3022/2116
f 1385/3016/2117 1387/3015/2118 1391/3023/2119 1389/3024/2120
f 1387/3018/2121 1604/3017/2122 1605/3025/2123 1391/3026/2124
f 1402/3027/2125 1401/3028/2126 1403/3029/2127 1404/3030/2128
f 1388/3020/2129 1386/3019/2130 1393/3031/2131 1394/3032/2132
f 1386/3033/2133 1390/3034/2134 1395/3035/2135 1393/3036/2136
f 1390/3037/2137 1392/3038/2138 1396/3039/2139 1395/3040/2140
f 1392/3041/2141 1388/3042/2142 1394/3043/2143 1396/3044/2144
f 1394/3045/2145 1393/3046/2146 1397/3047/2147 1398/3048/2148
f 1393/3036/2149 1395/3035/2150 1399/3049/2151 1397/3050/2152
f 1395/3040/2153 1396/3039/2154 1400/3051/2155 1399/3052/2156
f 1396/3044/2157 1394/3043/2158 1398/3053/2159 1400/3054/2160
f 1398/3048/2161 1397/3047/2162 1401/3055/2163 1402/3056/2164
f 1397/3050/2165 1399/3049/2166 1403/3057/2167 1401/3058/2168
f 1399/3052/2169 1400/3051/2170 1404/3059/2171 1403/3060/2172
f 1400/3054/2173 1398/3053/2174 1402/3061/2175 1404/3062/2176
f 1615/3063/2177 1616/3021/2178 1389/3022/2179 1405/3064/2180
f 1389/3024/2181 1391/3023/2182 1407/3065/2183 1405/3066/2184
f 1391/3026/2185 1605/3025/2186 1606/3067/2187 1407/3068/2188
f 1392/3069/2189 1390/3070/2190 1406/3071/2191 1408/3072/2192
f 1614/3073/2193 1615/3063/2194 1405/3064/2195 1409/3074/2196
f 1405/3066/2197 1407/3065/2198 1411/3075/2199 1409/3076/2200
f 1407/3068/2201 1606/3067/2202 1607/3077/2203 1411/3078/2204
f 1408/3072/2205 1406/3071/2206 1410/3079/2207 1412/3080/2208
f 1613/3081/2209 1614/3073/2210 1409/3074/2211 1413/3082/2212
f 1409/3083/2213 1411/3084/2214 1415/3085/2215 1413/3086/2216
f 1411/3078/2217 1607/3077/2218 1608/3087/2219 1415/3088/2220
f 1412/3089/2221 1410/3090/2222 1414/3091/2223 1416/3092/2224
f 1612/3093/2225 1613/3081/2226 1413/3082/2227 1417/3094/2228
f 1413/3086/2229 1415/3085/2230 1419/3095/2231 1417/3096/2232
f 1415/3088/2233 1608/3087/2234 1609/3097/2235 1419/3098/2236
f 1416/3092/2237 1414/3091/2238 1418/3099/2239 1420/3100/2240
f 1611/3101/2241 1612/3093/2242 1417/3094/2243 1421/3102/2244
f 1417/3096/2245 1419/3095/2246 1423/3103/2247 1421/3104/2248
f 1419/3098/2249 1609/3097/2250 1610/3105/2251 1423/3106/2252
f 1420/3100/2253 1418/3099/2254 1422/3107/2255 1424/3108/2256
f 1427/3109/2257 1428/2862/2258 1322/2861/2259 1321/3110/2260
f 1456/3111/2261 1455/3112/2262 1351/3113/2263 1352/3114/2264
f 1430/3115/2265 1426/2855/2266 1324/2854/2267 1326/3116/2268
f 1431/3117/2269 1427/3109/2270 1321/3110/2271 1327/3118/2272
f 1434/3119/2273 1430/3120/2274 1326/3121/2275 1330/3122/2276
f 1435/3123/2277 1431/3117/2278 1327/3118/2279 1331/3124/2280
f 1438/3125/2281 1434/3119/2282 1330/3122/2283 1334/3126/2284
f 1439/3127/2285 1435/3128/2286 1331/3129/2287 1335/3130/2288
f 1442/3131/2289 1438/3125/2290 1334/3126/2291 1338/3132/2292
f 1443/3133/2293 1439/3127/2294 1335/3130/2295 1339/3134/2296
f 1446/3135/2297 1442/3131/2298 1338/3132/2299 1342/3136/2300
f 1447/3137/2301 1443/3133/2302 1339/3134/2303 1343/3138/2304
f 1450/3139/2305 1446/3135/2306 1342/3136/2307 1346/3140/2308
f 1451/3141/2309 1447/3137/2310 1343/3138/2311 1347/3142/2312
f 1572/3143/2313 1573/3144/2314 1450/3139/2315 1346/3140/2316
f 1458/2925/2317 1457/3145/2318 1353/3146/2319 1354/2926/2320
f 1457/3147/2321 1451/3148/2322 1347/3149/2323 1353/3150/2324
f 1640/3151/2325 1639/3152/2326 1641/3153/2327 1642/3154/2328
f 1459/3155/2329 1453/3156/2330 1349/2948/2331 1355/2947/2332
f 1461/3157/2333 1463/3158/2334 1464/3159/2335 1462/3160/2336
f 1463/3161/2337 1425/2856/2338 1426/2855/2339 1464/3162/2340
f 1489/3163/2341 1490/3164/2342 1454/2859/2343 1453/2858/2344
f 1462/3165/2345 1465/3166/2346 1429/2863/2347 1428/2862/2348
f 1464/3159/2349 1466/3167/2350 1465/3168/2351 1462/3160/2352
f 1461/3157/2353 1467/3169/2354 1468/3170/2355 1463/3158/2356
f 1463/3161/2357 1468/3171/2358 1432/2869/2359 1425/2856/2360
f 1465/3166/2361 1469/3172/2362 1433/2871/2363 1429/2863/2364
f 1466/3167/2365 1470/3173/2366 1469/3174/2367 1465/3168/2368
f 1467/3169/2369 1471/3175/2370 1472/3176/2371 1468/3170/2372
f 1468/3177/2373 1472/3178/2374 1436/2879/2375 1432/2878/2376
f 1469/3179/2377 1473/3180/2378 1437/2883/2379 1433/2882/2380
f 1470/3173/2381 1474/3181/2382 1473/3182/2383 1469/3174/2384
f 1471/3175/2385 1475/3183/2386 1476/3184/2387 1472/3176/2388
f 1472/3178/2389 1476/3185/2390 1440/2889/2391 1436/2879/2392
f 1473/3180/2393 1477/3186/2394 1441/2891/2395 1437/2883/2396
f 1474/3181/2397 1478/3187/2398 1477/3188/2399 1473/3182/2400
f 1475/3183/2401 1479/3189/2402 1480/3190/2403 1476/3184/2404
f 1476/3185/2405 1480/3191/2406 1444/2897/2407 1440/2889/2408
f 1477/3186/2409 1481/3192/2410 1445/2899/2411 1441/2891/2412
f 1478/3187/2413 1482/3193/2414 1481/3194/2415 1477/3188/2416
f 1479/3189/2417 1483/3195/2418 1484/3196/2419 1480/3190/2420
f 1480/3191/2421 1484/3197/2422 1448/2905/2423 1444/2897/2424
f 1481/3192/2425 1485/3198/2426 1449/2907/2427 1445/2899/2428
f 1482/3193/2429 1486/3199/2430 1485/3200/2431 1481/3194/2432
f 1483/3195/2433 1487/3201/2434 1488/3202/2435 1484/3196/2436
f 1484/3197/2437 1488/3203/2438 1452/2913/2439 1448/2905/2440
f 1486/3199/2441 1574/3204/2442 1575/3205/2443 1485/3200/2444
f 1487/3201/2445 1491/3206/2446 1492/3207/2447 1488/3202/2448
f 1488/3203/2449 1492/3208/2450 1456/2919/2451 1452/2913/2452
f 1487/3201/2453 1493/3209/2454 1494/3210/2455 1491/3206/2456
f 1491/3211/2457 1494/3212/2458 1458/2925/2459 1455/2924/2460
f 1585/3213/2461 1586/3214/2462 1563/3215/2463 1561/3216/2464
f 1485/3217/2465 1496/3218/2466 1460/2933/2467 1449/2932/2468
f 1575/3219/2469 1576/3220/2470 1497/3221/2471 1485/3222/2472
f 1485/3223/2473 1497/3224/2474 1499/3225/2475 1496/3226/2476
f 1496/3227/2477 1499/3228/2478 1595/3229/2479 1596/3230/2480
f 1495/3231/2481 1500/3232/2482 1498/3233/2483 1489/3234/2484
f 1576/3220/2485 1577/3235/2486 1501/3236/2487 1497/3221/2488
f 1497/3237/2489 1501/3238/2490 1503/3239/2491 1499/3240/2492
f 1499/3228/2493 1503/3241/2494 1594/3242/2495 1595/3229/2496
f 1500/3232/2497 1504/3243/2498 1502/3244/2499 1498/3233/2500
f 1577/3235/2501 1578/3245/2502 1505/3246/2503 1501/3236/2504
f 1501/3238/2505 1505/3247/2506 1507/3248/2507 1503/3239/2508
f 1503/3241/2509 1507/3249/2510 1593/3250/2511 1594/3242/2512
f 1522/3251/2513 1524/3252/2514 1523/3253/2515 1521/3254/2516
f 1504/3255/2517 1510/3256/2518 1509/3257/2519 1502/3258/2520
f 1502/3259/2521 1509/3260/2522 1511/3261/2523 1506/3262/2524
f 1506/3263/2525 1511/3264/2526 1512/3265/2527 1508/3266/2528
f 1508/3267/2529 1512/3268/2530 1510/3269/2531 1504/3270/2532
f 1510/3256/2533 1514/3271/2534 1513/3272/2535 1509/3257/2536
f 1509/3260/2537 1513/3273/2538 1515/3274/2539 1511/3261/2540
f 1511/3275/2541 1515/3276/2542 1516/3277/2543 1512/3278/2544
f 1512/3268/2545 1516/3279/2546 1514/3280/2547 1510/3269/2548
f 1514/3271/2549 1518/3281/2550 1517/3282/2551 1513/3272/2552
f 1513/3273/2553 1517/3283/2554 1519/3284/2555 1515/3274/2556
f 1515/3276/2557 1519/3285/2558 1520/3286/2559 1516/3277/2560
f 1516/3279/2561 1520/3287/2562 1518/3288/2563 1514/3280/2564
f 1518/3281/2565 1522/3289/2566 1521/3290/2567 1517/3282/2568
f 1517/3283/2569 1521/3291/2570 1523/3292/2571 1519/3284/2572
f 1519/3285/2573 1523/3293/2574 1524/3294/2575 1520/3286/2576
f 1520/3287/2577 1524/3295/2578 1522/3296/2579 1518/3288/2580
f 1578/3245/2581 1579/3297/2582 1525/3298/2583 1505/3246/2584
f 1505/3247/2585 1525/3299/2586 1527/3300/2587 1507/3248/2588
f 1507/3249/2589 1527/3301/2590 1592/3302/2591 1593/3250/2592
f 1508/3266/2593 1528/3303/2594 1526/3304/2595 1506/3263/2596
f 1579/3297/2597 1580/3305/2598 1529/3306/2599 1525/3298/2600
f 1525/3299/2601 1529/3307/2602 1531/3308/2603 1527/3300/2604
f 1527/3301/2605 1531/3309/2606 1591/3310/2607 1592/3302/2608
f 1542/3311/2609 1544/3312/2610 1543/3313/2611 1541/3314/2612
f 1528/3303/2613 1534/3315/2614 1533/3316/2615 1526/3304/2616
f 1526/3317/2617 1533/3318/2618 1535/3319/2619 1530/3320/2620
f 1530/3321/2621 1535/3322/2622 1536/3323/2623 1532/3324/2624
f 1532/3325/2625 1536/3326/2626 1534/3327/2627 1528/3328/2628
f 1534/3329/2629 1538/3330/2630 1537/3331/2631 1533/3332/2632
f 1533/3318/2633 1537/3333/2634 1539/3334/2635 1535/3319/2636
f 1535/3322/2637 1539/3335/2638 1540/3336/2639 1536/3323/2640
f 1536/3326/2641 1540/3337/2642 1538/3338/2643 1534/3327/2644
f 1538/3330/2645 1542/3339/2646 1541/3340/2647 1537/3331/2648
f 1537/3333/2649 1541/3341/2650 1543/3342/2651 1539/3334/2652
f 1539/3335/2653 1543/3343/2654 1544/3344/2655 1540/3336/2656
f 1540/3337/2657 1544/3345/2658 1542/3346/2659 1538/3338/2660
f 1580/3305/2661 1581/3347/2662 1545/3348/2663 1529/3306/2664
f 1529/3307/2665 1545/3349/2666 1547/3350/2667 1531/3308/2668
f 1531/3309/2669 1547/3351/2670 1590/3352/2671 1591/3310/2672
f 1532/3353/2673 1548/3354/2674 1546/3355/2675 1530/3356/2676
f 1581/3347/2677 1582/3357/2678 1549/3358/2679 1545/3348/2680
f 1545/3349/2681 1549/3359/2682 1551/3360/2683 1547/3350/2684
f 1547/3351/2685 1551/3361/2686 1589/3362/2687 1590/3352/2688
f 1548/3354/2689 1552/3363/2690 1550/3364/2691 1546/3355/2692
f 1582/3357/2693 1583/3365/2694 1553/3366/2695 1549/3358/2696
f 1549/3367/2697 1553/3368/2698 1555/3369/2699 1551/3370/2700
f 1551/3361/2701 1555/3371/2702 1588/3372/2703 1589/3362/2704
f 1552/3373/2705 1556/3374/2706 1554/3375/2707 1550/3376/2708
f 1583/3365/2709 1584/3377/2710 1557/3378/2711 1553/3366/2712
f 1553/3368/2713 1557/3379/2714 1559/3380/2715 1555/3369/2716
f 1555/3371/2717 1559/3381/2718 1587/3382/2719 1588/3372/2720
f 1556/3374/2721 1560/3383/2722 1558/3384/2723 1554/3375/2724
f 1584/3377/2725 1585/3385/2726 1561/3386/2727 1557/3378/2728
f 1557/3379/2729 1561/3387/2730 1563/3388/2731 1559/3380/2732
f 1559/3381/2733 1563/3389/2734 1586/3390/2735 1587/3382/2736
f 1560/3383/2737 1564/3391/2738 1562/3392/2739 1558/3384/2740
f 1427/3109/2741 1461/3393/2742 1462/3165/2743 1428/2862/2744
f 1456/3111/2745 1492/3394/2746 1491/3395/2747 1455/3112/2748
f 1430/3115/2749 1466/3396/2750 1464/3162/2751 1426/2855/2752
f 1431/3117/2753 1467/3397/2754 1461/3393/2755 1427/3109/2756
f 1434/3119/2757 1470/3398/2758 1466/3399/2759 1430/3120/2760
f 1435/3123/2761 1471/3400/2762 1467/3397/2763 1431/3117/2764
f 1438/3125/2765 1474/3401/2766 1470/3398/2767 1434/3119/2768
f 1439/3127/2769 1475/3402/2770 1471/3403/2771 1435/3128/2772
f 1442/3131/2773 1478/3404/2774 1474/3401/2775 1438/3125/2776
f 1443/3133/2777 1479/3405/2778 1475/3402/2779 1439/3127/2780
f 1446/3135/2781 1482/3406/2782 1478/3404/2783 1442/3131/2784
f 1447/3137/2785 1483/3407/2786 1479/3405/2787 1443/3133/2788
f 1450/3139/2789 1486/3408/2790 1482/3406/2791 1446/3135/2792
f 1451/3141/2793 1487/3409/2794 1483/3407/2795 1447/3137/2796
f 1573/3144/2797 1574/3410/2798 1486/3408/2799 1450/3139/2800
f 1458/2925/2801 1494/3212/2802 1493/3411/2803 1457/3145/2804
f 1457/3147/2805 1493/3412/2806 1487/3413/2807 1451/3148/2808
f 1640/3151/2809 1643/3414/2810 1644/3415/2811 1639/3152/2812
f 1459/3155/2813 1495/3231/2814 1489/3234/2815 1453/3156/2816
f 1700/3416/2817 1699/3417/2818 1567/3418/2819
f 1599/3419/2820 1600/3420/2821 1356/3421/2822 1568/3422/2823
f 1356/2934/2824 1460/2933/2825 1566/3423/2826 1568/3424/2827
f 1460/2933/2828 1496/3218/2829 1569/3425/2830 1566/3423/2831
f 1496/3426/2832 1596/3427/2833 1597/3428/2834 1569/3429/2835
f 1701/3430/2836 1702/3431/2837 1570/3432/2838
f 1572/2916/2839 1571/2915/2840 1349/3433/2841 1350/3434/2842
f 1454/2859/2843 1573/3144/2844 1572/3143/2845 1350/2860/2846
f 1454/2859/2847 1490/3164/2848 1574/3410/2849 1573/3144/2850
f 1575/3205/2851 1574/3204/2852 1490/3435/2853 1489/3436/2854
f 1489/3437/2855 1498/3438/2856 1576/3220/2857 1575/3219/2858
f 1498/3438/2859 1502/3259/2860 1577/3235/2861 1576/3220/2862
f 1502/3259/2863 1506/3262/2864 1578/3245/2865 1577/3235/2866
f 1506/3262/2867 1526/3317/2868 1579/3297/2869 1578/3245/2870
f 1526/3317/2871 1530/3320/2872 1580/3305/2873 1579/3297/2874
f 1530/3320/2875 1546/3439/2876 1581/3347/2877 1580/3305/2878
f 1546/3439/2879 1550/3440/2880 1582/3357/2881 1581/3347/2882
f 1550/3440/2883 1554/3441/2884 1583/3365/2885 1582/3357/2886
f 1554/3441/2887 1558/3442/2888 1584/3377/2889 1583/3365/2890
f 1558/3442/2891 1562/3443/2892 1585/3385/2893 1584/3377/2894
f 1562/3444/2895 1564/3445/2896 1586/3214/2897 1585/3213/2898
f 1587/3382/2899 1586/3390/2900 1564/3446/2901 1560/3447/2902
f 1588/3372/2903 1587/3382/2904 1560/3447/2905 1556/3448/2906
f 1589/3362/2907 1588/3372/2908 1556/3448/2909 1552/3449/2910
f 1590/3352/2911 1589/3362/2912 1552/3449/2913 1548/3450/2914
f 1591/3310/2915 1590/3352/2916 1548/3450/2917 1532/3325/2918
f 1592/3302/2919 1591/3310/2920 1532/3325/2921 1528/3328/2922
f 1593/3250/2923 1592/3302/2924 1528/3328/2925 1508/3267/2926
f 1594/3242/2927 1593/3250/2928 1508/3267/2929 1504/3270/2930
f 1595/3229/2931 1594/3242/2932 1504/3270/2933 1500/3451/2934
f 1596/3230/2935 1595/3229/2936 1500/3451/2937 1495/3452/2938
f 1703/3453/2939 1701/3454/2940 1570/3455/2941
f 1662/3456/2942 1661/3457/2943 1663/3458/2944 1664/3459/2945
f 1665/3460/2946 1662/3456/2947 1664/3459/2948 1666/3461/2949
f 1699/3462/2950 1704/3463/2951 1567/3464/2952
f 1601/2945/2953 1600/2944/2954 1355/3465/2955 1360/3466/2956
f 1602/2957/2957 1601/2945/2958 1360/3466/2959 1364/2984/2960
f 1603/2965/2961 1602/2957/2962 1364/2984/2963 1368/2983/2964
f 1604/3017/2965 1603/2965/2966 1368/2983/2967 1388/3042/2968
f 1605/3025/2969 1604/3017/2970 1388/3042/2971 1392/3041/2972
f 1606/3067/2973 1605/3025/2974 1392/3041/2975 1408/3467/2976
f 1607/3077/2977 1606/3067/2978 1408/3467/2979 1412/3468/2980
f 1608/3087/2981 1607/3077/2982 1412/3468/2983 1416/3469/2984
f 1609/3097/2985 1608/3087/2986 1416/3469/2987 1420/3470/2988
f 1610/3105/2989 1609/3097/2990 1420/3470/2991 1424/3471/2992
f 1422/3472/2993 1611/2928/2994 1610/2927/2995 1424/3473/2996
f 1418/3474/2997 1612/3093/2998 1611/3101/2999 1422/3475/3000
f 1414/3476/3001 1613/3081/3002 1612/3093/3003 1418/3474/3004
f 1410/3477/3005 1614/3073/3006 1613/3081/3007 1414/3476/3008
f 1406/3478/3009 1615/3063/3010 1614/3073/3011 1410/3477/3012
f 1390/3034/3013 1616/3021/3014 1615/3063/3015 1406/3478/3016
f 1386/3033/3017 1617/3013/3018 1616/3021/3019 1390/3034/3020
f 1366/2976/3021 1618/2961/3022 1617/3013/3023 1386/3033/3024
f 1362/2975/3025 1619/2951/3026 1618/2961/3027 1366/2976/3028
f 1358/3479/3029 1620/2935/3030 1619/2951/3031 1362/2975/3032
f 1349/3480/3033 1571/2936/3034 1620/2935/3035 1358/3479/3036
f 1598/3481/3037 1597/3482/3038 1621/3483/3039 1622/3484/3040
f 1705/3485/3041 1703/3486/3042 1570/3432/3043
f 1570/3432/3044 1702/3431/3045 1705/3485/3046
f 1599/3487/3047 1598/3481/3048 1622/3484/3049 1625/3488/3050
f 1706/3489/3051 1700/3416/3052 1567/3418/3053
f 1567/3418/3054 1704/3490/3055 1706/3489/3056
f 1598/3491/3057 1599/3492/3058 1629/3493/3059 1627/3494/3060
f 1599/3419/3061 1568/3422/3062 1630/3495/3063 1629/3496/3064
f 1568/3424/3065 1566/3423/3066 1628/3497/3067 1630/3498/3068
f 1566/3423/3069 1569/3425/3070 1631/3499/3071 1628/3497/3072
f 1569/3429/3073 1597/3428/3074 1632/3500/3075 1631/3501/3076
f 1597/3502/3077 1598/3491/3078 1627/3494/3079 1632/3503/3080
f 1627/3494/3081 1629/3493/3082 1635/3504/3083 1633/3505/3084
f 1629/3496/3085 1630/3495/3086 1636/3506/3087 1635/3507/3088
f 1630/3498/3089 1628/3497/3090 1634/3508/3091 1636/3509/3092
f 1628/3497/3093 1631/3499/3094 1637/3510/3095 1634/3508/3096
f 1631/3501/3097 1632/3500/3098 1638/3511/3099 1637/3512/3100
f 1632/3503/3101 1627/3494/3102 1633/3505/3103 1638/3513/3104
f 1633/3505/3105 1635/3504/3106 1641/3514/3107 1639/3515/3108
f 1646/3516/3109 1645/3517/3110 1647/3518/3111 1648/3519/3112
f 1636/3509/3113 1634/3508/3114 1640/3520/3115 1642/3521/3116
f 1634/3508/3117 1637/3510/3118 1643/3522/3119 1640/3520/3120
f 1649/3523/3121 1650/3524/3122 1651/3525/3123 1652/3526/3124
f 1638/3513/3125 1633/3505/3126 1639/3515/3127 1644/3527/3128
f 1635/3528/3129 1636/3529/3130 1645/3530/3131 1646/3531/3132
f 1636/3509/3133 1642/3521/3134 1647/3518/3135 1645/3517/3136
f 1642/3154/3137 1641/3153/3138 1648/3532/3139 1647/3533/3140
f 1692/3534/3141 1691/3535/3142 1693/3536/3143 1694/3537/3144
f 1637/3538/3145 1638/3539/3146 1650/3540/3147 1649/3541/3148
f 1695/3542/3149 1696/3543/3150 1697/3544/3151 1698/3545/3152
f 1644/3415/3153 1643/3414/3154 1652/3546/3155 1651/3547/3156
f 1643/3522/3157 1637/3510/3158 1649/3523/3159 1652/3526/3160
f 1641/3548/3161 1635/3549/3162 1653/3550/3163 1654/3551/3164
f 1635/3528/3165 1646/3531/3166 1655/3552/3167 1653/3553/3168
f 1646/3554/3169 1648/3555/3170 1656/3556/3171 1655/3557/3172
f 1648/3532/3173 1641/3153/3174 1654/3558/3175 1656/3559/3176
f 1638/3560/3177 1644/3561/3178 1658/3562/3179 1657/3563/3180
f 1644/3415/3181 1651/3547/3182 1659/3564/3183 1658/3565/3184
f 1651/3566/3185 1650/3567/3186 1660/3568/3187 1659/3569/3188
f 1650/3540/3189 1638/3539/3190 1657/3570/3191 1660/3571/3192
f 1622/3484/3193 1621/3483/3194 1661/3572/3195 1662/3573/3196
f 1667/3574/3197 1668/3575/3198 1669/3576/3199 1670/3577/3200
f 1623/3578/3201 1624/3579/3202 1664/3580/3203 1663/3581/3204
f 1625/3488/3205 1622/3484/3206 1662/3573/3207 1665/3582/3208
f 1624/3579/3209 1626/3583/3210 1666/3584/3211 1664/3580/3212
f 1672/3585/3213 1671/3586/3214 1673/3587/3215 1674/3588/3216
f 1621/3589/3217 1623/3590/3218 1668/3591/3219 1667/3592/3220
f 1623/3578/3221 1663/3581/3222 1669/3576/3223 1668/3575/3224
f 1663/3458/3225 1661/3457/3226 1670/3593/3227 1669/3594/3228
f 1684/3595/3229 1683/3596/3230 1685/3597/3231 1686/3598/3232
f 1626/3599/3233 1625/3600/3234 1671/3601/3235 1672/3602/3236
f 1687/3603/3237 1688/3604/3238 1689/3605/3239 1690/3606/3240
f 1665/3460/3241 1666/3461/3242 1674/3607/3243 1673/3608/3244
f 1666/3584/3245 1626/3583/3246 1672/3585/3247 1674/3588/3248
f 1661/3609/3249 1621/3610/3250 1675/3611/3251 1676/3612/3252
f 1621/3589/3253 1667/3592/3254 1677/3613/3255 1675/3614/3256
f 1667/3615/3257 1670/3616/3258 1678/3617/3259 1677/3618/3260
f 1670/3593/3261 1661/3457/3262 1676/3619/3263 1678/3620/3264
f 1625/3621/3265 1665/3622/3266 1680/3623/3267 1679/3624/3268
f 1665/3460/3269 1673/3608/3270 1681/3625/3271 1680/3626/3272
f 1673/3627/3273 1671/3628/3274 1682/3629/3275 1681/3630/3276
f 1671/3601/3277 1625/3600/3278 1679/3631/3279 1682/3632/3280
f 1676/3612/3281 1675/3611/3282 1683/3633/3283 1684/3634/3284
f 1675/3614/3285 1677/3613/3286 1685/3635/3287 1683/3636/3288
f 1677/3618/3289 1678/3617/3290 1686/3637/3291 1685/3638/3292
f 1678/3620/3293 1676/3619/3294 1684/3639/3295 1686/3640/3296
f 1679/3624/3297 1680/3623/3298 1688/3641/3299 1687/3642/3300
f 1680/3626/3301 1681/3625/3302 1689/3643/3303 1688/3644/3304
f 1681/3630/3305 1682/3629/3306 1690/3645/3307 1689/3646/3308
f 1682/3632/3309 1679/3631/3310 1687/3647/3311 1690/3648/3312
f 1654/3551/3313 1653/3550/3314 1691/3649/3315 1692/3650/3316
f 1653/3553/3317 1655/3552/3318 1693/3651/3319 1691/3652/3320
f 1655/3653/3321 1656/3654/3322 1694/3537/3323 1693/3536/3324
f 1656/3559/3325 1654/3558/3326 1692/3655/3327 1694/3656/3328
f 1657/3563/3329 1658/3562/3330 1696/3657/3331 1695/3658/3332
f 1658/3565/3333 1659/3564/3334 1697/3659/3335 1696/3660/3336
f 1659/3661/3337 1660/3662/3338 1698/3545/3339 1697/3544/3340
f 1660/3571/3341 1657/3570/3342 1695/3663/3343 1698/3664/3344
f 1706/3489/3345 1704/3490/3346 1599/3419/3347 1625/3665/3348 1626/3666/3349
f 1565/3667/3350 1700/3668/3351 1706/3669/3352 1626/3583/3353 1624/3579/3354
f 1459/3155/3355 1355/2947/3356 1699/3670/3357 1700/3668/3358 1565/3667/3359
f 1355/3671/3360 1600/3420/3361 1599/3419/3362 1704/3490/3363 1699/3672/3364
f 1597/3428/3365 1596/3427/3366 1495/3673/3367 1701/3674/3368 1703/3486/3369
f 1495/3231/3370 1459/3155/3371 1565/3667/3372 1702/3675/3373 1701/3676/3374
f 1705/3677/3375 1702/3675/3376 1565/3667/3377 1624/3579/3378 1623/3578/3379
f 1597/3428/3380 1703/3486/3381 1705/3485/3382 1623/3678/3383 1621/3679/3384
g default
v -0.399834 -0.500000 0.917405
v 0.399834 -0.500000 0.917405
v -0.399834 0.500000 0.917405
v 0.399834 0.500000 0.917405
v -0.399834 0.500000 -0.917405
v 0.399834 0.500000 -0.917405
v -0.399834 -0.500000 -0.917405
v 0.399834 -0.500000 -0.917405
v -0.399834 -0.148850 1.975271
v 0.399834 -0.148850 1.975271
v 0.399834 0.817076 1.766091
v -0.399834 0.817076 1.766091
v -0.399834 0.817076 -1.766091
v 0.399834 0.817076 -1.766091
v 0.399834 -0.148850 -1.975271
v -0.399834 -0.148850 -1.975271
v -0.399834 0.640083 3.209101
v 0.399834 0.640083 3.209101
v 0.399834 1.506109 2.804998
v -0.399834 1.506109 2.804998
v -0.399834 1.506109 -2.804998
v 0.399834 1.506109 -2.804998
v 0.399834 0.640083 -3.209101
v -0.399834 0.640083 -3.209101
v -0.399834 2.242045 4.741731
v 0.399834 2.242045 4.741731
v 0.399834 2.949152 4.170239
v -0.399834 2.949152 4.170239
v -0.399834 2.949152 -4.170239
v 0.399834 2.949152 -4.170239
v 0.399834 2.242045 -4.741731
v -0.399834 2.242045 -4.741731
v -0.399834 3.422225 5.850307
v 0.399834 3.422225 5.850307
v 0.399834 3.422225 5.042098
v -0.399834 3.422225 5.042098
v -0.399834 3.422225 -5.042098
v 0.399834 3.422225 -5.042098
v 0.399834 3.422225 -5.850307
v -0.399834 3.422225 -5.850307
v 2.250875 -0.500000 -0.917405
v 2.250875 -0.500000 0.917405
v 2.250875 0.500000 -0.917405
v 2.250875 0.500000 0.917405
v 2.250875 0.817076 1.766091
v 2.250875 -0.148850 1.975271
v 2.250875 -0.148850 -1.975271
v 2.250875 0.817076 -1.766091
v 2.250875 1.506109 2.804998
v 2.250875 0.640083 3.209101
v 2.250875 0.640083 -3.209101
v 2.250875 1.506109 -2.804998
v 2.250875 2.949152 4.170239
v 2.250875 2.242045 4.741731
v 2.250875 2.242045 -4.741731
v 2.250875 2.949152 -4.170239
v 2.250875 3.422225 5.042098
v 2.250875 3.422225 5.850307
v 2.250875 3.422225 -5.850307
v 2.250875 3.422225 -5.042098
v -2.250875 -0.500000 -0.917405
v -2.250875 -0.500000 0.917405
v -2.250875 0.500000 0.917405
v -2.250875 0.500000 -0.917405
v -2.250875 -0.148850 1.975271
v -2.250875 0.817076 1.766091
v -2.250875 0.817076 -1.766091
v -2.250875 -0.148850 -1.975271
v -2.250875 0.640083 3.209101
v -2.250875 1.506109 2.804998
v -2.250875 1.506109 -2.804998
v -2.250875 0.640083 -3.209101
v -2.250875 2.242045 4.741731
v -2.250875 2.949152 4.170239
v -2.250875 2.949152 -4.170239
v -2.250875 2.242045 -4.741731
v -2.250875 3.422225 5.850307
v -2.250875 3.422225 5.042098
v -2.250875 3.422225 -5.042098
v -2.250875 3.422225 -5.850307
v 6.085402 -0.500000 -0.805828
v 6.085402 -0.500000 0.805828
v 6.085402 0.500000 -0.805828
v 6.085402 0.500000 0.805828
v 6.085402 0.817076 1.551294
v 6.085402 -0.148850 1.735033
v 6.085402 -0.148850 -1.735033
v 6.085402 0.817076 -1.551294
v 6.085402 1.506109 2.463846
v 6.085402 0.640083 2.818802
v 6.085402 0.640083 -2.818802
v 6.085402 1.506109 -2.463846
v 6.085402 2.949152 3.663044
v 6.085402 2.242045 4.165027
v 6.085402 2.242045 -4.165027
v 6.085402 2.949152 -3.663044
v 6.085402 3.422225 4.428866
v 6.085402 3.422225 5.138777
v 6.085402 3.422225 -5.138777
v 6.085402 3.422225 -4.428866
v -6.085402 -0.500000 -0.805828
v -6.085402 -0.500000 0.805828
v -6.085402 0.500000 0.805828
v -6.085402 0.500000 -0.805828
v -6.085402 -0.148850 1.735033
v -6.085402 0.817076 1.551294
v -6.085402 0.817076 -1.551294
v -6.085402 -0.148850 -1.735033
v -6.085402 0.640083 2.818802
v -6.085402 1.506109 2.463846
v -6.085402 1.506109 -2.463846
v -6.085402 0.640083 -2.818802
v -6.085402 2.242045 4.165027
v -6.085402 2.949152 3.663044
v -6.085402 2.949152 -3.663044
v -6.085402 2.242045 -4.165027
v -6.085402 3.422225 5.138777
v -6.085402 3.422225 4.428866
v -6.085402 3.422225 -4.428866
v -6.085402 3.422225 -5.138777
v 8.857258 -0.500000 -0.546327
v 8.857258 -0.500000 0.546327
v 8.857258 0.500000 -0.546327
v 8.857258 0.500000 0.546327
v 8.857258 0.817076 1.051732
v 8.857258 -0.148850 1.176302
v 8.857258 -0.148850 -1.176302
v 8.857258 0.817076 -1.051732
v 8.857258 1.506109 1.670416
v 8.857258 0.640083 1.911064
v 8.857258 0.640083 -1.911064
v 8.857258 1.506109 -1.670416
v 8.857258 2.949152 2.483436
v 8.857258 2.242045 2.823766
v 8.857258 2.242045 -2.823766
v 8.857258 2.949152 -2.483436
v 8.857258 3.422225 2.601194
v 8.857258 3.422225 3.483939
v 8.857258 3.422225 -3.483939
v 8.857258 3.422225 -2.601194
v -8.857258 -0.500000 -0.546327
v -8.857258 -0.500000 0.546327
v -8.857258 0.500000 0.546327
v -8.857258 0.500000 -0.546327
v -8.857258 -0.148850 1.176302
v -8.857258 0.817076 1.051732
v -8.857258 0.817076 -1.051732
v -8.857258 -0.148850 -1.176302
v -8.857258 0.640083 1.911064
v -8.857258 1.506109 1.670416
v -8.857258 1.506109 -1.670416
v -8.857258 0.640083 -1.911064
v -8.857258 2.242045 2.823766
v -8.857258 2.949152 2.483436
v -8.857258 2.949152 -2.483436
v -8.857258 2.242045 -2.823766
v -8.857258 3.422225 3.483939
v -8.857258 3.422225 2.601194
v -8.857258 3.422225 -2.601194
v -8.857258 3.422225 -3.483939
v 10.892821 0.620634 -0.052887
v 10.892821 0.620634 0.052887
v 11.585347 1.120634 -0.052887
v 11.585347 1.120634 0.052887
v 11.804930 1.279172 0.058574
v 11.136002 0.796209 0.113872
v 11.136002 0.796209 -0.113872
v 11.804930 1.279172 -0.058574
v 12.282103 1.623688 0.064008
v 11.682358 1.190676 0.185001
v 11.682358 1.190676 -0.185001
v 12.282103 1.623688 -0.064008
v 13.281448 2.345208 0.107140
v 12.791759 1.991657 0.273355
v 12.791759 1.991657 -0.273355
v 13.281448 2.345208 -0.107140
v 13.997092 3.422214 0.126375
v 13.997095 3.422214 0.337263
v 13.997095 3.422214 -0.337264
v 13.997092 3.422214 -0.126375
v -10.892821 0.620634 -0.052887
v -10.892821 0.620634 0.052887
v -11.585347 1.120634 0.052887
v -11.585347 1.120634 -0.052887
v -11.136002 0.796209 0.113872
v -11.804930 1.279172 0.058574
v -11.804930 1.279172 -0.058574
v -11.136002 0.796209 -0.113872
v -11.682358 1.190676 0.185001
v -12.282103 1.623688 0.064008
v -12.282103 1.623688 -0.064008
v -11.682358 1.190676 -0.185001
v -12.791759 1.991657 0.273355
v -13.281448 2.345208 0.107140
v -13.281448 2.345208 -0.107140
v -12.791759 1.991657 -0.273355
v -13.997095 3.422214 0.337263
v -13.997092 3.422214 0.126375
v -13.997092 3.422214 -0.126375
v -13.997095 3.422214 -0.337264
v -0.155820 4.024028 6.073400
v 0.155820 4.024028 6.073400
v 0.155820 4.024028 5.234373
v -0.155820 4.024028 5.234373
v 2.077450 4.024028 6.073400
v 2.077450 4.024028 5.234373
v -2.077450 4.024028 5.234373
v -2.077450 4.024028 6.073400
v 6.058203 4.024027 5.334738
v 6.058203 4.024027 4.597755
v -6.058203 4.024027 4.597755
v -6.058203 4.024027 5.334738
v 8.935760 4.024027 3.616795
v 8.935760 4.024027 2.998562
v -8.935760 4.024027 2.998562
v -8.935760 4.024027 3.616795
v 14.271597 4.024015 0.350124
v 14.271596 4.024015 0.131194
v -14.271596 4.024015 0.131194
v -14.271597 4.024015 0.350124
v -0.155820 4.024028 -5.234373
v 0.155820 4.024028 -5.234373
v 0.155820 4.024027 -6.073400
v -0.155820 4.024027 -6.073400
v 2.077450 4.024028 -5.234373
v 2.077450 4.024027 -6.073400
v -2.077450 4.024027 -6.073400
v -2.077450 4.024028 -5.234373
v 6.058203 4.024027 -4.597755
v 6.058203 4.024028 -5.334738
v -6.058203 4.024028 -5.334738
v -6.058203 4.024027 -4.597755
v 8.935760 4.024027 -2.998562
v 8.935760 4.024027 -3.616795
v -8.935760 4.024027 -3.616795
v -8.935760 4.024027 -2.998562
v 14.271596 4.024015 -0.131194
v 14.271597 4.024015 -0.350125
v -14.271597 4.024015 -0.350125
v -14.271596 4.024015 -0.131194
v 10.689264 0.508570 -0.102231
v 10.689264 0.508570 0.102231
v 10.908127 0.701703 0.220115
v 11.399848 1.135617 0.357607
v 12.398309 2.016696 0.528396
v 13.483110 3.422215 0.651931
v 13.738015 4.024016 0.676792
v 13.738012 4.024016 0.417931
v 13.483109 3.422215 0.373857
v 12.839029 2.405603 0.344769
v 11.939618 1.611930 0.224649
v 11.510162 1.232962 0.157890
v 11.312538 1.058571 0.102231
v 11.312538 1.058571 -0.102231
v 11.510162 1.232962 -0.157890
v 11.939618 1.611930 -0.224649
v 12.839029 2.405603 -0.344770
v 13.483109 3.422215 -0.373857
v 13.738012 4.024016 -0.417931
v 13.738015 4.024016 -0.676792
v 13.483110 3.422215 -0.651932
v 12.398309 2.016696 -0.528396
v 11.399848 1.135617 -0.357607
v 10.908127 0.701703 -0.220115
v -10.689264 0.508570 -0.102231
v -10.908127 0.701703 -0.220115
v -11.399848 1.135617 -0.357607
v -12.398309 2.016696 -0.528396
v -13.483110 3.422215 -0.651932
v -13.738015 4.024016 -0.676792
v -13.738012 4.024016 -0.417931
v -13.483109 3.422215 -0.373857
v -12.839029 2.405603 -0.344770
v -11.939618 1.611930 -0.224649
v -11.510162 1.232962 -0.157890
v -11.312538 1.058571 -0.102231
v -11.312538 1.058571 0.102231
v -11.510162 1.232962 0.157890
v -11.939618 1.611930 0.224649
v -12.839029 2.405603 0.344769
v -13.483109 3.422215 0.373857
v -13.738012 4.024016 0.417931
v -13.738015 4.024016 0.676792
v -13.483110 3.422215 0.651931
v -12.398309 2.016696 0.528396
v -11.399848 1.135617 0.357607
v -10.908127 0.701703 0.220115
v -10.689264 0.508570 0.102231
vt 0.789716 0.639183
vt 0.789716 0.633548
vt 0.804887 0.633548
vt 0.804887 0.639183
vt 0.336413 0.284756
vt 0.336413 0.268397
vt 0.373947 0.268397
vt 0.373947 0.284756
vt 0.551545 0.274159
vt 0.551545 0.268524
vt 0.566716 0.268524
vt 0.566716 0.274159
vt 0.104137 0.283343
vt 0.104137 0.266461
vt 0.142872 0.266461
vt 0.142872 0.283343
vt 0.868081 0.096445
vt 0.868081 0.093806
vt 0.880555 0.093806
vt 0.880555 0.096445
vt 0.901686 0.194471
vt 0.901686 0.191832
vt 0.914160 0.191832
vt 0.914160 0.194471
vt 0.165204 0.266461
vt 0.165204 0.283343
vt 0.884510 0.096586
vt 0.872461 0.097966
vt 0.319052 0.284756
vt 0.319052 0.268397
vt 0.906066 0.190311
vt 0.918115 0.191690
vt 0.391308 0.268397
vt 0.391308 0.284756
vt 0.872461 0.092284
vt 0.884510 0.093664
vt 0.081805 0.283343
vt 0.081805 0.266461
vt 0.918115 0.194613
vt 0.906066 0.195993
vt 0.191251 0.266461
vt 0.191251 0.283343
vt 0.893106 0.096722
vt 0.882303 0.099741
vt 0.297800 0.284756
vt 0.297800 0.268397
vt 0.915908 0.188536
vt 0.926710 0.191555
vt 0.412560 0.268397
vt 0.412560 0.284756
vt 0.882303 0.090510
vt 0.893106 0.093528
vt 0.055758 0.283343
vt 0.055758 0.266461
vt 0.926710 0.194749
vt 0.915908 0.197767
vt 0.223606 0.266461
vt 0.223606 0.283343
vt 0.911106 0.097798
vt 0.902286 0.101945
vt 0.269872 0.284756
vt 0.269872 0.268397
vt 0.935891 0.186332
vt 0.944711 0.190479
vt 0.440488 0.268397
vt 0.440488 0.284756
vt 0.902286 0.088305
vt 0.911106 0.092452
vt 0.023403 0.283343
vt 0.023403 0.266461
vt 0.944711 0.195825
vt 0.935891 0.199972
vt 0.247009 0.266461
vt 0.247009 0.283343
vt 0.937976 0.098278
vt 0.937976 0.103539
vt 0.252037 0.284756
vt 0.252037 0.268397
vt 0.971581 0.184738
vt 0.971581 0.189999
vt 0.458323 0.268397
vt 0.458323 0.284756
vt 0.937976 0.086711
vt 0.937976 0.091972
vt 0.000000 0.283343
vt 0.000000 0.266461
vt 0.971581 0.196305
vt 0.971581 0.201566
vt 0.104137 0.227384
vt 0.142872 0.227384
vt 0.336413 0.230532
vt 0.373947 0.230532
vt 0.319052 0.230532
vt 0.165204 0.227384
vt 0.081805 0.227384
vt 0.391308 0.230532
vt 0.297800 0.230532
vt 0.191251 0.227384
vt 0.055758 0.227384
vt 0.412560 0.230532
vt 0.269872 0.230532
vt 0.223606 0.227384
vt 0.023403 0.227384
vt 0.440488 0.230532
vt 0.252037 0.230532
vt 0.789716 0.598800
vt 0.804887 0.598800
vt 0.247009 0.227384
vt 0.000000 0.227384
vt 0.551545 0.233776
vt 0.566716 0.233776
vt 0.458323 0.230532
vt 0.142872 0.322419
vt 0.104137 0.322419
vt 0.373947 0.322621
vt 0.336413 0.322621
vt 0.165204 0.322419
vt 0.319052 0.322621
vt 0.391308 0.322621
vt 0.081805 0.322419
vt 0.191251 0.322419
vt 0.297800 0.322621
vt 0.412560 0.322621
vt 0.055758 0.322419
vt 0.223606 0.322419
vt 0.269872 0.322621
vt 0.440488 0.322621
vt 0.023403 0.322419
vt 0.247009 0.322419
vt 0.804887 0.673931
vt 0.789716 0.673931
vt 0.252037 0.322621
vt 0.458323 0.322621
vt 0.566716 0.308907
vt 0.551545 0.308907
vt 0.000000 0.322419
vt 0.106493 0.146434
vt 0.140516 0.146434
vt 0.338696 0.152091
vt 0.371664 0.152091
vt 0.323446 0.152091
vt 0.160132 0.146434
vt 0.086877 0.146434
vt 0.386914 0.152091
vt 0.304779 0.152091
vt 0.183012 0.146434
vt 0.063997 0.146434
vt 0.405581 0.152091
vt 0.280247 0.152091
vt 0.211431 0.146434
vt 0.035578 0.146434
vt 0.430112 0.152091
vt 0.264581 0.152091
vt 0.803072 0.526818
vt 0.816399 0.526818
vt 0.231988 0.146434
vt 0.015021 0.146434
vt 0.540033 0.161795
vt 0.553360 0.161795
vt 0.445778 0.152091
vt 0.140516 0.403369
vt 0.106493 0.403369
vt 0.371664 0.401062
vt 0.338696 0.401062
vt 0.160132 0.403369
vt 0.323446 0.401062
vt 0.386914 0.401062
vt 0.086877 0.403369
vt 0.183012 0.403369
vt 0.304779 0.401062
vt 0.405581 0.401062
vt 0.063997 0.403369
vt 0.211431 0.403369
vt 0.280247 0.401062
vt 0.430112 0.401062
vt 0.035578 0.403369
vt 0.231988 0.403369
vt 0.816399 0.745912
vt 0.803072 0.745912
vt 0.264581 0.401062
vt 0.445778 0.401062
vt 0.553360 0.380888
vt 0.540033 0.380888
vt 0.015021 0.403369
vt 0.111971 0.087918
vt 0.135038 0.087918
vt 0.344004 0.095389
vt 0.366356 0.095389
vt 0.333665 0.095389
vt 0.148337 0.087918
vt 0.098672 0.087918
vt 0.376694 0.095389
vt 0.321009 0.095389
vt 0.163848 0.087918
vt 0.083160 0.087918
vt 0.389350 0.095389
vt 0.304378 0.095389
vt 0.183116 0.087918
vt 0.063893 0.087918
vt 0.405982 0.095389
vt 0.301969 0.095389
vt 0.834137 0.474785
vt 0.845316 0.474785
vt 0.197053 0.087918
vt 0.049956 0.087918
vt 0.511116 0.109762
vt 0.522295 0.109762
vt 0.408391 0.095389
vt 0.135038 0.461885
vt 0.111971 0.461885
vt 0.366356 0.457764
vt 0.344004 0.457764
vt 0.148337 0.461885
vt 0.333665 0.457764
vt 0.376694 0.457764
vt 0.098672 0.461885
vt 0.163848 0.461885
vt 0.321009 0.457764
vt 0.389350 0.457764
vt 0.083160 0.461885
vt 0.183116 0.461885
vt 0.304378 0.457764
vt 0.405982 0.457764
vt 0.063893 0.461885
vt 0.197053 0.461885
vt 0.845316 0.797945
vt 0.834137 0.797945
vt 0.301969 0.457764
vt 0.408391 0.457764
vt 0.522295 0.432922
vt 0.511116 0.432922
vt 0.049956 0.461885
vt 0.121346 0.049243
vt 0.125663 0.049243
vt 0.353089 0.045163
vt 0.357271 0.045163
vt 0.351950 0.041121
vt 0.848884 0.124472
vt 0.840123 0.108755
vt 0.865285 0.097676
vt 0.870103 0.100617
vt 0.840123 0.081495
vt 0.848884 0.065778
vt 0.870103 0.089634
vt 0.865285 0.092575
vt 0.358410 0.041121
vt 0.350584 0.032336
vt 0.868566 0.142803
vt 0.880929 0.104047
vt 0.868566 0.047447
vt 0.880929 0.086203
vt 0.359775 0.032336
vt 0.312866 0.540605
vt 0.284424 0.540605
vt 0.295137 0.462126
vt 0.310780 0.479853
vt 0.131054 0.034242
vt 0.134659 0.013164
vt 0.112350 0.013164
vt 0.115955 0.034242
vt 0.924573 0.444928
vt 0.896131 0.444928
vt 0.898217 0.384176
vt 0.913860 0.366449
vt 0.275100 0.540605
vt 0.275100 0.449432
vt 0.887299 0.387949
vt 0.891980 0.387949
vt 0.903216 0.744068
vt 0.878889 0.744068
vt 0.874244 0.671076
vt 0.903216 0.648715
vt 0.399582 0.764718
vt 0.375255 0.764718
vt 0.375255 0.669365
vt 0.404227 0.691726
vt 0.464452 0.022926
vt 0.469133 0.022926
vt 0.933897 0.444928
vt 0.933897 0.353754
vt 0.125663 0.500560
vt 0.121346 0.500560
vt 0.357271 0.507990
vt 0.353089 0.507990
vt 0.873728 0.179522
vt 0.882489 0.163805
vt 0.903708 0.187660
vt 0.898890 0.190601
vt 0.351950 0.512033
vt 0.358410 0.512033
vt 0.882489 0.222499
vt 0.873728 0.206782
vt 0.898890 0.195702
vt 0.903708 0.198643
vt 0.902171 0.145474
vt 0.914534 0.184230
vt 0.350584 0.520818
vt 0.359775 0.520818
vt 0.902171 0.240830
vt 0.914534 0.202073
vt 0.134659 0.536639
vt 0.131054 0.515561
vt 0.284424 0.889751
vt 0.312866 0.889751
vt 0.310780 0.950503
vt 0.295137 0.968230
vt 0.896131 0.794073
vt 0.924573 0.794073
vt 0.913860 0.872552
vt 0.898217 0.854825
vt 0.115955 0.515561
vt 0.112350 0.536639
vt 0.324408 0.658416
vt 0.348735 0.658416
vt 0.348735 0.753769
vt 0.319763 0.731408
vt 0.891980 0.884781
vt 0.887299 0.884781
vt 0.275100 0.889751
vt 0.275100 0.980924
vt 0.933897 0.794073
vt 0.933897 0.885247
vt 0.469133 0.519758
vt 0.464452 0.519758
vt 0.957740 0.004896
vt 0.982067 0.004896
vt 0.986712 0.077888
vt 0.957740 0.100249
vt 0.442465 0.739912
vt 0.442465 0.724683
vt 0.453925 0.729330
vt 0.453925 0.735265
vt 0.275100 0.707297
vt 0.275100 0.723059
vt 0.263239 0.718249
vt 0.263239 0.712107
vt 0.442465 0.689433
vt 0.453925 0.692735
vt 0.275100 0.670814
vt 0.263239 0.674232
vt 0.275100 0.759542
vt 0.263239 0.756124
vt 0.442465 0.775163
vt 0.453925 0.771860
vt 0.442465 0.616409
vt 0.453925 0.616927
vt 0.275100 0.595237
vt 0.263239 0.595774
vt 0.275100 0.835119
vt 0.263239 0.834583
vt 0.442465 0.848186
vt 0.453925 0.847668
vt 0.442465 0.563623
vt 0.453925 0.562128
vt 0.263239 0.539058
vt 0.263239 0.891298
vt 0.442465 0.900972
vt 0.453925 0.902467
vt 0.937976 0.182044
vt 0.937976 0.111390
vt 0.952990 0.112010
vt 0.952990 0.185358
vt 0.952990 0.098398
vt 0.952990 0.103860
vt 0.263239 0.444408
vt 0.263239 0.985948
vt 0.986595 0.184417
vt 0.986595 0.189879
vt 0.986595 0.176267
vt 0.971581 0.176887
vt 0.971581 0.106233
vt 0.986595 0.102919
vt 0.933897 0.627381
vt 0.933897 0.611620
vt 0.945758 0.616429
vt 0.945758 0.622572
vt 0.437123 0.737542
vt 0.437123 0.752770
vt 0.425662 0.748123
vt 0.425662 0.742189
vt 0.933897 0.575137
vt 0.945758 0.578555
vt 0.437123 0.702291
vt 0.425662 0.705594
vt 0.437123 0.788021
vt 0.425662 0.784718
vt 0.933897 0.663864
vt 0.945758 0.660446
vt 0.933897 0.499560
vt 0.945758 0.500096
vt 0.437123 0.629268
vt 0.425662 0.629786
vt 0.437123 0.861044
vt 0.425662 0.860527
vt 0.933897 0.739441
vt 0.945758 0.738905
vt 0.945758 0.443380
vt 0.437123 0.576481
vt 0.425662 0.574986
vt 0.437123 0.913831
vt 0.425662 0.915326
vt 0.945758 0.795621
vt 0.945758 0.348730
vt 0.952990 0.086390
vt 0.952990 0.091852
vt 0.952990 0.078240
vt 0.937976 0.078861
vt 0.937976 0.008207
vt 0.952990 0.004892
vt 0.971581 0.280070
vt 0.971581 0.209416
vt 0.986595 0.210037
vt 0.986595 0.283385
vt 0.986595 0.196425
vt 0.986595 0.201887
vt 0.945758 0.890271
vt 0.122388 0.044946
vt 0.124621 0.044946
vt 0.128151 0.044623
vt 0.125908 0.039812
vt 0.127410 0.028278
vt 0.129275 0.004858
vt 0.873728 0.662966
vt 0.903216 0.638120
vt 0.893206 0.378301
vt 0.897165 0.378301
vt 0.275100 0.439301
vt 0.263239 0.433891
vt 0.296327 0.453406
vt 0.348127 0.013937
vt 0.352988 0.004887
vt 0.353871 0.025330
vt 0.353982 0.035091
vt 0.354098 0.039583
vt 0.356262 0.039583
vt 0.356378 0.035091
vt 0.356489 0.025330
vt 0.362233 0.013937
vt 0.357372 0.004887
vt 0.912669 0.357729
vt 0.933897 0.343624
vt 0.945758 0.338213
vt 0.459267 0.013277
vt 0.463226 0.013277
vt 0.375255 0.658770
vt 0.404743 0.683616
vt 0.117734 0.004858
vt 0.119599 0.028278
vt 0.118858 0.044623
vt 0.121101 0.039812
vt 0.118858 0.505181
vt 0.121101 0.509991
vt 0.119599 0.521525
vt 0.117734 0.544946
vt 0.987228 0.085998
vt 0.957740 0.110844
vt 0.463226 0.529406
vt 0.459267 0.529406
vt 0.933897 0.895377
vt 0.945758 0.900788
vt 0.912669 0.881272
vt 0.362233 0.539216
vt 0.357372 0.548267
vt 0.356489 0.527824
vt 0.356378 0.518062
vt 0.356262 0.513571
vt 0.354098 0.513571
vt 0.353982 0.518062
vt 0.353871 0.527824
vt 0.348127 0.539216
vt 0.352988 0.548267
vt 0.296327 0.976950
vt 0.275100 0.991055
vt 0.263239 0.996465
vt 0.897165 0.894430
vt 0.893206 0.894430
vt 0.348735 0.764364
vt 0.319247 0.739518
vt 0.129275 0.544946
vt 0.127410 0.521525
vt 0.128151 0.505181
vt 0.125908 0.509991
vt 0.124621 0.504857
vt 0.122388 0.504857
vn 0.000000 0.736313 0.676641
vn 0.000000 0.736313 0.676641
vn 0.000000 0.872008 -0.489492
vn 0.000000 0.872008 -0.489492
vn 0.000000 0.993092 -0.117342
vn 0.000000 0.993092 -0.117342
vn 0.000000 0.993092 0.117342
vn 0.000000 0.993092 0.117342
vn 0.000000 0.872008 0.489492
vn 0.000000 0.872008 0.489492
vn 0.000000 0.736313 -0.676641
vn 0.000000 0.736313 -0.676641
vn 0.000000 -0.992712 -0.120508
vn 0.000000 -0.992712 -0.120508
vn 0.000000 -0.992712 0.120508
vn 0.000000 -0.992712 0.120508
vn 0.543317 -0.829600 0.128727
vn 0.543317 -0.829600 -0.128727
vn 0.624046 -0.442933 0.643721
vn 0.624045 -0.442934 -0.643721
vn -0.543317 -0.829600 -0.128727
vn -0.543317 -0.829600 0.128727
vn -0.624046 -0.442933 -0.643721
vn -0.624045 -0.442934 0.643721
vn 0.000000 -0.895326 0.445411
vn 0.000000 -0.895326 0.445411
vn 0.082940 -0.070507 -0.994057
vn 0.519007 -0.768295 0.374640
vn 0.000000 0.882471 -0.470367
vn 0.000000 0.882471 -0.470367
vn -0.519007 -0.768295 0.374640
vn -0.082940 -0.070506 -0.994057
vn 0.000000 0.882471 0.470367
vn 0.000000 0.882471 0.470367
vn 0.519007 -0.768295 -0.374640
vn 0.082940 -0.070506 0.994057
vn 0.000000 -0.895326 -0.445411
vn 0.000000 -0.895326 -0.445411
vn -0.082940 -0.070507 0.994057
vn -0.519007 -0.768295 -0.374640
vn 0.000000 -0.756596 0.653883
vn 0.000000 -0.756596 0.653883
vn 0.017304 0.021696 -0.999615
vn 0.485997 -0.708436 0.511787
vn 0.000000 0.748173 -0.663504
vn 0.000000 0.748173 -0.663504
vn -0.485997 -0.708436 0.511787
vn -0.017304 0.021696 -0.999615
vn 0.000000 0.748173 0.663504
vn 0.000000 0.748173 0.663504
vn 0.485997 -0.708436 -0.511787
vn 0.017304 0.021696 0.999615
vn 0.000000 -0.756596 -0.653883
vn 0.000000 -0.756596 -0.653883
vn -0.017304 0.021697 0.999615
vn -0.485997 -0.708436 -0.511787
vn 0.000000 -0.688499 0.725237
vn 0.000000 -0.688499 0.725237
vn 0.070616 -0.028268 -0.997103
vn 0.537591 -0.586806 0.605520
vn 0.000000 0.759491 -0.650518
vn 0.000000 0.759491 -0.650518
vn -0.537591 -0.586806 0.605520
vn -0.070616 -0.028268 -0.997103
vn 0.000000 0.759491 0.650518
vn 0.000000 0.759491 0.650518
vn 0.537591 -0.586806 -0.605520
vn 0.070617 -0.028269 0.997103
vn 0.000000 -0.688499 -0.725237
vn 0.000000 -0.688499 -0.725237
vn -0.070616 -0.028269 0.997103
vn -0.537591 -0.586806 -0.605520
vn 0.000000 -0.596192 0.802842
vn 0.000000 -0.596192 0.802842
vn 0.008164 -0.048758 -0.998777
vn 0.611862 -0.424600 0.667338
vn 0.000000 0.698342 -0.715764
vn 0.000000 0.698342 -0.715765
vn -0.611862 -0.424600 0.667338
vn -0.008165 -0.048758 -0.998777
vn 0.000000 0.698342 0.715764
vn 0.000000 0.698342 0.715765
vn 0.611863 -0.424600 -0.667337
vn 0.008166 -0.048757 0.998777
vn 0.000000 -0.596193 -0.802841
vn 0.000000 -0.596193 -0.802841
vn -0.008165 -0.048758 0.998777
vn -0.611862 -0.424600 -0.667337
vn 0.003967 -0.991832 -0.127487
vn 0.003967 -0.991832 0.127487
vn -0.003587 0.992241 -0.124275
vn -0.003587 0.992241 0.124275
vn -0.020946 0.872689 -0.487827
vn 0.022435 -0.886049 0.463048
vn 0.022435 -0.886049 -0.463048
vn -0.020946 0.872689 0.487827
vn -0.045604 0.731288 -0.680543
vn 0.051169 -0.739303 0.671426
vn 0.051169 -0.739303 -0.671426
vn -0.045604 0.731288 0.680543
vn -0.053123 0.749003 -0.660434
vn 0.071996 -0.671368 0.737619
vn 0.071996 -0.671368 -0.737619
vn -0.053123 0.749003 0.660434
vn -0.082289 0.659167 -0.747481
vn 0.075265 0.716433 0.693584
vn -0.044181 0.880924 -0.471191
vn 0.099171 -0.564388 0.819531
vn 0.099171 -0.564388 -0.819531
vn -0.044181 0.880924 0.471191
vn 0.075265 0.716433 -0.693584
vn -0.082289 0.659167 0.747481
vn -0.003967 -0.991832 0.127487
vn -0.003967 -0.991832 -0.127487
vn 0.003587 0.992241 0.124275
vn 0.003587 0.992241 -0.124275
vn -0.022435 -0.886049 0.463048
vn 0.020946 0.872689 -0.487827
vn 0.020946 0.872689 0.487827
vn -0.022435 -0.886049 -0.463048
vn -0.051169 -0.739303 0.671426
vn 0.045604 0.731288 -0.680543
vn 0.045604 0.731288 0.680543
vn -0.051169 -0.739303 -0.671426
vn -0.071996 -0.671368 0.737619
vn 0.053123 0.749003 -0.660434
vn 0.053123 0.749003 0.660434
vn -0.071996 -0.671368 -0.737619
vn -0.099171 -0.564388 0.819531
vn 0.044181 0.880924 -0.471191
vn -0.075265 0.716433 0.693584
vn 0.082289 0.659167 -0.747481
vn 0.082289 0.659167 0.747481
vn -0.075265 0.716433 -0.693584
vn 0.044181 0.880924 0.471191
vn -0.099171 -0.564388 -0.819531
vn 0.012908 -0.989654 -0.142891
vn 0.012908 -0.989654 0.142891
vn -0.011667 0.990187 -0.139264
vn -0.011667 0.990187 0.139264
vn -0.066047 0.845043 -0.530603
vn 0.071092 -0.860220 0.504943
vn 0.071092 -0.860220 -0.504943
vn -0.066047 0.845043 0.530603
vn -0.139035 0.684671 -0.715469
vn 0.156036 -0.691693 0.705134
vn 0.156036 -0.691693 -0.705134
vn -0.139035 0.684671 0.715469
vn -0.168591 0.681396 -0.712233
vn 0.211631 -0.616374 0.758483
vn 0.211631 -0.616374 -0.758483
vn -0.168591 0.681396 0.712233
vn -0.243933 0.619155 -0.746421
vn 0.245511 0.644466 0.724146
vn -0.164074 0.851441 -0.498124
vn 0.264887 -0.517188 0.813850
vn 0.264887 -0.517188 -0.813850
vn -0.164074 0.851441 0.498125
vn 0.245511 0.644466 -0.724146
vn -0.243933 0.619155 0.746421
vn -0.012908 -0.989654 0.142891
vn -0.012908 -0.989654 -0.142891
vn 0.011667 0.990187 0.139264
vn 0.011667 0.990187 -0.139264
vn -0.071092 -0.860220 0.504943
vn 0.066047 0.845043 -0.530603
vn 0.066047 0.845043 0.530603
vn -0.071092 -0.860220 -0.504943
vn -0.156036 -0.691693 0.705134
vn 0.139035 0.684671 -0.715469
vn 0.139035 0.684671 0.715469
vn -0.156036 -0.691693 -0.705134
vn -0.211631 -0.616374 0.758483
vn 0.168591 0.681396 -0.712233
vn 0.168591 0.681396 0.712233
vn -0.211631 -0.616374 -0.758483
vn -0.264887 -0.517188 0.813850
vn 0.164074 0.851441 -0.498124
vn -0.245511 0.644466 0.724146
vn 0.243933 0.619155 -0.746421
vn 0.243933 0.619155 0.746421
vn -0.245511 0.644466 -0.724146
vn 0.164074 0.851441 0.498124
vn -0.264887 -0.517188 -0.813850
vn 0.152441 -0.974216 -0.166327
vn 0.152441 -0.974216 0.166327
vn -0.092984 0.979567 -0.178335
vn -0.092984 0.979567 0.178335
vn -0.202561 0.757182 -0.621002
vn 0.262466 -0.790984 0.552680
vn 0.262466 -0.790985 -0.552680
vn -0.202561 0.757182 0.621003
vn -0.298479 0.574090 -0.762451
vn 0.362084 -0.596724 0.716111
vn 0.362084 -0.596724 -0.716111
vn -0.298479 0.574090 0.762451
vn -0.356767 0.469804 -0.807466
vn 0.418242 -0.494329 0.762045
vn 0.418242 -0.494329 -0.762045
vn -0.356767 0.469804 0.807466
vn -0.423057 0.408861 -0.808613
vn 0.464566 0.444376 0.765969
vn -0.301627 0.780713 -0.547274
vn 0.465056 -0.400291 0.789614
vn 0.465056 -0.400291 -0.789614
vn -0.301627 0.780712 0.547274
vn 0.464565 0.444377 -0.765969
vn -0.423057 0.408861 0.808613
vn -0.152441 -0.974216 0.166327
vn -0.152441 -0.974216 -0.166327
vn 0.092984 0.979567 0.178335
vn 0.092984 0.979567 -0.178335
vn -0.262466 -0.790985 0.552680
vn 0.202561 0.757182 -0.621003
vn 0.202561 0.757182 0.621002
vn -0.262466 -0.790984 -0.552680
vn -0.362084 -0.596724 0.716111
vn 0.298479 0.574090 -0.762451
vn 0.298479 0.574090 0.762451
vn -0.362084 -0.596724 -0.716111
vn -0.418242 -0.494329 0.762045
vn 0.356767 0.469804 -0.807466
vn 0.356767 0.469804 0.807466
vn -0.418242 -0.494329 -0.762045
vn -0.465056 -0.400291 0.789614
vn 0.301627 0.780713 -0.547274
vn -0.464565 0.444376 0.765969
vn 0.423057 0.408861 -0.808613
vn 0.423057 0.408861 0.808613
vn -0.464565 0.444377 -0.765969
vn 0.301627 0.780713 0.547274
vn -0.465056 -0.400291 -0.789614
vn 0.507733 -0.834274 -0.214929
vn 0.507733 -0.834274 0.214929
vn -0.269532 0.920607 -0.282553
vn -0.269532 0.920607 0.282553
vn -0.341741 0.622971 -0.703648
vn 0.508971 -0.652644 0.561252
vn 0.508971 -0.652644 -0.561252
vn -0.341741 0.622970 0.703648
vn -0.369485 0.499102 -0.783823
vn 0.481476 -0.530840 0.697417
vn 0.481476 -0.530840 -0.697417
vn -0.369485 0.499102 0.783823
vn -0.402713 0.366117 -0.838916
vn 0.471902 -0.459230 0.752606
vn 0.471902 -0.459230 -0.752606
vn -0.402713 0.366117 0.838916
vn -0.419345 0.346917 -0.838927
vn 0.430156 0.566821 0.702623
vn -0.326952 0.694298 -0.641134
vn 0.488406 -0.353834 0.797660
vn 0.488406 -0.353833 -0.797660
vn -0.326952 0.694298 0.641134
vn 0.430156 0.566822 -0.702623
vn -0.419345 0.346917 0.838927
vn -0.507733 -0.834274 0.214929
vn -0.507733 -0.834274 -0.214929
vn 0.269532 0.920607 0.282553
vn 0.269532 0.920607 -0.282553
vn -0.508971 -0.652644 0.561252
vn 0.341741 0.622970 -0.703648
vn 0.341741 0.622971 0.703648
vn -0.508971 -0.652644 -0.561252
vn -0.481476 -0.530840 0.697417
vn 0.369485 0.499102 -0.783822
vn 0.369485 0.499102 0.783822
vn -0.481476 -0.530840 -0.697417
vn -0.471902 -0.459230 0.752606
vn 0.402713 0.366117 -0.838916
vn 0.402713 0.366117 0.838916
vn -0.471902 -0.459230 -0.752606
vn -0.488406 -0.353833 0.797660
vn 0.326952 0.694298 -0.641134
vn -0.430156 0.566821 0.702623
vn 0.419345 0.346917 -0.838927
vn 0.419345 0.346917 0.838927
vn -0.430156 0.566823 -0.702622
vn 0.326952 0.694298 0.641134
vn -0.488406 -0.353833 -0.797660
vn 0.027539 0.356682 -0.933820
vn 0.745645 0.107961 0.657539
vn -0.745645 0.107961 0.657539
vn -0.027540 0.356683 -0.933820
vn 0.745645 0.107961 -0.657539
vn 0.027541 0.356684 0.933819
vn -0.027540 0.356684 0.933819
vn -0.745645 0.107962 -0.657539
s 1
g polySurface71 polySurface100
usemtl openPBRSurface9SG
f 1907/3680/3385 1908/3681/3386 1909/3682/3387 1910/3683/3388
usemtl openPBRSurface1SG
f 1709/3684/3389 1710/3685/3390 1712/3686/3391 1711/3687/3392
usemtl openPBRSurface9SG
f 1927/3688/3393 1928/3689/3394 1929/3690/3395 1930/3691/3396
usemtl openPBRSurface1SG
f 1713/3692/3397 1714/3693/3398 1708/3694/3399 1707/3695/3400
usemtl openPBRSurface9SG
f 1868/3696/3401 1867/3697/3402 1869/3698/3403 1870/3699/3404
f 1887/3700/3405 1888/3701/3406 1889/3702/3407 1890/3703/3408
usemtl openPBRSurface1SG
f 1707/3695/3400 1708/3694/3399 1716/3704/3409 1715/3705/3410
usemtl openPBRSurface9SG
f 1868/3696/3401 1870/3699/3404 1871/3706/3411 1872/3707/3412
usemtl openPBRSurface1SG
f 1710/3685/3390 1709/3684/3389 1718/3708/3413 1717/3709/3414
usemtl openPBRSurface9SG
f 1889/3702/3407 1888/3701/3406 1891/3710/3415 1892/3711/3416
usemtl openPBRSurface1SG
f 1711/3687/3392 1712/3686/3391 1720/3712/3417 1719/3713/3418
usemtl openPBRSurface9SG
f 1869/3698/3403 1867/3697/3402 1873/3714/3419 1874/3715/3420
usemtl openPBRSurface1SG
f 1714/3693/3398 1713/3692/3397 1722/3716/3421 1721/3717/3422
usemtl openPBRSurface9SG
f 1887/3700/3405 1890/3703/3408 1893/3718/3423 1894/3719/3424
usemtl openPBRSurface1SG
f 1715/3705/3410 1716/3704/3409 1724/3720/3425 1723/3721/3426
usemtl openPBRSurface9SG
f 1872/3707/3412 1871/3706/3411 1875/3722/3427 1876/3723/3428
usemtl openPBRSurface1SG
f 1717/3709/3414 1718/3708/3413 1726/3724/3429 1725/3725/3430
usemtl openPBRSurface9SG
f 1892/3711/3416 1891/3710/3415 1895/3726/3431 1896/3727/3432
usemtl openPBRSurface1SG
f 1719/3713/3418 1720/3712/3417 1728/3728/3433 1727/3729/3434
usemtl openPBRSurface9SG
f 1874/3715/3420 1873/3714/3419 1877/3730/3435 1878/3731/3436
usemtl openPBRSurface1SG
f 1721/3717/3422 1722/3716/3421 1730/3732/3437 1729/3733/3438
usemtl openPBRSurface9SG
f 1894/3719/3424 1893/3718/3423 1897/3734/3439 1898/3735/3440
usemtl openPBRSurface1SG
f 1723/3721/3426 1724/3720/3425 1732/3736/3441 1731/3737/3442
usemtl openPBRSurface9SG
f 1876/3723/3428 1875/3722/3427 1879/3738/3443 1880/3739/3444
usemtl openPBRSurface1SG
f 1725/3725/3430 1726/3724/3429 1734/3740/3445 1733/3741/3446
usemtl openPBRSurface9SG
f 1896/3727/3432 1895/3726/3431 1899/3742/3447 1900/3743/3448
usemtl openPBRSurface1SG
f 1727/3729/3434 1728/3728/3433 1736/3744/3449 1735/3745/3450
usemtl openPBRSurface9SG
f 1878/3731/3436 1877/3730/3435 1881/3746/3451 1882/3747/3452
usemtl openPBRSurface1SG
f 1729/3733/3438 1730/3732/3437 1738/3748/3453 1737/3749/3454
usemtl openPBRSurface9SG
f 1898/3735/3440 1897/3734/3439 1901/3750/3455 1902/3751/3456
usemtl openPBRSurface1SG
f 1731/3737/3442 1732/3736/3441 1740/3752/3457 1739/3753/3458
usemtl openPBRSurface9SG
f 1880/3739/3444 1879/3738/3443 1883/3754/3459 1884/3755/3460
usemtl openPBRSurface1SG
f 1733/3741/3446 1734/3740/3445 1742/3756/3461 1741/3757/3462
usemtl openPBRSurface9SG
f 1900/3743/3448 1899/3742/3447 1903/3758/3463 1904/3759/3464
usemtl openPBRSurface1SG
f 1735/3745/3450 1736/3744/3449 1744/3760/3465 1743/3761/3466
usemtl openPBRSurface9SG
f 1882/3747/3452 1881/3746/3451 1885/3762/3467 1886/3763/3468
usemtl openPBRSurface1SG
f 1737/3749/3454 1738/3748/3453 1746/3764/3469 1745/3765/3470
usemtl openPBRSurface9SG
f 1902/3751/3456 1901/3750/3455 1905/3766/3471 1906/3767/3472
usemtl openPBRSurface1SG
f 1708/3694/3399 1714/3693/3398 1747/3768/3473 1748/3769/3474
f 1712/3686/3391 1710/3685/3390 1750/3770/3475 1749/3771/3476
f 1710/3685/3390 1717/3709/3414 1751/3772/3477 1750/3770/3475
f 1716/3704/3409 1708/3694/3399 1748/3769/3474 1752/3773/3478
f 1714/3693/3398 1721/3717/3422 1753/3774/3479 1747/3768/3473
f 1720/3712/3417 1712/3686/3391 1749/3771/3476 1754/3775/3480
f 1717/3709/3414 1725/3725/3430 1755/3776/3481 1751/3772/3477
f 1724/3720/3425 1716/3704/3409 1752/3773/3478 1756/3777/3482
f 1721/3717/3422 1729/3733/3438 1757/3778/3483 1753/3774/3479
f 1728/3728/3433 1720/3712/3417 1754/3775/3480 1758/3779/3484
f 1725/3725/3430 1733/3741/3446 1759/3780/3485 1755/3776/3481
f 1732/3736/3441 1724/3720/3425 1756/3777/3482 1760/3781/3486
f 1729/3733/3438 1737/3749/3454 1761/3782/3487 1757/3778/3483
f 1736/3744/3449 1728/3728/3433 1758/3779/3484 1762/3783/3488
f 1733/3741/3446 1741/3757/3462 1763/3784/3489 1759/3780/3485
usemtl openPBRSurface9SG
f 1909/3682/3387 1908/3681/3386 1911/3785/3490 1912/3786/3491
usemtl openPBRSurface1SG
f 1740/3752/3457 1732/3736/3441 1760/3781/3486 1764/3787/3492
f 1737/3749/3454 1745/3765/3470 1765/3788/3493 1761/3782/3487
usemtl openPBRSurface9SG
f 1929/3690/3395 1928/3689/3394 1931/3789/3494 1932/3790/3495
usemtl openPBRSurface1SG
f 1744/3760/3465 1736/3744/3449 1762/3783/3488 1766/3791/3496
f 1713/3692/3397 1707/3695/3400 1768/3792/3497 1767/3793/3498
f 1709/3684/3389 1711/3687/3392 1770/3794/3499 1769/3795/3500
f 1707/3695/3400 1715/3705/3410 1771/3796/3501 1768/3792/3497
f 1718/3708/3413 1709/3684/3389 1769/3795/3500 1772/3797/3502
f 1711/3687/3392 1719/3713/3418 1773/3798/3503 1770/3794/3499
f 1722/3716/3421 1713/3692/3397 1767/3793/3498 1774/3799/3504
f 1715/3705/3410 1723/3721/3426 1775/3800/3505 1771/3796/3501
f 1726/3724/3429 1718/3708/3413 1772/3797/3502 1776/3801/3506
f 1719/3713/3418 1727/3729/3434 1777/3802/3507 1773/3798/3503
f 1730/3732/3437 1722/3716/3421 1774/3799/3504 1778/3803/3508
f 1723/3721/3426 1731/3737/3442 1779/3804/3509 1775/3800/3505
f 1734/3740/3445 1726/3724/3429 1776/3801/3506 1780/3805/3510
f 1727/3729/3434 1735/3745/3450 1781/3806/3511 1777/3802/3507
f 1738/3748/3453 1730/3732/3437 1778/3803/3508 1782/3807/3512
f 1731/3737/3442 1739/3753/3458 1783/3808/3513 1779/3804/3509
usemtl openPBRSurface9SG
f 1907/3680/3385 1910/3683/3388 1913/3809/3514 1914/3810/3515
usemtl openPBRSurface1SG
f 1742/3756/3461 1734/3740/3445 1780/3805/3510 1784/3811/3516
f 1735/3745/3450 1743/3761/3466 1785/3812/3517 1781/3806/3511
usemtl openPBRSurface9SG
f 1927/3688/3393 1930/3691/3396 1933/3813/3518 1934/3814/3519
usemtl openPBRSurface1SG
f 1746/3764/3469 1738/3748/3453 1782/3807/3512 1786/3815/3520
f 1748/3769/3474 1747/3768/3473 1787/3816/3521 1788/3817/3522
f 1749/3771/3476 1750/3770/3475 1790/3818/3523 1789/3819/3524
f 1750/3770/3475 1751/3772/3477 1791/3820/3525 1790/3818/3523
f 1752/3773/3478 1748/3769/3474 1788/3817/3522 1792/3821/3526
f 1747/3768/3473 1753/3774/3479 1793/3822/3527 1787/3816/3521
f 1754/3775/3480 1749/3771/3476 1789/3819/3524 1794/3823/3528
f 1751/3772/3477 1755/3776/3481 1795/3824/3529 1791/3820/3525
f 1756/3777/3482 1752/3773/3478 1792/3821/3526 1796/3825/3530
f 1753/3774/3479 1757/3778/3483 1797/3826/3531 1793/3822/3527
f 1758/3779/3484 1754/3775/3480 1794/3823/3528 1798/3827/3532
f 1755/3776/3481 1759/3780/3485 1799/3828/3533 1795/3824/3529
f 1760/3781/3486 1756/3777/3482 1796/3825/3530 1800/3829/3534
f 1757/3778/3483 1761/3782/3487 1801/3830/3535 1797/3826/3531
f 1762/3783/3488 1758/3779/3484 1798/3827/3532 1802/3831/3536
f 1759/3780/3485 1763/3784/3489 1803/3832/3537 1799/3828/3533
usemtl openPBRSurface9SG
f 1912/3786/3491 1911/3785/3490 1915/3833/3538 1916/3834/3539
usemtl openPBRSurface1SG
f 1764/3787/3492 1760/3781/3486 1800/3829/3534 1804/3835/3540
f 1761/3782/3487 1765/3788/3493 1805/3836/3541 1801/3830/3535
usemtl openPBRSurface9SG
f 1932/3790/3495 1931/3789/3494 1935/3837/3542 1936/3838/3543
usemtl openPBRSurface1SG
f 1766/3791/3496 1762/3783/3488 1802/3831/3536 1806/3839/3544
f 1767/3793/3498 1768/3792/3497 1808/3840/3545 1807/3841/3546
f 1769/3795/3500 1770/3794/3499 1810/3842/3547 1809/3843/3548
f 1768/3792/3497 1771/3796/3501 1811/3844/3549 1808/3840/3545
f 1772/3797/3502 1769/3795/3500 1809/3843/3548 1812/3845/3550
f 1770/3794/3499 1773/3798/3503 1813/3846/3551 1810/3842/3547
f 1774/3799/3504 1767/3793/3498 1807/3841/3546 1814/3847/3552
f 1771/3796/3501 1775/3800/3505 1815/3848/3553 1811/3844/3549
f 1776/3801/3506 1772/3797/3502 1812/3845/3550 1816/3849/3554
f 1773/3798/3503 1777/3802/3507 1817/3850/3555 1813/3846/3551
f 1778/3803/3508 1774/3799/3504 1814/3847/3552 1818/3851/3556
f 1775/3800/3505 1779/3804/3509 1819/3852/3557 1815/3848/3553
f 1780/3805/3510 1776/3801/3506 1816/3849/3554 1820/3853/3558
f 1777/3802/3507 1781/3806/3511 1821/3854/3559 1817/3850/3555
f 1782/3807/3512 1778/3803/3508 1818/3851/3556 1822/3855/3560
f 1779/3804/3509 1783/3808/3513 1823/3856/3561 1819/3852/3557
usemtl openPBRSurface9SG
f 1914/3810/3515 1913/3809/3514 1917/3857/3562 1918/3858/3563
usemtl openPBRSurface1SG
f 1784/3811/3516 1780/3805/3510 1820/3853/3558 1824/3859/3564
f 1781/3806/3511 1785/3812/3517 1825/3860/3565 1821/3854/3559
usemtl openPBRSurface9SG
f 1934/3814/3519 1933/3813/3518 1937/3861/3566 1938/3862/3567
usemtl openPBRSurface1SG
f 1786/3815/3520 1782/3807/3512 1822/3855/3560 1826/3863/3568
f 1788/3817/3522 1787/3816/3521 1827/3864/3569 1828/3865/3570
f 1789/3819/3524 1790/3818/3523 1830/3866/3571 1829/3867/3572
f 1790/3818/3523 1791/3820/3525 1831/3868/3573 1830/3866/3571
f 1792/3821/3526 1788/3817/3522 1828/3865/3570 1832/3869/3574
f 1787/3816/3521 1793/3822/3527 1833/3870/3575 1827/3864/3569
f 1794/3823/3528 1789/3819/3524 1829/3867/3572 1834/3871/3576
f 1791/3820/3525 1795/3824/3529 1835/3872/3577 1831/3868/3573
f 1796/3825/3530 1792/3821/3526 1832/3869/3574 1836/3873/3578
f 1793/3822/3527 1797/3826/3531 1837/3874/3579 1833/3870/3575
f 1798/3827/3532 1794/3823/3528 1834/3871/3576 1838/3875/3580
f 1795/3824/3529 1799/3828/3533 1839/3876/3581 1835/3872/3577
f 1800/3829/3534 1796/3825/3530 1836/3873/3578 1840/3877/3582
f 1797/3826/3531 1801/3830/3535 1841/3878/3583 1837/3874/3579
f 1802/3831/3536 1798/3827/3532 1838/3875/3580 1842/3879/3584
f 1799/3828/3533 1803/3832/3537 1843/3880/3585 1839/3876/3581
usemtl openPBRSurface9SG
f 1916/3834/3539 1915/3833/3538 1919/3881/3586 1920/3882/3587
usemtl openPBRSurface1SG
f 1804/3835/3540 1800/3829/3534 1840/3877/3582 1844/3883/3588
f 1801/3830/3535 1805/3836/3541 1845/3884/3589 1841/3878/3583
usemtl openPBRSurface9SG
f 1936/3838/3543 1935/3837/3542 1939/3885/3590 1940/3886/3591
usemtl openPBRSurface1SG
f 1806/3839/3544 1802/3831/3536 1842/3879/3584 1846/3887/3592
f 1807/3841/3546 1808/3840/3545 1848/3888/3593 1847/3889/3594
f 1809/3843/3548 1810/3842/3547 1850/3890/3595 1849/3891/3596
f 1808/3840/3545 1811/3844/3549 1851/3892/3597 1848/3888/3593
f 1812/3845/3550 1809/3843/3548 1849/3891/3596 1852/3893/3598
f 1810/3842/3547 1813/3846/3551 1853/3894/3599 1850/3890/3595
f 1814/3847/3552 1807/3841/3546 1847/3889/3594 1854/3895/3600
f 1811/3844/3549 1815/3848/3553 1855/3896/3601 1851/3892/3597
f 1816/3849/3554 1812/3845/3550 1852/3893/3598 1856/3897/3602
f 1813/3846/3551 1817/3850/3555 1857/3898/3603 1853/3894/3599
f 1818/3851/3556 1814/3847/3552 1854/3895/3600 1858/3899/3604
f 1815/3848/3553 1819/3852/3557 1859/3900/3605 1855/3896/3601
f 1820/3853/3558 1816/3849/3554 1856/3897/3602 1860/3901/3606
f 1817/3850/3555 1821/3854/3559 1861/3902/3607 1857/3898/3603
f 1822/3855/3560 1818/3851/3556 1858/3899/3604 1862/3903/3608
f 1819/3852/3557 1823/3856/3561 1863/3904/3609 1859/3900/3605
usemtl openPBRSurface9SG
f 1918/3858/3563 1917/3857/3562 1921/3905/3610 1922/3906/3611
usemtl openPBRSurface1SG
f 1824/3859/3564 1820/3853/3558 1860/3901/3606 1864/3907/3612
f 1821/3854/3559 1825/3860/3565 1865/3908/3613 1861/3902/3607
usemtl openPBRSurface9SG
f 1938/3862/3567 1937/3861/3566 1941/3909/3614 1942/3910/3615
usemtl openPBRSurface1SG
f 1826/3863/3568 1822/3855/3560 1862/3903/3608 1866/3911/3616
f 1828/3865/3570 1827/3864/3569 1947/3912/3617 1948/3913/3618
f 1829/3867/3572 1830/3866/3571 1959/3914/3619 1960/3915/3620
f 1830/3866/3571 1831/3868/3573 1958/3916/3621 1959/3914/3619
f 1832/3917/3574 1828/3918/3570 1948/3919/3618 1949/3920/3622
f 1827/3921/3569 1833/3922/3575 1970/3923/3623 1947/3924/3617
f 1834/3871/3576 1829/3867/3572 1960/3915/3620 1961/3925/3624
f 1831/3868/3573 1835/3872/3577 1957/3926/3625 1958/3916/3621
f 1836/3927/3578 1832/3917/3574 1949/3920/3622 1950/3928/3626
f 1833/3922/3575 1837/3929/3579 1969/3930/3627 1970/3923/3623
f 1838/3875/3580 1834/3871/3576 1961/3925/3624 1962/3931/3628
f 1835/3932/3577 1839/3933/3581 1956/3934/3629 1957/3935/3625
f 1840/3877/3582 1836/3873/3578 1950/3936/3626 1951/3937/3630
f 1837/3874/3579 1841/3878/3583 1968/3938/3631 1969/3939/3627
f 1842/3940/3584 1838/3941/3580 1962/3942/3628 1963/3943/3632
f 1839/3933/3581 1843/3944/3585 1955/3945/3633 1956/3934/3629
usemtl openPBRSurface9SG
f 1920/3882/3587 1919/3881/3586 1953/3946/3634 1954/3947/3635
usemtl openPBRSurface1SG
f 1844/3948/3588 1840/3949/3582 1951/3950/3630 1952/3951/3636
f 1841/3952/3583 1845/3953/3589 1967/3954/3637 1968/3955/3631
usemtl openPBRSurface9SG
f 1940/3886/3591 1939/3885/3590 1965/3956/3638 1966/3957/3639
usemtl openPBRSurface1SG
f 1846/3958/3592 1842/3940/3584 1963/3943/3632 1964/3959/3640
f 1847/3889/3594 1848/3888/3593 1994/3960/3641 1971/3961/3642
f 1849/3891/3596 1850/3890/3595 1982/3962/3643 1983/3963/3644
f 1848/3964/3593 1851/3965/3597 1993/3966/3645 1994/3967/3641
f 1852/3893/3598 1849/3891/3596 1983/3963/3644 1984/3968/3646
f 1850/3890/3595 1853/3894/3599 1981/3969/3647 1982/3962/3643
f 1854/3970/3600 1847/3971/3594 1971/3972/3642 1972/3973/3648
f 1851/3965/3597 1855/3974/3601 1992/3975/3649 1993/3966/3645
f 1856/3897/3602 1852/3893/3598 1984/3968/3646 1985/3976/3650
f 1853/3894/3599 1857/3898/3603 1980/3977/3651 1981/3969/3647
f 1858/3978/3604 1854/3970/3600 1972/3973/3648 1973/3979/3652
f 1855/3896/3601 1859/3900/3605 1991/3980/3653 1992/3981/3649
f 1860/3982/3606 1856/3983/3602 1985/3984/3650 1986/3985/3654
f 1857/3986/3603 1861/3987/3607 1979/3988/3655 1980/3989/3651
f 1862/3903/3608 1858/3899/3604 1973/3990/3652 1974/3991/3656
f 1859/3992/3605 1863/3993/3609 1990/3994/3657 1991/3995/3653
usemtl openPBRSurface9SG
f 1922/3906/3611 1921/3905/3610 1988/3996/3658 1989/3997/3659
usemtl openPBRSurface1SG
f 1864/3998/3612 1860/3982/3606 1986/3985/3654 1987/3999/3660
f 1861/3987/3607 1865/4000/3613 1978/4001/3661 1979/3988/3655
usemtl openPBRSurface9SG
f 1942/3910/3615 1941/3909/3614 1976/4002/3662 1977/4003/3663
usemtl openPBRSurface1SG
f 1866/4004/3616 1862/4005/3608 1974/4006/3656 1975/4007/3664
usemtl openPBRSurface9SG
f 1739/4008/3458 1740/4009/3457 1908/4010/3386 1907/4011/3385
f 1741/4012/3462 1742/4013/3461 1910/4014/3388 1909/4015/3387
f 1740/4009/3457 1764/4016/3492 1911/4017/3490 1908/4010/3386
f 1763/4018/3489 1741/4012/3462 1909/4015/3387 1912/4019/3491
f 1742/4013/3461 1784/4020/3516 1913/4021/3514 1910/4014/3388
f 1783/4022/3513 1739/4008/3458 1907/4011/3385 1914/4023/3515
f 1764/4016/3492 1804/4024/3540 1915/4025/3538 1911/4017/3490
f 1803/4026/3537 1763/4018/3489 1912/4019/3491 1916/4027/3539
f 1784/4020/3516 1824/4028/3564 1917/4029/3562 1913/4021/3514
f 1823/4030/3561 1783/4022/3513 1914/4023/3515 1918/4031/3563
f 1804/4024/3540 1844/4032/3588 1919/4033/3586 1915/4025/3538
f 1843/3944/3585 1803/4026/3537 1916/4027/3539 1920/4034/3587
f 1824/4028/3564 1864/3998/3612 1921/4035/3610 1917/4029/3562
f 1863/4036/3609 1823/4030/3561 1918/4031/3563 1922/4037/3611
f 1844/4038/3588 1952/4039/3636 1953/4040/3634 1919/4041/3586
f 1884/3755/3460 1883/3754/3459 1924/4042/3665 1923/4043/3666
f 1954/4044/3635 1955/3945/3633 1843/3944/3585 1920/4034/3587
f 1864/3998/3612 1987/3999/3660 1988/4045/3658 1921/4035/3610
f 1904/3759/3464 1903/3758/3463 1926/4046/3667 1925/4047/3668
f 1989/4048/3659 1990/4049/3657 1863/4050/3609 1922/4051/3611
f 1743/4052/3466 1744/4053/3465 1928/4054/3394 1927/4055/3393
f 1745/4056/3470 1746/4057/3469 1930/4058/3396 1929/4059/3395
f 1744/4053/3465 1766/4060/3496 1931/4061/3494 1928/4054/3394
f 1765/4062/3493 1745/4056/3470 1929/4059/3395 1932/4063/3495
f 1746/4057/3469 1786/4064/3520 1933/4065/3518 1930/4058/3396
f 1785/4066/3517 1743/4052/3466 1927/4055/3393 1934/4067/3519
f 1766/4060/3496 1806/4068/3544 1935/4069/3542 1931/4061/3494
f 1805/4070/3541 1765/4062/3493 1932/4063/3495 1936/4071/3543
f 1786/4064/3520 1826/4072/3568 1937/4073/3566 1933/4065/3518
f 1825/4074/3565 1785/4066/3517 1934/4067/3519 1938/4075/3567
f 1806/4068/3544 1846/3958/3592 1939/4076/3590 1935/4069/3542
f 1845/4077/3589 1805/4070/3541 1936/4071/3543 1940/4078/3591
f 1826/4072/3568 1866/4079/3616 1941/4080/3614 1937/4073/3566
f 1865/4000/3613 1825/4074/3565 1938/4075/3567 1942/4081/3615
f 1846/3958/3592 1964/3959/3640 1965/4082/3638 1939/4076/3590
f 1886/3763/3468 1885/3762/3467 1944/4083/3669 1943/4084/3670
f 1966/4085/3639 1967/4086/3637 1845/4087/3589 1940/4088/3591
f 1866/4089/3616 1975/4090/3664 1976/4091/3662 1941/4092/3614
f 1906/3767/3472 1905/3766/3471 1946/4093/3671 1945/4094/3672
f 1977/4095/3663 1978/4001/3661 1865/4000/3613 1942/4081/3615
usemtl openPBRSurface1SG
f 1948/3913/3618 1947/3912/3617 1867/4096/3402 1868/4097/3401
f 1949/3920/3622 1948/3919/3618 1868/3696/3401 1872/3707/3412
f 1950/3936/3626 1949/4098/3622 1872/4099/3412 1876/4100/3428
f 1951/3937/3630 1950/3936/3626 1876/4100/3428 1880/4101/3444
f 1952/3951/3636 1951/3950/3630 1880/4102/3444 1884/4103/3460
usemtl openPBRSurface9SG
f 1953/4040/3634 1952/4039/3636 1884/3755/3460 1923/4043/3666
f 1954/3947/3635 1953/3946/3634 1923/4104/3666 1924/4105/3665
f 1883/4106/3459 1955/3945/3633 1954/4044/3635 1924/4107/3665
usemtl openPBRSurface1SG
f 1956/3934/3629 1955/3945/3633 1883/4106/3459 1879/4108/3443
f 1957/3926/3625 1956/4109/3629 1879/4110/3443 1875/4111/3427
f 1958/3916/3621 1957/3926/3625 1875/4111/3427 1871/4112/3411
f 1959/3914/3619 1958/3916/3621 1871/4112/3411 1870/4113/3404
f 1960/3915/3620 1959/3914/3619 1870/4113/3404 1869/4114/3403
f 1961/3925/3624 1960/3915/3620 1869/4114/3403 1874/4115/3420
f 1962/3931/3628 1961/3925/3624 1874/4115/3420 1878/4116/3436
f 1963/4117/3632 1962/3931/3628 1878/4116/3436 1882/4118/3452
f 1964/3959/3640 1963/3943/3632 1882/4119/3452 1886/4120/3468
usemtl openPBRSurface9SG
f 1965/4082/3638 1964/3959/3640 1886/4120/3468 1943/4121/3670
f 1966/3957/3639 1965/3956/3638 1943/4122/3670 1944/4123/3669
f 1885/3762/3467 1967/4086/3637 1966/4085/3639 1944/4083/3669
usemtl openPBRSurface1SG
f 1968/3955/3631 1967/3954/3637 1885/4124/3467 1881/4125/3451
f 1969/3939/3627 1968/3938/3631 1881/4126/3451 1877/4127/3435
f 1970/4128/3623 1969/3939/3627 1877/4127/3435 1873/4129/3419
f 1947/3924/3617 1970/3923/3623 1873/3714/3419 1867/3697/3402
f 1972/3973/3648 1971/3972/3642 1887/3700/3405 1894/3719/3424
f 1973/3990/3652 1972/4130/3648 1894/4131/3424 1898/4132/3440
f 1974/3991/3656 1973/3990/3652 1898/4132/3440 1902/4133/3456
f 1975/4007/3664 1974/4006/3656 1902/4134/3456 1906/4135/3472
usemtl openPBRSurface9SG
f 1976/4091/3662 1975/4090/3664 1906/3767/3472 1945/4094/3672
f 1977/4003/3663 1976/4002/3662 1945/4136/3672 1946/4137/3671
f 1905/4138/3471 1978/4001/3661 1977/4095/3663 1946/4139/3671
usemtl openPBRSurface1SG
f 1979/3988/3655 1978/4001/3661 1905/4138/3471 1901/4140/3455
f 1980/3977/3651 1979/4141/3655 1901/4142/3455 1897/4143/3439
f 1981/3969/3647 1980/3977/3651 1897/4143/3439 1893/4144/3423
f 1982/3962/3643 1981/3969/3647 1893/4144/3423 1890/4145/3408
f 1983/3963/3644 1982/3962/3643 1890/4145/3408 1889/4146/3407
f 1984/3968/3646 1983/3963/3644 1889/4146/3407 1892/4147/3416
f 1985/3976/3650 1984/3968/3646 1892/4147/3416 1896/4148/3432
f 1986/4149/3654 1985/3976/3650 1896/4148/3432 1900/4150/3448
f 1987/3999/3660 1986/3985/3654 1900/4151/3448 1904/4152/3464
usemtl openPBRSurface9SG
f 1988/4045/3658 1987/3999/3660 1904/4152/3464 1925/4153/3668
f 1989/3997/3659 1988/3996/3658 1925/4154/3668 1926/4155/3667
f 1903/3758/3463 1990/4049/3657 1989/4048/3659 1926/4046/3667
usemtl openPBRSurface1SG
f 1991/3995/3653 1990/3994/3657 1903/4156/3463 1899/4157/3447
f 1992/3981/3649 1991/3980/3653 1899/4158/3447 1895/4159/3431
f 1993/4160/3645 1992/3981/3649 1895/4159/3431 1891/4161/3415
f 1994/3967/3641 1993/3966/3645 1891/3710/3415 1888/3701/3406
f 1971/3961/3642 1994/3960/3641 1888/4162/3406 1887/4163/3405
g default
v 1.490024 12.355392 2.003408
v 1.741835 12.238343 2.003408
v 1.490029 14.828153 2.003408
v 1.741835 14.945201 2.003408
v 1.490029 14.828153 -2.003408
v 1.741835 14.945202 -2.003408
v 1.490029 12.355392 -2.003408
v 1.741835 12.238342 -2.003408
v 1.483979 12.356531 4.467890
v 1.735779 12.239484 4.467890
v 1.735779 14.944060 4.467890
v 1.483979 14.827013 4.467890
v 1.483980 14.827013 -4.467890
v 1.735778 14.944060 -4.467890
v 1.735778 12.239484 -4.467890
v 1.483980 12.356531 -4.467890
v 1.476388 12.357962 6.877244
v 1.728182 12.240915 6.877244
v 1.728182 14.942629 6.877244
v 1.476388 14.825583 6.877244
v 1.476389 14.825583 -6.877244
v 1.728182 14.942629 -6.877244
v 1.728182 12.240915 -6.877244
v 1.476389 12.357961 -6.877244
v 1.460363 12.360981 8.738422
v 1.712161 12.243933 8.738422
v 1.712161 14.939611 8.738422
v 1.460363 14.822563 8.738422
v 1.460362 14.822564 -8.738422
v 1.712160 14.939611 -8.738422
v 1.712160 12.243933 -8.738422
v 1.460362 12.360980 -8.738422
v 1.196322 17.366821 2.003408
v 1.426768 17.566280 2.003408
v 1.426769 17.566280 -2.003408
v 1.196322 17.366821 -2.003408
v 1.190492 17.364883 4.467890
v 1.420928 17.564339 4.467890
v 1.420927 17.564339 -4.467890
v 1.190492 17.364882 -4.467890
v 1.183153 17.362442 6.877244
v 1.413612 17.561905 6.877244
v 1.413612 17.561905 -6.877244
v 1.183153 17.362442 -6.877244
v 1.167675 17.357296 8.824442
v 1.398134 17.556759 8.824441
v 1.398135 17.556759 -8.824442
v 1.167675 17.357296 -8.824441
v 1.196322 9.816723 -2.003408
v 1.426769 9.617265 -2.003408
v 1.426768 9.617265 2.003408
v 1.196322 9.816724 2.003408
v 1.420928 9.619205 4.467890
v 1.190492 9.818662 4.467890
v 1.190492 9.818662 -4.467890
v 1.420927 9.619206 -4.467890
v 1.413612 9.621638 6.877244
v 1.183153 9.821102 6.877244
v 1.183153 9.821102 -6.877244
v 1.413612 9.621639 -6.877244
v 1.398134 9.626784 8.824441
v 1.167675 9.826248 8.824441
v 1.167681 9.826244 -8.824441
v 1.398135 9.626784 -8.824441
v 0.193412 20.309189 2.003408
v 0.423857 20.508648 2.003408
v 0.424230 20.507534 -2.003408
v 0.193783 20.308075 -2.003408
v 0.161867 20.384544 4.467890
v 0.392320 20.584003 4.467890
v 0.425222 20.485041 -4.467890
v 0.194773 20.285580 -4.467890
v 0.107181 20.524565 6.877243
v 0.337622 20.724022 6.877244
v 0.413101 20.497005 -6.877244
v 0.182657 20.297548 -6.877244
v 0.108068 20.470213 9.242349
v 0.338506 20.669670 9.242349
v 0.443691 20.353300 -9.242349
v 0.213252 20.153845 -9.242349
v 0.193783 6.875469 -2.003408
v 0.424230 6.676011 -2.003408
v 0.423857 6.674896 2.003408
v 0.193412 6.874355 2.003408
v 0.392320 6.599540 4.467890
v 0.161867 6.799001 4.467890
v 0.194773 6.897965 -4.467890
v 0.425222 6.698504 -4.467890
v 0.337622 6.459523 6.877244
v 0.107181 6.658980 6.877243
v 0.182657 6.885995 -6.877244
v 0.413101 6.686538 -6.877244
v 0.338506 6.513875 9.242349
v 0.108068 6.713331 9.242349
v 0.213252 7.029700 -9.242349
v 0.443691 6.830245 -9.242349
v 1.490029 14.828153 0.000000
v 1.490029 12.355392 0.000000
v 1.196322 9.816724 0.000000
v 0.200847 6.896717 -0.000000
v 0.431292 6.697258 0.000000
v 1.426768 9.617265 0.000000
v 1.741835 12.238342 -0.000000
v 1.741835 14.945202 -0.000000
v 1.426768 17.566280 0.000000
v 0.431292 20.486286 0.000000
v 0.200847 20.286827 -0.000000
v 1.196322 17.366821 0.000000
v 1.490028 14.828153 1.001704
v 1.490028 12.355392 1.001704
v 1.196322 9.816724 1.001704
v 0.149067 6.740977 1.001704
v 0.379513 6.541519 1.001704
v 1.426769 9.617265 1.001704
v 1.741835 12.238342 1.001704
v 1.741835 14.945202 1.001704
v 1.426769 17.566280 1.001704
v 0.379513 20.642025 1.001704
v 0.149067 20.442568 1.001704
v 1.196322 17.366821 1.001704
v 1.490029 12.355391 -1.001704
v 1.490029 14.828154 -1.001704
v 1.196321 17.366821 -1.001704
v 0.196141 20.300983 -1.001704
v 0.426585 20.500443 -1.001704
v 1.426768 17.566278 -1.001704
v 1.741835 14.945202 -1.001704
v 1.741835 12.238342 -1.001704
v 1.426768 9.617265 -1.001704
v 0.426585 6.683102 -1.001704
v 0.196141 6.882560 -1.001704
v 1.196321 9.816724 -1.001704
v 1.486991 14.827580 -3.235649
v 1.486991 12.355964 -3.235649
v 1.193410 9.817692 -3.235649
v 0.189630 6.872737 -3.235649
v 0.420075 6.673279 -3.235649
v 1.423847 9.618237 -3.235649
v 1.738800 12.238914 -3.235649
v 1.738800 14.944630 -3.235649
v 1.423847 17.565308 -3.235649
v 0.420075 20.510265 -3.235649
v 0.189630 20.310806 -3.235649
v 1.193410 17.365852 -3.235649
v 1.480183 14.826298 -5.672566
v 1.480183 12.357246 -5.672566
v 1.186821 9.819882 -5.672567
v 0.149121 6.772890 -5.672567
v 0.379568 6.573432 -5.672567
v 1.417271 9.620422 -5.672567
v 1.731985 12.240199 -5.672566
v 1.731985 14.943345 -5.672566
v 1.417271 17.563122 -5.672567
v 0.379568 20.610111 -5.672567
v 0.149121 20.410654 -5.672567
v 1.186821 17.363663 -5.672567
v 1.468367 14.824073 -8.059796
v 1.468367 12.359471 -8.059796
v 1.175422 9.823672 -8.059796
v 0.161012 6.846740 -8.059796
v 0.391461 6.647281 -8.059796
v 1.405865 9.624214 -8.059796
v 1.720175 12.242424 -8.059796
v 1.720175 14.941120 -8.059796
v 1.405865 17.559330 -8.059796
v 0.391461 20.536263 -8.059796
v 0.161012 20.336803 -8.059796
v 1.175422 17.359871 -8.059796
v 1.486990 12.355965 3.235649
v 1.486990 14.827579 3.235649
v 1.193409 17.365852 3.235649
v 0.171828 20.364353 3.235649
v 0.402272 20.563812 3.235649
v 1.423847 17.565308 3.235649
v 1.738800 14.944629 3.235649
v 1.738800 12.238915 3.235649
v 1.423847 9.618237 3.235649
v 0.402272 6.619732 3.235649
v 0.171828 6.819190 3.235649
v 1.193409 9.817692 3.235649
v 1.480183 12.357245 5.672567
v 1.480183 14.826299 5.672567
v 1.186820 17.363663 5.672567
v 0.184224 20.305080 5.672566
v 0.414670 20.504539 5.672567
v 1.417271 17.563122 5.672567
v 1.731984 14.943345 5.672567
v 1.731984 12.240199 5.672567
v 1.417271 9.620422 5.672567
v 0.414670 6.679004 5.672567
v 0.184224 6.878464 5.672566
v 1.186820 9.819882 5.672567
v 1.468367 12.359472 8.059796
v 1.468367 14.824072 8.059796
v 1.175420 17.359873 8.059796
v 0.169049 20.312634 8.059796
v 0.399499 20.512093 8.059796
v 1.405866 17.559330 8.059796
v 1.720175 14.941120 8.059796
v 1.720175 12.242424 8.059796
v 1.405866 9.624214 8.059796
v 0.399499 6.671451 8.059796
v 0.169049 6.870911 8.059796
v 1.175420 9.823671 8.059796
v 1.464368 12.360226 8.651073
v 1.464368 14.823318 8.651073
v 1.171547 17.358585 8.651073
v 0.384229 19.652523 8.651073
v 0.614665 19.851978 8.651072
v 1.401990 17.558041 8.651073
v 1.716167 14.940365 8.651073
v 1.716167 12.243179 8.651073
v 1.401990 9.625504 8.651073
v 0.614665 7.331565 8.651072
v 0.384229 7.531022 8.651073
v 1.171547 9.824959 8.651073
v 1.472373 12.358717 7.468520
v 1.472373 14.824827 7.468520
v 1.179292 17.361158 7.468520
v 0.364934 19.736420 7.468520
v 0.595373 19.935875 7.468520
v 1.409729 17.560614 7.468520
v 1.724184 14.941875 7.468520
v 1.724184 12.241669 7.468520
v 1.409729 9.622930 7.468520
v 0.595373 7.247668 7.468520
v 0.364934 7.447125 7.468520
v 1.179292 9.822386 7.468520
v 1.478279 12.357605 6.274905
v 1.478279 14.825939 6.274905
v 1.184978 17.363049 6.274905
v 0.373931 19.728378 6.274905
v 0.604367 19.927834 6.274904
v 1.415429 17.562510 6.274905
v 1.730074 14.942986 6.274905
v 1.730074 12.240558 6.274905
v 1.415429 9.621035 6.274905
v 0.604367 7.255711 6.274904
v 0.373931 7.455167 6.274905
v 1.184978 9.820495 6.274905
v 1.482079 12.356890 5.070229
v 1.482079 14.826654 5.070229
v 1.188654 17.364271 5.070229
v 0.454016 19.499756 5.070229
v 0.684462 19.699215 5.070229
v 1.419090 17.563726 5.070229
v 1.733885 14.943704 5.070229
v 1.733885 12.239841 5.070229
v 1.419090 9.619818 5.070229
v 0.684462 7.484330 5.070229
v 0.454016 7.683788 5.070229
v 1.188654 9.819273 5.070229
v 1.485482 12.356247 3.851769
v 1.485482 14.827297 3.851769
v 1.191950 17.365366 3.851769
v 0.456142 19.504353 3.851770
v 0.686579 19.703810 3.851769
v 1.422386 17.564823 3.851769
v 1.737297 14.944346 3.851769
v 1.737297 12.239198 3.851769
v 1.422386 9.618722 3.851769
v 0.686579 7.479734 3.851769
v 0.456142 7.679191 3.851770
v 1.191950 9.818178 3.851769
v 1.488510 12.355678 2.619528
v 1.488510 14.827867 2.619528
v 1.194876 17.366341 2.619528
v 0.424898 19.608080 2.619528
v 0.655341 19.807539 2.619528
v 1.425315 17.565796 2.619528
v 1.740317 14.944915 2.619528
v 1.740317 12.238629 2.619528
v 1.425315 9.617748 2.619528
v 0.655341 7.376006 2.619528
v 0.424898 7.575464 2.619528
v 1.194876 9.817204 2.619528
v 1.490029 14.828153 1.502556
v 1.490029 12.355392 1.502556
v 1.196322 9.816723 1.502556
v 0.319971 7.254999 1.502556
v 0.550415 7.055541 1.502556
v 1.426768 9.617265 1.502556
v 1.741835 12.238342 1.502556
v 1.741835 14.945202 1.502556
v 1.426768 17.566278 1.502556
v 0.550415 20.128004 1.502556
v 0.319971 19.928545 1.502556
v 1.196322 17.366821 1.502556
v 1.490029 12.355392 0.500852
v 1.490029 14.828153 0.500852
v 1.196322 17.366821 0.500852
v 0.347448 19.845898 0.500852
v 0.577893 20.045357 0.500852
v 1.426768 17.566278 0.500852
v 1.741836 14.945202 0.500852
v 1.741836 12.238342 0.500852
v 1.426768 9.617265 0.500852
v 0.577893 7.138187 0.500852
v 0.347448 7.337646 0.500852
v 1.196322 9.816723 0.500852
v 1.490029 14.828153 -0.500852
v 1.490029 12.355392 -0.500852
v 1.196321 9.816724 -0.500852
v 0.423458 7.566257 -0.500852
v 0.653902 7.366799 -0.500852
v 1.426768 9.617265 -0.500852
v 1.741835 12.238342 -0.500852
v 1.741835 14.945202 -0.500852
v 1.426768 17.566280 -0.500852
v 0.653902 19.816746 -0.500852
v 0.423458 19.617287 -0.500852
v 1.196321 17.366821 -0.500852
v 1.490028 12.355392 -1.502556
v 1.490028 14.828153 -1.502556
v 1.196322 17.366821 -1.502556
v 0.328863 19.901796 -1.502556
v 0.559307 20.101254 -1.502556
v 1.426768 17.566280 -1.502556
v 1.741836 14.945202 -1.502556
v 1.741836 12.238342 -1.502556
v 1.426768 9.617265 -1.502556
v 0.559307 7.082290 -1.502556
v 0.328863 7.281748 -1.502556
v 1.196322 9.816724 -1.502556
v 1.488510 14.827868 -2.619529
v 1.488510 12.355677 -2.619529
v 1.194876 9.817204 -2.619528
v 0.446727 7.641126 -2.619529
v 0.677173 7.441667 -2.619528
v 1.425316 9.617747 -2.619528
v 1.740317 12.238628 -2.619528
v 1.740317 14.944916 -2.619528
v 1.425316 17.565796 -2.619528
v 0.677173 19.741877 -2.619528
v 0.446727 19.542419 -2.619529
v 1.194876 17.366341 -2.619528
v 1.485482 14.827296 -3.851769
v 1.485482 12.356248 -3.851769
v 1.191949 9.818177 -3.851769
v 0.382322 7.457168 -3.851769
v 0.612760 7.257712 -3.851769
v 1.422386 9.618722 -3.851769
v 1.737297 12.239198 -3.851769
v 1.737297 14.944346 -3.851769
v 1.422386 17.564823 -3.851769
v 0.612760 19.925833 -3.851769
v 0.382322 19.726376 -3.851769
v 1.191949 17.365368 -3.851769
v 1.482079 14.826655 -5.070229
v 1.482079 12.356889 -5.070229
v 1.188654 9.819273 -5.070229
v 0.426170 7.600031 -5.070229
v 0.656615 7.400571 -5.070229
v 1.419090 9.619817 -5.070229
v 1.733884 12.239841 -5.070229
v 1.733884 14.943704 -5.070229
v 1.419090 17.563728 -5.070229
v 0.656615 19.782972 -5.070229
v 0.426170 19.583513 -5.070229
v 1.188654 17.364271 -5.070229
v 1.478279 14.825939 -6.274905
v 1.478279 12.357605 -6.274905
v 1.184979 9.820495 -6.274905
v 0.381261 7.477213 -6.274905
v 0.611697 7.277757 -6.274905
v 1.415428 9.621035 -6.274905
v 1.730074 12.240559 -6.274905
v 1.730074 14.942986 -6.274905
v 1.415428 17.562510 -6.274905
v 0.611697 19.905787 -6.274905
v 0.381261 19.706331 -6.274905
v 1.184979 17.363049 -6.274905
v 1.472375 14.824827 -7.468520
v 1.472375 12.358717 -7.468520
v 1.179290 9.822385 -7.468520
v 0.335793 7.359465 -7.468520
v 0.566228 7.160007 -7.468520
v 1.409731 9.622930 -7.468520
v 1.724184 12.241668 -7.468520
v 1.724184 14.941876 -7.468520
v 1.409731 17.560616 -7.468520
v 0.566228 20.023537 -7.468520
v 0.335793 19.824080 -7.468520
v 1.179290 17.361158 -7.468520
v 1.464369 14.823318 -8.651073
v 1.464369 12.360227 -8.651073
v 1.171548 9.824959 -8.651073
v 0.371024 7.491306 -8.651073
v 0.601468 7.291849 -8.651073
v 1.401990 9.625502 -8.651073
v 1.716166 12.243179 -8.651073
v 1.716166 14.940365 -8.651073
v 1.401990 17.558043 -8.651073
v 0.601468 19.891695 -8.651073
v 0.371024 19.692238 -8.651073
v 1.171548 17.358585 -8.651073
vt 0.595795 0.180907
vt 0.600359 0.178786
vt 0.600359 0.227646
vt 0.595795 0.225525
vt 0.749057 0.691495
vt 0.752719 0.691495
vt 0.745731 0.700689
vt 0.742070 0.700689
vt 0.672308 0.231570
vt 0.676874 0.229448
vt 0.676874 0.278327
vt 0.672308 0.276205
vt 0.509414 0.700689
vt 0.505753 0.700689
vt 0.498765 0.691495
vt 0.502427 0.691495
vt 0.105842 0.741649
vt 0.105842 0.732476
vt 0.155420 0.732476
vt 0.155420 0.741649
vt 0.648439 0.700689
vt 0.603045 0.700689
vt 0.603045 0.691495
vt 0.648439 0.691495
vt 0.403259 0.030060
vt 0.409111 0.030060
vt 0.414990 0.045706
vt 0.409138 0.045706
vt 0.155414 0.752934
vt 0.105847 0.752934
vt 0.649946 0.183498
vt 0.644094 0.183498
vt 0.649973 0.167851
vt 0.655825 0.167851
vt 0.603050 0.680184
vt 0.648434 0.680184
vt 0.896131 0.351994
vt 0.900879 0.347885
vt 0.906090 0.363659
vt 0.901342 0.367768
vt 0.155420 0.668262
vt 0.105842 0.668262
vt 0.105847 0.656978
vt 0.155414 0.656978
vt 0.469616 0.348546
vt 0.464868 0.344437
vt 0.470079 0.328663
vt 0.474827 0.332772
vt 0.603045 0.765050
vt 0.648439 0.765050
vt 0.648434 0.776360
vt 0.603050 0.776360
vt 0.252037 0.093025
vt 0.256641 0.089040
vt 0.262478 0.106718
vt 0.257874 0.110703
vt 0.105863 0.786787
vt 0.155399 0.786787
vt 0.155392 0.797819
vt 0.105870 0.797819
vt 0.245440 0.131215
vt 0.240835 0.127230
vt 0.246672 0.109553
vt 0.251276 0.113538
vt 0.648418 0.646253
vt 0.603066 0.646253
vt 0.603073 0.635195
vt 0.648411 0.635195
vt 0.224159 0.099454
vt 0.229833 0.099454
vt 0.235529 0.114282
vt 0.229856 0.114282
vt 0.155399 0.623124
vt 0.105863 0.623124
vt 0.105870 0.612092
vt 0.155392 0.612092
vt 0.834721 0.078281
vt 0.829048 0.078281
vt 0.834744 0.063452
vt 0.840417 0.063452
vt 0.603066 0.810292
vt 0.648418 0.810292
vt 0.648411 0.821349
vt 0.603073 0.821349
vt 0.924135 0.256987
vt 0.928820 0.252932
vt 0.934061 0.268956
vt 0.929376 0.273011
vt 0.105889 0.830916
vt 0.155373 0.830916
vt 0.155359 0.841745
vt 0.105903 0.841745
vt 0.951224 0.298902
vt 0.946539 0.294847
vt 0.951779 0.278823
vt 0.956464 0.282878
vt 0.648392 0.602023
vt 0.603092 0.602023
vt 0.603106 0.591169
vt 0.648378 0.591169
vt 0.748844 0.854522
vt 0.752505 0.854522
vt 0.743813 0.865376
vt 0.740152 0.865376
vt 0.155373 0.578995
vt 0.105889 0.578995
vt 0.105903 0.568166
vt 0.155359 0.568166
vt 0.498979 0.854522
vt 0.502640 0.854522
vt 0.511332 0.865376
vt 0.507671 0.865376
vt 0.603092 0.854522
vt 0.648392 0.854522
vt 0.648378 0.865376
vt 0.603106 0.865376
vt 0.203426 0.732476
vt 0.203426 0.741649
vt 0.695043 0.700689
vt 0.695043 0.691495
vt 0.695034 0.680184
vt 0.203417 0.752934
vt 0.203417 0.656978
vt 0.203426 0.668262
vt 0.695034 0.776360
vt 0.695043 0.765050
vt 0.694996 0.635195
vt 0.695007 0.646253
vt 0.203379 0.797819
vt 0.203390 0.786787
vt 0.203379 0.612092
vt 0.203390 0.623124
vt 0.694996 0.821349
vt 0.695007 0.810292
vt 0.694939 0.591169
vt 0.694962 0.602023
vt 0.594667 0.275083
vt 0.590490 0.271468
vt 0.203322 0.841745
vt 0.203346 0.830916
vt 0.203322 0.568166
vt 0.203346 0.578995
vt 0.667001 0.185610
vt 0.671180 0.181993
vt 0.694939 0.865376
vt 0.694962 0.854522
vt 0.057836 0.732476
vt 0.057836 0.741649
vt 0.556441 0.700689
vt 0.556441 0.691495
vt 0.057845 0.752934
vt 0.556450 0.680184
vt 0.556450 0.776360
vt 0.556441 0.765050
vt 0.057845 0.656978
vt 0.057836 0.668262
vt 0.057882 0.797819
vt 0.057871 0.786787
vt 0.556488 0.635195
vt 0.556477 0.646253
vt 0.556488 0.821349
vt 0.556477 0.810292
vt 0.057882 0.612092
vt 0.057871 0.623124
vt 0.057939 0.841745
vt 0.057916 0.830916
vt 0.590490 0.134964
vt 0.594667 0.131349
vt 0.556545 0.591169
vt 0.556522 0.602023
vt 0.556545 0.865376
vt 0.556522 0.854522
vt 0.671180 0.325783
vt 0.667001 0.322166
vt 0.057939 0.568166
vt 0.057916 0.578995
vt 0.250345 0.732476
vt 0.257317 0.741649
vt 0.736187 0.680184
vt 0.244476 0.752934
vt 0.243273 0.656978
vt 0.257297 0.668262
vt 0.734981 0.776360
vt 0.749037 0.765050
vt 0.734198 0.635195
vt 0.750441 0.646253
vt 0.242492 0.797819
vt 0.258697 0.786787
vt 0.244026 0.612092
vt 0.256884 0.623124
vt 0.735736 0.821349
vt 0.748624 0.810292
vt 0.738543 0.591169
vt 0.753011 0.602023
vt 0.575460 0.331506
vt 0.571284 0.327891
vt 0.246826 0.841745
vt 0.261262 0.830916
vt 0.248432 0.568166
vt 0.257104 0.578995
vt 0.649695 0.134901
vt 0.653874 0.131285
vt 0.010916 0.732476
vt 0.003945 0.741649
vt 0.016786 0.752934
vt 0.515297 0.680184
vt 0.516503 0.776360
vt 0.502447 0.765050
vt 0.017989 0.656978
vt 0.003965 0.668262
vt 0.018770 0.797819
vt 0.002565 0.786787
vt 0.517286 0.635195
vt 0.501043 0.646253
vt 0.515748 0.821349
vt 0.502860 0.810292
vt 0.017236 0.612092
vt 0.004377 0.623124
vt 0.014435 0.841745
vt 0.000000 0.830916
vt 0.571284 0.078541
vt 0.575460 0.074926
vt 0.512941 0.591169
vt 0.498473 0.602023
vt 0.653874 0.376491
vt 0.649695 0.372874
vt 0.012830 0.568166
vt 0.004158 0.578995
vt 0.603045 0.755855
vt 0.648439 0.755855
vt 0.556441 0.755856
vt 0.509905 0.755856
vt 0.498786 0.765050
vt 0.506244 0.755856
vt 0.057836 0.677436
vt 0.011406 0.677436
vt 0.105842 0.677436
vt 0.155420 0.677436
vt 0.203426 0.677436
vt 0.249855 0.677436
vt 0.741578 0.755856
vt 0.745240 0.755856
vt 0.752698 0.765050
vt 0.695043 0.755856
vt 0.648439 0.728272
vt 0.603045 0.728272
vt 0.603045 0.719078
vt 0.648439 0.719078
vt 0.556441 0.719078
vt 0.556441 0.728272
vt 0.510932 0.719078
vt 0.502837 0.728272
vt 0.492872 0.361748
vt 0.498372 0.361748
vt 0.501871 0.373701
vt 0.496371 0.373701
vt 0.004354 0.704956
vt 0.057836 0.704956
vt 0.057836 0.714129
vt 0.012430 0.714129
vt 0.105842 0.704956
vt 0.105842 0.714129
vt 0.155420 0.714129
vt 0.155420 0.704956
vt 0.203426 0.714129
vt 0.203426 0.704956
vt 0.248832 0.714129
vt 0.256907 0.704956
vt 0.709202 0.101506
vt 0.714702 0.101506
vt 0.711203 0.113460
vt 0.705703 0.113460
vt 0.748647 0.728272
vt 0.695043 0.728272
vt 0.695043 0.719078
vt 0.740552 0.719078
vt 0.648439 0.737467
vt 0.603045 0.737467
vt 0.695043 0.737467
vt 0.736356 0.737467
vt 0.537679 0.302367
vt 0.542358 0.298317
vt 0.546878 0.311912
vt 0.542199 0.315963
vt 0.203426 0.695782
vt 0.244644 0.695782
vt 0.155420 0.695782
vt 0.105842 0.695782
vt 0.057836 0.695782
vt 0.016617 0.695782
vt 0.480590 0.185811
vt 0.485269 0.189861
vt 0.480749 0.203456
vt 0.476070 0.199406
vt 0.556441 0.737467
vt 0.515128 0.737467
vt 0.603056 0.787671
vt 0.648428 0.787671
vt 0.648423 0.798981
vt 0.603061 0.798981
vt 0.556459 0.787671
vt 0.556468 0.798981
vt 0.502397 0.787671
vt 0.513126 0.798981
vt 0.834594 0.108616
vt 0.828921 0.108616
vt 0.833665 0.093448
vt 0.839338 0.093448
vt 0.014619 0.634409
vt 0.057862 0.634409
vt 0.057854 0.645693
vt 0.003915 0.645693
vt 0.105858 0.634409
vt 0.105853 0.645693
vt 0.155409 0.645693
vt 0.155404 0.634409
vt 0.203408 0.645693
vt 0.203399 0.634409
vt 0.257347 0.645693
vt 0.246642 0.634409
vt 0.224033 0.069118
vt 0.229706 0.069118
vt 0.234449 0.084286
vt 0.228777 0.084286
vt 0.738358 0.798981
vt 0.695016 0.798981
vt 0.695025 0.787671
vt 0.749087 0.787671
vt 0.603079 0.832407
vt 0.648405 0.832407
vt 0.648398 0.843464
vt 0.603086 0.843464
vt 0.556499 0.832407
vt 0.556511 0.843464
vt 0.500564 0.832407
vt 0.513494 0.843464
vt 0.592895 0.387870
vt 0.588086 0.383707
vt 0.592931 0.369008
vt 0.597740 0.373171
vt 0.014986 0.590028
vt 0.057905 0.590028
vt 0.057894 0.601060
vt 0.002086 0.601060
vt 0.105883 0.590028
vt 0.105876 0.601060
vt 0.155386 0.601060
vt 0.155379 0.590028
vt 0.203368 0.601060
vt 0.203357 0.590028
vt 0.259175 0.601060
vt 0.246275 0.590028
vt 0.571284 0.390425
vt 0.576093 0.386262
vt 0.580938 0.400962
vt 0.576128 0.405124
vt 0.737990 0.843464
vt 0.694973 0.843464
vt 0.694985 0.832407
vt 0.750920 0.832407
vt 0.603120 0.876230
vt 0.648364 0.876230
vt 0.648350 0.887085
vt 0.603134 0.887085
vt 0.556569 0.876230
vt 0.556593 0.887085
vt 0.501920 0.876230
vt 0.513752 0.887085
vt 0.868163 0.194291
vt 0.862526 0.194291
vt 0.867663 0.179830
vt 0.873299 0.179830
vt 0.015245 0.546507
vt 0.057987 0.546507
vt 0.057963 0.557336
vt 0.003439 0.557336
vt 0.105931 0.546507
vt 0.105917 0.557336
vt 0.155345 0.557336
vt 0.155331 0.546507
vt 0.203299 0.557336
vt 0.203275 0.546507
vt 0.257823 0.557336
vt 0.246017 0.546507
vt 0.470469 0.256869
vt 0.476105 0.256869
vt 0.481242 0.271331
vt 0.475605 0.271331
vt 0.737732 0.887085
vt 0.694891 0.887085
vt 0.694915 0.876230
vt 0.749564 0.876230
vt 0.648428 0.668874
vt 0.603056 0.668874
vt 0.603061 0.657563
vt 0.648423 0.657563
vt 0.695025 0.668874
vt 0.695016 0.657563
vt 0.750070 0.668874
vt 0.734282 0.657563
vt 0.620734 0.064831
vt 0.616090 0.060811
vt 0.621820 0.043480
vt 0.626464 0.047499
vt 0.242576 0.775503
vt 0.203399 0.775503
vt 0.203408 0.764218
vt 0.258327 0.764218
vt 0.155404 0.775503
vt 0.155409 0.764218
vt 0.105853 0.764218
vt 0.105858 0.775503
vt 0.057854 0.764218
vt 0.057862 0.775503
vt 0.002934 0.764218
vt 0.018686 0.775503
vt 0.229634 0.118259
vt 0.234278 0.114239
vt 0.240007 0.131570
vt 0.235363 0.135590
vt 0.517202 0.657563
vt 0.556468 0.657563
vt 0.556459 0.668874
vt 0.501414 0.668874
vt 0.648405 0.624138
vt 0.603079 0.624138
vt 0.603086 0.613080
vt 0.648398 0.613080
vt 0.694985 0.624138
vt 0.694973 0.613080
vt 0.748982 0.624138
vt 0.738395 0.613080
vt 0.918534 0.117561
vt 0.912934 0.117561
vt 0.917544 0.102923
vt 0.923144 0.102923
vt 0.246679 0.819884
vt 0.203357 0.819884
vt 0.203368 0.808852
vt 0.257242 0.808852
vt 0.155379 0.819884
vt 0.155386 0.808852
vt 0.105876 0.808852
vt 0.105883 0.819884
vt 0.057894 0.808852
vt 0.057905 0.819884
vt 0.004020 0.808852
vt 0.014583 0.819884
vt 0.924135 0.071517
vt 0.929735 0.071517
vt 0.934345 0.086154
vt 0.928745 0.086154
vt 0.513089 0.613080
vt 0.556511 0.613080
vt 0.556499 0.624138
vt 0.502502 0.624138
vt 0.648364 0.580314
vt 0.603120 0.580314
vt 0.603134 0.569460
vt 0.648350 0.569460
vt 0.694915 0.580314
vt 0.694891 0.569460
vt 0.749120 0.580314
vt 0.737002 0.569460
vt 0.929861 0.118115
vt 0.924135 0.118115
vt 0.929482 0.103423
vt 0.935208 0.103423
vt 0.245290 0.863404
vt 0.203275 0.863405
vt 0.203299 0.852575
vt 0.257380 0.852575
vt 0.155331 0.863405
vt 0.155345 0.852575
vt 0.105917 0.852575
vt 0.105931 0.863405
vt 0.057963 0.852575
vt 0.057987 0.863405
vt 0.003882 0.852575
vt 0.015972 0.863404
vt 0.308045 0.076199
vt 0.313771 0.076199
vt 0.319117 0.090891
vt 0.313392 0.090891
vt 0.514481 0.569460
vt 0.556593 0.569460
vt 0.556569 0.580314
vt 0.502364 0.580314
vt 0.603148 0.567856
vt 0.648336 0.567856
vt 0.694868 0.566277
vt 0.752013 0.558605
vt 0.531094 0.171904
vt 0.526446 0.175926
vt 0.520876 0.159435
vt 0.525524 0.155412
vt 0.203252 0.866580
vt 0.260266 0.874234
vt 0.155317 0.865004
vt 0.105944 0.865004
vt 0.058010 0.866580
vt 0.000996 0.874234
vt 0.027973 0.034376
vt 0.032621 0.038399
vt 0.027051 0.054890
vt 0.022403 0.050867
vt 0.556616 0.566277
vt 0.499471 0.558605
vt 0.934728 0.132807
vt 0.929002 0.132807
vt 0.312912 0.061507
vt 0.318638 0.061507
vt 0.491784 0.267768
vt 0.487097 0.271825
vt 0.481670 0.255629
vt 0.486358 0.251572
vt 0.935162 0.200010
vt 0.939850 0.204067
vt 0.934424 0.220263
vt 0.929736 0.216206
vt 0.475022 0.177406
vt 0.470345 0.181454
vt 0.464868 0.165107
vt 0.469546 0.161058
vt 0.963217 0.157189
vt 0.967894 0.161237
vt 0.962418 0.177585
vt 0.957740 0.173536
vt 0.167350 0.022531
vt 0.162727 0.026532
vt 0.156823 0.008873
vt 0.161447 0.004871
vt 0.302748 0.067611
vt 0.307371 0.071612
vt 0.301467 0.089272
vt 0.296843 0.085270
vt 0.894910 0.364515
vt 0.890153 0.368632
vt 0.884929 0.353021
vt 0.889686 0.348904
vt 0.509297 0.353010
vt 0.514054 0.357127
vt 0.508830 0.372738
vt 0.504074 0.368621
vt 0.648439 0.709883
vt 0.603045 0.709883
vt 0.556441 0.709883
vt 0.499978 0.709883
vt 0.582485 0.043464
vt 0.588183 0.043464
vt 0.592409 0.055848
vt 0.586711 0.055848
vt 0.001502 0.723302
vt 0.057836 0.723302
vt 0.105842 0.723302
vt 0.155420 0.723302
vt 0.203426 0.723302
vt 0.259760 0.723302
vt 0.715530 0.056364
vt 0.721228 0.056364
vt 0.717002 0.068747
vt 0.711304 0.068747
vt 0.751506 0.709883
vt 0.695043 0.709883
vt 0.856925 0.403198
vt 0.861713 0.399054
vt 0.865835 0.411451
vt 0.861047 0.415596
vt 0.676220 0.394706
vt 0.681008 0.398850
vt 0.676886 0.411247
vt 0.672098 0.407103
vt 0.648439 0.746661
vt 0.603045 0.746661
vt 0.556441 0.746661
vt 0.502577 0.746661
vt 0.560082 0.393593
vt 0.564743 0.389558
vt 0.569342 0.403388
vt 0.564680 0.407423
vt 0.004095 0.686609
vt 0.057836 0.686609
vt 0.105842 0.686609
vt 0.155420 0.686609
vt 0.203426 0.686609
vt 0.257167 0.686609
vt 0.340647 0.004885
vt 0.345309 0.008920
vt 0.340711 0.022750
vt 0.336049 0.018715
vt 0.748907 0.746661
vt 0.695043 0.746661
vt 0.752568 0.746661
vt 0.498916 0.746661
vt 0.850154 0.099739
vt 0.845413 0.103843
vt 0.840123 0.088033
vt 0.844864 0.083929
vt 0.879018 0.184166
vt 0.883759 0.188270
vt 0.878469 0.204080
vt 0.873728 0.199976
vt 0.900782 0.140373
vt 0.896127 0.144402
vt 0.890530 0.127693
vt 0.895185 0.123664
vt 0.089609 0.004855
vt 0.094264 0.008884
vt 0.088667 0.025593
vt 0.084012 0.021564
vt 0.458565 0.019636
vt 0.452926 0.019636
vt 0.448066 0.004896
vt 0.453705 0.004896
vt 0.816979 0.014808
vt 0.822618 0.014808
vt 0.817758 0.029548
vt 0.812119 0.029548
vt 0.872437 0.208753
vt 0.866801 0.208753
vt 0.474744 0.242407
vt 0.480380 0.242407
vt 0.648336 0.888688
vt 0.603148 0.888688
vt 0.556616 0.890267
vt 0.505278 0.897939
vt 0.510091 0.887085
vt 0.501617 0.897939
vt 0.058010 0.543332
vt 0.006790 0.535677
vt 0.105944 0.544907
vt 0.155317 0.544907
vt 0.203252 0.543332
vt 0.254472 0.535677
vt 0.741393 0.887085
vt 0.749867 0.897939
vt 0.746205 0.897939
vt 0.694868 0.890267
vn -0.374497 0.038149 0.926443
vn 0.420929 -0.011654 0.907019
vn 0.420933 0.011654 0.907017
vn -0.374498 -0.038149 0.926443
vn -0.990991 -0.117426 0.064408
vn 0.874310 0.482739 0.050450
vn 0.918246 0.395814 0.012465
vn -0.962121 -0.272557 0.005910
vn -0.374502 -0.038150 -0.926441
vn 0.420929 0.011654 -0.907019
vn 0.420931 -0.011654 -0.907018
vn -0.374501 0.038149 -0.926441
vn -0.962122 0.272557 0.005910
vn 0.918246 -0.395814 0.012466
vn 0.874310 -0.482739 0.050451
vn -0.990991 0.117426 0.064408
vn 0.998255 -0.059037 0.001363
vn 0.998256 -0.059032 0.000000
vn 0.998256 0.059032 -0.000000
vn 0.998255 0.059037 0.001363
vn -0.998287 -0.058507 -0.000001
vn -0.998287 0.058507 -0.000002
vn -0.998286 0.058512 -0.001361
vn -0.998286 -0.058512 -0.001361
vn 0.917193 -0.398440 -0.001773
vn -0.961639 0.274279 -0.004560
vn 0.998253 0.059029 0.002473
vn 0.998253 -0.059029 0.002473
vn -0.961640 -0.274279 -0.004560
vn 0.917193 0.398440 -0.001773
vn -0.998284 0.058502 -0.002471
vn -0.998284 -0.058502 -0.002472
vn -0.991493 -0.105314 -0.076494
vn 0.869244 0.490813 -0.059316
vn 0.916760 0.399432 -0.002284
vn -0.961644 -0.274288 0.002703
vn 0.998255 0.059037 -0.001364
vn 0.998255 -0.059037 -0.001363
vn 0.998253 -0.059029 -0.002473
vn 0.998253 0.059029 -0.002473
vn 0.869244 -0.490813 -0.059316
vn -0.991493 0.105314 -0.076494
vn -0.961644 0.274289 0.002703
vn 0.916760 -0.399433 -0.002283
vn -0.998286 0.058512 0.001360
vn -0.998286 -0.058512 0.001360
vn -0.998284 -0.058502 0.002472
vn -0.998284 0.058502 0.002472
vn -0.999209 0.039740 -0.001161
vn 0.842218 -0.539130 0.002581
vn 0.917209 -0.398296 0.009415
vn -0.961208 0.275826 -0.000515
vn 0.998252 -0.059027 0.002814
vn 0.998252 0.059027 0.002814
vn 0.998252 0.059024 0.003164
vn 0.998252 -0.059024 0.003163
vn 0.842219 0.539130 0.002581
vn -0.999209 -0.039741 -0.001161
vn -0.961208 -0.275826 -0.000516
vn 0.917209 0.398296 0.009415
vn -0.998284 -0.058500 -0.002808
vn -0.998284 0.058500 -0.002808
vn -0.998283 0.058498 -0.003167
vn -0.998283 -0.058498 -0.003167
vn -0.994394 -0.102211 -0.027071
vn 0.868825 0.494593 -0.022807
vn 0.917410 0.397889 0.006591
vn -0.961373 -0.275139 0.007827
vn 0.998252 0.059027 -0.002814
vn 0.998252 -0.059027 -0.002814
vn 0.998252 -0.059024 -0.003163
vn 0.998252 0.059024 -0.003163
vn 0.868826 -0.494593 -0.022807
vn -0.994394 0.102211 -0.027072
vn -0.961373 0.275139 0.007827
vn 0.917410 -0.397889 0.006591
vn -0.998283 0.058500 0.002807
vn -0.998283 -0.058500 0.002807
vn -0.998283 -0.058498 0.003167
vn -0.998283 0.058498 0.003167
vn -0.997381 0.072034 -0.006451
vn 0.858866 -0.512196 0.002313
vn 0.918289 -0.395222 0.023348
vn -0.961338 0.275371 0.000413
vn 0.998244 -0.059025 0.004960
vn 0.998244 0.059025 0.004960
vn 0.998234 0.059014 0.006807
vn 0.998234 -0.059014 0.006807
vn 0.858866 0.512196 0.002314
vn -0.997381 -0.072034 -0.006450
vn -0.961338 -0.275371 0.000414
vn 0.918289 0.395221 0.023348
vn -0.998275 -0.058501 -0.004965
vn -0.998275 0.058501 -0.004966
vn -0.998265 0.058487 -0.006810
vn -0.998265 -0.058487 -0.006810
vn -0.991659 -0.125978 0.027247
vn 0.878391 0.477805 0.011440
vn 0.917040 0.398779 -0.003622
vn -0.962710 -0.270394 0.008711
vn 0.998244 0.059025 -0.004960
vn 0.998244 -0.059025 -0.004960
vn 0.998234 -0.059014 -0.006807
vn 0.998234 0.059014 -0.006807
vn 0.878392 -0.477805 0.011440
vn -0.991659 0.125978 0.027247
vn -0.962710 0.270394 0.008711
vn 0.917040 -0.398779 -0.003622
vn -0.998275 0.058501 0.004965
vn -0.998275 -0.058501 0.004965
vn -0.998265 -0.058487 0.006810
vn -0.998265 0.058487 0.006810
vn 0.973671 0.227960 0.000295
vn 0.974154 0.225877 0.002007
vn -0.973754 -0.227601 -0.000300
vn -0.974247 -0.225477 -0.002014
vn -0.974490 -0.224417 -0.002391
vn 0.974393 0.224840 0.002396
vn 0.974587 0.223994 -0.002494
vn 0.974255 0.225441 -0.002087
vn -0.974688 -0.223555 0.002490
vn -0.974349 -0.225032 0.002095
vn -0.974693 -0.223520 -0.003361
vn -0.974607 -0.223906 -0.002854
vn 0.974593 0.223960 0.003353
vn 0.974507 0.224338 0.002853
vn 0.974412 0.224752 -0.002961
vn 0.974392 0.224833 -0.003111
vn -0.974509 -0.224330 0.002964
vn -0.974490 -0.224412 0.003115
vn -0.974011 -0.226384 -0.007299
vn -0.973819 -0.227270 -0.005007
vn 0.676193 0.118206 0.727180
vn -0.600542 -0.231596 0.765319
vn 0.973922 0.226766 0.007296
vn 0.973734 0.227635 0.005009
vn 0.973953 0.226648 -0.006819
vn 0.974126 0.225956 -0.004809
vn -0.614594 -0.237337 -0.752293
vn 0.700333 0.121866 -0.703337
vn -0.974042 -0.226263 0.006814
vn -0.974218 -0.225558 0.004805
vn 0.973670 -0.227960 0.000296
vn 0.974154 -0.225877 0.002008
vn -0.973754 0.227601 -0.000301
vn -0.974247 0.225476 -0.002014
vn 0.974393 -0.224840 0.002396
vn -0.974490 0.224417 -0.002390
vn -0.974688 0.223555 0.002490
vn -0.974349 0.225032 0.002095
vn 0.974587 -0.223995 -0.002494
vn 0.974255 -0.225441 -0.002087
vn 0.974593 -0.223960 0.003352
vn 0.974507 -0.224338 0.002853
vn -0.974693 0.223520 -0.003361
vn -0.974607 0.223906 -0.002853
vn -0.974509 0.224330 0.002964
vn -0.974490 0.224412 0.003115
vn 0.974411 -0.224752 -0.002961
vn 0.974392 -0.224833 -0.003111
vn 0.973922 -0.226766 0.007296
vn 0.973734 -0.227635 0.005009
vn -0.600542 0.231596 0.765318
vn 0.676193 -0.118206 0.727180
vn -0.974011 0.226384 -0.007300
vn -0.973819 0.227270 -0.005008
vn -0.974042 0.226263 0.006814
vn -0.974218 0.225557 0.004805
vn 0.700338 -0.121868 -0.703331
vn -0.614592 0.237337 -0.752295
vn 0.973953 -0.226648 -0.006819
vn 0.974126 -0.225956 -0.004809
vn 0.436481 0.228482 0.870219
vn -0.351812 -0.058265 0.934256
vn -0.471570 -0.112556 -0.874616
vn 0.588894 0.281459 -0.757618
vn -0.351814 0.058265 0.934255
vn 0.436480 -0.228482 0.870219
vn 0.588902 -0.281462 -0.757610
vn -0.471569 0.112556 -0.874617
vn -0.998287 0.058507 0.000000
vn -0.998287 -0.058507 0.000000
vn -0.973952 0.226753 -0.000016
vn -0.962797 0.270227 0.000330
vn 0.917244 -0.398325 0.000686
vn 0.973865 -0.227129 0.000016
vn 0.998256 -0.059032 0.000000
vn 0.998256 0.059032 0.000000
vn 0.973865 0.227129 0.000017
vn 0.917244 0.398326 0.000688
vn -0.962797 -0.270227 0.000330
vn -0.973952 -0.226753 -0.000016
vn -0.998287 -0.058507 -0.000000
vn -0.998287 0.058507 -0.000000
vn -0.998287 0.058507 -0.000000
vn -0.998287 -0.058507 -0.000000
vn -0.973943 0.226791 0.000353
vn -0.974340 0.225083 0.000528
vn -0.961664 0.274147 -0.006717
vn -0.993524 0.097395 -0.058526
vn 0.866890 -0.496799 -0.041146
vn 0.918264 -0.395706 -0.014445
vn 0.974245 -0.225491 -0.000521
vn 0.973856 -0.227165 -0.000348
vn 0.998256 -0.059032 -0.000001
vn 0.998256 -0.059032 -0.000000
vn 0.998256 0.059032 -0.000000
vn 0.998256 0.059032 -0.000001
vn 0.973856 0.227165 -0.000348
vn 0.974245 0.225491 -0.000520
vn 0.918264 0.395706 -0.014444
vn 0.866890 0.496799 -0.041145
vn -0.961664 -0.274147 -0.006718
vn -0.993524 -0.097395 -0.058526
vn -0.974340 -0.225083 0.000528
vn -0.973944 -0.226791 0.000353
vn -0.998287 -0.058507 -0.000000
vn -0.998287 0.058507 0.000000
vn -0.974566 -0.224101 -0.000033
vn -0.961206 -0.275830 0.000605
vn 0.917523 0.397680 0.001323
vn 0.974467 0.224530 0.000032
vn 0.998256 0.059032 0.000000
vn 0.998256 -0.059032 0.000000
vn 0.974467 -0.224529 0.000033
vn 0.917523 -0.397680 0.001323
vn -0.961206 0.275829 0.000604
vn -0.974566 0.224101 -0.000033
vn -0.998284 0.058500 0.002469
vn -0.998284 -0.058500 0.002469
vn -0.998284 -0.058499 0.002456
vn -0.998284 0.058499 0.002457
vn -0.974488 0.224428 0.002150
vn -0.974319 0.225160 0.002540
vn -0.994729 0.093838 0.041326
vn -0.962525 0.271190 0.001660
vn 0.865602 -0.500090 0.025380
vn 0.916669 -0.399623 -0.004486
vn 0.974224 -0.225567 -0.002541
vn 0.974391 -0.224851 -0.002158
vn 0.998253 -0.059027 -0.002464
vn 0.998253 -0.059028 -0.002465
vn 0.998253 0.059028 -0.002465
vn 0.998253 0.059027 -0.002464
vn 0.974391 0.224851 -0.002157
vn 0.974224 0.225567 -0.002541
vn 0.865602 0.500090 0.025380
vn 0.916668 0.399623 -0.004486
vn -0.994729 -0.093838 0.041327
vn -0.962524 -0.271190 0.001661
vn -0.974319 -0.225160 0.002540
vn -0.974488 -0.224428 0.002151
vn -0.998283 0.058497 0.003170
vn -0.998283 -0.058497 0.003170
vn -0.998283 -0.058495 0.003165
vn -0.998283 0.058495 0.003165
vn -0.974246 0.225467 0.002975
vn -0.974233 0.225519 0.003422
vn -0.996848 0.072689 0.031786
vn -0.961795 0.273771 -0.000770
vn 0.857827 -0.513627 0.017892
vn 0.917541 -0.397457 -0.012087
vn 0.974140 -0.225918 -0.003416
vn 0.974154 -0.225866 -0.002978
vn 0.998252 -0.059019 -0.003169
vn 0.998252 -0.059022 -0.003175
vn 0.998252 0.059022 -0.003175
vn 0.998252 0.059019 -0.003169
vn 0.974154 0.225866 -0.002977
vn 0.974140 0.225918 -0.003416
vn 0.857827 0.513627 0.017891
vn 0.917541 0.397457 -0.012087
vn -0.996848 -0.072689 0.031786
vn -0.961795 -0.273770 -0.000771
vn -0.974233 -0.225519 0.003421
vn -0.974246 -0.225467 0.002975
vn -0.998265 0.058484 0.006803
vn -0.998265 -0.058484 0.006803
vn -0.998121 -0.060196 0.011474
vn -0.998121 0.060196 0.011472
vn -0.974131 0.225873 0.007149
vn -0.970972 0.238977 0.010141
vn -0.993105 0.115547 -0.019778
vn -0.965960 0.258692 -0.000038
vn 0.874570 -0.484290 -0.024300
vn 0.908071 -0.417925 -0.027332
vn 0.970932 -0.239139 -0.010155
vn 0.974040 -0.226265 -0.007145
vn 0.998084 -0.060797 -0.011491
vn 0.998234 -0.059011 -0.006813
vn 0.998234 0.059011 -0.006813
vn 0.998084 0.060797 -0.011491
vn 0.974040 0.226265 -0.007146
vn 0.970932 0.239139 -0.010156
vn 0.874570 0.484291 -0.024300
vn 0.908071 0.417924 -0.027333
vn -0.993105 -0.115547 -0.019778
vn -0.965960 -0.258691 -0.000033
vn -0.970972 -0.238977 0.010145
vn -0.974131 -0.225873 0.007150
vn -0.998284 -0.058500 -0.002469
vn -0.998284 0.058500 -0.002469
vn -0.998284 0.058499 -0.002457
vn -0.998284 -0.058499 -0.002457
vn -0.974539 -0.224201 -0.002695
vn -0.974627 -0.223822 -0.002454
vn -0.997885 -0.061024 0.022384
vn -0.961103 -0.276171 -0.003308
vn 0.851967 0.523225 0.019685
vn 0.917502 0.397731 0.000964
vn 0.974527 0.224257 0.002456
vn 0.974441 0.224628 0.002693
vn 0.998253 0.059027 0.002464
vn 0.998253 0.059028 0.002465
vn 0.998253 -0.059028 0.002465
vn 0.998253 -0.059027 0.002464
vn 0.974441 -0.224628 0.002693
vn 0.974527 -0.224257 0.002456
vn 0.851967 -0.523225 0.019685
vn 0.917502 -0.397731 0.000964
vn -0.997885 0.061024 0.022383
vn -0.961103 0.276171 -0.003309
vn -0.974627 0.223822 -0.002454
vn -0.974539 0.224201 -0.002696
vn -0.998283 -0.058497 -0.003170
vn -0.998283 0.058497 -0.003170
vn -0.998283 0.058495 -0.003165
vn -0.998283 -0.058495 -0.003165
vn -0.974534 -0.224224 -0.002766
vn -0.974064 -0.226256 -0.002788
vn -0.994741 -0.087128 -0.053835
vn -0.961361 -0.275067 -0.011104
vn 0.862650 0.504705 -0.033291
vn 0.918292 0.395670 -0.013638
vn 0.973975 0.226640 0.002793
vn 0.974436 0.224649 0.002772
vn 0.998252 0.059018 0.003169
vn 0.998252 0.059021 0.003175
vn 0.998252 -0.059021 0.003175
vn 0.998252 -0.059018 0.003169
vn 0.974436 -0.224649 0.002772
vn 0.973975 -0.226640 0.002793
vn 0.862650 -0.504705 -0.033291
vn 0.918291 -0.395670 -0.013638
vn -0.994741 0.087127 -0.053835
vn -0.961361 0.275067 -0.011105
vn -0.974064 0.226256 -0.002788
vn -0.974534 0.224224 -0.002766
vn -0.998265 -0.058483 -0.006803
vn -0.998265 0.058483 -0.006803
vn -0.998121 0.060197 -0.011472
vn -0.998121 -0.060197 -0.011472
vn -0.974314 -0.225084 -0.007058
vn -0.970995 -0.238919 -0.009314
vn -0.994673 -0.102474 0.011168
vn -0.964574 -0.263317 -0.016160
vn 0.869421 0.493737 0.018196
vn 0.909424 0.415813 -0.006910
vn 0.970954 0.239084 0.009337
vn 0.974219 0.225493 0.007056
vn 0.998084 0.060797 0.011491
vn 0.998234 0.059011 0.006812
vn 0.998234 -0.059011 0.006812
vn 0.998084 -0.060797 0.011491
vn 0.974219 -0.225493 0.007056
vn 0.970954 -0.239083 0.009336
vn 0.869421 -0.493737 0.018196
vn 0.909424 -0.415813 -0.006911
vn -0.994673 0.102474 0.011168
vn -0.964574 0.263318 -0.016159
vn -0.970995 0.238920 -0.009314
vn -0.974314 0.225084 -0.007058
vn -0.998287 -0.058507 0.000000
vn -0.998287 0.058507 0.000000
vn -0.973704 0.227818 0.000186
vn -0.994307 0.104564 -0.020493
vn 0.871900 -0.489477 -0.014263
vn 0.973621 -0.228172 -0.000182
vn 0.998256 -0.059032 0.000001
vn 0.998256 0.059032 0.000001
vn 0.973621 0.228173 -0.000183
vn 0.871900 0.489477 -0.014263
vn -0.994307 -0.104564 -0.020492
vn -0.973704 -0.227818 0.000186
vn -0.998287 -0.058507 0.000001
vn -0.998287 0.058507 0.000001
vn -0.974252 0.225462 -0.000654
vn -0.991958 0.105151 0.070446
vn 0.869712 -0.491080 0.049413
vn 0.974159 -0.225863 0.000645
vn 0.998256 -0.059032 0.000001
vn 0.998256 0.059032 0.000001
vn 0.974159 0.225863 0.000645
vn 0.869712 0.491080 0.049413
vn -0.991958 -0.105151 0.070447
vn -0.974252 -0.225462 -0.000654
s 1
g polySurface71 polySurface96
usemtl openPBRSurface3SG
f 2019/4164/3673 2020/4165/3674 2021/4166/3675 2022/4167/3676
f 2059/4168/3677 2060/4169/3678 2280/4170/3679 2281/4171/3680
f 2023/4172/3681 2024/4173/3682 2025/4174/3683 2026/4175/3684
f 2274/4176/3685 2275/4177/3686 2077/4178/3687 2078/4179/3688
f 1996/4180/3689 2277/4181/3690 2278/4182/3691 1998/4183/3692
f 2271/4184/3693 2272/4185/3694 1995/4186/3695 1997/4187/3696
usemtl openPBRSurface6SG
f 2078/4188/3688 2077/4189/3687 2268/4190/3697 2269/4191/3698
f 1996/4180/3689 1998/4183/3692 2265/4192/3699 2266/4193/3700
f 2060/4194/3678 2059/4195/3677 2262/4196/3701 2263/4197/3702
f 1997/4187/3696 1995/4186/3695 2259/4198/3703 2260/4199/3704
f 2062/4200/3705 2061/4201/3706 2328/4202/3707 2329/4203/3708
f 2000/4204/3709 2002/4205/3710 2325/4206/3711 2326/4207/3712
f 2076/4208/3713 2075/4209/3714 2322/4210/3715 2323/4211/3716
f 2001/4212/3717 1999/4213/3718 2319/4214/3719 2320/4215/3720
f 2080/4216/3721 2079/4217/3722 2244/4218/3723 2245/4219/3724
f 2004/4220/3725 2005/4221/3726 2241/4222/3727 2242/4223/3728
f 2064/4224/3729 2063/4225/3730 2238/4226/3731 2239/4227/3732
f 2006/4228/3733 2003/4229/3734 2235/4230/3735 2236/4231/3736
f 2066/4232/3737 2065/4233/3738 2352/4234/3739 2353/4235/3740
f 2008/4236/3741 2009/4237/3742 2349/4238/3743 2350/4239/3744
f 2082/4240/3745 2081/4241/3746 2346/4242/3747 2347/4243/3748
f 2010/4244/3749 2007/4245/3750 2343/4246/3751 2344/4247/3752
usemtl openPBRSurface3SG
f 2084/4248/3753 2083/4249/3754 2220/4250/3755 2221/4251/3756
f 2012/4252/3757 2013/4253/3758 2217/4254/3759 2218/4255/3760
f 2068/4256/3761 2067/4257/3762 2214/4258/3763 2215/4259/3764
f 2014/4260/3765 2011/4261/3766 2211/4262/3767 2212/4263/3768
f 2070/4264/3769 2069/4265/3770 2376/4266/3771 2377/4267/3772
f 2016/4268/3773 2017/4269/3774 2373/4270/3775 2374/4271/3776
f 2086/4272/3777 2085/4273/3778 2370/4274/3779 2371/4275/3780
f 2018/4276/3781 2015/4277/3782 2367/4278/3783 2368/4279/3784
f 1998/4183/3692 2278/4182/3691 2279/4280/3785 2028/4281/3786
f 2282/4282/3787 2271/4184/3693 1997/4187/3696 2027/4283/3788
usemtl openPBRSurface6SG
f 1997/4187/3696 2260/4199/3704 2261/4284/3789 2027/4283/3788
f 2264/4285/3790 2265/4192/3699 1998/4183/3692 2028/4281/3786
f 2000/4204/3709 2326/4207/3712 2327/4286/3791 2029/4287/3792
f 2330/4288/3793 2319/4214/3719 1999/4213/3718 2030/4289/3794
f 2006/4228/3733 2236/4231/3736 2237/4290/3795 2031/4291/3796
f 2240/4292/3797 2241/4222/3727 2005/4221/3726 2032/4293/3798
f 2008/4236/3741 2350/4239/3744 2351/4294/3799 2033/4295/3800
f 2354/4296/3801 2343/4246/3751 2007/4245/3750 2034/4297/3802
usemtl openPBRSurface3SG
f 2014/4260/3765 2212/4263/3768 2213/4298/3803 2035/4299/3804
f 2022/4167/3676 2021/4166/3675 2040/4300/3805 2039/4301/3806
f 2216/4302/3807 2217/4254/3759 2013/4253/3758 2036/4303/3808
f 2016/4268/3773 2374/4271/3776 2375/4304/3809 2037/4305/3810
f 2024/4173/3682 2023/4172/3681 2042/4306/3811 2041/4307/3812
f 2378/4308/3813 2367/4278/3783 2015/4277/3782 2038/4309/3814
f 2276/4310/3815 2277/4181/3690 1996/4180/3689 2045/4311/3816
f 1995/4186/3695 2272/4185/3694 2273/4312/3817 2046/4313/3818
usemtl openPBRSurface6SG
f 1996/4180/3689 2266/4193/3700 2267/4314/3819 2045/4311/3816
f 2270/4315/3820 2259/4198/3703 1995/4186/3695 2046/4313/3818
f 2001/4212/3717 2320/4215/3720 2321/4316/3821 2043/4317/3822
f 2324/4318/3823 2325/4206/3711 2002/4205/3710 2044/4319/3824
f 2004/4220/3725 2242/4223/3728 2243/4320/3825 2047/4321/3826
f 2246/4322/3827 2235/4230/3735 2003/4229/3734 2048/4323/3828
f 2010/4244/3749 2344/4247/3752 2345/4324/3829 2049/4325/3830
f 2348/4326/3831 2349/4238/3743 2009/4237/3742 2050/4327/3832
usemtl openPBRSurface3SG
f 2012/4252/3757 2218/4255/3760 2219/4328/3833 2051/4329/3834
f 2020/4165/3674 2019/4164/3673 2056/4330/3835 2055/4331/3836
f 2222/4332/3837 2211/4262/3767 2011/4261/3766 2052/4333/3838
f 2018/4276/3781 2368/4279/3784 2369/4334/3839 2053/4335/3840
f 2026/4175/3684 2025/4174/3683 2058/4336/3841 2057/4337/3842
f 2372/4338/3843 2373/4270/3775 2017/4269/3774 2054/4339/3844
f 2028/4281/3786 2279/4280/3785 2280/4340/3679 2060/4341/3678
f 2281/4171/3680 2282/4282/3787 2027/4283/3788 2059/4168/3677
usemtl openPBRSurface6SG
f 2027/4283/3788 2261/4284/3789 2262/4342/3701 2059/4168/3677
f 2263/4343/3702 2264/4285/3790 2028/4281/3786 2060/4341/3678
f 2029/4287/3792 2327/4286/3791 2328/4344/3707 2061/4345/3706
f 2329/4346/3708 2330/4288/3793 2030/4289/3794 2062/4347/3705
f 2031/4291/3796 2237/4290/3795 2238/4348/3731 2063/4349/3730
f 2239/4350/3732 2240/4292/3797 2032/4293/3798 2064/4351/3729
f 2033/4295/3800 2351/4294/3799 2352/4352/3739 2065/4353/3738
f 2353/4354/3740 2354/4296/3801 2034/4297/3802 2066/4355/3737
usemtl openPBRSurface3SG
f 2035/4299/3804 2213/4298/3803 2214/4356/3763 2067/4357/3762
f 2039/4301/3806 2040/4300/3805 2072/4358/3845 2071/4359/3846
f 2215/4360/3764 2216/4302/3807 2036/4303/3808 2068/4361/3761
f 2037/4305/3810 2375/4304/3809 2376/4362/3771 2069/4363/3770
f 2041/4307/3812 2042/4306/3811 2074/4364/3847 2073/4365/3848
f 2377/4267/3772 2378/4308/3813 2038/4309/3814 2070/4264/3769
f 2275/4366/3686 2276/4310/3815 2045/4311/3816 2077/4367/3687
f 2046/4313/3818 2273/4312/3817 2274/4176/3685 2078/4179/3688
usemtl openPBRSurface6SG
f 2045/4311/3816 2267/4314/3819 2268/4368/3697 2077/4367/3687
f 2269/4369/3698 2270/4315/3820 2046/4313/3818 2078/4179/3688
f 2043/4317/3822 2321/4316/3821 2322/4370/3715 2075/4371/3714
f 2323/4372/3716 2324/4318/3823 2044/4319/3824 2076/4373/3713
f 2047/4321/3826 2243/4320/3825 2244/4374/3723 2079/4375/3722
f 2245/4376/3724 2246/4322/3827 2048/4323/3828 2080/4377/3721
f 2049/4325/3830 2345/4324/3829 2346/4378/3747 2081/4379/3746
f 2347/4380/3748 2348/4326/3831 2050/4327/3832 2082/4381/3745
usemtl openPBRSurface3SG
f 2051/4329/3834 2219/4328/3833 2220/4382/3755 2083/4383/3754
f 2055/4331/3836 2056/4330/3835 2088/4384/3849 2087/4385/3850
f 2221/4386/3756 2222/4332/3837 2052/4333/3838 2084/4387/3753
f 2053/4335/3840 2369/4334/3839 2370/4274/3779 2085/4273/3778
f 2057/4337/3842 2058/4336/3841 2090/4388/3851 2089/4389/3852
f 2371/4390/3780 2372/4338/3843 2054/4339/3844 2086/4391/3777
f 2001/4212/3717 2307/4392/3853 2308/4393/3854 1999/4213/3718
f 2318/4394/3855 2307/4392/3853 2001/4212/3717 2043/4317/3822
f 2317/4395/3856 2318/4394/3855 2043/4317/3822 2075/4371/3714
f 2075/4371/3714 2076/4396/3713 2316/4397/3857 2317/4395/3856
f 2044/4319/3824 2315/4398/3858 2316/4399/3857 2076/4373/3713
f 2002/4205/3710 2314/4400/3859 2315/4398/3858 2044/4319/3824
f 2313/4401/3860 2314/4400/3859 2002/4205/3710 2000/4204/3709
f 2312/4402/3861 2313/4401/3860 2000/4204/3709 2029/4287/3792
f 2311/4403/3862 2312/4402/3861 2029/4287/3792 2061/4345/3706
f 2310/4404/3863 2311/4405/3862 2061/4406/3706 2062/4347/3705
f 2030/4289/3794 2309/4407/3864 2310/4404/3863 2062/4347/3705
f 1999/4213/3718 2308/4393/3854 2309/4407/3864 2030/4289/3794
f 2091/4408/3865 2092/4409/3866 2283/4410/3867 2284/4411/3868
f 2294/4412/3869 2283/4410/3867 2092/4409/3866 2093/4413/3870
f 2293/4414/3871 2294/4412/3869 2093/4413/3870 2094/4415/3872
f 2094/4416/3872 2095/4417/3873 2292/4418/3874 2293/4419/3871
f 2095/4420/3873 2096/4421/3875 2291/4422/3876 2292/4423/3874
f 2096/4421/3875 2097/4424/3877 2290/4425/3878 2291/4422/3876
f 2289/4426/3879 2290/4425/3878 2097/4424/3877 2098/4427/3880
f 2288/4428/3881 2289/4426/3879 2098/4427/3880 2099/4429/3882
f 2287/4430/3883 2288/4428/3881 2099/4429/3882 2100/4431/3884
f 2286/4432/3885 2287/4433/3883 2100/4434/3884 2101/4435/3886
f 2101/4436/3886 2102/4437/3887 2285/4438/3888 2286/4439/3885
f 2102/4437/3887 2091/4408/3865 2284/4411/3868 2285/4438/3888
f 2295/4440/3889 2296/4441/3890 2092/4409/3866 2091/4408/3865
f 2306/4442/3891 2295/4440/3889 2091/4408/3865 2102/4437/3887
f 2305/4443/3892 2306/4442/3891 2102/4437/3887 2101/4436/3886
f 2101/4444/3886 2100/4445/3884 2304/4446/3893 2305/4447/3892
f 2100/4431/3884 2099/4429/3882 2303/4448/3894 2304/4449/3893
f 2099/4429/3882 2098/4427/3880 2302/4450/3895 2303/4448/3894
f 2098/4427/3880 2097/4424/3877 2301/4451/3896 2302/4450/3895
f 2300/4452/3897 2301/4451/3896 2097/4424/3877 2096/4421/3875
f 2299/4453/3898 2300/4452/3897 2096/4421/3875 2095/4420/3873
f 2298/4454/3899 2299/4455/3898 2095/4456/3873 2094/4457/3872
f 2094/4415/3872 2093/4413/3870 2297/4458/3900 2298/4459/3899
f 2093/4413/3870 2092/4409/3866 2296/4441/3890 2297/4458/3900
usemtl openPBRSurface6SG
f 2128/4460/3901 2127/4461/3902 2331/4462/3903 2332/4463/3904
f 2129/4464/3905 2128/4460/3901 2332/4463/3904 2333/4465/3906
f 2130/4466/3907 2129/4464/3905 2333/4465/3906 2334/4467/3908
f 2131/4468/3909 2130/4469/3907 2334/4470/3908 2335/4471/3910
f 2335/4472/3910 2336/4473/3911 2132/4474/3912 2131/4475/3909
f 2336/4473/3911 2337/4476/3913 2133/4477/3914 2132/4474/3912
f 2134/4478/3915 2133/4477/3914 2337/4476/3913 2338/4479/3916
f 2135/4480/3917 2134/4478/3915 2338/4479/3916 2339/4481/3918
f 2136/4482/3919 2135/4480/3917 2339/4481/3918 2340/4483/3920
f 2137/4484/3921 2136/4485/3919 2340/4486/3920 2341/4487/3922
f 2341/4488/3922 2342/4489/3923 2138/4490/3924 2137/4491/3921
f 2342/4489/3923 2331/4462/3903 2127/4461/3902 2138/4490/3924
usemtl openPBRSurface3SG
f 2140/4492/3925 2139/4493/3926 2355/4494/3927 2356/4495/3928
f 2141/4496/3929 2140/4492/3925 2356/4495/3928 2357/4497/3930
f 2142/4498/3931 2141/4496/3929 2357/4497/3930 2358/4499/3932
f 2143/4500/3933 2142/4501/3931 2358/4502/3932 2359/4503/3934
f 2359/4504/3934 2360/4505/3935 2144/4506/3936 2143/4507/3933
f 2360/4505/3935 2361/4508/3937 2145/4509/3938 2144/4506/3936
f 2146/4510/3939 2145/4509/3938 2361/4508/3937 2362/4511/3940
f 2147/4512/3941 2146/4510/3939 2362/4511/3940 2363/4513/3942
f 2148/4514/3943 2147/4512/3941 2363/4513/3942 2364/4515/3944
f 2149/4516/3945 2148/4517/3943 2364/4518/3944 2365/4519/3946
f 2365/4520/3946 2366/4521/3947 2150/4522/3948 2149/4523/3945
f 2366/4521/3947 2355/4494/3927 2139/4493/3926 2150/4522/3948
f 2152/4524/3949 2151/4525/3950 2379/4526/3951 2380/4527/3952
f 2153/4528/3953 2152/4524/3949 2380/4527/3952 2381/4529/3954
f 2154/4530/3955 2153/4528/3953 2381/4529/3954 2382/4531/3956
f 2155/4532/3957 2154/4533/3955 2382/4534/3956 2383/4535/3958
f 2383/4536/3958 2384/4537/3959 2156/4538/3960 2155/4539/3957
f 2384/4537/3959 2385/4540/3961 2157/4541/3962 2156/4538/3960
f 2158/4542/3963 2157/4541/3962 2385/4540/3961 2386/4543/3964
f 2159/4544/3965 2158/4542/3963 2386/4543/3964 2387/4545/3966
f 2160/4546/3967 2159/4544/3965 2387/4545/3966 2388/4547/3968
f 2161/4548/3969 2160/4549/3967 2388/4550/3968 2389/4551/3970
f 2389/4552/3970 2390/4553/3971 2162/4554/3972 2161/4555/3969
f 2390/4553/3971 2379/4526/3951 2151/4525/3950 2162/4554/3972
usemtl openPBRSurface6SG
f 2164/4556/3973 2163/4557/3974 2247/4558/3975 2248/4559/3976
f 2165/4560/3977 2164/4556/3973 2248/4559/3976 2249/4561/3978
f 2166/4562/3979 2165/4560/3977 2249/4561/3978 2250/4563/3980
f 2167/4564/3981 2166/4565/3979 2250/4566/3980 2251/4567/3982
f 2251/4568/3982 2252/4569/3983 2168/4570/3984 2167/4571/3981
f 2252/4569/3983 2253/4572/3985 2169/4573/3986 2168/4570/3984
f 2170/4574/3987 2169/4573/3986 2253/4572/3985 2254/4575/3988
f 2171/4576/3989 2170/4574/3987 2254/4575/3988 2255/4577/3990
f 2172/4578/3991 2171/4576/3989 2255/4577/3990 2256/4579/3992
f 2173/4580/3993 2172/4581/3991 2256/4582/3992 2257/4583/3994
f 2257/4584/3994 2258/4585/3995 2174/4586/3996 2173/4587/3993
f 2258/4585/3995 2247/4558/3975 2163/4557/3974 2174/4586/3996
usemtl openPBRSurface3SG
f 2176/4588/3997 2175/4589/3998 2223/4590/3999 2224/4591/4000
f 2177/4592/4001 2176/4588/3997 2224/4591/4000 2225/4593/4002
f 2178/4594/4003 2177/4592/4001 2225/4593/4002 2226/4595/4004
f 2179/4596/4005 2178/4597/4003 2226/4598/4004 2227/4599/4006
f 2227/4600/4006 2228/4601/4007 2180/4602/4008 2179/4603/4005
f 2228/4601/4007 2229/4604/4009 2181/4605/4010 2180/4602/4008
f 2182/4606/4011 2181/4605/4010 2229/4604/4009 2230/4607/4012
f 2183/4608/4013 2182/4606/4011 2230/4607/4012 2231/4609/4014
f 2184/4610/4015 2183/4608/4013 2231/4609/4014 2232/4611/4016
f 2185/4612/4017 2184/4613/4015 2232/4614/4016 2233/4615/4018
f 2233/4616/4018 2234/4617/4019 2186/4618/4020 2185/4619/4017
f 2234/4617/4019 2223/4590/3999 2175/4589/3998 2186/4618/4020
f 2188/4620/4021 2187/4621/4022 2199/4622/4023 2200/4623/4024
f 2189/4624/4025 2188/4620/4021 2200/4623/4024 2201/4625/4026
f 2190/4626/4027 2189/4624/4025 2201/4625/4026 2202/4627/4028
f 2191/4628/4029 2190/4629/4027 2202/4630/4028 2203/4631/4030
f 2203/4632/4030 2204/4633/4031 2192/4634/4032 2191/4635/4029
f 2204/4633/4031 2205/4636/4033 2193/4637/4034 2192/4634/4032
f 2194/4638/4035 2193/4637/4034 2205/4636/4033 2206/4639/4036
f 2195/4640/4037 2194/4638/4035 2206/4639/4036 2207/4641/4038
f 2196/4642/4039 2195/4640/4037 2207/4641/4038 2208/4643/4040
f 2197/4644/4041 2196/4645/4039 2208/4646/4040 2209/4647/4042
f 2209/4648/4042 2210/4649/4043 2198/4650/4044 2197/4651/4041
f 2210/4649/4043 2199/4622/4023 2187/4621/4022 2198/4650/4044
f 2200/4623/4024 2199/4622/4023 2019/4652/3673 2022/4653/3676
f 2201/4625/4026 2200/4623/4024 2022/4653/3676 2039/4654/3806
f 2202/4627/4028 2201/4625/4026 2039/4654/3806 2071/4655/3846
f 2203/4656/4030 2202/4657/4028 2071/4658/3846 2072/4659/3845
f 2040/4660/3805 2204/4633/4031 2203/4632/4030 2072/4661/3845
f 2021/4662/3675 2205/4636/4033 2204/4633/4031 2040/4660/3805
f 2206/4639/4036 2205/4636/4033 2021/4662/3675 2020/4663/3674
f 2207/4641/4038 2206/4639/4036 2020/4663/3674 2055/4664/3836
f 2208/4643/4040 2207/4641/4038 2055/4664/3836 2087/4665/3850
f 2209/4666/4042 2208/4667/4040 2087/4668/3850 2088/4669/3849
f 2056/4670/3835 2210/4649/4043 2209/4648/4042 2088/4671/3849
f 2019/4652/3673 2199/4622/4023 2210/4649/4043 2056/4670/3835
f 2212/4263/3768 2211/4262/3767 2187/4621/4022 2188/4620/4021
f 2213/4298/3803 2212/4263/3768 2188/4620/4021 2189/4624/4025
f 2214/4356/3763 2213/4298/3803 2189/4624/4025 2190/4626/4027
f 2215/4672/3764 2214/4673/3763 2190/4629/4027 2191/4628/4029
f 2191/4635/4029 2192/4634/4032 2216/4302/3807 2215/4360/3764
f 2192/4634/4032 2193/4637/4034 2217/4254/3759 2216/4302/3807
f 2218/4255/3760 2217/4254/3759 2193/4637/4034 2194/4638/4035
f 2219/4328/3833 2218/4255/3760 2194/4638/4035 2195/4640/4037
f 2220/4382/3755 2219/4328/3833 2195/4640/4037 2196/4642/4039
f 2221/4674/3756 2220/4675/3755 2196/4645/4039 2197/4644/4041
f 2197/4651/4041 2198/4650/4044 2222/4332/3837 2221/4386/3756
f 2198/4650/4044 2187/4621/4022 2211/4262/3767 2222/4332/3837
f 2224/4591/4000 2223/4590/3999 2011/4261/3766 2014/4260/3765
f 2225/4593/4002 2224/4591/4000 2014/4260/3765 2035/4299/3804
f 2226/4595/4004 2225/4593/4002 2035/4299/3804 2067/4357/3762
f 2227/4676/4006 2226/4677/4004 2067/4678/3762 2068/4679/3761
f 2036/4303/3808 2228/4601/4007 2227/4600/4006 2068/4361/3761
f 2013/4253/3758 2229/4604/4009 2228/4601/4007 2036/4303/3808
f 2230/4607/4012 2229/4604/4009 2013/4253/3758 2012/4252/3757
f 2231/4609/4014 2230/4607/4012 2012/4252/3757 2051/4329/3834
f 2232/4611/4016 2231/4609/4014 2051/4329/3834 2083/4383/3754
f 2233/4680/4018 2232/4681/4016 2083/4682/3754 2084/4683/3753
f 2052/4333/3838 2234/4617/4019 2233/4616/4018 2084/4387/3753
f 2011/4261/3766 2223/4590/3999 2234/4617/4019 2052/4333/3838
usemtl openPBRSurface6SG
f 2236/4231/3736 2235/4230/3735 2175/4589/3998 2176/4588/3997
f 2237/4290/3795 2236/4231/3736 2176/4588/3997 2177/4592/4001
f 2238/4348/3731 2237/4290/3795 2177/4592/4001 2178/4594/4003
f 2239/4684/3732 2238/4685/3731 2178/4686/4003 2179/4687/4005
f 2179/4603/4005 2180/4602/4008 2240/4292/3797 2239/4350/3732
f 2180/4602/4008 2181/4605/4010 2241/4222/3727 2240/4292/3797
f 2242/4223/3728 2241/4222/3727 2181/4605/4010 2182/4606/4011
f 2243/4320/3825 2242/4223/3728 2182/4606/4011 2183/4608/4013
f 2244/4374/3723 2243/4320/3825 2183/4608/4013 2184/4610/4015
f 2245/4688/3724 2244/4689/3723 2184/4690/4015 2185/4691/4017
f 2185/4619/4017 2186/4618/4020 2246/4322/3827 2245/4376/3724
f 2186/4618/4020 2175/4589/3998 2235/4230/3735 2246/4322/3827
f 2248/4559/3976 2247/4558/3975 2003/4229/3734 2006/4228/3733
f 2249/4561/3978 2248/4559/3976 2006/4228/3733 2031/4291/3796
f 2250/4563/3980 2249/4561/3978 2031/4291/3796 2063/4349/3730
f 2251/4692/3982 2250/4693/3980 2063/4694/3730 2064/4695/3729
f 2032/4293/3798 2252/4569/3983 2251/4568/3982 2064/4351/3729
f 2005/4221/3726 2253/4572/3985 2252/4569/3983 2032/4293/3798
f 2254/4575/3988 2253/4572/3985 2005/4221/3726 2004/4220/3725
f 2255/4577/3990 2254/4575/3988 2004/4220/3725 2047/4321/3826
f 2256/4579/3992 2255/4577/3990 2047/4321/3826 2079/4375/3722
f 2257/4696/3994 2256/4697/3992 2079/4698/3722 2080/4699/3721
f 2048/4323/3828 2258/4585/3995 2257/4584/3994 2080/4377/3721
f 2003/4229/3734 2247/4558/3975 2258/4585/3995 2048/4323/3828
f 2260/4199/3704 2259/4198/3703 2163/4557/3974 2164/4556/3973
f 2261/4284/3789 2260/4199/3704 2164/4556/3973 2165/4560/3977
f 2262/4342/3701 2261/4284/3789 2165/4560/3977 2166/4562/3979
f 2263/4700/3702 2262/4701/3701 2166/4702/3979 2167/4703/3981
f 2167/4571/3981 2168/4570/3984 2264/4285/3790 2263/4343/3702
f 2168/4570/3984 2169/4573/3986 2265/4192/3699 2264/4285/3790
f 2266/4193/3700 2265/4192/3699 2169/4573/3986 2170/4574/3987
f 2267/4314/3819 2266/4193/3700 2170/4574/3987 2171/4576/3989
f 2268/4368/3697 2267/4314/3819 2171/4576/3989 2172/4578/3991
f 2269/4704/3698 2268/4705/3697 2172/4706/3991 2173/4707/3993
f 2173/4587/3993 2174/4586/3996 2270/4315/3820 2269/4369/3698
f 2174/4586/3996 2163/4557/3974 2259/4198/3703 2270/4315/3820
usemtl openPBRSurface3SG
f 2103/4708/4045 2104/4709/4046 2272/4185/3694 2271/4184/3693
f 2273/4312/3817 2272/4185/3694 2104/4709/4046 2105/4710/4047
f 2274/4176/3685 2273/4312/3817 2105/4710/4047 2106/4711/4048
f 2106/4712/4048 2107/4713/4049 2275/4714/3686 2274/4715/3685
f 2107/4716/4049 2108/4717/4050 2276/4310/3815 2275/4366/3686
f 2108/4717/4050 2109/4718/4051 2277/4181/3690 2276/4310/3815
f 2278/4182/3691 2277/4181/3690 2109/4718/4051 2110/4719/4052
f 2279/4280/3785 2278/4182/3691 2110/4719/4052 2111/4720/4053
f 2280/4340/3679 2279/4280/3785 2111/4720/4053 2112/4721/4054
f 2281/4722/3680 2280/4723/3679 2112/4724/4054 2113/4725/4055
f 2113/4726/4055 2114/4727/4056 2282/4282/3787 2281/4171/3680
f 2114/4727/4056 2103/4708/4045 2271/4184/3693 2282/4282/3787
f 2284/4411/3868 2283/4410/3867 2104/4709/4046 2103/4708/4045
f 2285/4438/3888 2284/4411/3868 2103/4708/4045 2114/4727/4056
f 2286/4439/3885 2285/4438/3888 2114/4727/4056 2113/4726/4055
f 2113/4728/4055 2112/4729/4054 2287/4730/3883 2286/4731/3885
f 2112/4721/4054 2111/4720/4053 2288/4428/3881 2287/4430/3883
f 2111/4720/4053 2110/4719/4052 2289/4426/3879 2288/4428/3881
f 2110/4719/4052 2109/4718/4051 2290/4425/3878 2289/4426/3879
f 2291/4422/3876 2290/4425/3878 2109/4718/4051 2108/4717/4050
f 2292/4423/3874 2291/4422/3876 2108/4717/4050 2107/4716/4049
f 2293/4732/3871 2292/4733/3874 2107/4734/4049 2106/4735/4048
f 2106/4711/4048 2105/4710/4047 2294/4412/3869 2293/4414/3871
f 2105/4710/4047 2104/4709/4046 2283/4410/3867 2294/4412/3869
f 2116/4736/4057 2115/4737/4058 2296/4441/3890 2295/4440/3889
f 2297/4458/3900 2296/4441/3890 2115/4737/4058 2126/4738/4059
f 2298/4459/3899 2297/4458/3900 2126/4738/4059 2125/4739/4060
f 2125/4740/4060 2124/4741/4061 2299/4742/3898 2298/4743/3899
f 2124/4744/4061 2123/4745/4062 2300/4452/3897 2299/4453/3898
f 2123/4745/4062 2122/4746/4063 2301/4451/3896 2300/4452/3897
f 2302/4450/3895 2301/4451/3896 2122/4746/4063 2121/4747/4064
f 2303/4448/3894 2302/4450/3895 2121/4747/4064 2120/4748/4065
f 2304/4449/3893 2303/4448/3894 2120/4748/4065 2119/4749/4066
f 2305/4750/3892 2304/4751/3893 2119/4752/4066 2118/4753/4067
f 2118/4754/4067 2117/4755/4068 2306/4442/3891 2305/4443/3892
f 2117/4755/4068 2116/4736/4057 2295/4440/3889 2306/4442/3891
f 2308/4393/3854 2307/4392/3853 2115/4737/4058 2116/4736/4057
f 2309/4407/3864 2308/4393/3854 2116/4736/4057 2117/4755/4068
f 2310/4404/3863 2309/4407/3864 2117/4755/4068 2118/4754/4067
f 2118/4754/4067 2119/4756/4066 2311/4405/3862 2310/4404/3863
f 2119/4749/4066 2120/4748/4065 2312/4402/3861 2311/4403/3862
f 2120/4748/4065 2121/4747/4064 2313/4401/3860 2312/4402/3861
f 2121/4747/4064 2122/4746/4063 2314/4400/3859 2313/4401/3860
f 2315/4398/3858 2314/4400/3859 2122/4746/4063 2123/4745/4062
f 2316/4399/3857 2315/4398/3858 2123/4745/4062 2124/4744/4061
f 2317/4395/3856 2316/4397/3857 2124/4757/4061 2125/4739/4060
f 2125/4739/4060 2126/4738/4059 2318/4394/3855 2317/4395/3856
f 2126/4738/4059 2115/4737/4058 2307/4392/3853 2318/4394/3855
usemtl openPBRSurface6SG
f 2320/4215/3720 2319/4214/3719 2127/4461/3902 2128/4460/3901
f 2321/4316/3821 2320/4215/3720 2128/4460/3901 2129/4464/3905
f 2322/4370/3715 2321/4316/3821 2129/4464/3905 2130/4466/3907
f 2323/4758/3716 2322/4759/3715 2130/4760/3907 2131/4761/3909
f 2131/4475/3909 2132/4474/3912 2324/4318/3823 2323/4372/3716
f 2132/4474/3912 2133/4477/3914 2325/4206/3711 2324/4318/3823
f 2326/4207/3712 2325/4206/3711 2133/4477/3914 2134/4478/3915
f 2327/4286/3791 2326/4207/3712 2134/4478/3915 2135/4480/3917
f 2328/4344/3707 2327/4286/3791 2135/4480/3917 2136/4482/3919
f 2329/4762/3708 2328/4763/3707 2136/4764/3919 2137/4765/3921
f 2137/4491/3921 2138/4490/3924 2330/4288/3793 2329/4346/3708
f 2138/4490/3924 2127/4461/3902 2319/4214/3719 2330/4288/3793
f 2332/4463/3904 2331/4462/3903 2007/4245/3750 2010/4244/3749
f 2333/4465/3906 2332/4463/3904 2010/4244/3749 2049/4325/3830
f 2334/4467/3908 2333/4465/3906 2049/4325/3830 2081/4379/3746
f 2335/4471/3910 2334/4470/3908 2081/4241/3746 2082/4240/3745
f 2050/4327/3832 2336/4473/3911 2335/4472/3910 2082/4381/3745
f 2009/4237/3742 2337/4476/3913 2336/4473/3911 2050/4327/3832
f 2338/4479/3916 2337/4476/3913 2009/4237/3742 2008/4236/3741
f 2339/4481/3918 2338/4479/3916 2008/4236/3741 2033/4295/3800
f 2340/4483/3920 2339/4481/3918 2033/4295/3800 2065/4353/3738
f 2341/4487/3922 2340/4486/3920 2065/4233/3738 2066/4232/3737
f 2034/4297/3802 2342/4489/3923 2341/4488/3922 2066/4355/3737
f 2007/4245/3750 2331/4462/3903 2342/4489/3923 2034/4297/3802
f 2344/4247/3752 2343/4246/3751 2139/4493/3926 2140/4492/3925
f 2345/4324/3829 2344/4247/3752 2140/4492/3925 2141/4496/3929
f 2346/4378/3747 2345/4324/3829 2141/4496/3929 2142/4498/3931
f 2347/4766/3748 2346/4767/3747 2142/4768/3931 2143/4769/3933
f 2143/4507/3933 2144/4506/3936 2348/4326/3831 2347/4380/3748
f 2144/4506/3936 2145/4509/3938 2349/4238/3743 2348/4326/3831
f 2350/4239/3744 2349/4238/3743 2145/4509/3938 2146/4510/3939
f 2351/4294/3799 2350/4239/3744 2146/4510/3939 2147/4512/3941
f 2352/4352/3739 2351/4294/3799 2147/4512/3941 2148/4514/3943
f 2353/4770/3740 2352/4771/3739 2148/4772/3943 2149/4773/3945
f 2149/4523/3945 2150/4522/3948 2354/4296/3801 2353/4354/3740
f 2150/4522/3948 2139/4493/3926 2343/4246/3751 2354/4296/3801
usemtl openPBRSurface3SG
f 2356/4495/3928 2355/4494/3927 2015/4277/3782 2018/4276/3781
f 2357/4497/3930 2356/4495/3928 2018/4276/3781 2053/4335/3840
f 2358/4499/3932 2357/4497/3930 2053/4335/3840 2085/4273/3778
f 2359/4774/3934 2358/4775/3932 2085/4776/3778 2086/4777/3777
f 2054/4339/3844 2360/4505/3935 2359/4504/3934 2086/4391/3777
f 2017/4269/3774 2361/4508/3937 2360/4505/3935 2054/4339/3844
f 2362/4511/3940 2361/4508/3937 2017/4269/3774 2016/4268/3773
f 2363/4513/3942 2362/4511/3940 2016/4268/3773 2037/4305/3810
f 2364/4515/3944 2363/4513/3942 2037/4305/3810 2069/4363/3770
f 2365/4778/3946 2364/4779/3944 2069/4780/3770 2070/4781/3769
f 2038/4309/3814 2366/4521/3947 2365/4520/3946 2070/4264/3769
f 2015/4277/3782 2355/4494/3927 2366/4521/3947 2038/4309/3814
f 2368/4279/3784 2367/4278/3783 2151/4525/3950 2152/4524/3949
f 2369/4334/3839 2368/4279/3784 2152/4524/3949 2153/4528/3953
f 2370/4274/3779 2369/4334/3839 2153/4528/3953 2154/4530/3955
f 2371/4782/3780 2370/4783/3779 2154/4533/3955 2155/4532/3957
f 2155/4539/3957 2156/4538/3960 2372/4338/3843 2371/4390/3780
f 2156/4538/3960 2157/4541/3962 2373/4270/3775 2372/4338/3843
f 2374/4271/3776 2373/4270/3775 2157/4541/3962 2158/4542/3963
f 2375/4304/3809 2374/4271/3776 2158/4542/3963 2159/4544/3965
f 2376/4362/3771 2375/4304/3809 2159/4544/3965 2160/4546/3967
f 2377/4784/3772 2376/4785/3771 2160/4549/3967 2161/4548/3969
f 2161/4555/3969 2162/4554/3972 2378/4308/3813 2377/4267/3772
f 2162/4554/3972 2151/4525/3950 2367/4278/3783 2378/4308/3813
f 2380/4527/3952 2379/4526/3951 2023/4786/3681 2026/4787/3684
f 2381/4529/3954 2380/4527/3952 2026/4787/3684 2057/4788/3842
f 2382/4531/3956 2381/4529/3954 2057/4788/3842 2089/4789/3852
f 2383/4790/3958 2382/4531/3956 2089/4789/3852 2090/4791/3851
f 2058/4792/3841 2384/4537/3959 2383/4536/3958 2090/4793/3851
f 2025/4794/3683 2385/4540/3961 2384/4537/3959 2058/4792/3841
f 2386/4543/3964 2385/4540/3961 2025/4794/3683 2024/4795/3682
f 2387/4545/3966 2386/4543/3964 2024/4795/3682 2041/4796/3812
f 2388/4547/3968 2387/4545/3966 2041/4796/3812 2073/4797/3848
f 2389/4552/3970 2388/4798/3968 2073/4799/3848 2074/4800/3847
f 2042/4801/3811 2390/4553/3971 2389/4552/3970 2074/4800/3847
f 2023/4786/3681 2379/4526/3951 2390/4553/3971 2042/4801/3811
g default
v -3.957912 2.950115 -5.737001
v -4.989224 2.515238 -5.540398
v -6.020537 2.950115 -5.343795
v -6.447721 4.000000 -5.262360
v -6.020537 5.049885 -5.343795
v -4.989224 5.484762 -5.540398
v -3.957912 5.049885 -5.737001
v -3.530728 4.000000 -5.818437
v -3.979463 2.950115 -5.850049
v -5.010776 2.515238 -5.653446
v -6.042088 2.950115 -5.456843
v -6.469272 4.000000 -5.375407
v -6.042088 5.049885 -5.456843
v -5.010776 5.484762 -5.653446
v -3.979463 5.049885 -5.850049
v -3.552279 4.000000 -5.931484
v -4.989224 4.000000 -5.540398
v -5.010776 4.000000 -5.653446
v -3.864589 2.856094 -5.749546
v -4.988260 2.382273 -5.535336
v -5.011740 2.382273 -5.658507
v -3.888070 2.856094 -5.872717
v -6.111930 2.856094 -5.321127
v -6.135411 2.856094 -5.444298
v -6.577370 4.000000 -5.232399
v -6.600850 4.000000 -5.355569
v -6.111930 5.143906 -5.321127
v -6.135411 5.143906 -5.444298
v -4.988260 5.617727 -5.535336
v -5.011740 5.617727 -5.658507
v -3.864589 5.143906 -5.749546
v -3.888070 5.143906 -5.872717
v -3.399150 4.000000 -5.838274
v -3.422630 4.000000 -5.961445
v -3.951529 2.950115 -5.703517
v -4.982841 2.515238 -5.506914
v -4.981876 2.382273 -5.501853
v -3.858206 2.856094 -5.716062
v -6.014154 2.950115 -5.310311
v -6.105547 2.856094 -5.287643
v -6.441338 4.000000 -5.228876
v -6.570987 4.000000 -5.198915
v -6.014154 5.049885 -5.310311
v -6.105547 5.143906 -5.287643
v -4.982841 5.484762 -5.506914
v -4.981876 5.617727 -5.501853
v -3.951529 5.049885 -5.703517
v -3.858206 5.143906 -5.716062
v -3.524345 4.000000 -5.784953
v -3.392766 4.000000 -5.804790
v -3.985846 2.950115 -5.883533
v -5.017159 2.515238 -5.686930
v -3.894453 2.856094 -5.906200
v -5.018124 2.382273 -5.691991
v -6.048471 2.950115 -5.490327
v -6.141794 2.856094 -5.477782
v -6.475655 4.000000 -5.408891
v -6.607234 4.000000 -5.389053
v -6.048471 5.049885 -5.490327
v -6.141794 5.143906 -5.477782
v -5.017159 5.484762 -5.686930
v -5.018124 5.617727 -5.691991
v -3.985846 5.049885 -5.883533
v -3.894453 5.143906 -5.906200
v -3.558662 4.000000 -5.964968
v -3.429013 4.000000 -5.994929
vt 0.204577 0.061094
vt 0.208606 0.082233
vt 0.206289 0.082675
vt 0.202259 0.061536
vt 0.212636 0.103372
vt 0.210319 0.103814
vt 0.535051 0.332713
vt 0.536736 0.354426
vt 0.534398 0.354426
vt 0.532713 0.332713
vt 0.535051 0.376139
vt 0.532713 0.376139
vt 0.034235 0.103351
vt 0.038265 0.082212
vt 0.040582 0.082653
vt 0.036552 0.103793
vt 0.042295 0.061072
vt 0.044612 0.061514
vt 0.879964 0.386878
vt 0.881648 0.365165
vt 0.883986 0.365165
vt 0.882302 0.386878
vt 0.879964 0.343452
vt 0.882302 0.343452
vt 0.866732 0.741100
vt 0.885548 0.749034
vt 0.866732 0.768189
vt 0.847917 0.749034
vt 0.840123 0.768189
vt 0.847917 0.787343
vt 0.866732 0.795277
vt 0.885548 0.787343
vt 0.893342 0.768189
vt 0.627911 0.934915
vt 0.609095 0.942850
vt 0.609095 0.915761
vt 0.590279 0.934915
vt 0.582485 0.915761
vt 0.590279 0.896606
vt 0.609095 0.888672
vt 0.627911 0.896606
vt 0.635704 0.915761
vt 0.563069 0.441520
vt 0.544252 0.433585
vt 0.544270 0.431159
vt 0.564772 0.439804
vt 0.454674 0.475962
vt 0.473492 0.468028
vt 0.475159 0.469743
vt 0.454657 0.478388
vt 0.525435 0.441520
vt 0.523768 0.439804
vt 0.435857 0.468028
vt 0.434155 0.469743
vt 0.517641 0.460676
vt 0.515275 0.460676
vt 0.428063 0.448872
vt 0.425662 0.448872
vt 0.525435 0.479832
vt 0.523768 0.481547
vt 0.435857 0.429716
vt 0.434155 0.428000
vt 0.544252 0.487766
vt 0.544270 0.490192
vt 0.454674 0.421781
vt 0.454657 0.419355
vt 0.563069 0.479832
vt 0.564772 0.481547
vt 0.473492 0.429716
vt 0.475159 0.428000
vt 0.570864 0.460676
vt 0.573264 0.460676
vt 0.481286 0.448872
vt 0.483651 0.448872
vt 0.495298 0.283427
vt 0.491600 0.302828
vt 0.490970 0.302708
vt 0.494668 0.283307
vt 0.205207 0.060974
vt 0.209236 0.082113
vt 0.487901 0.322229
vt 0.487271 0.322109
vt 0.213266 0.103252
vt 0.551062 0.437917
vt 0.549516 0.457844
vt 0.548880 0.457844
vt 0.550426 0.437917
vt 0.535687 0.332713
vt 0.537371 0.354426
vt 0.551062 0.477771
vt 0.550426 0.477771
vt 0.535687 0.376139
vt 0.533874 0.299937
vt 0.530176 0.280535
vt 0.530806 0.280415
vt 0.534504 0.299817
vt 0.033605 0.103231
vt 0.037635 0.082092
vt 0.526477 0.261134
vt 0.527107 0.261014
vt 0.041665 0.060952
vt 0.589632 0.473977
vt 0.588086 0.454049
vt 0.588722 0.454049
vt 0.590267 0.473977
vt 0.879329 0.386878
vt 0.881013 0.365165
vt 0.589632 0.434121
vt 0.590267 0.434121
vt 0.879329 0.343452
vt 0.250135 0.195893
vt 0.253833 0.176491
vt 0.254463 0.176611
vt 0.250765 0.196013
vt 0.205659 0.082795
vt 0.201630 0.061656
vt 0.246436 0.215295
vt 0.247066 0.215416
vt 0.209689 0.103934
vt 0.016802 0.435737
vt 0.018348 0.415808
vt 0.018984 0.415808
vt 0.017438 0.435737
vt 0.533762 0.354426
vt 0.532078 0.332713
vt 0.018348 0.455665
vt 0.018984 0.455665
vt 0.532078 0.376139
vt 0.536406 0.177027
vt 0.540105 0.196429
vt 0.539475 0.196549
vt 0.535777 0.177147
vt 0.041212 0.082773
vt 0.037182 0.103913
vt 0.532708 0.157625
vt 0.532078 0.157746
vt 0.045242 0.061634
vt 0.683936 0.442411
vt 0.685481 0.462340
vt 0.684846 0.462340
vt 0.683300 0.442411
vt 0.884622 0.365165
vt 0.882938 0.386878
vt 0.685481 0.422483
vt 0.684846 0.422483
vt 0.882938 0.343452
vn 0.375913 -0.923880 -0.071661
vn 0.375913 -0.923880 -0.071661
vn 0.375913 -0.923880 -0.071661
vn 0.375913 -0.923880 -0.071661
vn -0.375914 -0.923879 0.071662
vn -0.375914 -0.923879 0.071662
vn -0.375914 -0.923879 0.071662
vn -0.375914 -0.923879 0.071662
vn -0.907537 -0.382683 0.173006
vn -0.907537 -0.382683 0.173006
vn -0.907537 -0.382683 0.173006
vn -0.907537 -0.382683 0.173006
vn -0.907537 0.382683 0.173006
vn -0.907537 0.382683 0.173006
vn -0.907537 0.382683 0.173006
vn -0.907537 0.382683 0.173006
vn -0.375914 0.923879 0.071661
vn -0.375914 0.923879 0.071661
vn -0.375914 0.923879 0.071661
vn -0.375914 0.923879 0.071661
vn 0.375913 0.923880 -0.071662
vn 0.375913 0.923880 -0.071662
vn 0.375913 0.923880 -0.071662
vn 0.375913 0.923880 -0.071662
vn 0.907537 0.382682 -0.173006
vn 0.907537 0.382682 -0.173006
vn 0.907537 0.382682 -0.173006
vn 0.907537 0.382682 -0.173006
vn 0.907537 -0.382682 -0.173006
vn 0.907537 -0.382682 -0.173006
vn 0.907537 -0.382682 -0.173006
vn 0.907537 -0.382682 -0.173006
vn 0.187262 0.000000 0.982310
vn 0.187262 0.000000 0.982310
vn 0.187261 -0.000000 0.982310
vn 0.187261 -0.000000 0.982310
vn 0.187261 -0.000000 0.982310
vn 0.187261 0.000000 0.982310
vn 0.187261 0.000000 0.982310
vn 0.187262 -0.000000 0.982310
vn 0.187261 -0.000000 0.982310
vn -0.187261 0.000000 -0.982310
vn -0.187261 0.000000 -0.982310
vn -0.187261 -0.000000 -0.982310
vn -0.187261 0.000000 -0.982310
vn -0.187261 0.000000 -0.982310
vn -0.187262 0.000000 -0.982310
vn -0.187261 0.000000 -0.982310
vn -0.187261 -0.000000 -0.982310
vn -0.187261 -0.000000 -0.982310
vn 0.171341 0.038718 0.984451
vn 0.171341 0.038718 0.984451
vn 0.171341 0.038718 0.984451
vn 0.171341 0.038718 0.984451
vn -0.202851 0.038719 -0.978444
vn -0.202851 0.038719 -0.978444
vn -0.202851 0.038719 -0.978444
vn -0.202851 0.038719 -0.978444
vn 0.202850 0.038719 0.978444
vn 0.202850 0.038719 0.978444
vn 0.202850 0.038719 0.978444
vn 0.202850 0.038719 0.978444
vn -0.171343 0.038718 -0.984450
vn -0.171343 0.038718 -0.984450
vn -0.171343 0.038718 -0.984450
vn -0.171343 0.038718 -0.984450
vn 0.225129 0.016038 0.974197
vn 0.225129 0.016038 0.974197
vn 0.225129 0.016038 0.974197
vn 0.225129 0.016038 0.974197
vn -0.149067 0.016037 -0.988697
vn -0.149067 0.016037 -0.988697
vn -0.149067 0.016037 -0.988697
vn -0.149067 0.016037 -0.988697
vn 0.225128 -0.016038 0.974197
vn 0.225128 -0.016038 0.974197
vn 0.225128 -0.016038 0.974197
vn 0.225128 -0.016038 0.974197
vn -0.149067 -0.016037 -0.988697
vn -0.149067 -0.016037 -0.988697
vn -0.149067 -0.016037 -0.988697
vn -0.149067 -0.016037 -0.988697
vn 0.202851 -0.038719 0.978444
vn 0.202851 -0.038719 0.978444
vn 0.202851 -0.038719 0.978444
vn 0.202851 -0.038719 0.978444
vn -0.171344 -0.038719 -0.984450
vn -0.171344 -0.038719 -0.984450
vn -0.171344 -0.038719 -0.984450
vn -0.171344 -0.038719 -0.984450
vn 0.171343 -0.038718 0.984450
vn 0.171343 -0.038718 0.984450
vn 0.171343 -0.038718 0.984450
vn 0.171343 -0.038718 0.984450
vn -0.202852 -0.038719 -0.978444
vn -0.202852 -0.038719 -0.978444
vn -0.202852 -0.038719 -0.978444
vn -0.202852 -0.038719 -0.978444
vn 0.149063 -0.016037 0.988698
vn 0.149063 -0.016037 0.988698
vn 0.149063 -0.016037 0.988698
vn 0.149063 -0.016037 0.988698
vn -0.225131 -0.016038 -0.974197
vn -0.225131 -0.016038 -0.974196
vn -0.225131 -0.016038 -0.974196
vn -0.225131 -0.016038 -0.974197
vn 0.149064 0.016037 0.988698
vn 0.149064 0.016037 0.988698
vn 0.149064 0.016037 0.988698
vn 0.149064 0.016037 0.988698
vn -0.225130 0.016038 -0.974197
vn -0.225130 0.016038 -0.974197
vn -0.225130 0.016038 -0.974197
vn -0.225130 0.016038 -0.974197
vn -0.375915 0.923879 0.071658
vn -0.375915 0.923879 0.071658
vn -0.375915 0.923879 0.071658
vn -0.375915 0.923879 0.071659
vn 0.375916 -0.923879 -0.071658
vn 0.375916 -0.923879 -0.071658
vn 0.375916 -0.923879 -0.071658
vn 0.375916 -0.923879 -0.071658
vn 0.375915 0.923880 -0.071656
vn 0.375915 0.923880 -0.071656
vn 0.375915 0.923880 -0.071656
vn 0.375915 0.923880 -0.071656
vn -0.375913 -0.923880 0.071665
vn -0.375913 -0.923880 0.071665
vn -0.375913 -0.923880 0.071665
vn -0.375913 -0.923880 0.071665
vn 0.907537 0.382683 -0.173007
vn 0.907537 0.382683 -0.173007
vn 0.907537 0.382683 -0.173007
vn 0.907537 0.382683 -0.173007
vn -0.907534 -0.382687 0.173011
vn -0.907534 -0.382687 0.173011
vn -0.907534 -0.382687 0.173011
vn -0.907534 -0.382687 0.173011
vn 0.907536 -0.382683 -0.173010
vn 0.907536 -0.382683 -0.173010
vn 0.907536 -0.382683 -0.173010
vn 0.907536 -0.382683 -0.173010
vn -0.907534 0.382687 0.173010
vn -0.907534 0.382687 0.173010
vn -0.907534 0.382686 0.173010
vn -0.907534 0.382687 0.173010
vn 0.375915 -0.923879 -0.071659
vn 0.375915 -0.923879 -0.071659
vn 0.375915 -0.923879 -0.071659
vn 0.375915 -0.923879 -0.071659
vn -0.375913 0.923880 0.071670
vn -0.375913 0.923880 0.071670
vn -0.375912 0.923879 0.071670
vn -0.375913 0.923879 0.071670
vn -0.375914 -0.923879 0.071669
vn -0.375914 -0.923879 0.071669
vn -0.375914 -0.923879 0.071669
vn -0.375914 -0.923879 0.071669
vn 0.375916 0.923878 -0.071671
vn 0.375916 0.923878 -0.071671
vn 0.375916 0.923878 -0.071671
vn 0.375916 0.923878 -0.071671
vn -0.907535 -0.382688 0.173006
vn -0.907534 -0.382688 0.173006
vn -0.907535 -0.382688 0.173006
vn -0.907535 -0.382688 0.173006
vn 0.907533 0.382689 -0.173010
vn 0.907533 0.382689 -0.173010
vn 0.907533 0.382689 -0.173010
vn 0.907533 0.382689 -0.173010
vn -0.907534 0.382688 0.173009
vn -0.907534 0.382688 0.173009
vn -0.907534 0.382688 0.173009
vn -0.907534 0.382688 0.173009
vn 0.907534 -0.382689 -0.173006
vn 0.907534 -0.382689 -0.173006
vn 0.907534 -0.382689 -0.173006
vn 0.907534 -0.382689 -0.173006
vn -0.375915 0.923880 0.071656
vn -0.375915 0.923880 0.071656
vn -0.375915 0.923880 0.071656
vn -0.375915 0.923880 0.071656
vn 0.375918 -0.923878 -0.071665
vn 0.375918 -0.923878 -0.071665
vn 0.375918 -0.923878 -0.071665
vn 0.375918 -0.923878 -0.071665
vn 0.375915 0.923880 -0.071658
vn 0.375914 0.923880 -0.071658
vn 0.375915 0.923880 -0.071658
vn 0.375914 0.923880 -0.071658
vn -0.375911 -0.923881 0.071659
vn -0.375911 -0.923881 0.071659
vn -0.375911 -0.923881 0.071659
vn -0.375911 -0.923881 0.071659
vn 0.907533 0.382688 -0.173014
vn 0.907533 0.382688 -0.173014
vn 0.907533 0.382688 -0.173014
vn 0.907533 0.382688 -0.173014
vn -0.907534 -0.382688 0.173009
vn -0.907534 -0.382688 0.173009
vn -0.907534 -0.382688 0.173009
vn -0.907534 -0.382688 0.173009
vn 0.907533 -0.382688 -0.173015
vn 0.907533 -0.382688 -0.173015
vn 0.907533 -0.382688 -0.173015
vn 0.907533 -0.382688 -0.173015
vn -0.907533 0.382689 0.173010
vn -0.907533 0.382689 0.173010
vn -0.907533 0.382689 0.173010
vn -0.907533 0.382689 0.173010
vn 0.375915 -0.923879 -0.071669
vn 0.375915 -0.923879 -0.071669
vn 0.375915 -0.923879 -0.071669
vn 0.375915 -0.923879 -0.071669
vn -0.375911 0.923880 0.071671
vn -0.375910 0.923880 0.071671
vn -0.375911 0.923880 0.071671
vn -0.375911 0.923880 0.071671
vn -0.375915 -0.923879 0.071659
vn -0.375915 -0.923879 0.071659
vn -0.375915 -0.923879 0.071659
vn -0.375915 -0.923879 0.071659
vn 0.375917 0.923878 -0.071670
vn 0.375917 0.923878 -0.071670
vn 0.375917 0.923877 -0.071670
vn 0.375917 0.923878 -0.071670
vn -0.907537 -0.382681 0.173010
vn -0.907537 -0.382681 0.173010
vn -0.907537 -0.382681 0.173010
vn -0.907537 -0.382681 0.173010
vn 0.907534 0.382686 -0.173010
vn 0.907534 0.382686 -0.173010
vn 0.907535 0.382686 -0.173010
vn 0.907534 0.382686 -0.173010
vn -0.907537 0.382681 0.173007
vn -0.907537 0.382681 0.173007
vn -0.907537 0.382681 0.173007
vn -0.907537 0.382681 0.173007
vn 0.907534 -0.382686 -0.173013
vn 0.907534 -0.382686 -0.173013
vn 0.907534 -0.382686 -0.173013
vn 0.907534 -0.382686 -0.173013
s off
g polySurface71 polySurface104
usemtl openPBRSurface4SG
f 2409/4802/4069 2410/4803/4070 2411/4804/4071 2412/4805/4072
f 2410/4803/4073 2413/4806/4074 2414/4807/4075 2411/4804/4076
f 2413/4808/4077 2415/4809/4078 2416/4810/4079 2414/4811/4080
f 2415/4809/4081 2417/4812/4082 2418/4813/4083 2416/4810/4084
f 2417/4814/4085 2419/4815/4086 2420/4816/4087 2418/4817/4088
f 2419/4815/4089 2421/4818/4090 2422/4819/4091 2420/4816/4092
f 2421/4820/4093 2423/4821/4094 2424/4822/4095 2422/4823/4096
f 2423/4821/4097 2409/4824/4098 2412/4825/4099 2424/4822/4100
s 1
usemtl openPBRSurface5SG
f 2392/4826/4101 2391/4827/4102 2407/4828/4103
f 2393/4829/4104 2392/4826/4101 2407/4828/4103
usemtl openPBRSurface10SG
f 2394/4830/4105 2393/4829/4104 2407/4828/4103
f 2395/4831/4106 2394/4830/4105 2407/4828/4103
usemtl openPBRSurface5SG
f 2396/4832/4107 2395/4831/4106 2407/4828/4103
f 2397/4833/4108 2396/4832/4107 2407/4828/4103
usemtl openPBRSurface10SG
f 2398/4834/4109 2397/4833/4108 2407/4828/4103
f 2391/4827/4102 2398/4834/4109 2407/4828/4103
s 2
usemtl openPBRSurface5SG
f 2399/4835/4110 2400/4836/4111 2408/4837/4112
f 2400/4836/4111 2401/4838/4113 2408/4837/4112
usemtl openPBRSurface10SG
f 2401/4838/4113 2402/4839/4114 2408/4837/4112
f 2402/4839/4114 2403/4840/4115 2408/4837/4112
usemtl openPBRSurface5SG
f 2403/4840/4115 2404/4841/4116 2408/4837/4112
f 2404/4841/4116 2405/4842/4117 2408/4837/4112
usemtl openPBRSurface10SG
f 2405/4842/4117 2406/4843/4118 2408/4837/4112
f 2406/4843/4118 2399/4835/4110 2408/4837/4112
s off
usemtl openPBRSurface4SG
f 2425/4844/4119 2426/4845/4120 2427/4846/4121 2428/4847/4122
f 2442/4848/4123 2441/4849/4124 2443/4850/4125 2444/4851/4126
f 2426/4845/4127 2429/4852/4128 2430/4853/4129 2427/4846/4130
f 2445/4854/4131 2442/4848/4132 2444/4851/4133 2446/4855/4134
f 2429/4852/4135 2431/4856/4136 2432/4857/4137 2430/4853/4138
f 2447/4858/4139 2445/4854/4140 2446/4855/4141 2448/4859/4142
f 2431/4856/4143 2433/4860/4144 2434/4861/4145 2432/4857/4146
f 2449/4862/4147 2447/4858/4148 2448/4859/4149 2450/4863/4150
f 2433/4860/4151 2435/4864/4152 2436/4865/4153 2434/4861/4154
f 2451/4866/4155 2449/4862/4156 2450/4863/4157 2452/4867/4158
f 2435/4864/4159 2437/4868/4160 2438/4869/4161 2436/4865/4162
f 2453/4870/4163 2451/4866/4164 2452/4867/4165 2454/4871/4166
f 2437/4868/4167 2439/4872/4168 2440/4873/4169 2438/4869/4170
f 2455/4874/4171 2453/4870/4172 2454/4871/4173 2456/4875/4174
f 2439/4872/4175 2425/4844/4176 2428/4847/4177 2440/4873/4178
f 2441/4849/4179 2455/4874/4180 2456/4875/4181 2443/4850/4182
f 2391/4876/4183 2392/4877/4184 2426/4878/4185 2425/4879/4186
f 2410/4803/4187 2409/4802/4188 2428/4880/4189 2427/4881/4190
f 2392/4877/4191 2393/4882/4192 2429/4883/4193 2426/4878/4194
f 2413/4806/4195 2410/4803/4196 2427/4881/4197 2430/4884/4198
f 2393/4885/4199 2394/4886/4200 2431/4887/4201 2429/4888/4202
f 2415/4809/4203 2413/4808/4204 2430/4889/4205 2432/4890/4206
f 2394/4886/4207 2395/4891/4208 2433/4892/4209 2431/4887/4210
f 2417/4812/4211 2415/4809/4212 2432/4890/4213 2434/4893/4214
f 2395/4894/4215 2396/4895/4216 2435/4896/4217 2433/4897/4218
f 2419/4815/4219 2417/4814/4220 2434/4898/4221 2436/4899/4222
f 2396/4895/4223 2397/4900/4224 2437/4901/4225 2435/4896/4226
f 2421/4818/4227 2419/4815/4228 2436/4899/4229 2438/4902/4230
f 2397/4903/4231 2398/4904/4232 2439/4905/4233 2437/4906/4234
f 2423/4821/4235 2421/4820/4236 2438/4907/4237 2440/4908/4238
f 2398/4904/4239 2391/4909/4240 2425/4910/4241 2439/4905/4242
f 2409/4824/4243 2423/4821/4244 2440/4908/4245 2428/4911/4246
f 2400/4912/4247 2399/4913/4248 2441/4914/4249 2442/4915/4250
f 2412/4805/4251 2411/4804/4252 2444/4916/4253 2443/4917/4254
f 2401/4918/4255 2400/4912/4256 2442/4915/4257 2445/4919/4258
f 2411/4804/4259 2414/4807/4260 2446/4920/4261 2444/4916/4262
f 2402/4921/4263 2401/4922/4264 2445/4923/4265 2447/4924/4266
f 2414/4811/4267 2416/4810/4268 2448/4925/4269 2446/4926/4270
f 2403/4927/4271 2402/4921/4272 2447/4924/4273 2449/4928/4274
f 2416/4810/4275 2418/4813/4276 2450/4929/4277 2448/4925/4278
f 2404/4930/4279 2403/4931/4280 2449/4932/4281 2451/4933/4282
f 2418/4817/4283 2420/4816/4284 2452/4934/4285 2450/4935/4286
f 2405/4936/4287 2404/4930/4288 2451/4933/4289 2453/4937/4290
f 2420/4816/4291 2422/4819/4292 2454/4938/4293 2452/4934/4294
f 2406/4939/4295 2405/4940/4296 2453/4941/4297 2455/4942/4298
f 2422/4823/4299 2424/4822/4300 2456/4943/4301 2454/4944/4302
f 2399/4945/4303 2406/4939/4304 2455/4942/4305 2441/4946/4306
f 2424/4822/4307 2412/4825/4308 2443/4947/4309 2456/4943/4310
g default
v 6.042088 2.950115 5.465582
v 5.010776 2.515238 5.662185
v 3.979463 2.950115 5.858788
v 3.552279 4.000000 5.940223
v 3.979463 5.049885 5.858788
v 5.010776 5.484762 5.662185
v 6.042088 5.049885 5.465582
v 6.469272 4.000000 5.384146
v 6.020537 2.950115 5.352534
v 4.989224 2.515238 5.549137
v 3.957912 2.950115 5.745740
v 3.530728 4.000000 5.827176
v 3.957912 5.049885 5.745740
v 4.989224 5.484762 5.549137
v 6.020537 5.049885 5.352534
v 6.447721 4.000000 5.271099
v 5.010776 4.000000 5.662185
v 4.989224 4.000000 5.549137
v 6.135411 2.856094 5.453037
v 5.011740 2.382273 5.667246
v 4.988260 2.382273 5.544075
v 6.111930 2.856094 5.329866
v 3.888070 2.856094 5.881455
v 3.864589 2.856094 5.758285
v 3.422630 4.000000 5.970184
v 3.399150 4.000000 5.847013
v 3.888070 5.143906 5.881455
v 3.864589 5.143906 5.758285
v 5.011740 5.617727 5.667246
v 4.988260 5.617727 5.544075
v 6.135411 5.143906 5.453037
v 6.111930 5.143906 5.329866
v 6.600850 4.000000 5.364308
v 6.577370 4.000000 5.241138
v 6.048471 2.950115 5.499066
v 5.017159 2.515238 5.695669
v 5.018124 2.382273 5.700730
v 6.141794 2.856094 5.486521
v 3.985846 2.950115 5.892272
v 3.894453 2.856094 5.914939
v 3.558662 4.000000 5.973707
v 3.429013 4.000000 6.003668
v 3.985846 5.049885 5.892272
v 3.894453 5.143906 5.914939
v 5.017159 5.484762 5.695669
v 5.018124 5.617727 5.700730
v 6.048471 5.049885 5.499066
v 6.141794 5.143906 5.486521
v 6.475655 4.000000 5.417630
v 6.607234 4.000000 5.397792
v 6.014154 2.950115 5.319050
v 4.982841 2.515238 5.515653
v 6.105547 2.856094 5.296382
v 4.981876 2.382273 5.510592
v 3.951529 2.950115 5.712256
v 3.858206 2.856094 5.724801
v 3.524345 4.000000 5.793692
v 3.392766 4.000000 5.813529
v 3.951529 5.049885 5.712256
v 3.858206 5.143906 5.724801
v 4.982841 5.484762 5.515653
v 4.981876 5.617727 5.510592
v 6.014154 5.049885 5.319050
v 6.105547 5.143906 5.296382
v 6.441338 4.000000 5.237615
v 6.570987 4.000000 5.207654
vt 0.669445 0.103487
vt 0.673474 0.124627
vt 0.671157 0.125068
vt 0.667127 0.103929
vt 0.677504 0.145766
vt 0.675187 0.146208
vt 0.585459 0.231173
vt 0.587143 0.252886
vt 0.584805 0.252886
vt 0.583121 0.231173
vt 0.585459 0.274598
vt 0.583121 0.274598
vt 0.247066 0.185130
vt 0.251096 0.163991
vt 0.253413 0.164433
vt 0.249383 0.185572
vt 0.255126 0.142852
vt 0.257443 0.143294
vt 0.667133 0.273558
vt 0.668817 0.251845
vt 0.671155 0.251845
vt 0.669471 0.273558
vt 0.667133 0.230132
vt 0.669471 0.230132
vt 0.306651 0.741302
vt 0.325466 0.749236
vt 0.306651 0.768390
vt 0.287835 0.749236
vt 0.280041 0.768390
vt 0.287835 0.787545
vt 0.306651 0.795479
vt 0.325466 0.787545
vt 0.333260 0.768390
vt 0.863145 0.892089
vt 0.844329 0.900023
vt 0.844329 0.872934
vt 0.825513 0.892089
vt 0.817720 0.872934
vt 0.825513 0.853779
vt 0.844329 0.845845
vt 0.863145 0.853779
vt 0.870939 0.872934
vt 0.210218 0.493726
vt 0.191401 0.485791
vt 0.191418 0.483365
vt 0.211920 0.492010
vt 0.829929 0.061497
vt 0.848747 0.053562
vt 0.850414 0.055278
vt 0.829912 0.063923
vt 0.172584 0.493726
vt 0.170916 0.492010
vt 0.811112 0.053562
vt 0.809410 0.055278
vt 0.164789 0.512882
vt 0.162424 0.512882
vt 0.803318 0.034406
vt 0.800917 0.034406
vt 0.172584 0.532038
vt 0.170916 0.533753
vt 0.811112 0.015250
vt 0.809410 0.013535
vt 0.191401 0.539973
vt 0.191418 0.542399
vt 0.829929 0.007316
vt 0.829912 0.004890
vt 0.210218 0.532038
vt 0.211920 0.533753
vt 0.848747 0.015250
vt 0.850414 0.013535
vt 0.218012 0.512882
vt 0.220413 0.512882
vt 0.856541 0.034406
vt 0.858906 0.034406
vt 0.500899 0.199104
vt 0.497201 0.218506
vt 0.496571 0.218386
vt 0.500269 0.198984
vt 0.670075 0.103367
vt 0.674104 0.124507
vt 0.493502 0.237908
vt 0.492872 0.237788
vt 0.678134 0.145646
vt 0.674280 0.420904
vt 0.672734 0.440833
vt 0.672098 0.440833
vt 0.673644 0.420904
vt 0.586094 0.231173
vt 0.587778 0.252886
vt 0.674280 0.460761
vt 0.673644 0.460761
vt 0.586094 0.274598
vt 0.601084 0.078385
vt 0.597386 0.058983
vt 0.598016 0.058863
vt 0.601714 0.078265
vt 0.246436 0.185010
vt 0.250466 0.163871
vt 0.593687 0.039581
vt 0.594317 0.039461
vt 0.254496 0.142732
vt 0.668043 0.463123
vt 0.666498 0.443194
vt 0.667133 0.443194
vt 0.668679 0.463123
vt 0.666498 0.273558
vt 0.668182 0.251845
vt 0.668043 0.423266
vt 0.668679 0.423266
vt 0.666498 0.230132
vt 0.003699 0.164584
vt 0.007397 0.145182
vt 0.008027 0.145302
vt 0.004329 0.164704
vt 0.670527 0.125188
vt 0.666498 0.104049
vt 0.000000 0.183986
vt 0.000630 0.184106
vt 0.674557 0.146328
vt 0.688901 0.444772
vt 0.690447 0.424844
vt 0.691082 0.424844
vt 0.689536 0.444772
vt 0.584169 0.252886
vt 0.582485 0.231173
vt 0.690447 0.464700
vt 0.691082 0.464700
vt 0.582485 0.274598
vt 0.922863 0.266195
vt 0.926562 0.285596
vt 0.925932 0.285717
vt 0.922233 0.266315
vt 0.254043 0.164553
vt 0.250013 0.185692
vt 0.919164 0.246793
vt 0.918534 0.246913
vt 0.258073 0.143414
vt 0.448701 0.444478
vt 0.450247 0.464406
vt 0.449611 0.464406
vt 0.448066 0.444478
vt 0.671791 0.251845
vt 0.670107 0.273558
vt 0.450247 0.424549
vt 0.449611 0.424549
vt 0.670107 0.230132
vn 0.375914 -0.923880 -0.071661
vn 0.375914 -0.923880 -0.071661
vn 0.375914 -0.923880 -0.071661
vn 0.375914 -0.923880 -0.071661
vn -0.375915 -0.923879 0.071662
vn -0.375915 -0.923879 0.071662
vn -0.375915 -0.923879 0.071662
vn -0.375915 -0.923879 0.071662
vn -0.907536 -0.382684 0.173007
vn -0.907536 -0.382684 0.173007
vn -0.907536 -0.382684 0.173007
vn -0.907536 -0.382684 0.173007
vn -0.907536 0.382684 0.173007
vn -0.907536 0.382684 0.173007
vn -0.907536 0.382684 0.173007
vn -0.907536 0.382684 0.173007
vn -0.375915 0.923879 0.071661
vn -0.375915 0.923879 0.071661
vn -0.375915 0.923879 0.071661
vn -0.375915 0.923879 0.071661
vn 0.375914 0.923880 -0.071662
vn 0.375914 0.923880 -0.071662
vn 0.375914 0.923880 -0.071662
vn 0.375914 0.923880 -0.071662
vn 0.907535 0.382686 -0.173008
vn 0.907535 0.382686 -0.173008
vn 0.907535 0.382686 -0.173008
vn 0.907535 0.382686 -0.173008
vn 0.907535 -0.382685 -0.173008
vn 0.907535 -0.382685 -0.173008
vn 0.907535 -0.382685 -0.173008
vn 0.907535 -0.382685 -0.173008
vn 0.187262 0.000000 0.982310
vn 0.187262 0.000000 0.982310
vn 0.187262 -0.000000 0.982310
vn 0.187262 0.000000 0.982310
vn 0.187262 -0.000000 0.982310
vn 0.187262 -0.000000 0.982310
vn 0.187262 0.000000 0.982310
vn 0.187262 0.000000 0.982310
vn 0.187262 0.000000 0.982310
vn -0.187261 -0.000000 -0.982310
vn -0.187261 0.000000 -0.982310
vn -0.187262 -0.000000 -0.982310
vn -0.187262 0.000000 -0.982310
vn -0.187262 -0.000000 -0.982310
vn -0.187262 -0.000000 -0.982310
vn -0.187261 0.000000 -0.982310
vn -0.187261 0.000000 -0.982310
vn -0.187262 -0.000000 -0.982310
vn 0.171342 0.038719 0.984451
vn 0.171342 0.038719 0.984451
vn 0.171342 0.038719 0.984451
vn 0.171342 0.038719 0.984451
vn -0.202850 0.038719 -0.978444
vn -0.202850 0.038719 -0.978444
vn -0.202850 0.038719 -0.978444
vn -0.202850 0.038719 -0.978444
vn 0.202849 0.038719 0.978444
vn 0.202849 0.038719 0.978444
vn 0.202849 0.038719 0.978444
vn 0.202849 0.038719 0.978444
vn -0.171342 0.038718 -0.984451
vn -0.171342 0.038718 -0.984451
vn -0.171342 0.038718 -0.984451
vn -0.171342 0.038718 -0.984451
vn 0.225130 0.016038 0.974197
vn 0.225130 0.016038 0.974197
vn 0.225130 0.016038 0.974197
vn 0.225130 0.016038 0.974197
vn -0.149064 0.016037 -0.988698
vn -0.149064 0.016037 -0.988698
vn -0.149064 0.016037 -0.988698
vn -0.149064 0.016037 -0.988698
vn 0.225131 -0.016038 0.974197
vn 0.225131 -0.016038 0.974196
vn 0.225131 -0.016038 0.974196
vn 0.225131 -0.016038 0.974197
vn -0.149065 -0.016037 -0.988697
vn -0.149065 -0.016037 -0.988697
vn -0.149065 -0.016037 -0.988697
vn -0.149065 -0.016037 -0.988697
vn 0.202850 -0.038719 0.978444
vn 0.202850 -0.038719 0.978444
vn 0.202850 -0.038719 0.978444
vn 0.202850 -0.038719 0.978444
vn -0.171343 -0.038718 -0.984450
vn -0.171343 -0.038718 -0.984450
vn -0.171343 -0.038718 -0.984450
vn -0.171343 -0.038718 -0.984450
vn 0.171343 -0.038719 0.984450
vn 0.171343 -0.038719 0.984450
vn 0.171343 -0.038719 0.984450
vn 0.171343 -0.038719 0.984450
vn -0.202850 -0.038719 -0.978444
vn -0.202850 -0.038719 -0.978444
vn -0.202850 -0.038719 -0.978444
vn -0.202850 -0.038719 -0.978444
vn 0.149064 -0.016037 0.988698
vn 0.149064 -0.016037 0.988698
vn 0.149064 -0.016037 0.988698
vn 0.149064 -0.016037 0.988698
vn -0.225131 -0.016037 -0.974197
vn -0.225131 -0.016037 -0.974197
vn -0.225131 -0.016037 -0.974197
vn -0.225131 -0.016037 -0.974197
vn 0.149064 0.016037 0.988698
vn 0.149064 0.016037 0.988698
vn 0.149064 0.016037 0.988698
vn 0.149064 0.016037 0.988698
vn -0.225132 0.016037 -0.974196
vn -0.225132 0.016037 -0.974196
vn -0.225132 0.016037 -0.974196
vn -0.225132 0.016037 -0.974196
vn -0.375915 0.923880 0.071658
vn -0.375914 0.923880 0.071658
vn -0.375915 0.923880 0.071658
vn -0.375914 0.923880 0.071658
vn 0.375916 -0.923879 -0.071658
vn 0.375916 -0.923879 -0.071658
vn 0.375916 -0.923879 -0.071658
vn 0.375916 -0.923879 -0.071658
vn 0.375915 0.923880 -0.071656
vn 0.375915 0.923880 -0.071656
vn 0.375915 0.923880 -0.071656
vn 0.375915 0.923880 -0.071656
vn -0.375906 -0.923882 0.071664
vn -0.375906 -0.923882 0.071664
vn -0.375906 -0.923882 0.071664
vn -0.375906 -0.923882 0.071664
vn 0.907535 0.382686 -0.173006
vn 0.907535 0.382686 -0.173006
vn 0.907535 0.382686 -0.173006
vn 0.907535 0.382686 -0.173006
vn -0.907538 -0.382680 0.173007
vn -0.907538 -0.382680 0.173007
vn -0.907538 -0.382680 0.173007
vn -0.907538 -0.382680 0.173007
vn 0.907535 -0.382686 -0.173009
vn 0.907535 -0.382686 -0.173009
vn 0.907535 -0.382686 -0.173009
vn 0.907535 -0.382686 -0.173009
vn -0.907538 0.382680 0.173007
vn -0.907538 0.382680 0.173007
vn -0.907538 0.382680 0.173007
vn -0.907538 0.382680 0.173007
vn 0.375915 -0.923879 -0.071659
vn 0.375915 -0.923879 -0.071659
vn 0.375915 -0.923879 -0.071659
vn 0.375915 -0.923879 -0.071659
vn -0.375906 0.923882 0.071670
vn -0.375906 0.923882 0.071670
vn -0.375906 0.923882 0.071670
vn -0.375906 0.923882 0.071670
vn -0.375915 -0.923879 0.071669
vn -0.375915 -0.923879 0.071669
vn -0.375915 -0.923879 0.071669
vn -0.375915 -0.923879 0.071669
vn 0.375915 0.923878 -0.071671
vn 0.375915 0.923878 -0.071671
vn 0.375915 0.923878 -0.071671
vn 0.375915 0.923878 -0.071671
vn -0.907539 -0.382680 0.173002
vn -0.907539 -0.382680 0.173002
vn -0.907539 -0.382680 0.173002
vn -0.907539 -0.382680 0.173002
vn 0.907539 0.382677 -0.173005
vn 0.907539 0.382677 -0.173005
vn 0.907539 0.382677 -0.173005
vn 0.907539 0.382677 -0.173005
vn -0.907538 0.382680 0.173005
vn -0.907538 0.382680 0.173005
vn -0.907538 0.382680 0.173005
vn -0.907538 0.382680 0.173005
vn 0.907540 -0.382677 -0.173003
vn 0.907540 -0.382677 -0.173003
vn 0.907540 -0.382677 -0.173003
vn 0.907540 -0.382677 -0.173003
vn -0.375915 0.923880 0.071656
vn -0.375915 0.923880 0.071656
vn -0.375915 0.923880 0.071656
vn -0.375915 0.923880 0.071656
vn 0.375911 -0.923881 -0.071664
vn 0.375911 -0.923881 -0.071664
vn 0.375911 -0.923881 -0.071664
vn 0.375911 -0.923881 -0.071664
vn 0.375910 0.923882 -0.071659
vn 0.375910 0.923882 -0.071659
vn 0.375910 0.923882 -0.071659
vn 0.375910 0.923882 -0.071659
vn -0.375912 -0.923881 0.071659
vn -0.375912 -0.923881 0.071659
vn -0.375912 -0.923881 0.071659
vn -0.375912 -0.923881 0.071659
vn 0.907538 0.382679 -0.173008
vn 0.907538 0.382679 -0.173008
vn 0.907538 0.382679 -0.173008
vn 0.907538 0.382679 -0.173008
vn -0.907538 -0.382681 0.173005
vn -0.907538 -0.382681 0.173005
vn -0.907538 -0.382681 0.173005
vn -0.907538 -0.382681 0.173005
vn 0.907538 -0.382679 -0.173005
vn 0.907538 -0.382679 -0.173005
vn 0.907538 -0.382679 -0.173005
vn 0.907538 -0.382679 -0.173005
vn -0.907538 0.382681 0.173007
vn -0.907538 0.382681 0.173007
vn -0.907537 0.382681 0.173007
vn -0.907538 0.382681 0.173007
vn 0.375909 -0.923881 -0.071669
vn 0.375909 -0.923881 -0.071669
vn 0.375909 -0.923881 -0.071669
vn 0.375909 -0.923881 -0.071669
vn -0.375912 0.923880 0.071672
vn -0.375912 0.923880 0.071672
vn -0.375912 0.923880 0.071672
vn -0.375912 0.923880 0.071672
vn -0.375915 -0.923879 0.071659
vn -0.375915 -0.923879 0.071659
vn -0.375915 -0.923879 0.071659
vn -0.375915 -0.923879 0.071659
vn 0.375911 0.923880 -0.071670
vn 0.375911 0.923880 -0.071670
vn 0.375911 0.923880 -0.071670
vn 0.375911 0.923880 -0.071670
vn -0.907533 -0.382689 0.173011
vn -0.907533 -0.382689 0.173011
vn -0.907533 -0.382689 0.173011
vn -0.907533 -0.382689 0.173011
vn 0.907539 0.382677 -0.173005
vn 0.907539 0.382677 -0.173005
vn 0.907539 0.382677 -0.173005
vn 0.907539 0.382677 -0.173005
vn -0.907533 0.382690 0.173009
vn -0.907533 0.382690 0.173009
vn -0.907533 0.382690 0.173009
vn -0.907533 0.382690 0.173009
vn 0.907539 -0.382677 -0.173005
vn 0.907539 -0.382677 -0.173005
vn 0.907539 -0.382677 -0.173005
vn 0.907539 -0.382677 -0.173005
s off
g polySurface71 polySurface101
usemtl openPBRSurface4SG
f 2475/4948/4311 2476/4949/4312 2477/4950/4313 2478/4951/4314
f 2476/4949/4315 2479/4952/4316 2480/4953/4317 2477/4950/4318
f 2479/4954/4319 2481/4955/4320 2482/4956/4321 2480/4957/4322
f 2481/4955/4323 2483/4958/4324 2484/4959/4325 2482/4956/4326
f 2483/4960/4327 2485/4961/4328 2486/4962/4329 2484/4963/4330
f 2485/4961/4331 2487/4964/4332 2488/4965/4333 2486/4962/4334
f 2487/4966/4335 2489/4967/4336 2490/4968/4337 2488/4969/4338
f 2489/4967/4339 2475/4970/4340 2478/4971/4341 2490/4968/4342
s 1
usemtl openPBRSurface5SG
f 2458/4972/4343 2457/4973/4344 2473/4974/4345
f 2459/4975/4346 2458/4972/4343 2473/4974/4345
usemtl openPBRSurface10SG
f 2460/4976/4347 2459/4975/4346 2473/4974/4345
f 2461/4977/4348 2460/4976/4347 2473/4974/4345
usemtl openPBRSurface5SG
f 2462/4978/4349 2461/4977/4348 2473/4974/4345
f 2463/4979/4350 2462/4978/4349 2473/4974/4345
usemtl openPBRSurface10SG
f 2464/4980/4351 2463/4979/4350 2473/4974/4345
f 2457/4973/4344 2464/4980/4351 2473/4974/4345
s 2
usemtl openPBRSurface5SG
f 2465/4981/4352 2466/4982/4353 2474/4983/4354
f 2466/4982/4353 2467/4984/4355 2474/4983/4354
usemtl openPBRSurface10SG
f 2467/4984/4355 2468/4985/4356 2474/4983/4354
f 2468/4985/4356 2469/4986/4357 2474/4983/4354
usemtl openPBRSurface5SG
f 2469/4986/4357 2470/4987/4358 2474/4983/4354
f 2470/4987/4358 2471/4988/4359 2474/4983/4354
usemtl openPBRSurface10SG
f 2471/4988/4359 2472/4989/4360 2474/4983/4354
f 2472/4989/4360 2465/4981/4352 2474/4983/4354
s off
usemtl openPBRSurface4SG
f 2491/4990/4361 2492/4991/4362 2493/4992/4363 2494/4993/4364
f 2508/4994/4365 2507/4995/4366 2509/4996/4367 2510/4997/4368
f 2492/4991/4369 2495/4998/4370 2496/4999/4371 2493/4992/4372
f 2511/5000/4373 2508/4994/4374 2510/4997/4375 2512/5001/4376
f 2495/4998/4377 2497/5002/4378 2498/5003/4379 2496/4999/4380
f 2513/5004/4381 2511/5000/4382 2512/5001/4383 2514/5005/4384
f 2497/5002/4385 2499/5006/4386 2500/5007/4387 2498/5003/4388
f 2515/5008/4389 2513/5004/4390 2514/5005/4391 2516/5009/4392
f 2499/5006/4393 2501/5010/4394 2502/5011/4395 2500/5007/4396
f 2517/5012/4397 2515/5008/4398 2516/5009/4399 2518/5013/4400
f 2501/5010/4401 2503/5014/4402 2504/5015/4403 2502/5011/4404
f 2519/5016/4405 2517/5012/4406 2518/5013/4407 2520/5017/4408
f 2503/5014/4409 2505/5018/4410 2506/5019/4411 2504/5015/4412
f 2521/5020/4413 2519/5016/4414 2520/5017/4415 2522/5021/4416
f 2505/5018/4417 2491/4990/4418 2494/4993/4419 2506/5019/4420
f 2507/4995/4421 2521/5020/4422 2522/5021/4423 2509/4996/4424
f 2457/5022/4425 2458/5023/4426 2492/5024/4427 2491/5025/4428
f 2476/4949/4429 2475/4948/4430 2494/5026/4431 2493/5027/4432
f 2458/5023/4433 2459/5028/4434 2495/5029/4435 2492/5024/4436
f 2479/4952/4437 2476/4949/4438 2493/5027/4439 2496/5030/4440
f 2459/5031/4441 2460/5032/4442 2497/5033/4443 2495/5034/4444
f 2481/4955/4445 2479/4954/4446 2496/5035/4447 2498/5036/4448
f 2460/5032/4449 2461/5037/4450 2499/5038/4451 2497/5033/4452
f 2483/4958/4453 2481/4955/4454 2498/5036/4455 2500/5039/4456
f 2461/5040/4457 2462/5041/4458 2501/5042/4459 2499/5043/4460
f 2485/4961/4461 2483/4960/4462 2500/5044/4463 2502/5045/4464
f 2462/5041/4465 2463/5046/4466 2503/5047/4467 2501/5042/4468
f 2487/4964/4469 2485/4961/4470 2502/5045/4471 2504/5048/4472
f 2463/5049/4473 2464/5050/4474 2505/5051/4475 2503/5052/4476
f 2489/4967/4477 2487/4966/4478 2504/5053/4479 2506/5054/4480
f 2464/5050/4481 2457/5055/4482 2491/5056/4483 2505/5051/4484
f 2475/4970/4485 2489/4967/4486 2506/5054/4487 2494/5057/4488
f 2466/5058/4489 2465/5059/4490 2507/5060/4491 2508/5061/4492
f 2478/4951/4493 2477/4950/4494 2510/5062/4495 2509/5063/4496
f 2467/5064/4497 2466/5058/4498 2508/5061/4499 2511/5065/4500
f 2477/4950/4501 2480/4953/4502 2512/5066/4503 2510/5062/4504
f 2468/5067/4505 2467/5068/4506 2511/5069/4507 2513/5070/4508
f 2480/4957/4509 2482/4956/4510 2514/5071/4511 2512/5072/4512
f 2469/5073/4513 2468/5067/4514 2513/5070/4515 2515/5074/4516
f 2482/4956/4517 2484/4959/4518 2516/5075/4519 2514/5071/4520
f 2470/5076/4521 2469/5077/4522 2515/5078/4523 2517/5079/4524
f 2484/4963/4525 2486/4962/4526 2518/5080/4527 2516/5081/4528
f 2471/5082/4529 2470/5076/4530 2517/5079/4531 2519/5083/4532
f 2486/4962/4533 2488/4965/4534 2520/5084/4535 2518/5080/4536
f 2472/5085/4537 2471/5086/4538 2519/5087/4539 2521/5088/4540
f 2488/4969/4541 2490/4968/4542 2522/5089/4543 2520/5090/4544
f 2465/5091/4545 2472/5085/4546 2521/5088/4547 2507/5092/4548
f 2490/4968/4549 2478/4971/4550 2509/5093/4551 2522/5089/4552
g default
v -3.979463 2.950115 5.854383
v -5.010776 2.515238 5.657780
v -6.042088 2.950115 5.461177
v -6.469272 4.000000 5.379742
v -6.042088 5.049885 5.461177
v -5.010776 5.484762 5.657780
v -3.979463 5.049885 5.854383
v -3.552279 4.000000 5.935819
v -3.957912 2.950115 5.741335
v -4.989224 2.515238 5.544733
v -6.020537 2.950115 5.348130
v -6.447721 4.000000 5.266694
v -6.020537 5.049885 5.348130
v -4.989224 5.484762 5.544733
v -3.957912 5.049885 5.741335
v -3.530728 4.000000 5.822771
v -5.010776 4.000000 5.657780
v -4.989224 4.000000 5.544733
v -3.888070 2.856094 5.877051
v -5.011740 2.382273 5.662842
v -4.988260 2.382273 5.539671
v -3.864589 2.856094 5.753881
v -6.135411 2.856094 5.448632
v -6.111930 2.856094 5.325461
v -6.600850 4.000000 5.359904
v -6.577370 4.000000 5.236733
v -6.135411 5.143906 5.448632
v -6.111930 5.143906 5.325461
v -5.011740 5.617727 5.662842
v -4.988260 5.617727 5.539671
v -3.888070 5.143906 5.877051
v -3.864589 5.143906 5.753881
v -3.422630 4.000000 5.965779
v -3.399150 4.000000 5.842609
v -3.985846 2.950115 5.887867
v -5.017159 2.515238 5.691264
v -5.018124 2.382273 5.696326
v -3.894453 2.856094 5.910535
v -6.048471 2.950115 5.494661
v -6.141794 2.856094 5.482116
v -6.475655 4.000000 5.413226
v -6.607234 4.000000 5.393388
v -6.048471 5.049885 5.494661
v -6.141794 5.143906 5.482116
v -5.017159 5.484762 5.691264
v -5.018124 5.617727 5.696326
v -3.985846 5.049885 5.887867
v -3.894453 5.143906 5.910535
v -3.558662 4.000000 5.969302
v -3.429013 4.000000 5.999263
v -3.951529 2.950115 5.707851
v -4.982841 2.515238 5.511249
v -3.858206 2.856094 5.720397
v -4.981876 2.382273 5.506187
v -6.014154 2.950115 5.314646
v -6.105547 2.856094 5.291978
v -6.441338 4.000000 5.233211
v -6.570987 4.000000 5.203249
v -6.014154 5.049885 5.314646
v -6.105547 5.143906 5.291978
v -4.982841 5.484762 5.511249
v -4.981876 5.617727 5.506187
v -3.951529 5.049885 5.707851
v -3.858206 5.143906 5.720397
v -3.524345 4.000000 5.789287
v -3.392766 4.000000 5.809125
vt 0.022208 0.096496
vt 0.018179 0.117635
vt 0.015861 0.117193
vt 0.019891 0.096054
vt 0.014149 0.138774
vt 0.011832 0.138332
vt 0.525534 0.341433
vt 0.523850 0.363146
vt 0.521512 0.363146
vt 0.523196 0.341433
vt 0.525534 0.384859
vt 0.523196 0.384859
vt 0.563171 0.148712
vt 0.559141 0.127573
vt 0.561458 0.127131
vt 0.565488 0.148270
vt 0.555111 0.106434
vt 0.557428 0.105992
vt 0.668817 0.382799
vt 0.667133 0.361087
vt 0.669471 0.361087
vt 0.671155 0.382799
vt 0.668817 0.339374
vt 0.671155 0.339374
vt 0.973148 0.796155
vt 0.991964 0.804089
vt 0.973148 0.823244
vt 0.954332 0.804089
vt 0.946539 0.823244
vt 0.954332 0.842398
vt 0.973148 0.850332
vt 0.991964 0.842398
vt 0.999758 0.823244
vt 0.835141 0.846346
vt 0.816325 0.854280
vt 0.816325 0.827192
vt 0.797509 0.846346
vt 0.789716 0.827192
vt 0.797509 0.808037
vt 0.816325 0.800103
vt 0.835141 0.808037
vt 0.842935 0.827192
vt 0.249459 0.448863
vt 0.230642 0.440928
vt 0.230624 0.438502
vt 0.251126 0.447147
vt 0.902705 0.061497
vt 0.921522 0.053562
vt 0.923225 0.055278
vt 0.902722 0.063923
vt 0.211825 0.448863
vt 0.210122 0.447147
vt 0.883888 0.053562
vt 0.882220 0.055278
vt 0.204030 0.468019
vt 0.201629 0.468019
vt 0.876093 0.034406
vt 0.873728 0.034406
vt 0.211825 0.487175
vt 0.210122 0.488890
vt 0.883888 0.015250
vt 0.882220 0.013535
vt 0.230642 0.495110
vt 0.230624 0.497536
vt 0.902705 0.007316
vt 0.902722 0.004890
vt 0.249459 0.487175
vt 0.251126 0.488890
vt 0.921522 0.015250
vt 0.923225 0.013535
vt 0.257253 0.468019
vt 0.259619 0.468019
vt 0.929316 0.034406
vt 0.931717 0.034406
vt 0.549510 0.110418
vt 0.553209 0.129820
vt 0.552579 0.129940
vt 0.548880 0.110538
vt 0.022838 0.096616
vt 0.018808 0.117755
vt 0.556908 0.149222
vt 0.556278 0.149342
vt 0.014779 0.138894
vt 0.583121 0.436441
vt 0.584666 0.456368
vt 0.584031 0.456368
vt 0.582485 0.436441
vt 0.526169 0.341433
vt 0.524485 0.363146
vt 0.583121 0.476296
vt 0.582485 0.476296
vt 0.526169 0.384859
vt 0.940938 0.305056
vt 0.944636 0.285654
vt 0.945266 0.285774
vt 0.941568 0.305176
vt 0.562541 0.148832
vt 0.558511 0.127693
vt 0.948335 0.266252
vt 0.948965 0.266372
vt 0.554481 0.106554
vt 0.442465 0.466767
vt 0.444010 0.446839
vt 0.444646 0.446839
vt 0.443100 0.466767
vt 0.668182 0.382799
vt 0.666498 0.361087
vt 0.442465 0.426911
vt 0.443100 0.426911
vt 0.668182 0.339374
vt 0.546978 0.134492
vt 0.543280 0.115089
vt 0.543909 0.114969
vt 0.547608 0.134371
vt 0.015231 0.117073
vt 0.019261 0.095934
vt 0.550677 0.153893
vt 0.551307 0.153773
vt 0.011202 0.138212
vt 0.679245 0.440049
vt 0.677699 0.420121
vt 0.678335 0.420121
vt 0.679880 0.440049
vt 0.520876 0.363146
vt 0.522560 0.341433
vt 0.677699 0.459978
vt 0.678335 0.459978
vt 0.522560 0.384859
vt 0.900460 0.267313
vt 0.896761 0.286715
vt 0.896131 0.286595
vt 0.899830 0.267193
vt 0.562088 0.127011
vt 0.566118 0.148150
vt 0.904158 0.247912
vt 0.903528 0.247792
vt 0.558058 0.105872
vt 0.467049 0.448388
vt 0.465504 0.468315
vt 0.464868 0.468315
vt 0.466414 0.448388
vt 0.670107 0.361087
vt 0.671791 0.382799
vt 0.465504 0.428460
vt 0.464868 0.428460
vt 0.671791 0.339374
vn 0.375913 -0.923880 0.071661
vn 0.375913 -0.923880 0.071661
vn 0.375913 -0.923880 0.071661
vn 0.375913 -0.923880 0.071661
vn -0.375914 -0.923879 -0.071662
vn -0.375914 -0.923879 -0.071662
vn -0.375914 -0.923879 -0.071662
vn -0.375914 -0.923879 -0.071662
vn -0.907537 -0.382683 -0.173006
vn -0.907537 -0.382683 -0.173006
vn -0.907537 -0.382683 -0.173006
vn -0.907536 -0.382683 -0.173006
vn -0.907537 0.382683 -0.173006
vn -0.907537 0.382683 -0.173006
vn -0.907537 0.382683 -0.173006
vn -0.907537 0.382683 -0.173006
vn -0.375914 0.923879 -0.071661
vn -0.375914 0.923879 -0.071661
vn -0.375914 0.923879 -0.071661
vn -0.375914 0.923879 -0.071661
vn 0.375913 0.923880 0.071662
vn 0.375913 0.923880 0.071662
vn 0.375913 0.923880 0.071662
vn 0.375913 0.923880 0.071662
vn 0.907537 0.382683 0.173006
vn 0.907537 0.382683 0.173006
vn 0.907537 0.382683 0.173006
vn 0.907537 0.382683 0.173006
vn 0.907537 -0.382683 0.173006
vn 0.907537 -0.382683 0.173006
vn 0.907537 -0.382683 0.173006
vn 0.907537 -0.382683 0.173006
vn -0.187261 0.000000 0.982310
vn -0.187261 0.000000 0.982310
vn -0.187261 0.000000 0.982310
vn -0.187261 0.000000 0.982310
vn -0.187261 0.000000 0.982310
vn -0.187261 0.000000 0.982310
vn -0.187261 0.000000 0.982310
vn -0.187261 0.000000 0.982310
vn -0.187261 0.000000 0.982310
vn 0.187261 0.000000 -0.982310
vn 0.187261 0.000000 -0.982310
vn 0.187261 0.000000 -0.982310
vn 0.187261 0.000000 -0.982310
vn 0.187261 0.000000 -0.982310
vn 0.187261 0.000000 -0.982310
vn 0.187261 0.000000 -0.982310
vn 0.187261 -0.000000 -0.982310
vn 0.187261 0.000000 -0.982310
vn -0.202851 0.038719 0.978444
vn -0.202851 0.038719 0.978444
vn -0.202851 0.038719 0.978444
vn -0.202851 0.038719 0.978444
vn 0.171342 0.038718 -0.984451
vn 0.171342 0.038718 -0.984451
vn 0.171342 0.038718 -0.984451
vn 0.171342 0.038718 -0.984451
vn -0.171344 0.038719 0.984450
vn -0.171344 0.038719 0.984450
vn -0.171344 0.038719 0.984450
vn -0.171344 0.038719 0.984450
vn 0.202851 0.038719 -0.978444
vn 0.202851 0.038719 -0.978444
vn 0.202851 0.038719 -0.978444
vn 0.202851 0.038719 -0.978444
vn -0.149066 0.016037 0.988697
vn -0.149066 0.016037 0.988697
vn -0.149066 0.016037 0.988697
vn -0.149066 0.016037 0.988697
vn 0.225131 0.016038 -0.974197
vn 0.225131 0.016038 -0.974197
vn 0.225131 0.016038 -0.974196
vn 0.225131 0.016038 -0.974196
vn -0.149067 -0.016037 0.988697
vn -0.149067 -0.016037 0.988697
vn -0.149067 -0.016037 0.988697
vn -0.149067 -0.016037 0.988697
vn 0.225130 -0.016038 -0.974197
vn 0.225130 -0.016038 -0.974197
vn 0.225130 -0.016038 -0.974197
vn 0.225130 -0.016038 -0.974197
vn -0.171343 -0.038719 0.984450
vn -0.171343 -0.038719 0.984450
vn -0.171343 -0.038719 0.984450
vn -0.171343 -0.038718 0.984450
vn 0.202851 -0.038719 -0.978444
vn 0.202851 -0.038719 -0.978444
vn 0.202851 -0.038719 -0.978444
vn 0.202851 -0.038719 -0.978444
vn -0.202852 -0.038719 0.978444
vn -0.202852 -0.038719 0.978444
vn -0.202852 -0.038719 0.978444
vn -0.202852 -0.038719 0.978444
vn 0.171342 -0.038718 -0.984451
vn 0.171342 -0.038718 -0.984451
vn 0.171342 -0.038718 -0.984451
vn 0.171342 -0.038718 -0.984451
vn -0.225128 -0.016038 0.974197
vn -0.225128 -0.016038 0.974197
vn -0.225128 -0.016038 0.974197
vn -0.225128 -0.016038 0.974197
vn 0.149067 -0.016037 -0.988697
vn 0.149067 -0.016037 -0.988697
vn 0.149067 -0.016037 -0.988697
vn 0.149067 -0.016037 -0.988697
vn -0.225128 0.016038 0.974197
vn -0.225128 0.016038 0.974197
vn -0.225128 0.016038 0.974197
vn -0.225128 0.016038 0.974197
vn 0.149067 0.016037 -0.988697
vn 0.149067 0.016037 -0.988697
vn 0.149067 0.016037 -0.988697
vn 0.149067 0.016037 -0.988697
vn -0.375915 0.923879 -0.071659
vn -0.375915 0.923879 -0.071659
vn -0.375915 0.923879 -0.071659
vn -0.375915 0.923879 -0.071659
vn 0.375917 -0.923878 0.071664
vn 0.375917 -0.923878 0.071664
vn 0.375917 -0.923878 0.071664
vn 0.375918 -0.923878 0.071664
vn 0.375915 0.923880 0.071656
vn 0.375915 0.923880 0.071656
vn 0.375915 0.923880 0.071656
vn 0.375915 0.923880 0.071656
vn -0.375911 -0.923881 -0.071660
vn -0.375911 -0.923881 -0.071660
vn -0.375911 -0.923881 -0.071660
vn -0.375911 -0.923881 -0.071660
vn 0.907533 0.382688 0.173015
vn 0.907533 0.382688 0.173015
vn 0.907533 0.382688 0.173015
vn 0.907533 0.382688 0.173015
vn -0.907534 -0.382689 -0.173008
vn -0.907534 -0.382689 -0.173008
vn -0.907534 -0.382689 -0.173008
vn -0.907534 -0.382689 -0.173008
vn 0.907533 -0.382688 0.173014
vn 0.907533 -0.382688 0.173014
vn 0.907533 -0.382688 0.173014
vn 0.907533 -0.382688 0.173014
vn -0.907534 0.382688 -0.173009
vn -0.907534 0.382688 -0.173009
vn -0.907534 0.382688 -0.173009
vn -0.907534 0.382688 -0.173009
vn 0.375914 -0.923879 0.071671
vn 0.375914 -0.923879 0.071671
vn 0.375914 -0.923879 0.071671
vn 0.375914 -0.923879 0.071671
vn -0.375911 0.923880 -0.071670
vn -0.375911 0.923880 -0.071670
vn -0.375911 0.923880 -0.071670
vn -0.375911 0.923880 -0.071670
vn -0.375915 -0.923880 -0.071656
vn -0.375915 -0.923880 -0.071656
vn -0.375915 -0.923880 -0.071656
vn -0.375915 -0.923880 -0.071656
vn 0.375918 0.923877 0.071670
vn 0.375918 0.923877 0.071670
vn 0.375918 0.923877 0.071670
vn 0.375918 0.923877 0.071670
vn -0.907537 -0.382681 -0.173010
vn -0.907537 -0.382681 -0.173010
vn -0.907537 -0.382681 -0.173010
vn -0.907537 -0.382681 -0.173010
vn 0.907534 0.382686 0.173011
vn 0.907534 0.382686 0.173011
vn 0.907534 0.382686 0.173011
vn 0.907534 0.382686 0.173011
vn -0.907537 0.382681 -0.173007
vn -0.907537 0.382681 -0.173007
vn -0.907537 0.382681 -0.173007
vn -0.907537 0.382681 -0.173007
vn 0.907534 -0.382686 0.173013
vn 0.907534 -0.382686 0.173013
vn 0.907534 -0.382686 0.173013
vn 0.907534 -0.382686 0.173013
vn -0.375914 0.923880 -0.071656
vn -0.375914 0.923880 -0.071656
vn -0.375914 0.923880 -0.071656
vn -0.375914 0.923880 -0.071656
vn 0.375917 -0.923879 0.071660
vn 0.375917 -0.923879 0.071660
vn 0.375917 -0.923879 0.071660
vn 0.375917 -0.923879 0.071660
vn 0.375915 0.923879 0.071659
vn 0.375915 0.923879 0.071659
vn 0.375915 0.923879 0.071659
vn 0.375915 0.923879 0.071659
vn -0.375913 -0.923880 -0.071664
vn -0.375913 -0.923880 -0.071664
vn -0.375913 -0.923880 -0.071664
vn -0.375913 -0.923880 -0.071664
vn 0.907536 0.382683 0.173007
vn 0.907536 0.382683 0.173007
vn 0.907537 0.382683 0.173007
vn 0.907536 0.382683 0.173007
vn -0.907534 -0.382686 -0.173010
vn -0.907534 -0.382686 -0.173010
vn -0.907534 -0.382686 -0.173010
vn -0.907534 -0.382686 -0.173010
vn 0.907536 -0.382683 0.173010
vn 0.907536 -0.382683 0.173010
vn 0.907536 -0.382683 0.173010
vn 0.907536 -0.382683 0.173010
vn -0.907534 0.382687 -0.173011
vn -0.907534 0.382687 -0.173011
vn -0.907534 0.382687 -0.173011
vn -0.907534 0.382687 -0.173011
vn 0.375915 -0.923880 0.071656
vn 0.375915 -0.923880 0.071656
vn 0.375915 -0.923880 0.071656
vn 0.375915 -0.923880 0.071656
vn -0.375913 0.923879 -0.071670
vn -0.375913 0.923879 -0.071670
vn -0.375913 0.923879 -0.071670
vn -0.375913 0.923879 -0.071670
vn -0.375915 -0.923878 -0.071671
vn -0.375915 -0.923879 -0.071671
vn -0.375915 -0.923879 -0.071671
vn -0.375915 -0.923879 -0.071671
vn 0.375916 0.923878 0.071670
vn 0.375916 0.923878 0.071670
vn 0.375916 0.923878 0.071670
vn 0.375916 0.923878 0.071670
vn -0.907535 -0.382688 -0.173006
vn -0.907535 -0.382688 -0.173006
vn -0.907535 -0.382688 -0.173006
vn -0.907535 -0.382688 -0.173006
vn 0.907534 0.382688 0.173009
vn 0.907534 0.382688 0.173009
vn 0.907534 0.382688 0.173009
vn 0.907534 0.382688 0.173009
vn -0.907534 0.382688 -0.173009
vn -0.907534 0.382688 -0.173009
vn -0.907534 0.382688 -0.173009
vn -0.907534 0.382688 -0.173009
vn 0.907534 -0.382689 0.173005
vn 0.907534 -0.382689 0.173005
vn 0.907534 -0.382689 0.173005
vn 0.907534 -0.382689 0.173005
s off
g polySurface71 polySurface102
usemtl openPBRSurface4SG
f 2541/5094/4553 2542/5095/4554 2543/5096/4555 2544/5097/4556
f 2542/5095/4557 2545/5098/4558 2546/5099/4559 2543/5096/4560
f 2545/5100/4561 2547/5101/4562 2548/5102/4563 2546/5103/4564
f 2547/5101/4565 2549/5104/4566 2550/5105/4567 2548/5102/4568
f 2549/5106/4569 2551/5107/4570 2552/5108/4571 2550/5109/4572
f 2551/5107/4573 2553/5110/4574 2554/5111/4575 2552/5108/4576
f 2553/5112/4577 2555/5113/4578 2556/5114/4579 2554/5115/4580
f 2555/5113/4581 2541/5116/4582 2544/5117/4583 2556/5114/4584
s 1
usemtl openPBRSurface5SG
f 2524/5118/4585 2523/5119/4586 2539/5120/4587
f 2525/5121/4588 2524/5118/4585 2539/5120/4587
usemtl openPBRSurface10SG
f 2526/5122/4589 2525/5121/4588 2539/5120/4587
f 2527/5123/4590 2526/5122/4589 2539/5120/4587
usemtl openPBRSurface5SG
f 2528/5124/4591 2527/5123/4590 2539/5120/4587
f 2529/5125/4592 2528/5124/4591 2539/5120/4587
usemtl openPBRSurface10SG
f 2530/5126/4593 2529/5125/4592 2539/5120/4587
f 2523/5119/4586 2530/5126/4593 2539/5120/4587
s 2
usemtl openPBRSurface5SG
f 2531/5127/4594 2532/5128/4595 2540/5129/4596
f 2532/5128/4595 2533/5130/4597 2540/5129/4596
usemtl openPBRSurface10SG
f 2533/5130/4597 2534/5131/4598 2540/5129/4596
f 2534/5131/4598 2535/5132/4599 2540/5129/4596
usemtl openPBRSurface5SG
f 2535/5132/4599 2536/5133/4600 2540/5129/4596
f 2536/5133/4600 2537/5134/4601 2540/5129/4596
usemtl openPBRSurface10SG
f 2537/5134/4601 2538/5135/4602 2540/5129/4596
f 2538/5135/4602 2531/5127/4594 2540/5129/4596
s off
usemtl openPBRSurface4SG
f 2557/5136/4603 2558/5137/4604 2559/5138/4605 2560/5139/4606
f 2574/5140/4607 2573/5141/4608 2575/5142/4609 2576/5143/4610
f 2558/5137/4611 2561/5144/4612 2562/5145/4613 2559/5138/4614
f 2577/5146/4615 2574/5140/4616 2576/5143/4617 2578/5147/4618
f 2561/5144/4619 2563/5148/4620 2564/5149/4621 2562/5145/4622
f 2579/5150/4623 2577/5146/4624 2578/5147/4625 2580/5151/4626
f 2563/5148/4627 2565/5152/4628 2566/5153/4629 2564/5149/4630
f 2581/5154/4631 2579/5150/4632 2580/5151/4633 2582/5155/4634
f 2565/5152/4635 2567/5156/4636 2568/5157/4637 2566/5153/4638
f 2583/5158/4639 2581/5154/4640 2582/5155/4641 2584/5159/4642
f 2567/5156/4643 2569/5160/4644 2570/5161/4645 2568/5157/4646
f 2585/5162/4647 2583/5158/4648 2584/5159/4649 2586/5163/4650
f 2569/5160/4651 2571/5164/4652 2572/5165/4653 2570/5161/4654
f 2587/5166/4655 2585/5162/4656 2586/5163/4657 2588/5167/4658
f 2571/5164/4659 2557/5136/4660 2560/5139/4661 2572/5165/4662
f 2573/5141/4663 2587/5166/4664 2588/5167/4665 2575/5142/4666
f 2523/5168/4667 2524/5169/4668 2558/5170/4669 2557/5171/4670
f 2542/5095/4671 2541/5094/4672 2560/5172/4673 2559/5173/4674
f 2524/5169/4675 2525/5174/4676 2561/5175/4677 2558/5170/4678
f 2545/5098/4679 2542/5095/4680 2559/5173/4681 2562/5176/4682
f 2525/5177/4683 2526/5178/4684 2563/5179/4685 2561/5180/4686
f 2547/5101/4687 2545/5100/4688 2562/5181/4689 2564/5182/4690
f 2526/5178/4691 2527/5183/4692 2565/5184/4693 2563/5179/4694
f 2549/5104/4695 2547/5101/4696 2564/5182/4697 2566/5185/4698
f 2527/5186/4699 2528/5187/4700 2567/5188/4701 2565/5189/4702
f 2551/5107/4703 2549/5106/4704 2566/5190/4705 2568/5191/4706
f 2528/5187/4707 2529/5192/4708 2569/5193/4709 2567/5188/4710
f 2553/5110/4711 2551/5107/4712 2568/5191/4713 2570/5194/4714
f 2529/5195/4715 2530/5196/4716 2571/5197/4717 2569/5198/4718
f 2555/5113/4719 2553/5112/4720 2570/5199/4721 2572/5200/4722
f 2530/5196/4723 2523/5201/4724 2557/5202/4725 2571/5197/4726
f 2541/5116/4727 2555/5113/4728 2572/5200/4729 2560/5203/4730
f 2532/5204/4731 2531/5205/4732 2573/5206/4733 2574/5207/4734
f 2544/5097/4735 2543/5096/4736 2576/5208/4737 2575/5209/4738
f 2533/5210/4739 2532/5204/4740 2574/5207/4741 2577/5211/4742
f 2543/5096/4743 2546/5099/4744 2578/5212/4745 2576/5208/4746
f 2534/5213/4747 2533/5214/4748 2577/5215/4749 2579/5216/4750
f 2546/5103/4751 2548/5102/4752 2580/5217/4753 2578/5218/4754
f 2535/5219/4755 2534/5213/4756 2579/5216/4757 2581/5220/4758
f 2548/5102/4759 2550/5105/4760 2582/5221/4761 2580/5217/4762
f 2536/5222/4763 2535/5223/4764 2581/5224/4765 2583/5225/4766
f 2550/5109/4767 2552/5108/4768 2584/5226/4769 2582/5227/4770
f 2537/5228/4771 2536/5222/4772 2583/5225/4773 2585/5229/4774
f 2552/5108/4775 2554/5111/4776 2586/5230/4777 2584/5226/4778
f 2538/5231/4779 2537/5232/4780 2585/5233/4781 2587/5234/4782
f 2554/5115/4783 2556/5114/4784 2588/5235/4785 2586/5236/4786
f 2531/5237/4787 2538/5231/4788 2587/5234/4789 2573/5238/4790
f 2556/5114/4791 2544/5117/4792 2575/5239/4793 2588/5235/4794
g default
v 6.020539 2.950115 -5.343801
v 4.989225 2.515238 -5.540398
v 3.957911 2.950115 -5.736996
v 3.530727 4.000000 -5.818429
v 3.957911 5.049885 -5.736996
v 4.989225 5.484762 -5.540398
v 6.020539 5.049885 -5.343801
v 6.447723 4.000000 -5.262367
v 6.042089 2.950115 -5.456848
v 5.010775 2.515238 -5.653446
v 3.979461 2.950115 -5.850043
v 3.552277 4.000000 -5.931477
v 3.979461 5.049885 -5.850043
v 5.010775 5.484762 -5.653446
v 6.042089 5.049885 -5.456848
v 6.469273 4.000000 -5.375415
v 4.989225 4.000000 -5.540398
v 5.010775 4.000000 -5.653446
v 6.111932 2.856094 -5.321133
v 4.988260 2.382273 -5.535336
v 5.011740 2.382273 -5.658507
v 6.135411 2.856094 -5.444304
v 3.864588 2.856094 -5.749540
v 3.888068 2.856094 -5.872711
v 3.399148 4.000000 -5.838266
v 3.422628 4.000000 -5.961437
v 3.864588 5.143906 -5.749540
v 3.888068 5.143906 -5.872711
v 4.988260 5.617727 -5.535336
v 5.011740 5.617727 -5.658507
v 6.111932 5.143906 -5.321133
v 6.135412 5.143906 -5.444304
v 6.577372 4.000000 -5.232407
v 6.600852 4.000000 -5.355578
v 6.014156 2.950115 -5.310317
v 4.982842 2.515238 -5.506914
v 4.981877 2.382273 -5.501853
v 6.105549 2.856094 -5.287649
v 3.951528 2.950115 -5.703512
v 3.858206 2.856094 -5.716056
v 3.524344 4.000000 -5.784945
v 3.392766 4.000000 -5.804782
v 3.951528 5.049885 -5.703512
v 3.858206 5.143906 -5.716056
v 4.982842 5.484762 -5.506914
v 4.981877 5.617727 -5.501853
v 6.014156 5.049885 -5.310317
v 6.105549 5.143906 -5.287649
v 6.441340 4.000000 -5.228883
v 6.570989 4.000000 -5.198923
v 6.048472 2.950115 -5.490332
v 5.017158 2.515238 -5.686930
v 6.141794 2.856094 -5.477788
v 5.018123 2.382273 -5.691991
v 3.985844 2.950115 -5.883527
v 3.894451 2.856094 -5.906195
v 3.558660 4.000000 -5.964961
v 3.429011 4.000000 -5.994921
v 3.985844 5.049885 -5.883527
v 3.894451 5.143906 -5.906195
v 5.017158 5.484762 -5.686930
v 5.018123 5.617727 -5.691991
v 6.048472 5.049885 -5.490332
v 6.141795 5.143906 -5.477788
v 6.475656 4.000000 -5.408899
v 6.607234 4.000000 -5.389062
vt 0.571089 0.148780
vt 0.567059 0.169919
vt 0.564742 0.169477
vt 0.568771 0.148338
vt 0.563029 0.191058
vt 0.560712 0.190616
vt 0.519933 0.344826
vt 0.518249 0.366538
vt 0.515911 0.366538
vt 0.517595 0.344826
vt 0.519933 0.388251
vt 0.517595 0.388251
vt 0.462356 0.192651
vt 0.458326 0.171512
vt 0.460643 0.171071
vt 0.464673 0.192210
vt 0.454296 0.150373
vt 0.456613 0.149931
vt 0.528797 0.381467
vt 0.527113 0.359754
vt 0.529451 0.359754
vt 0.531135 0.381467
vt 0.528797 0.338041
vt 0.531135 0.338041
vt 0.222638 0.869521
vt 0.241454 0.877455
vt 0.222638 0.896610
vt 0.203822 0.877455
vt 0.196029 0.896610
vt 0.203822 0.915764
vt 0.222638 0.923698
vt 0.241454 0.915764
vt 0.249248 0.896610
vt 0.991964 0.896544
vt 0.973148 0.904478
vt 0.973148 0.877389
vt 0.954332 0.896544
vt 0.946539 0.877389
vt 0.954332 0.858234
vt 0.973148 0.850300
vt 0.991964 0.858234
vt 0.999758 0.877389
vt 0.047829 0.465560
vt 0.029012 0.457625
vt 0.028995 0.455199
vt 0.049497 0.463844
vt 0.678672 0.472332
vt 0.697489 0.464397
vt 0.699192 0.466113
vt 0.678690 0.474758
vt 0.010195 0.465560
vt 0.008492 0.463844
vt 0.659855 0.464397
vt 0.658187 0.466113
vt 0.002401 0.484716
vt 0.000000 0.484716
vt 0.652061 0.445241
vt 0.649695 0.445241
vt 0.010195 0.503872
vt 0.008492 0.505587
vt 0.659855 0.426086
vt 0.658187 0.424370
vt 0.029012 0.511806
vt 0.028995 0.514233
vt 0.678672 0.418151
vt 0.678690 0.415725
vt 0.047829 0.503872
vt 0.049497 0.505587
vt 0.697489 0.426086
vt 0.699192 0.424370
vt 0.055624 0.484716
vt 0.057989 0.484716
vt 0.705283 0.445241
vt 0.707684 0.445241
vt 0.941568 0.200438
vt 0.945266 0.219840
vt 0.944636 0.219960
vt 0.940938 0.200558
vt 0.571718 0.148900
vt 0.567689 0.170039
vt 0.948965 0.239242
vt 0.948335 0.239362
vt 0.563659 0.191178
vt 0.454302 0.423736
vt 0.455848 0.443664
vt 0.455212 0.443664
vt 0.453666 0.423736
vt 0.520569 0.344826
vt 0.518884 0.366538
vt 0.454302 0.463593
vt 0.453666 0.463593
vt 0.520569 0.388251
vt 0.481670 0.318685
vt 0.485369 0.299284
vt 0.485999 0.299404
vt 0.482300 0.318805
vt 0.461726 0.192771
vt 0.457696 0.171632
vt 0.489068 0.279882
vt 0.489697 0.280002
vt 0.453666 0.150493
vt 0.459267 0.465954
vt 0.460813 0.446026
vt 0.461448 0.446026
vt 0.459903 0.465954
vt 0.528161 0.381467
vt 0.526477 0.359754
vt 0.459267 0.426098
vt 0.459903 0.426098
vt 0.528161 0.338041
vt 0.597385 0.302376
vt 0.593687 0.282975
vt 0.594317 0.282854
vt 0.598015 0.302255
vt 0.564112 0.169357
vt 0.568141 0.148218
vt 0.601084 0.321777
vt 0.601714 0.321657
vt 0.560082 0.190496
vt 0.539224 0.456267
vt 0.537679 0.436339
vt 0.538314 0.436339
vt 0.539860 0.456267
vt 0.515275 0.366538
vt 0.516960 0.344826
vt 0.537679 0.476194
vt 0.538314 0.476194
vt 0.516960 0.388251
vt 0.474797 0.302723
vt 0.471099 0.322125
vt 0.470469 0.322005
vt 0.474167 0.302603
vt 0.461273 0.170950
vt 0.465303 0.192090
vt 0.478496 0.283322
vt 0.477866 0.283202
vt 0.457243 0.149811
vt 0.545461 0.455483
vt 0.543915 0.475411
vt 0.543280 0.475411
vt 0.544825 0.455483
vt 0.530086 0.359754
vt 0.531770 0.381467
vt 0.543915 0.435555
vt 0.543280 0.435555
vt 0.531770 0.338041
vn 0.375915 -0.923879 0.071659
vn 0.375915 -0.923879 0.071659
vn 0.375915 -0.923879 0.071659
vn 0.375915 -0.923879 0.071659
vn -0.375915 -0.923879 -0.071660
vn -0.375915 -0.923879 -0.071660
vn -0.375915 -0.923879 -0.071660
vn -0.375915 -0.923879 -0.071660
vn -0.907537 -0.382684 -0.173003
vn -0.907537 -0.382684 -0.173003
vn -0.907537 -0.382684 -0.173003
vn -0.907537 -0.382684 -0.173003
vn -0.907537 0.382684 -0.173003
vn -0.907537 0.382684 -0.173003
vn -0.907537 0.382684 -0.173003
vn -0.907537 0.382684 -0.173003
vn -0.375915 0.923879 -0.071659
vn -0.375915 0.923879 -0.071659
vn -0.375915 0.923880 -0.071659
vn -0.375915 0.923879 -0.071659
vn 0.375915 0.923880 0.071659
vn 0.375915 0.923879 0.071659
vn 0.375915 0.923880 0.071659
vn 0.375915 0.923880 0.071659
vn 0.907537 0.382683 0.173003
vn 0.907537 0.382683 0.173003
vn 0.907537 0.382683 0.173003
vn 0.907537 0.382683 0.173003
vn 0.907538 -0.382683 0.173001
vn 0.907538 -0.382683 0.173001
vn 0.907538 -0.382683 0.173001
vn 0.907537 -0.382683 0.173001
vn -0.187256 0.000000 0.982311
vn -0.187256 0.000000 0.982311
vn -0.187256 0.000000 0.982311
vn -0.187256 0.000000 0.982311
vn -0.187256 0.000000 0.982311
vn -0.187256 0.000000 0.982311
vn -0.187256 0.000000 0.982311
vn -0.187256 -0.000000 0.982311
vn -0.187256 0.000000 0.982311
vn 0.187256 0.000000 -0.982311
vn 0.187255 0.000000 -0.982311
vn 0.187256 -0.000000 -0.982311
vn 0.187256 0.000000 -0.982311
vn 0.187257 -0.000000 -0.982311
vn 0.187256 -0.000000 -0.982311
vn 0.187256 0.000000 -0.982311
vn 0.187257 0.000000 -0.982311
vn 0.187257 0.000000 -0.982311
vn -0.202846 0.038718 0.978445
vn -0.202846 0.038718 0.978445
vn -0.202846 0.038718 0.978445
vn -0.202846 0.038718 0.978445
vn 0.171338 0.038719 -0.984451
vn 0.171338 0.038719 -0.984451
vn 0.171338 0.038719 -0.984451
vn 0.171338 0.038719 -0.984451
vn -0.171338 0.038720 0.984451
vn -0.171338 0.038720 0.984451
vn -0.171338 0.038720 0.984451
vn -0.171338 0.038720 0.984451
vn 0.202846 0.038718 -0.978445
vn 0.202846 0.038718 -0.978445
vn 0.202846 0.038718 -0.978445
vn 0.202846 0.038718 -0.978445
vn -0.149056 0.016038 0.988699
vn -0.149056 0.016038 0.988699
vn -0.149056 0.016038 0.988699
vn -0.149056 0.016038 0.988699
vn 0.225125 0.016037 -0.974198
vn 0.225125 0.016037 -0.974198
vn 0.225125 0.016037 -0.974198
vn 0.225125 0.016037 -0.974198
vn -0.149057 -0.016038 0.988698
vn -0.149057 -0.016038 0.988698
vn -0.149057 -0.016038 0.988698
vn -0.149057 -0.016038 0.988699
vn 0.225124 -0.016037 -0.974198
vn 0.225124 -0.016037 -0.974198
vn 0.225124 -0.016037 -0.974198
vn 0.225124 -0.016037 -0.974198
vn -0.171339 -0.038719 0.984451
vn -0.171339 -0.038719 0.984451
vn -0.171339 -0.038719 0.984451
vn -0.171339 -0.038719 0.984451
vn 0.202846 -0.038718 -0.978445
vn 0.202846 -0.038718 -0.978445
vn 0.202846 -0.038718 -0.978445
vn 0.202846 -0.038718 -0.978445
vn -0.202846 -0.038718 0.978445
vn -0.202846 -0.038718 0.978445
vn -0.202846 -0.038718 0.978445
vn -0.202846 -0.038718 0.978445
vn 0.171338 -0.038720 -0.984451
vn 0.171338 -0.038720 -0.984451
vn 0.171338 -0.038720 -0.984451
vn 0.171338 -0.038720 -0.984451
vn -0.225125 -0.016037 0.974198
vn -0.225125 -0.016037 0.974198
vn -0.225125 -0.016037 0.974198
vn -0.225125 -0.016037 0.974198
vn 0.149054 -0.016038 -0.988699
vn 0.149054 -0.016038 -0.988699
vn 0.149054 -0.016038 -0.988699
vn 0.149054 -0.016038 -0.988699
vn -0.225124 0.016037 0.974198
vn -0.225124 0.016037 0.974198
vn -0.225124 0.016037 0.974198
vn -0.225124 0.016037 0.974198
vn 0.149055 0.016038 -0.988699
vn 0.149055 0.016038 -0.988699
vn 0.149055 0.016038 -0.988699
vn 0.149055 0.016038 -0.988699
vn -0.375914 0.923880 -0.071659
vn -0.375914 0.923880 -0.071659
vn -0.375914 0.923880 -0.071659
vn -0.375914 0.923880 -0.071659
vn 0.375917 -0.923878 0.071664
vn 0.375917 -0.923878 0.071664
vn 0.375917 -0.923878 0.071664
vn 0.375917 -0.923878 0.071664
vn 0.375909 0.923882 0.071656
vn 0.375909 0.923882 0.071656
vn 0.375909 0.923882 0.071656
vn 0.375909 0.923882 0.071656
vn -0.375907 -0.923882 -0.071661
vn -0.375907 -0.923882 -0.071661
vn -0.375907 -0.923882 -0.071661
vn -0.375907 -0.923882 -0.071661
vn 0.907537 0.382683 0.173001
vn 0.907537 0.382683 0.173001
vn 0.907537 0.382683 0.173001
vn 0.907537 0.382683 0.173001
vn -0.907537 -0.382684 -0.173000
vn -0.907537 -0.382684 -0.173000
vn -0.907537 -0.382684 -0.173000
vn -0.907537 -0.382684 -0.173000
vn 0.907538 -0.382683 0.173001
vn 0.907538 -0.382683 0.173001
vn 0.907538 -0.382683 0.173001
vn 0.907538 -0.382683 0.173001
vn -0.907537 0.382684 -0.173001
vn -0.907537 0.382684 -0.173001
vn -0.907537 0.382684 -0.173001
vn -0.907537 0.382684 -0.173001
vn 0.375909 -0.923882 0.071659
vn 0.375909 -0.923882 0.071659
vn 0.375909 -0.923882 0.071659
vn 0.375909 -0.923882 0.071659
vn -0.375906 0.923882 -0.071670
vn -0.375906 0.923882 -0.071670
vn -0.375906 0.923882 -0.071670
vn -0.375906 0.923882 -0.071670
vn -0.375914 -0.923880 -0.071656
vn -0.375914 -0.923880 -0.071656
vn -0.375914 -0.923880 -0.071656
vn -0.375914 -0.923880 -0.071656
vn 0.375916 0.923878 0.071671
vn 0.375916 0.923878 0.071671
vn 0.375916 0.923878 0.071671
vn 0.375916 0.923878 0.071671
vn -0.907538 -0.382682 -0.173001
vn -0.907538 -0.382682 -0.173001
vn -0.907538 -0.382682 -0.173001
vn -0.907538 -0.382682 -0.173001
vn 0.907537 0.382683 0.173003
vn 0.907537 0.382683 0.173003
vn 0.907537 0.382683 0.173003
vn 0.907537 0.382683 0.173003
vn -0.907538 0.382683 -0.173001
vn -0.907538 0.382683 -0.173001
vn -0.907538 0.382683 -0.173001
vn -0.907538 0.382683 -0.173001
vn 0.907537 -0.382684 0.173001
vn 0.907537 -0.382684 0.173001
vn 0.907537 -0.382684 0.173001
vn 0.907537 -0.382684 0.173001
vn -0.375909 0.923882 -0.071656
vn -0.375909 0.923882 -0.071656
vn -0.375909 0.923882 -0.071656
vn -0.375909 0.923882 -0.071656
vn 0.375907 -0.923883 0.071661
vn 0.375907 -0.923883 0.071661
vn 0.375907 -0.923883 0.071661
vn 0.375907 -0.923883 0.071661
vn 0.375915 0.923880 0.071659
vn 0.375915 0.923879 0.071659
vn 0.375915 0.923880 0.071659
vn 0.375915 0.923879 0.071659
vn -0.375917 -0.923878 -0.071657
vn -0.375917 -0.923878 -0.071657
vn -0.375917 -0.923878 -0.071657
vn -0.375917 -0.923878 -0.071657
vn 0.907538 0.382683 0.173001
vn 0.907538 0.382683 0.173001
vn 0.907538 0.382683 0.173001
vn 0.907538 0.382683 0.173001
vn -0.907539 -0.382680 -0.173000
vn -0.907539 -0.382680 -0.173000
vn -0.907539 -0.382680 -0.173000
vn -0.907539 -0.382680 -0.173000
vn 0.907538 -0.382683 0.173001
vn 0.907538 -0.382683 0.173001
vn 0.907538 -0.382683 0.173001
vn 0.907538 -0.382683 0.173001
vn -0.907539 0.382680 -0.173001
vn -0.907539 0.382680 -0.173001
vn -0.907539 0.382680 -0.173001
vn -0.907539 0.382680 -0.173001
vn 0.375914 -0.923880 0.071656
vn 0.375914 -0.923880 0.071656
vn 0.375914 -0.923880 0.071656
vn 0.375914 -0.923880 0.071656
vn -0.375917 0.923878 -0.071660
vn -0.375917 0.923878 -0.071660
vn -0.375917 0.923878 -0.071660
vn -0.375917 0.923878 -0.071660
vn -0.375909 -0.923882 -0.071659
vn -0.375909 -0.923882 -0.071659
vn -0.375909 -0.923882 -0.071659
vn -0.375909 -0.923882 -0.071659
vn 0.375906 0.923882 0.071663
vn 0.375906 0.923882 0.071663
vn 0.375906 0.923882 0.071663
vn 0.375906 0.923882 0.071663
vn -0.907538 -0.382683 -0.173001
vn -0.907538 -0.382683 -0.173001
vn -0.907538 -0.382683 -0.173001
vn -0.907538 -0.382683 -0.173001
vn 0.907539 0.382680 0.173000
vn 0.907539 0.382680 0.173000
vn 0.907539 0.382680 0.173000
vn 0.907539 0.382680 0.173000
vn -0.907538 0.382683 -0.173001
vn -0.907538 0.382683 -0.173001
vn -0.907538 0.382683 -0.173001
vn -0.907538 0.382683 -0.173001
vn 0.907539 -0.382681 0.172999
vn 0.907539 -0.382681 0.172999
vn 0.907539 -0.382681 0.172999
vn 0.907539 -0.382681 0.172999
s off
g polySurface71 polySurface107
usemtl openPBRSurface4SG
f 2607/5240/4795 2608/5241/4796 2609/5242/4797 2610/5243/4798
f 2608/5241/4799 2611/5244/4800 2612/5245/4801 2609/5242/4802
f 2611/5246/4803 2613/5247/4804 2614/5248/4805 2612/5249/4806
f 2613/5247/4807 2615/5250/4808 2616/5251/4809 2614/5248/4810
f 2615/5252/4811 2617/5253/4812 2618/5254/4813 2616/5255/4814
f 2617/5253/4815 2619/5256/4816 2620/5257/4817 2618/5254/4818
f 2619/5258/4819 2621/5259/4820 2622/5260/4821 2620/5261/4822
f 2621/5259/4823 2607/5262/4824 2610/5263/4825 2622/5260/4826
s 1
usemtl openPBRSurface5SG
f 2590/5264/4827 2589/5265/4828 2605/5266/4829
f 2591/5267/4830 2590/5264/4827 2605/5266/4829
usemtl openPBRSurface10SG
f 2592/5268/4831 2591/5267/4830 2605/5266/4829
f 2593/5269/4832 2592/5268/4831 2605/5266/4829
usemtl openPBRSurface5SG
f 2594/5270/4833 2593/5269/4832 2605/5266/4829
f 2595/5271/4834 2594/5270/4833 2605/5266/4829
usemtl openPBRSurface10SG
f 2596/5272/4835 2595/5271/4834 2605/5266/4829
f 2589/5265/4828 2596/5272/4835 2605/5266/4829
s 2
usemtl openPBRSurface5SG
f 2597/5273/4836 2598/5274/4837 2606/5275/4838
f 2598/5274/4837 2599/5276/4839 2606/5275/4838
usemtl openPBRSurface10SG
f 2599/5276/4839 2600/5277/4840 2606/5275/4838
f 2600/5277/4840 2601/5278/4841 2606/5275/4838
usemtl openPBRSurface5SG
f 2601/5278/4841 2602/5279/4842 2606/5275/4838
f 2602/5279/4842 2603/5280/4843 2606/5275/4838
usemtl openPBRSurface10SG
f 2603/5280/4843 2604/5281/4844 2606/5275/4838
f 2604/5281/4844 2597/5273/4836 2606/5275/4838
s off
usemtl openPBRSurface4SG
f 2623/5282/4845 2624/5283/4846 2625/5284/4847 2626/5285/4848
f 2640/5286/4849 2639/5287/4850 2641/5288/4851 2642/5289/4852
f 2624/5283/4853 2627/5290/4854 2628/5291/4855 2625/5284/4856
f 2643/5292/4857 2640/5286/4858 2642/5289/4859 2644/5293/4860
f 2627/5290/4861 2629/5294/4862 2630/5295/4863 2628/5291/4864
f 2645/5296/4865 2643/5292/4866 2644/5293/4867 2646/5297/4868
f 2629/5294/4869 2631/5298/4870 2632/5299/4871 2630/5295/4872
f 2647/5300/4873 2645/5296/4874 2646/5297/4875 2648/5301/4876
f 2631/5298/4877 2633/5302/4878 2634/5303/4879 2632/5299/4880
f 2649/5304/4881 2647/5300/4882 2648/5301/4883 2650/5305/4884
f 2633/5302/4885 2635/5306/4886 2636/5307/4887 2634/5303/4888
f 2651/5308/4889 2649/5304/4890 2650/5305/4891 2652/5309/4892
f 2635/5306/4893 2637/5310/4894 2638/5311/4895 2636/5307/4896
f 2653/5312/4897 2651/5308/4898 2652/5309/4899 2654/5313/4900
f 2637/5310/4901 2623/5282/4902 2626/5285/4903 2638/5311/4904
f 2639/5287/4905 2653/5312/4906 2654/5313/4907 2641/5288/4908
f 2589/5314/4909 2590/5315/4910 2624/5316/4911 2623/5317/4912
f 2608/5241/4913 2607/5240/4914 2626/5318/4915 2625/5319/4916
f 2590/5315/4917 2591/5320/4918 2627/5321/4919 2624/5316/4920
f 2611/5244/4921 2608/5241/4922 2625/5319/4923 2628/5322/4924
f 2591/5323/4925 2592/5324/4926 2629/5325/4927 2627/5326/4928
f 2613/5247/4929 2611/5246/4930 2628/5327/4931 2630/5328/4932
f 2592/5324/4933 2593/5329/4934 2631/5330/4935 2629/5325/4936
f 2615/5250/4937 2613/5247/4938 2630/5328/4939 2632/5331/4940
f 2593/5332/4941 2594/5333/4942 2633/5334/4943 2631/5335/4944
f 2617/5253/4945 2615/5252/4946 2632/5336/4947 2634/5337/4948
f 2594/5333/4949 2595/5338/4950 2635/5339/4951 2633/5334/4952
f 2619/5256/4953 2617/5253/4954 2634/5337/4955 2636/5340/4956
f 2595/5341/4957 2596/5342/4958 2637/5343/4959 2635/5344/4960
f 2621/5259/4961 2619/5258/4962 2636/5345/4963 2638/5346/4964
f 2596/5342/4965 2589/5347/4966 2623/5348/4967 2637/5343/4968
f 2607/5262/4969 2621/5259/4970 2638/5346/4971 2626/5349/4972
f 2598/5350/4973 2597/5351/4974 2639/5352/4975 2640/5353/4976
f 2610/5243/4977 2609/5242/4978 2642/5354/4979 2641/5355/4980
f 2599/5356/4981 2598/5350/4982 2640/5353/4983 2643/5357/4984
f 2609/5242/4985 2612/5245/4986 2644/5358/4987 2642/5354/4988
f 2600/5359/4989 2599/5360/4990 2643/5361/4991 2645/5362/4992
f 2612/5249/4993 2614/5248/4994 2646/5363/4995 2644/5364/4996
f 2601/5365/4997 2600/5359/4998 2645/5362/4999 2647/5366/5000
f 2614/5248/5001 2616/5251/5002 2648/5367/5003 2646/5363/5004
f 2602/5368/5005 2601/5369/5006 2647/5370/5007 2649/5371/5008
f 2616/5255/5009 2618/5254/5010 2650/5372/5011 2648/5373/5012
f 2603/5374/5013 2602/5368/5014 2649/5371/5015 2651/5375/5016
f 2618/5254/5017 2620/5257/5018 2652/5376/5019 2650/5372/5020
f 2604/5377/5021 2603/5378/5022 2651/5379/5023 2653/5380/5024
f 2620/5261/5025 2622/5260/5026 2654/5381/5027 2652/5382/5028
f 2597/5383/5029 2604/5377/5030 2653/5380/5031 2639/5384/5032
f 2622/5260/5033 2610/5263/5034 2641/5385/5035 2654/5381/5036
g default
v -1.049885 2.950115 -6.194427
v -0.000000 2.515238 -6.194427
v 1.049885 2.950115 -6.194427
v 1.484762 4.000000 -6.194427
v 1.049885 5.049885 -6.194427
v -0.000000 5.484762 -6.194427
v -1.049885 5.049885 -6.194427
v -1.484762 4.000000 -6.194427
v -1.049885 2.950115 -6.079343
v -0.000000 2.515238 -6.079343
v 1.049885 2.950115 -6.079343
v 1.484762 4.000000 -6.079343
v 1.049885 5.049885 -6.079343
v -0.000000 5.484762 -6.079343
v -1.049885 5.049885 -6.079343
v -1.484762 4.000000 -6.079343
v -0.000000 4.000000 -6.194427
v -0.000000 4.000000 -6.079343
v -1.143906 2.856094 -6.199580
v 0.000000 2.382273 -6.199580
v 0.000000 2.382273 -6.074191
v -1.143906 2.856094 -6.074191
v 1.143906 2.856094 -6.199580
v 1.143906 2.856094 -6.074191
v 1.617727 4.000000 -6.199580
v 1.617727 4.000000 -6.074191
v 1.143906 5.143906 -6.199580
v 1.143906 5.143906 -6.074191
v 0.000000 5.617727 -6.199580
v 0.000000 5.617727 -6.074191
v -1.143906 5.143906 -6.199580
v -1.143906 5.143906 -6.074191
v -1.617728 4.000000 -6.199580
v -1.617728 4.000000 -6.074191
v -1.049885 2.950115 -6.228514
v -0.000000 2.515238 -6.228514
v 0.000000 2.382273 -6.233666
v -1.143906 2.856094 -6.233666
v 1.049885 2.950115 -6.228514
v 1.143906 2.856094 -6.233666
v 1.484762 4.000000 -6.228514
v 1.617727 4.000000 -6.233666
v 1.049885 5.049885 -6.228514
v 1.143906 5.143906 -6.233666
v -0.000000 5.484762 -6.228514
v 0.000000 5.617727 -6.233666
v -1.049885 5.049885 -6.228514
v -1.143906 5.143906 -6.233666
v -1.484762 4.000000 -6.228514
v -1.617728 4.000000 -6.233666
v -1.049885 2.950115 -6.045257
v -0.000000 2.515238 -6.045257
v -1.143906 2.856094 -6.040104
v 0.000000 2.382273 -6.040104
v 1.049885 2.950115 -6.045257
v 1.143906 2.856094 -6.040104
v 1.484762 4.000000 -6.045257
v 1.617727 4.000000 -6.040104
v 1.049885 5.049885 -6.045257
v 1.143906 5.143906 -6.040104
v -0.000000 5.484762 -6.045257
v 0.000000 5.617727 -6.040104
v -1.049885 5.049885 -6.045257
v -1.143906 5.143906 -6.040104
v -1.484762 4.000000 -6.045257
v -1.617728 4.000000 -6.040104
vt 0.882329 0.411410
vt 0.882329 0.432930
vt 0.879970 0.432930
vt 0.879970 0.411410
vt 0.882329 0.454450
vt 0.879970 0.454450
vt 0.255037 0.400505
vt 0.255037 0.422025
vt 0.252678 0.422025
vt 0.252678 0.400505
vt 0.255037 0.443545
vt 0.252678 0.443545
vt 0.885571 0.444028
vt 0.885571 0.422508
vt 0.887930 0.422508
vt 0.887930 0.444028
vt 0.885571 0.400988
vt 0.887930 0.400988
vt 0.241477 0.441083
vt 0.241477 0.419563
vt 0.243835 0.419563
vt 0.243835 0.441083
vt 0.241477 0.398043
vt 0.243835 0.398043
vt 0.110860 0.864994
vt 0.129845 0.872858
vt 0.110860 0.891842
vt 0.091876 0.872858
vt 0.084012 0.891842
vt 0.091876 0.910827
vt 0.110860 0.918690
vt 0.129845 0.910827
vt 0.137708 0.891842
vt 0.073837 0.913417
vt 0.054852 0.921280
vt 0.054852 0.894432
vt 0.035868 0.913417
vt 0.028004 0.894432
vt 0.035868 0.875448
vt 0.054852 0.867584
vt 0.073837 0.875448
vt 0.081700 0.894432
vt 0.591520 0.392341
vt 0.572534 0.384477
vt 0.572534 0.382072
vt 0.593220 0.390641
vt 0.488522 0.331773
vt 0.507507 0.323909
vt 0.509208 0.325609
vt 0.488522 0.334178
vt 0.553548 0.392341
vt 0.551848 0.390641
vt 0.469536 0.323909
vt 0.467836 0.325609
vt 0.545684 0.411327
vt 0.543280 0.411327
vt 0.461672 0.304923
vt 0.459267 0.304923
vt 0.553548 0.430312
vt 0.551848 0.432013
vt 0.469536 0.285937
vt 0.467836 0.284237
vt 0.572534 0.438177
vt 0.572534 0.440581
vt 0.488522 0.278073
vt 0.488522 0.275669
vt 0.591520 0.430312
vt 0.593220 0.432013
vt 0.507507 0.285937
vt 0.509208 0.284237
vt 0.599384 0.411327
vt 0.601788 0.411327
vt 0.515372 0.304923
vt 0.517776 0.304923
vt 0.907974 0.455067
vt 0.907974 0.474817
vt 0.907333 0.474817
vt 0.907333 0.455067
vt 0.882970 0.411410
vt 0.882970 0.432930
vt 0.907974 0.494567
vt 0.907333 0.494567
vt 0.882970 0.454450
vt 0.555122 0.440279
vt 0.555122 0.460028
vt 0.554481 0.460028
vt 0.554481 0.440279
vt 0.255678 0.400505
vt 0.255678 0.422025
vt 0.555122 0.479778
vt 0.554481 0.479778
vt 0.255678 0.443545
vt 0.924135 0.484430
vt 0.924135 0.464679
vt 0.924776 0.464679
vt 0.924776 0.484430
vt 0.884929 0.444028
vt 0.884929 0.422508
vt 0.924135 0.444928
vt 0.924776 0.444928
vt 0.884929 0.400988
vt 0.873728 0.461335
vt 0.873728 0.441584
vt 0.874369 0.441584
vt 0.874369 0.461335
vt 0.240835 0.441083
vt 0.240835 0.419563
vt 0.873728 0.421833
vt 0.874369 0.421833
vt 0.240835 0.398043
vt 0.918534 0.469425
vt 0.918534 0.449674
vt 0.919176 0.449674
vt 0.919176 0.469425
vt 0.879329 0.432930
vt 0.879329 0.411410
vt 0.918534 0.489176
vt 0.919176 0.489176
vt 0.879329 0.454450
vt 0.229634 0.462635
vt 0.229634 0.442883
vt 0.230275 0.442883
vt 0.230275 0.462635
vt 0.252037 0.422025
vt 0.252037 0.400505
vt 0.229634 0.482386
vt 0.230275 0.482386
vt 0.252037 0.443545
vt 0.235876 0.464996
vt 0.235876 0.484746
vt 0.235234 0.484746
vt 0.235234 0.464996
vt 0.888571 0.422508
vt 0.888571 0.444028
vt 0.235876 0.445245
vt 0.235234 0.445245
vt 0.888571 0.400988
vt 0.532719 0.458451
vt 0.532719 0.478202
vt 0.532078 0.478202
vt 0.532078 0.458451
vt 0.244477 0.419563
vt 0.244477 0.441083
vt 0.532719 0.438700
vt 0.532078 0.438700
vt 0.244477 0.398043
vn -0.382683 -0.923880 0.000000
vn -0.382683 -0.923880 0.000000
vn -0.382683 -0.923880 0.000000
vn -0.382683 -0.923880 0.000000
vn 0.382683 -0.923880 0.000000
vn 0.382683 -0.923880 0.000000
vn 0.382683 -0.923880 0.000000
vn 0.382683 -0.923880 0.000000
vn 0.923880 -0.382683 0.000000
vn 0.923880 -0.382683 0.000000
vn 0.923880 -0.382683 0.000000
vn 0.923880 -0.382683 0.000000
vn 0.923880 0.382683 0.000000
vn 0.923880 0.382683 0.000000
vn 0.923880 0.382683 0.000000
vn 0.923880 0.382683 0.000000
vn 0.382683 0.923880 0.000000
vn 0.382683 0.923880 0.000000
vn 0.382683 0.923880 0.000000
vn 0.382683 0.923880 0.000000
vn -0.382683 0.923880 0.000000
vn -0.382683 0.923880 0.000000
vn -0.382683 0.923880 0.000000
vn -0.382683 0.923880 0.000000
vn -0.923880 0.382683 0.000000
vn -0.923880 0.382683 0.000000
vn -0.923880 0.382683 0.000000
vn -0.923880 0.382683 0.000000
vn -0.923880 -0.382683 0.000000
vn -0.923880 -0.382683 0.000000
vn -0.923880 -0.382683 0.000000
vn -0.923880 -0.382683 0.000000
vn 0.000000 0.000000 -1.000000
vn 0.000000 0.000000 -1.000000
vn -0.000000 0.000000 -1.000000
vn 0.000000 0.000000 -1.000000
vn 0.000000 0.000000 -1.000000
vn 0.000000 0.000000 -1.000000
vn -0.000000 0.000000 -1.000000
vn -0.000000 0.000000 -1.000000
vn 0.000000 0.000000 -1.000000
vn -0.000001 0.000000 1.000000
vn 0.000000 0.000000 1.000000
vn -0.000000 0.000000 1.000000
vn 0.000001 0.000000 1.000000
vn 0.000000 0.000000 1.000000
vn 0.000001 0.000000 1.000000
vn -0.000000 0.000000 1.000000
vn -0.000001 0.000000 1.000000
vn 0.000000 0.000000 1.000000
vn 0.016038 0.038718 -0.999122
vn 0.016038 0.038718 -0.999121
vn 0.016038 0.038718 -0.999122
vn 0.016038 0.038718 -0.999121
vn 0.016037 0.038718 0.999122
vn 0.016037 0.038718 0.999121
vn 0.016037 0.038718 0.999121
vn 0.016037 0.038718 0.999122
vn -0.016038 0.038718 -0.999121
vn -0.016038 0.038718 -0.999121
vn -0.016038 0.038718 -0.999121
vn -0.016038 0.038718 -0.999122
vn -0.016037 0.038718 0.999122
vn -0.016037 0.038718 0.999122
vn -0.016037 0.038718 0.999122
vn -0.016037 0.038718 0.999121
vn -0.038720 0.016038 -0.999121
vn -0.038720 0.016038 -0.999121
vn -0.038720 0.016038 -0.999121
vn -0.038720 0.016038 -0.999121
vn -0.038718 0.016038 0.999121
vn -0.038718 0.016038 0.999121
vn -0.038718 0.016038 0.999122
vn -0.038718 0.016038 0.999122
vn -0.038721 -0.016038 -0.999121
vn -0.038721 -0.016038 -0.999121
vn -0.038721 -0.016038 -0.999121
vn -0.038721 -0.016038 -0.999121
vn -0.038720 -0.016038 0.999121
vn -0.038720 -0.016038 0.999121
vn -0.038720 -0.016038 0.999121
vn -0.038720 -0.016038 0.999121
vn -0.016038 -0.038718 -0.999121
vn -0.016038 -0.038718 -0.999121
vn -0.016038 -0.038718 -0.999122
vn -0.016038 -0.038718 -0.999121
vn -0.016037 -0.038718 0.999121
vn -0.016037 -0.038718 0.999121
vn -0.016037 -0.038718 0.999121
vn -0.016037 -0.038718 0.999122
vn 0.016038 -0.038718 -0.999121
vn 0.016038 -0.038718 -0.999121
vn 0.016038 -0.038718 -0.999121
vn 0.016038 -0.038718 -0.999121
vn 0.016037 -0.038718 0.999121
vn 0.016037 -0.038718 0.999121
vn 0.016037 -0.038718 0.999121
vn 0.016037 -0.038718 0.999121
vn 0.038720 -0.016038 -0.999121
vn 0.038720 -0.016038 -0.999121
vn 0.038720 -0.016038 -0.999121
vn 0.038720 -0.016038 -0.999121
vn 0.038718 -0.016038 0.999122
vn 0.038718 -0.016038 0.999122
vn 0.038718 -0.016038 0.999122
vn 0.038718 -0.016038 0.999122
vn 0.038721 0.016038 -0.999121
vn 0.038721 0.016038 -0.999121
vn 0.038721 0.016038 -0.999121
vn 0.038721 0.016038 -0.999121
vn 0.038720 0.016038 0.999121
vn 0.038720 0.016038 0.999121
vn 0.038720 0.016038 0.999121
vn 0.038720 0.016038 0.999121
vn 0.382682 0.923880 0.000000
vn 0.382682 0.923880 0.000000
vn 0.382682 0.923880 0.000000
vn 0.382682 0.923880 0.000000
vn -0.382682 -0.923880 0.000000
vn -0.382682 -0.923880 0.000000
vn -0.382682 -0.923880 0.000000
vn -0.382682 -0.923880 0.000000
vn -0.382682 0.923880 -0.000000
vn -0.382682 0.923880 -0.000000
vn -0.382682 0.923880 -0.000000
vn -0.382682 0.923880 -0.000000
vn 0.382682 -0.923880 0.000000
vn 0.382682 -0.923880 0.000000
vn 0.382682 -0.923880 0.000000
vn 0.382682 -0.923880 0.000000
vn -0.923879 0.382684 0.000000
vn -0.923879 0.382684 0.000000
vn -0.923879 0.382684 0.000000
vn -0.923879 0.382684 0.000000
vn 0.923879 -0.382684 0.000000
vn 0.923879 -0.382684 0.000000
vn 0.923879 -0.382684 0.000000
vn 0.923879 -0.382684 0.000000
vn -0.923879 -0.382684 0.000000
vn -0.923879 -0.382684 0.000000
vn -0.923879 -0.382684 0.000000
vn -0.923879 -0.382684 0.000000
vn 0.923879 0.382684 0.000000
vn 0.923879 0.382684 0.000000
vn 0.923879 0.382684 0.000000
vn 0.923879 0.382684 0.000000
vn -0.382682 -0.923880 0.000000
vn -0.382682 -0.923880 0.000000
vn -0.382682 -0.923880 0.000000
vn -0.382682 -0.923880 0.000000
vn 0.382682 0.923880 0.000000
vn 0.382682 0.923880 0.000000
vn 0.382682 0.923880 0.000000
vn 0.382682 0.923880 0.000000
vn 0.382682 -0.923880 -0.000000
vn 0.382682 -0.923880 -0.000000
vn 0.382682 -0.923880 -0.000000
vn 0.382682 -0.923880 -0.000000
vn -0.382682 0.923880 0.000000
vn -0.382682 0.923880 0.000000
vn -0.382682 0.923880 0.000000
vn -0.382682 0.923880 0.000000
vn 0.923879 -0.382684 0.000000
vn 0.923879 -0.382684 0.000000
vn 0.923879 -0.382684 0.000000
vn 0.923879 -0.382684 0.000000
vn -0.923879 0.382684 0.000000
vn -0.923879 0.382684 0.000000
vn -0.923879 0.382684 0.000000
vn -0.923879 0.382684 0.000000
vn 0.923880 0.382684 0.000000
vn 0.923880 0.382684 0.000000
vn 0.923880 0.382684 0.000000
vn 0.923880 0.382684 0.000000
vn -0.923879 -0.382684 0.000000
vn -0.923879 -0.382684 0.000000
vn -0.923879 -0.382684 0.000000
vn -0.923879 -0.382684 0.000000
vn 0.382687 0.923878 0.000000
vn 0.382687 0.923878 0.000000
vn 0.382687 0.923878 0.000000
vn 0.382687 0.923878 0.000000
vn -0.382682 -0.923880 0.000000
vn -0.382682 -0.923880 0.000000
vn -0.382682 -0.923880 0.000000
vn -0.382682 -0.923880 0.000000
vn -0.382687 0.923878 0.000000
vn -0.382687 0.923878 0.000000
vn -0.382687 0.923878 0.000000
vn -0.382687 0.923878 0.000000
vn 0.382682 -0.923880 0.000000
vn 0.382682 -0.923880 0.000000
vn 0.382682 -0.923880 0.000000
vn 0.382682 -0.923880 0.000000
vn -0.923879 0.382684 0.000000
vn -0.923879 0.382684 0.000000
vn -0.923879 0.382684 0.000000
vn -0.923879 0.382684 0.000000
vn 0.923879 -0.382684 0.000000
vn 0.923879 -0.382684 0.000000
vn 0.923879 -0.382684 0.000000
vn 0.923879 -0.382684 0.000000
vn -0.923879 -0.382684 0.000000
vn -0.923879 -0.382684 0.000000
vn -0.923879 -0.382684 0.000000
vn -0.923879 -0.382684 0.000000
vn 0.923879 0.382684 0.000000
vn 0.923879 0.382684 0.000000
vn 0.923879 0.382684 0.000000
vn 0.923879 0.382684 0.000000
vn -0.382687 -0.923878 0.000000
vn -0.382687 -0.923878 0.000000
vn -0.382687 -0.923878 0.000000
vn -0.382687 -0.923878 0.000000
vn 0.382682 0.923880 0.000000
vn 0.382682 0.923880 0.000000
vn 0.382682 0.923880 0.000000
vn 0.382682 0.923880 0.000000
vn 0.382687 -0.923878 0.000000
vn 0.382687 -0.923878 0.000000
vn 0.382687 -0.923878 0.000000
vn 0.382687 -0.923878 0.000000
vn -0.382682 0.923880 0.000000
vn -0.382682 0.923880 0.000000
vn -0.382682 0.923880 0.000000
vn -0.382682 0.923880 0.000000
vn 0.923879 -0.382684 0.000000
vn 0.923879 -0.382684 0.000000
vn 0.923879 -0.382684 0.000000
vn 0.923879 -0.382684 0.000000
vn -0.923879 0.382684 0.000000
vn -0.923879 0.382684 0.000000
vn -0.923879 0.382684 0.000000
vn -0.923879 0.382684 0.000000
vn 0.923880 0.382684 0.000000
vn 0.923880 0.382684 0.000000
vn 0.923880 0.382684 0.000000
vn 0.923880 0.382684 0.000000
vn -0.923879 -0.382684 0.000000
vn -0.923879 -0.382684 0.000000
vn -0.923879 -0.382684 0.000000
vn -0.923879 -0.382684 0.000000
s off
g polySurface71 polySurface93
usemtl openPBRSurface4SG
f 2673/5386/5037 2674/5387/5038 2675/5388/5039 2676/5389/5040
f 2674/5387/5041 2677/5390/5042 2678/5391/5043 2675/5388/5044
f 2677/5392/5045 2679/5393/5046 2680/5394/5047 2678/5395/5048
f 2679/5393/5049 2681/5396/5050 2682/5397/5051 2680/5394/5052
f 2681/5398/5053 2683/5399/5054 2684/5400/5055 2682/5401/5056
f 2683/5399/5057 2685/5402/5058 2686/5403/5059 2684/5400/5060
f 2685/5404/5061 2687/5405/5062 2688/5406/5063 2686/5407/5064
f 2687/5405/5065 2673/5408/5066 2676/5409/5067 2688/5406/5068
s 1
usemtl openPBRSurface5SG
f 2656/5410/5069 2655/5411/5070 2671/5412/5071
f 2657/5413/5072 2656/5410/5069 2671/5412/5071
usemtl openPBRSurface10SG
f 2658/5414/5073 2657/5413/5072 2671/5412/5071
f 2659/5415/5074 2658/5414/5073 2671/5412/5071
usemtl openPBRSurface5SG
f 2660/5416/5075 2659/5415/5074 2671/5412/5071
f 2661/5417/5076 2660/5416/5075 2671/5412/5071
usemtl openPBRSurface10SG
f 2662/5418/5077 2661/5417/5076 2671/5412/5071
f 2655/5411/5070 2662/5418/5077 2671/5412/5071
s 2
usemtl openPBRSurface5SG
f 2663/5419/5078 2664/5420/5079 2672/5421/5080
f 2664/5420/5079 2665/5422/5081 2672/5421/5080
usemtl openPBRSurface10SG
f 2665/5422/5081 2666/5423/5082 2672/5421/5080
f 2666/5423/5082 2667/5424/5083 2672/5421/5080
usemtl openPBRSurface5SG
f 2667/5424/5083 2668/5425/5084 2672/5421/5080
f 2668/5425/5084 2669/5426/5085 2672/5421/5080
usemtl openPBRSurface10SG
f 2669/5426/5085 2670/5427/5086 2672/5421/5080
f 2670/5427/5086 2663/5419/5078 2672/5421/5080
s off
usemtl openPBRSurface4SG
f 2689/5428/5087 2690/5429/5088 2691/5430/5089 2692/5431/5090
f 2706/5432/5091 2705/5433/5092 2707/5434/5093 2708/5435/5094
f 2690/5429/5095 2693/5436/5096 2694/5437/5097 2691/5430/5098
f 2709/5438/5099 2706/5432/5100 2708/5435/5101 2710/5439/5102
f 2693/5436/5103 2695/5440/5104 2696/5441/5105 2694/5437/5106
f 2711/5442/5107 2709/5438/5108 2710/5439/5109 2712/5443/5110
f 2695/5440/5111 2697/5444/5112 2698/5445/5113 2696/5441/5114
f 2713/5446/5115 2711/5442/5116 2712/5443/5117 2714/5447/5118
f 2697/5444/5119 2699/5448/5120 2700/5449/5121 2698/5445/5122
f 2715/5450/5123 2713/5446/5124 2714/5447/5125 2716/5451/5126
f 2699/5448/5127 2701/5452/5128 2702/5453/5129 2700/5449/5130
f 2717/5454/5131 2715/5450/5132 2716/5451/5133 2718/5455/5134
f 2701/5452/5135 2703/5456/5136 2704/5457/5137 2702/5453/5138
f 2719/5458/5139 2717/5454/5140 2718/5455/5141 2720/5459/5142
f 2703/5456/5143 2689/5428/5144 2692/5431/5145 2704/5457/5146
f 2705/5433/5147 2719/5458/5148 2720/5459/5149 2707/5434/5150
f 2655/5460/5151 2656/5461/5152 2690/5462/5153 2689/5463/5154
f 2674/5387/5155 2673/5386/5156 2692/5464/5157 2691/5465/5158
f 2656/5461/5159 2657/5466/5160 2693/5467/5161 2690/5462/5162
f 2677/5390/5163 2674/5387/5164 2691/5465/5165 2694/5468/5166
f 2657/5469/5167 2658/5470/5168 2695/5471/5169 2693/5472/5170
f 2679/5393/5171 2677/5392/5172 2694/5473/5173 2696/5474/5174
f 2658/5470/5175 2659/5475/5176 2697/5476/5177 2695/5471/5178
f 2681/5396/5179 2679/5393/5180 2696/5474/5181 2698/5477/5182
f 2659/5478/5183 2660/5479/5184 2699/5480/5185 2697/5481/5186
f 2683/5399/5187 2681/5398/5188 2698/5482/5189 2700/5483/5190
f 2660/5479/5191 2661/5484/5192 2701/5485/5193 2699/5480/5194
f 2685/5402/5195 2683/5399/5196 2700/5483/5197 2702/5486/5198
f 2661/5487/5199 2662/5488/5200 2703/5489/5201 2701/5490/5202
f 2687/5405/5203 2685/5404/5204 2702/5491/5205 2704/5492/5206
f 2662/5488/5207 2655/5493/5208 2689/5494/5209 2703/5489/5210
f 2673/5408/5211 2687/5405/5212 2704/5492/5213 2692/5495/5214
f 2664/5496/5215 2663/5497/5216 2705/5498/5217 2706/5499/5218
f 2676/5389/5219 2675/5388/5220 2708/5500/5221 2707/5501/5222
f 2665/5502/5223 2664/5496/5224 2706/5499/5225 2709/5503/5226
f 2675/5388/5227 2678/5391/5228 2710/5504/5229 2708/5500/5230
f 2666/5505/5231 2665/5506/5232 2709/5507/5233 2711/5508/5234
f 2678/5395/5235 2680/5394/5236 2712/5509/5237 2710/5510/5238
f 2667/5511/5239 2666/5505/5240 2711/5508/5241 2713/5512/5242
f 2680/5394/5243 2682/5397/5244 2714/5513/5245 2712/5509/5246
f 2668/5514/5247 2667/5515/5248 2713/5516/5249 2715/5517/5250
f 2682/5401/5251 2684/5400/5252 2716/5518/5253 2714/5519/5254
f 2669/5520/5255 2668/5514/5256 2715/5517/5257 2717/5521/5258
f 2684/5400/5259 2686/5403/5260 2718/5522/5261 2716/5518/5262
f 2670/5523/5263 2669/5524/5264 2717/5525/5265 2719/5526/5266
f 2686/5407/5267 2688/5406/5268 2720/5527/5269 2718/5528/5270
f 2663/5529/5271 2670/5523/5272 2719/5526/5273 2705/5530/5274
f 2688/5406/5275 2676/5409/5276 2707/5531/5277 2720/5527/5278
g default
v -2.531737 4.410798 5.876641
v -2.448732 4.536500 6.109065
v -2.678585 4.923561 5.722835
v -2.579836 4.994290 5.971747
v -2.421450 4.963222 5.609554
v -2.322701 5.033951 5.858467
v -2.274602 4.450458 5.763361
v -2.191597 4.576160 5.995785
v -2.244707 4.684488 6.053780
v -2.400104 4.660520 6.122240
v -2.323938 4.961148 5.970794
v -2.479335 4.937180 6.039254
v -2.107787 4.585745 6.104613
v -2.364185 4.585745 6.104613
v -2.107787 4.900042 6.418910
v -2.364185 4.900042 6.418910
v -2.142828 4.391915 6.336221
v -2.329144 4.391915 6.336221
v -2.142828 4.620304 6.564610
v -2.329144 4.620304 6.564610
v -2.142828 3.756704 6.694673
v -2.329144 3.756704 6.694673
v -2.142828 3.985093 6.923061
v -2.329144 3.985093 6.923061
v -2.142828 2.613081 7.462141
v -2.329144 2.613081 7.462141
v -2.142828 2.841469 7.690528
v -2.329144 2.841469 7.690528
v -2.142828 1.677046 8.316929
v -2.329144 1.677046 8.316929
v -2.142828 1.928196 8.568075
v -2.329144 1.928196 8.568075
v -2.142828 1.114052 8.788476
v -2.329144 1.114052 8.788476
v -2.142828 1.456645 9.131067
v -2.329144 1.456645 9.131067
v -2.186362 1.154651 8.907975
v -2.285610 1.154651 8.907975
v -2.186362 1.337142 9.090468
v -2.285610 1.337142 9.090468
v -2.084766 0.940171 8.748838
v -2.387205 0.940171 8.748838
v -2.117879 1.468535 9.332692
v -2.417430 1.498019 9.303208
v -2.157582 0.861874 8.906908
v -2.414165 0.887128 8.881651
v -2.157582 1.338215 9.383242
v -2.414165 1.363469 9.357997
v -2.364185 5.185698 6.704566
v -2.107787 5.185698 6.704566
v -2.329144 4.905960 6.850266
v -2.142828 4.905960 6.850266
v -2.364185 5.118502 6.337998
v -2.107787 5.118502 6.337998
v -2.364185 5.338647 6.558143
v -2.107787 5.338647 6.558143
v -2.364185 5.404910 6.054933
v -2.107787 5.404910 6.054933
v -2.364185 5.511992 6.162014
v -2.107787 5.511992 6.162014
v -2.329144 4.226446 7.052781
v -2.142828 4.226446 7.052781
v -2.142828 4.458783 7.285119
v -2.329144 4.458783 7.285119
v -2.329144 3.632276 7.498662
v -2.142828 3.632276 7.498662
v -2.142828 3.811042 7.677428
v -2.329144 3.811042 7.677428
v -2.329144 3.024558 7.948918
v -2.142828 3.024558 7.948918
v -2.142828 3.203323 8.127678
v -2.329144 3.203323 8.127678
v -2.329144 2.083497 8.788557
v -2.142828 2.083497 8.788557
v -2.142828 2.201415 8.906467
v -2.329144 2.201415 8.906467
v -2.346746 1.529362 9.136921
v -2.125227 1.529362 9.136921
v -2.142828 1.684825 9.313201
v -2.329144 1.684825 9.313201
v -2.346746 1.543124 9.412624
v -2.125227 1.543124 9.412624
v -2.142828 1.592443 9.441121
v -2.329144 1.592443 9.441121
v -2.166868 0.589075 8.725357
v -2.422395 0.614225 8.700202
v -2.166868 1.450330 9.586613
v -2.422395 1.475480 9.561456
v -2.208034 0.435193 8.989724
v -2.463561 0.460343 8.964571
v -2.208034 1.296448 9.850977
v -2.463561 1.321598 9.825831
v -2.605161 4.667180 5.799737
v -2.348026 4.706840 5.686457
v -2.257149 4.805056 5.927125
v -2.284323 4.822817 6.012287
v -2.107787 4.742893 6.261762
v -2.142828 4.506110 6.450416
v -2.142828 3.870898 6.808867
v -2.142828 2.727275 7.576334
v -2.142828 1.802621 8.442500
v -2.142828 1.285348 8.959770
v -2.186362 1.245897 8.999228
v -2.084766 1.218226 9.026895
v -2.157582 1.100044 9.145081
v -2.166868 1.053605 9.189882
v -2.208034 0.899723 9.454250
v -2.463561 0.924873 9.429105
v -2.422395 1.078755 9.164737
v -2.414165 1.125299 9.119820
v -2.387205 1.218226 9.026895
v -2.285610 1.245897 8.999228
v -2.329144 1.285348 8.959770
v -2.329144 1.802621 8.442500
v -2.329144 2.727275 7.576334
v -2.329144 3.870898 6.808867
v -2.329144 4.506110 6.450416
v -2.364185 4.742893 6.261762
v -2.439719 4.798850 6.080747
v -2.514284 4.765395 6.040406
v -2.568449 4.538988 5.838189
v -2.311314 4.578649 5.724909
v -2.224373 4.690607 5.961455
v -2.264514 4.753653 6.033034
v -2.107787 4.664319 6.183187
v -2.142828 4.449013 6.393319
v -2.142828 3.813801 6.751769
v -2.142828 2.670178 7.519237
v -2.142828 1.739833 8.379709
v -2.142828 1.199700 8.874127
v -2.186362 1.200274 8.953597
v -2.084766 1.079199 8.887868
v -2.157582 0.980959 9.025995
v -2.166868 0.855242 8.991519
v -2.208034 0.701360 9.255892
v -2.463561 0.726511 9.230738
v -2.422395 0.880393 8.966368
v -2.414165 1.006213 9.000736
v -2.387205 1.079199 8.887868
v -2.285610 1.200274 8.953597
v -2.329144 1.199700 8.874127
v -2.329144 1.739833 8.379709
v -2.329144 2.670178 7.519237
v -2.329144 3.813801 6.751769
v -2.329144 4.449013 6.393319
v -2.364185 4.664319 6.183187
v -2.419912 4.729684 6.101494
v -2.481508 4.650947 6.074735
v -2.384737 4.835029 5.648006
v -2.641872 4.795370 5.761286
v -2.547060 4.879842 6.006077
v -2.459527 4.868014 6.060000
v -2.364185 4.821467 6.340336
v -2.329144 4.563207 6.507513
v -2.329144 3.927996 6.865965
v -2.329144 2.784372 7.633430
v -2.329144 1.865408 8.505286
v -2.329144 1.370996 9.045425
v -2.285610 1.291519 9.044847
v -2.387205 1.357253 9.165922
v -2.414165 1.244384 9.238909
v -2.422395 1.277117 9.363092
v -2.463561 1.123236 9.627462
v -2.208034 1.098086 9.652616
v -2.166868 1.251967 9.388247
v -2.157582 1.219130 9.264164
v -2.084766 1.357253 9.165922
v -2.186362 1.291519 9.044847
v -2.142828 1.370996 9.045425
v -2.142828 1.865408 8.505286
v -2.142828 2.784372 7.633430
v -2.142828 3.927996 6.865965
v -2.142828 4.563207 6.507513
v -2.107787 4.821467 6.340336
v -2.304130 4.891983 5.991540
v -2.289925 4.919503 5.892796
v -2.388560 1.089910 9.676953
v -2.296176 1.080817 9.686041
v -2.296176 1.152532 9.757757
v -2.388560 1.161625 9.748671
v -2.471414 1.085921 9.716413
v -2.224862 1.061654 9.740683
v -2.224862 1.223732 9.902758
v -2.471414 1.247999 9.878489
v -2.514153 0.822261 10.280400
v -2.343571 0.805471 10.297182
v -2.343571 0.917608 10.409319
v -2.514153 0.934397 10.392527
v -2.570356 0.595930 10.625092
v -2.399775 0.579141 10.641883
v -2.399775 0.691278 10.754023
v -2.570356 0.708068 10.737236
v -2.542871 0.576297 10.691044
v -2.442742 0.566442 10.700897
v -2.442742 0.632266 10.766724
v -2.542871 0.642121 10.756864
v -2.576987 0.517573 10.672798
v -2.413917 0.501523 10.688840
v -2.413917 0.644320 10.831647
v -2.576987 0.660369 10.815598
v -2.627926 0.318048 10.990829
v -2.464857 0.301999 11.006868
v -2.464857 0.384253 11.089129
v -2.627926 0.400303 11.073082
v -2.682683 0.119106 11.212779
v -2.493457 0.100481 11.231401
v -2.493457 0.192638 11.323551
v -2.682683 0.211263 11.304930
v -2.626181 0.119538 11.257564
v -2.556380 0.112667 11.264429
v -2.556380 0.159603 11.311363
v -2.626181 0.166473 11.304496
v -2.685581 0.086112 11.248653
v -2.503971 0.068237 11.266530
v -2.503971 0.157511 11.355797
v -2.685581 0.175386 11.337921
v -2.697366 -0.174931 11.541441
v -2.599581 -0.184555 11.551056
v -2.599581 -0.127023 11.608590
v -2.697366 -0.117399 11.598972
v -2.679235 -0.176780 11.558119
v -2.620599 -0.182551 11.563886
v -2.620599 -0.139844 11.606588
v -2.679235 -0.134072 11.600819
v -2.705700 -0.193996 11.556826
v -2.598219 -0.204575 11.567419
v -2.598219 -0.143371 11.628605
v -2.705700 -0.132793 11.618029
v -2.704326 -0.401122 11.769459
v -2.680595 -0.403457 11.771803
v -2.680595 -0.373966 11.801280
v -2.704326 -0.371631 11.798956
v -2.379894 4.501684 5.542295
v -2.637028 4.462024 5.655575
v -2.662309 4.550298 5.629097
v -2.405174 4.589959 5.515816
v -2.455734 4.766507 5.462860
v -2.712869 4.726847 5.576140
v -2.738150 4.815121 5.549662
v -2.481015 4.854782 5.436381
v -2.687589 4.638573 5.602618
v -2.430454 4.678234 5.489338
v -2.545387 4.270909 5.085844
v -2.802522 4.231250 5.199124
v -2.825284 4.310731 5.175283
v -2.568150 4.350391 5.062004
v -2.613674 4.509355 5.014321
v -2.870809 4.469694 5.127602
v -2.893572 4.549178 5.103759
v -2.636437 4.588838 4.990479
v -2.848047 4.390213 5.151442
v -2.590912 4.429873 5.038162
v -2.920184 3.493943 3.963072
v -3.177319 3.454284 4.076350
v -3.205958 3.554284 4.046356
v -2.948823 3.593946 3.933074
v -3.006101 3.793946 3.873084
v -3.263236 3.754287 3.986362
v -3.291875 3.854290 3.956368
v -3.034740 3.893950 3.843088
v -3.234597 3.654287 4.016358
v -2.977462 3.693947 3.903079
v -3.482730 2.232090 2.244368
v -3.739865 2.192436 2.357643
v -3.770714 2.300149 2.325339
v -3.513579 2.339810 2.212057
v -3.575278 2.555255 2.147433
v -3.832413 2.515597 2.260708
v -3.863263 2.623316 2.228399
v -3.606128 2.662977 2.115119
v -3.801564 2.407876 2.293024
v -3.544429 2.447538 2.179742
v -3.507310 1.914773 2.077467
v -3.764445 1.875109 2.190749
v -3.812642 2.043407 2.140270
v -3.555508 2.083062 2.026993
v -3.651902 2.419658 1.926025
v -3.909037 2.379996 2.039309
v -3.957235 2.548296 1.988826
v -3.700101 2.587961 1.875539
v -3.860840 2.211705 2.089784
v -3.603705 2.251357 1.976514
v -3.571659 1.786898 1.886640
v -3.828794 1.747239 1.999917
v -3.883369 1.937806 1.942754
v -3.626234 1.977463 1.829479
v -3.735384 2.358590 1.715158
v -3.992519 2.318933 1.828437
v -4.047094 2.509503 1.771275
v -3.789959 2.549158 1.657997
v -3.937944 2.128376 1.885592
v -3.680809 2.168029 1.772318
v -3.683594 1.879544 1.664997
v -3.940729 1.839886 1.778274
v -3.978454 1.971615 1.738761
v -3.721319 2.011277 1.625478
v -3.796770 2.274738 1.546451
v -4.053904 2.235069 1.659742
v -4.091631 2.366802 1.620222
v -3.834495 2.406464 1.506942
v -4.016180 2.103345 1.699249
v -3.759045 2.143005 1.585964
v -3.747056 1.968287 1.552004
v -4.004191 1.928626 1.665287
v -4.016447 2.063704 1.684754
v -3.759313 2.103358 1.571477
v -3.776526 2.163468 1.553452
v -4.033661 2.123812 1.666727
v -4.086280 2.215260 1.579312
v -3.829146 2.254920 1.466031
v -4.025054 2.093751 1.675746
v -3.767920 2.133418 1.562461
v -2.286454 0.879502 9.476984
v -2.396418 0.890325 9.466166
v -2.286454 0.964865 9.562347
v -2.396418 0.975688 9.551526
v -2.296411 0.841778 9.540432
v -2.406375 0.852601 9.529606
v -2.297917 1.009881 9.723835
v -2.407881 1.020705 9.713004
v -2.321775 0.731893 9.688240
v -2.431739 0.742716 9.677418
v -2.321775 0.853641 9.809983
v -2.431739 0.864464 9.799164
v -2.377926 0.514066 10.040924
v -2.487891 0.524889 10.030098
v -2.377926 0.595615 10.122467
v -2.487891 0.606437 10.111647
v -2.445789 0.160957 10.377298
v -2.555753 0.171781 10.366481
v -2.445789 0.299008 10.515356
v -2.555753 0.309833 10.504531
v -2.452160 0.013428 10.535339
v -2.608631 0.028829 10.519935
v -2.452160 0.140973 10.662882
v -2.608631 0.156373 10.647479
v -2.512849 0.036317 10.583675
v -2.555162 0.040482 10.579511
v -2.512849 0.092640 10.639992
v -2.555162 0.096804 10.635830
v -2.482770 -0.041652 10.567266
v -2.595985 -0.030509 10.556118
v -2.482770 0.109046 10.717960
v -2.595985 0.120190 10.706814
v -2.544017 -0.297457 10.933740
v -2.657233 -0.286315 10.922589
v -2.544017 -0.192442 11.038759
v -2.657233 -0.181299 11.027613
v -2.600161 -0.560501 11.241120
v -2.713377 -0.549358 11.229980
v -2.600161 -0.499828 11.301789
v -2.713377 -0.488685 11.290648
v -2.629660 -0.556217 11.265747
v -2.688929 -0.550383 11.259914
v -2.629660 -0.524455 11.297506
v -2.688929 -0.518620 11.291677
v -2.597012 -0.593468 11.264908
v -2.727366 -0.580639 11.252074
v -2.597012 -0.523609 11.334770
v -2.727366 -0.510778 11.321929
v -2.686202 -0.919162 11.614490
v -2.771967 -0.910719 11.606054
v -2.686202 -0.873198 11.660457
v -2.771967 -0.864756 11.652006
v -2.698526 -0.924068 11.630223
v -2.764098 -0.917615 11.623764
v -2.698526 -0.888928 11.665365
v -2.764098 -0.882474 11.658911
v -2.684344 -0.949362 11.637247
v -2.783983 -0.939555 11.627455
v -2.684344 -0.895963 11.690647
v -2.783983 -0.886157 11.680845
v -2.756541 -1.197708 11.862534
v -2.805987 -1.192842 11.857665
v -2.756541 -1.171210 11.889025
v -2.805987 -1.166344 11.884157
v -2.268386 0.690236 9.327585
v -2.421496 0.705306 9.312513
v -2.268386 0.809094 9.446436
v -2.421496 0.824164 9.431370
v -2.280637 0.611926 9.373743
v -2.433747 0.626996 9.358677
v -2.280637 0.812637 9.574458
v -2.433747 0.827706 9.559385
v -2.358015 0.279497 9.827478
v -2.511125 0.294567 9.812412
v -2.358015 0.370970 9.918954
v -2.511125 0.386039 9.903885
v -2.433440 -0.151580 10.162727
v -2.586550 -0.136510 10.147655
v -2.433440 -0.011338 10.302964
v -2.586550 0.003731 10.287897
v -2.459768 -0.268503 10.313307
v -2.612878 -0.253434 10.298231
v -2.459768 -0.168762 10.413049
v -2.612878 -0.153692 10.397978
v -2.478684 -0.317959 10.313986
v -2.604365 -0.305589 10.301626
v -2.478684 -0.172376 10.459572
v -2.604365 -0.160006 10.447208
v -2.544333 -0.533505 10.561235
v -2.630579 -0.525016 10.552750
v -2.544333 -0.433600 10.661139
v -2.630579 -0.425111 10.652655
v -2.612666 -0.956223 10.925832
v -2.716881 -0.945964 10.915571
v -2.612666 -0.835502 11.046558
v -2.716881 -0.825245 11.036293
v -2.649931 -0.931264 10.979214
v -2.686520 -0.927662 10.975612
v -2.649931 -0.888880 11.021595
v -2.686520 -0.885279 11.018000
v -2.630559 -1.007471 10.980426
v -2.720106 -0.998657 10.971606
v -2.630559 -0.903739 11.084152
v -2.720106 -0.894926 11.075341
v -2.710765 -1.354251 11.349383
v -2.781165 -1.347323 11.342460
v -2.710765 -1.272706 11.430927
v -2.781165 -1.265777 11.424002
v -2.732370 -1.339478 11.380141
v -2.763467 -1.336419 11.377079
v -2.732370 -1.303455 11.416154
v -2.763467 -1.300394 11.413095
v -2.720413 -1.374429 11.380108
v -2.781710 -1.368396 11.374077
v -2.720413 -1.303424 11.451103
v -2.781710 -1.297392 11.445070
v -2.784496 -1.587464 11.634272
v -2.810286 -1.584925 11.631723
v -2.784496 -1.557586 11.664139
v -2.810286 -1.555048 11.661604
v -2.268945 0.520885 9.180081
v -2.425177 0.536262 9.164701
v -2.268945 0.642166 9.301361
v -2.425177 0.657543 9.285978
v -2.257948 0.464200 9.207419
v -2.451982 0.483297 9.188320
v -2.257948 0.614826 9.358042
v -2.451982 0.633924 9.338947
v -2.317079 0.123587 9.467585
v -2.511114 0.142684 9.448484
v -2.317079 0.206925 9.550919
v -2.511114 0.226022 9.531826
v -2.399357 -0.425059 9.754886
v -2.593392 -0.405962 9.735790
v -2.399357 -0.281820 9.898124
v -2.593392 -0.262723 9.879019
v -2.414533 -0.550190 9.783943
v -2.608567 -0.531092 9.764847
v -2.414533 -0.363889 9.970243
v -2.608567 -0.344791 9.951147
v -2.488907 -0.548129 9.900716
v -2.559172 -0.541213 9.893805
v -2.488907 -0.480666 9.968178
v -2.559172 -0.473750 9.961264
v -2.480773 -0.631625 9.870889
v -2.577360 -0.622118 9.861380
v -2.480773 -0.478819 10.023693
v -2.577360 -0.469312 10.014187
v -2.503058 -0.760110 9.968817
v -2.599646 -0.750603 9.959314
v -2.503058 -0.576753 10.152178
v -2.599646 -0.567247 10.142668
v -2.539024 -0.932201 10.162151
v -2.635612 -0.922695 10.152643
v -2.539024 -0.835336 10.259018
v -2.635612 -0.825830 10.249510
v -2.586188 -1.204781 10.368761
v -2.682776 -1.195274 10.359255
v -2.586188 -1.110185 10.463354
v -2.682776 -1.100677 10.453853
v -2.609121 -1.209807 10.409241
v -2.669504 -1.203864 10.403303
v -2.609121 -1.150670 10.468386
v -2.669504 -1.144727 10.462439
v -2.587589 -1.266924 10.413397
v -2.702048 -1.255659 10.402134
v -2.587589 -1.154825 10.525501
v -2.702048 -1.143559 10.514236
v -2.587589 -1.266924 10.413397
v -2.702048 -1.255659 10.402134
v -2.587589 -1.154825 10.525501
v -2.702048 -1.143559 10.514236
v -2.669580 -1.572864 10.702757
v -2.738129 -1.566116 10.696013
v -2.669580 -1.505727 10.769894
v -2.738129 -1.498981 10.763150
v -2.687362 -1.573445 10.731886
v -2.726763 -1.569568 10.728009
v -2.687362 -1.534858 10.770472
v -2.726763 -1.530979 10.766597
v -2.674462 -1.609725 10.735779
v -2.746929 -1.602594 10.728645
v -2.674462 -1.538752 10.806757
v -2.746929 -1.531619 10.799618
v -2.728710 -1.803762 10.909529
v -2.765767 -1.800114 10.905884
v -2.728710 -1.767468 10.945820
v -2.765767 -1.763821 10.942183
v -2.220392 0.544860 8.747515
v -2.383724 0.560936 8.731438
v -2.246705 0.446498 8.916506
v -2.410038 0.462574 8.900427
v -2.525787 -1.239130 9.420635
v -2.564422 -1.235327 9.416824
v -2.526846 -1.219083 9.451433
v -2.565479 -1.215281 9.447633
v -2.166868 0.549741 8.686018
v -2.422395 0.574892 8.660873
v -2.223803 0.120414 8.835158
v -2.479330 0.145565 8.810008
v -2.208034 0.395859 8.950388
v -2.246036 0.007470 8.948107
v -2.463561 0.421009 8.925236
v -2.501563 0.032619 8.922953
v -2.308661 -0.220919 8.884475
v -2.473135 -0.204730 8.868288
v -2.324382 -0.220149 9.044973
v -2.488856 -0.203960 9.028786
v -2.305438 -0.238312 8.880898
v -2.478901 -0.221238 8.863821
v -2.322018 -0.237500 9.050165
v -2.495481 -0.220427 9.033092
v -2.302670 -0.314824 8.881172
v -2.496394 -0.295756 8.862109
v -2.321187 -0.313916 9.070221
v -2.514911 -0.294848 9.051151
v -2.326143 -0.335772 8.898062
v -2.481119 -0.320519 8.882811
v -2.340957 -0.335047 9.049297
v -2.495932 -0.319794 9.034041
v -2.308065 -0.375509 8.880451
v -2.502782 -0.356344 8.861286
v -2.326675 -0.374593 9.070461
v -2.521393 -0.355428 9.051295
v -2.377316 -0.614604 9.038908
v -2.512937 -0.601255 9.025564
v -2.386391 -0.622029 9.123689
v -2.522011 -0.608681 9.110347
v -2.421910 -0.863570 9.160515
v -2.541597 -0.851790 9.148731
v -2.428843 -0.826526 9.268002
v -2.548530 -0.814746 9.256214
v -2.432144 -0.918140 9.172569
v -2.545624 -0.918610 9.167223
v -2.436853 -0.870254 9.268241
v -2.550333 -0.870722 9.262888
v -2.426633 -0.981966 9.198709
v -2.567290 -0.968122 9.184864
v -2.430486 -0.908977 9.310843
v -2.571143 -0.895133 9.296999
vt 0.341137 0.606640
vt 0.343467 0.602332
vt 0.345587 0.602968
vt 0.343513 0.607352
vt 0.699686 0.101917
vt 0.701614 0.097057
vt 0.706635 0.099269
vt 0.704707 0.104129
vt 0.909921 0.530414
vt 0.911995 0.534797
vt 0.909875 0.535433
vt 0.907546 0.531126
vt 0.589069 0.165005
vt 0.590711 0.169603
vt 0.585625 0.171844
vt 0.583982 0.167246
vt 0.744909 0.004892
vt 0.745710 0.004971
vt 0.745710 0.005755
vt 0.744909 0.005676
vt 0.152482 0.085140
vt 0.147362 0.085929
vt 0.147118 0.083240
vt 0.152238 0.082451
vt 0.184827 0.044980
vt 0.185597 0.039992
vt 0.187698 0.041022
vt 0.187233 0.044037
vt 0.913164 0.536123
vt 0.911882 0.536508
vt 0.703577 0.095739
vt 0.706611 0.097076
vt 0.347047 0.602473
vt 0.345765 0.602088
vt 0.285642 0.092361
vt 0.288774 0.091878
vt 0.291533 0.093868
vt 0.286366 0.093868
vt 0.911508 0.538906
vt 0.910052 0.537450
vt 0.705825 0.088327
vt 0.710831 0.088327
vt 0.345835 0.600959
vt 0.344379 0.602415
vt 0.290827 0.097775
vt 0.287072 0.097775
vt 0.907519 0.542799
vt 0.906461 0.541741
vt 0.604493 0.309160
vt 0.599288 0.309160
vt 0.599999 0.303481
vt 0.603782 0.303481
vt 0.341845 0.597064
vt 0.340787 0.598123
vt 0.290827 0.110577
vt 0.287072 0.110577
vt 0.895749 0.549441
vt 0.894691 0.548383
vt 0.871956 0.398101
vt 0.868127 0.398101
vt 0.868127 0.385048
vt 0.871956 0.385048
vt 0.330073 0.590422
vt 0.329015 0.591480
vt 0.890530 0.390565
vt 0.894779 0.390565
vt 0.894779 0.408067
vt 0.890530 0.408067
vt 0.874558 0.563662
vt 0.873500 0.562604
vt 0.868127 0.361546
vt 0.871956 0.361546
vt 0.308879 0.576199
vt 0.307821 0.577257
vt 0.894779 0.427561
vt 0.890530 0.427561
vt 0.857319 0.579606
vt 0.856156 0.578443
vt 0.868127 0.342779
vt 0.871956 0.342779
vt 0.291638 0.560252
vt 0.290475 0.561416
vt 0.894779 0.438315
vt 0.890530 0.438315
vt 0.847311 0.588767
vt 0.845724 0.587180
vt 0.868127 0.333088
vt 0.871956 0.333088
vt 0.281628 0.551090
vt 0.280041 0.552677
vt 0.893786 0.441040
vt 0.891523 0.441040
vt 0.847321 0.590240
vt 0.846476 0.589394
vt 0.869022 0.330633
vt 0.871061 0.330633
vt 0.281639 0.549617
vt 0.280793 0.550462
vt 0.562939 0.424605
vt 0.565089 0.424605
vt 0.567291 0.428054
vt 0.560737 0.428054
vt 0.565089 0.423617
vt 0.567291 0.425041
vt 0.565089 0.420651
vt 0.562939 0.420651
vt 0.560082 0.416041
vt 0.566573 0.415402
vt 0.560737 0.425041
vt 0.562939 0.423617
vt 0.912934 0.026518
vt 0.912934 0.020778
vt 0.915934 0.022160
vt 0.915455 0.027030
vt 0.277418 0.082218
vt 0.274865 0.084771
vt 0.272329 0.082967
vt 0.274516 0.080781
vt 0.629742 0.026384
vt 0.630296 0.032016
vt 0.627767 0.031954
vt 0.627292 0.027131
vt 0.884851 0.339915
vt 0.882777 0.341256
vt 0.880222 0.338702
vt 0.882663 0.337727
vt 0.380386 0.064700
vt 0.375255 0.064700
vt 0.375255 0.062558
vt 0.380386 0.062558
vt 0.350204 0.596590
vt 0.345020 0.593890
vt 0.350313 0.588596
vt 0.355498 0.591296
vt 0.672098 0.381178
vt 0.677031 0.381178
vt 0.676639 0.381812
vt 0.672490 0.381812
vt 0.910693 0.545973
vt 0.915876 0.543273
vt 0.921169 0.548566
vt 0.915986 0.551266
vt 0.934938 0.049411
vt 0.929736 0.049411
vt 0.929736 0.044978
vt 0.934938 0.044978
vt 0.358332 0.594010
vt 0.354252 0.598090
vt 0.375255 0.051701
vt 0.380386 0.051701
vt 0.380386 0.054631
vt 0.375255 0.054631
vt 0.919924 0.541774
vt 0.924003 0.545853
vt 0.929736 0.039167
vt 0.934938 0.039167
vt 0.361545 0.601351
vt 0.359560 0.603335
vt 0.925231 0.536529
vt 0.927215 0.538513
vt 0.672490 0.317763
vt 0.676639 0.317763
vt 0.676639 0.328633
vt 0.672490 0.328633
vt 0.907700 0.559324
vt 0.903395 0.555019
vt 0.599999 0.294402
vt 0.603782 0.294402
vt 0.337721 0.584843
vt 0.342026 0.580537
vt 0.676639 0.338561
vt 0.672490 0.338561
vt 0.895698 0.566593
vt 0.892385 0.563281
vt 0.599999 0.281251
vt 0.603782 0.281251
vt 0.326709 0.576580
vt 0.330022 0.573267
vt 0.676639 0.348587
vt 0.672490 0.348587
vt 0.884437 0.574936
vt 0.881124 0.571624
vt 0.599999 0.268912
vt 0.603782 0.268912
vt 0.315447 0.568236
vt 0.318760 0.564923
vt 0.676639 0.367282
vt 0.672490 0.367282
vt 0.865872 0.589366
vt 0.863687 0.587182
vt 0.599999 0.248570
vt 0.603782 0.248570
vt 0.298007 0.552675
vt 0.300192 0.550490
vt 0.677031 0.375039
vt 0.672098 0.375039
vt 0.856300 0.596903
vt 0.853419 0.593637
vt 0.599999 0.238082
vt 0.603782 0.238082
vt 0.287738 0.546219
vt 0.290619 0.542953
vt 0.854588 0.599273
vt 0.853674 0.598745
vt 0.599999 0.236206
vt 0.603782 0.236206
vt 0.287993 0.541110
vt 0.288907 0.540582
vt 0.190591 0.004891
vt 0.195675 0.005391
vt 0.195491 0.010797
vt 0.190428 0.010299
vt 0.272962 0.080659
vt 0.277849 0.075772
vt 0.890877 0.088074
vt 0.885890 0.088565
vt 0.885730 0.084610
vt 0.890697 0.084121
vt 0.884219 0.337603
vt 0.879329 0.332713
vt 0.666624 0.133728
vt 0.667348 0.133657
vt 0.667328 0.134033
vt 0.666604 0.134104
vt 0.268109 0.077834
vt 0.272995 0.072947
vt 0.884929 0.079471
vt 0.889897 0.078982
vt 0.889076 0.334776
vt 0.884186 0.329885
vt 0.652439 0.314824
vt 0.657277 0.315300
vt 0.656199 0.323430
vt 0.651361 0.322953
vt 0.501513 0.112138
vt 0.496594 0.109275
vt 0.496636 0.102048
vt 0.498738 0.104150
vt 0.673305 0.164307
vt 0.668514 0.164779
vt 0.667802 0.157498
vt 0.672592 0.157026
vt 0.744142 0.059258
vt 0.739308 0.062072
vt 0.742035 0.054221
vt 0.744100 0.052156
vt 0.654592 0.329893
vt 0.651478 0.329586
vt 0.494834 0.097813
vt 0.497820 0.097799
vt 0.668040 0.153063
vt 0.671124 0.152759
vt 0.743101 0.047816
vt 0.746036 0.047830
vt 0.654653 0.330222
vt 0.651369 0.329899
vt 0.494737 0.097490
vt 0.497887 0.097475
vt 0.667916 0.152754
vt 0.671168 0.152434
vt 0.743019 0.047514
vt 0.746114 0.047529
vt 0.654706 0.331671
vt 0.651037 0.331310
vt 0.494364 0.096069
vt 0.497882 0.096052
vt 0.667552 0.151359
vt 0.671183 0.151002
vt 0.742988 0.046152
vt 0.746445 0.046168
vt 0.654261 0.332067
vt 0.651327 0.331779
vt 0.494753 0.095676
vt 0.497567 0.095662
vt 0.667907 0.150891
vt 0.670813 0.150605
vt 0.743366 0.045699
vt 0.746132 0.045712
vt 0.654604 0.332820
vt 0.650917 0.332457
vt 0.494360 0.094940
vt 0.497895 0.094923
vt 0.667430 0.150223
vt 0.671080 0.149864
vt 0.742973 0.045044
vt 0.746447 0.045061
vt 0.653292 0.337347
vt 0.650724 0.337094
vt 0.493369 0.090336
vt 0.494947 0.090474
vt 0.667419 0.145476
vt 0.669961 0.145225
vt 0.745977 0.040566
vt 0.747527 0.040430
vt 0.652448 0.342062
vt 0.650182 0.341838
vt 0.490684 0.086531
vt 0.492684 0.085842
vt 0.666921 0.141613
vt 0.669165 0.141392
vt 0.748229 0.035985
vt 0.750194 0.036662
vt 0.652254 0.343095
vt 0.650105 0.343104
vt 0.490680 0.085717
vt 0.492460 0.084826
vt 0.666888 0.140563
vt 0.669015 0.140572
vt 0.748567 0.034763
vt 0.750316 0.035638
vt 0.652358 0.344303
vt 0.649695 0.344041
vt 0.489887 0.084997
vt 0.491974 0.083639
vt 0.666498 0.140106
vt 0.669134 0.139846
vt 0.748889 0.033857
vt 0.750940 0.035192
vt 0.650481 0.349173
vt 0.649749 0.349101
vt 0.487271 0.079227
vt 0.487844 0.078854
vt 0.753131 0.028971
vt 0.753694 0.029338
vt 0.151895 0.081254
vt 0.146775 0.082043
vt 0.145728 0.080223
vt 0.150847 0.079433
vt 0.917047 0.528276
vt 0.918357 0.532889
vt 0.916237 0.533525
vt 0.914671 0.528989
vt 0.915727 0.535354
vt 0.917008 0.534970
vt 0.914420 0.541817
vt 0.909635 0.544915
vt 0.897865 0.551557
vt 0.898923 0.552615
vt 0.876674 0.565778
vt 0.877732 0.566836
vt 0.859646 0.581933
vt 0.860809 0.583096
vt 0.850485 0.591941
vt 0.852072 0.593528
vt 0.849012 0.591931
vt 0.849858 0.592776
vt 0.567291 0.419016
vt 0.565089 0.421639
vt 0.267957 0.087339
vt 0.269761 0.089875
vt 0.266699 0.091918
vt 0.265771 0.089526
vt 0.265679 0.087942
vt 0.262037 0.091584
vt 0.260825 0.085117
vt 0.257184 0.088759
vt 0.280041 0.008450
vt 0.280554 0.008500
vt 0.280554 0.009137
vt 0.280041 0.009087
vt 0.895153 0.348537
vt 0.891508 0.344892
vt 0.896366 0.342065
vt 0.900010 0.345710
vt 0.891415 0.346479
vt 0.889227 0.344291
vt 0.890408 0.348951
vt 0.887886 0.346365
vt 0.562939 0.421639
vt 0.560737 0.419016
vt 0.286390 0.546328
vt 0.284803 0.547915
vt 0.283330 0.547926
vt 0.284175 0.547080
vt 0.295129 0.556761
vt 0.293965 0.557925
vt 0.312054 0.573024
vt 0.310996 0.574082
vt 0.333248 0.587247
vt 0.332190 0.588305
vt 0.343961 0.594948
vt 0.348748 0.598046
vt 0.350892 0.603626
vt 0.349610 0.603242
vt 0.351950 0.604877
vt 0.349829 0.604241
vt 0.348264 0.608777
vt 0.350640 0.609490
vt 0.146947 0.082642
vt 0.152066 0.081852
vt 0.912296 0.529701
vt 0.914116 0.534161
vt 0.914445 0.535739
vt 0.912964 0.540361
vt 0.908577 0.543857
vt 0.896807 0.550499
vt 0.875616 0.564720
vt 0.858483 0.580769
vt 0.848898 0.590354
vt 0.848167 0.591085
vt 0.565089 0.422628
vt 0.567291 0.422028
vt 0.272313 0.087323
vt 0.270143 0.085153
vt 0.269321 0.084301
vt 0.264467 0.081476
vt 0.890530 0.006679
vt 0.891088 0.006734
vt 0.891088 0.007379
vt 0.890530 0.007325
vt 0.892721 0.338420
vt 0.887864 0.341248
vt 0.887038 0.342103
vt 0.885331 0.343810
vt 0.560737 0.422028
vt 0.562939 0.422628
vt 0.282484 0.548771
vt 0.283215 0.549502
vt 0.292802 0.559089
vt 0.309938 0.575141
vt 0.331131 0.589363
vt 0.342903 0.596006
vt 0.347291 0.599502
vt 0.348328 0.602857
vt 0.347708 0.603605
vt 0.345888 0.608065
vt 0.711304 0.005965
vt 0.711409 0.004896
vt 0.711982 0.004896
vt 0.711877 0.005965
vt 0.668621 0.386741
vt 0.673702 0.387241
vt 0.671949 0.387906
vt 0.670112 0.387725
vt 0.672450 0.004896
vt 0.676491 0.004896
vt 0.673559 0.006692
vt 0.672098 0.006692
vt 0.677003 0.010101
vt 0.673744 0.008574
vt 0.897275 0.341453
vt 0.898593 0.342770
vt 0.673367 0.388992
vt 0.668465 0.388510
vt 0.527796 0.024843
vt 0.529122 0.026169
vt 0.530438 0.028849
vt 0.527442 0.025853
vt 0.139842 0.083428
vt 0.138015 0.083608
vt 0.136376 0.081041
vt 0.141252 0.080561
vt 0.138015 0.085026
vt 0.136376 0.084246
vt 0.671007 0.400058
vt 0.667615 0.399724
vt 0.524779 0.038213
vt 0.522706 0.036140
vt 0.135531 0.070875
vt 0.138904 0.070543
vt 0.894326 0.077728
vt 0.891369 0.080685
vt 0.886558 0.070394
vt 0.888604 0.068348
vt 0.669889 0.406912
vt 0.666498 0.406578
vt 0.520595 0.044585
vt 0.518523 0.042512
vt 0.134420 0.064059
vt 0.137793 0.063727
vt 0.882428 0.064105
vt 0.884475 0.062058
vt 0.669035 0.408085
vt 0.667044 0.407889
vt 0.519505 0.044820
vt 0.518288 0.043603
vt 0.706790 0.008626
vt 0.707100 0.011768
vt 0.705885 0.011262
vt 0.705703 0.009418
vt 0.882070 0.062901
vt 0.883271 0.061700
vt 0.728107 0.007260
vt 0.728288 0.005418
vt 0.729483 0.004888
vt 0.729187 0.007888
vt 0.519727 0.046020
vt 0.517088 0.043380
vt 0.346653 0.031397
vt 0.344565 0.031603
vt 0.343854 0.030379
vt 0.347254 0.030044
vt 0.880999 0.063234
vt 0.883604 0.060628
vt 0.080560 0.042965
vt 0.083875 0.043291
vt 0.082840 0.049756
vt 0.079525 0.049430
vt 0.514920 0.050779
vt 0.513400 0.049258
vt 0.342792 0.025010
vt 0.346192 0.024675
vt 0.877358 0.057431
vt 0.878859 0.055930
vt 0.082258 0.054320
vt 0.078411 0.053942
vt 0.511378 0.055112
vt 0.509675 0.053409
vt 0.341650 0.020176
vt 0.345595 0.019788
vt 0.873728 0.053381
vt 0.875409 0.051700
vt 0.080979 0.054992
vt 0.079560 0.054852
vt 0.082258 0.056194
vt 0.080979 0.055946
vt 0.695104 0.018852
vt 0.695444 0.022304
vt 0.694627 0.021273
vt 0.694502 0.020000
vt 0.078411 0.055815
vt 0.079560 0.055806
vt 0.576884 0.026378
vt 0.577009 0.025111
vt 0.577816 0.024159
vt 0.577491 0.027457
vt 0.554503 0.004893
vt 0.555391 0.005781
vt 0.555351 0.006621
vt 0.553662 0.004933
vt 0.680765 0.018143
vt 0.679247 0.018292
vt 0.677956 0.017566
vt 0.681905 0.017177
vt 0.679247 0.019313
vt 0.677956 0.019507
vt 0.453913 0.019630
vt 0.457707 0.020004
vt 0.455709 0.025949
vt 0.453666 0.025748
vt 0.549969 0.011403
vt 0.548880 0.010315
vt 0.677699 0.011889
vt 0.679826 0.011680
vt 0.270467 0.072814
vt 0.268839 0.071187
vt 0.274177 0.066428
vt 0.275225 0.067477
vt 0.455270 0.026217
vt 0.454045 0.026096
vt 0.455709 0.027151
vt 0.455270 0.027109
vt 0.767545 0.023143
vt 0.767719 0.024915
vt 0.767417 0.024586
vt 0.767312 0.023524
vt 0.274481 0.066395
vt 0.275259 0.067173
vt 0.241399 0.045300
vt 0.242648 0.045423
vt 0.243124 0.045892
vt 0.240835 0.045667
vt 0.816576 0.009029
vt 0.815774 0.009831
vt 0.815361 0.009765
vt 0.816510 0.008616
vt 0.472399 0.049042
vt 0.471069 0.049173
vt 0.470469 0.048783
vt 0.472907 0.048543
vt 0.471069 0.050142
vt 0.470469 0.050171
vt 0.241370 0.050127
vt 0.240865 0.050077
vt 0.812119 0.005435
vt 0.812672 0.004882
vt 0.470500 0.044679
vt 0.471038 0.044626
vt 0.141127 0.021079
vt 0.140020 0.019972
vt 0.143866 0.016227
vt 0.144399 0.016760
vt 0.581899 0.162873
vt 0.586986 0.160632
vt 0.343722 0.611227
vt 0.342086 0.610737
vt 0.908495 0.527030
vt 0.910130 0.526540
vt 0.348630 0.612699
vt 0.346994 0.612209
vt 0.703544 0.107510
vt 0.698523 0.105298
vt 0.913402 0.525558
vt 0.915037 0.525068
vt 0.345358 0.611718
vt 0.911766 0.526049
vt 0.578625 0.153843
vt 0.583712 0.151602
vt 0.339283 0.619637
vt 0.337810 0.619196
vt 0.904219 0.518572
vt 0.905691 0.518131
vt 0.343701 0.620963
vt 0.342228 0.620521
vt 0.700509 0.116215
vt 0.695489 0.114004
vt 0.908637 0.517247
vt 0.910110 0.516805
vt 0.340755 0.620079
vt 0.907164 0.517689
vt 0.571211 0.131631
vt 0.576298 0.129390
vt 0.325264 0.640559
vt 0.323411 0.640003
vt 0.889822 0.497768
vt 0.891675 0.497212
vt 0.330824 0.642227
vt 0.328970 0.641671
vt 0.692733 0.138617
vt 0.687713 0.136405
vt 0.895381 0.496101
vt 0.897234 0.495545
vt 0.327117 0.641115
vt 0.893528 0.496656
vt 0.560082 0.097630
vt 0.565169 0.095389
vt 0.302022 0.672453
vt 0.300026 0.671855
vt 0.866440 0.465921
vt 0.868436 0.465323
vt 0.308011 0.674250
vt 0.306015 0.673651
vt 0.681577 0.172354
vt 0.676557 0.170142
vt 0.872428 0.464125
vt 0.874424 0.463526
vt 0.304018 0.673052
vt 0.870432 0.464724
vt 0.913062 0.054727
vt 0.907833 0.053920
vt 0.907333 0.047467
vt 0.912562 0.048273
vt 0.297264 0.675883
vt 0.294145 0.674947
vt 0.860561 0.462829
vt 0.863679 0.461893
vt 0.306621 0.678689
vt 0.303502 0.677754
vt 0.679743 0.177031
vt 0.674722 0.174819
vt 0.869916 0.460023
vt 0.873035 0.459087
vt 0.300383 0.676819
vt 0.866797 0.460958
vt 0.939393 0.307757
vt 0.934396 0.309959
vt 0.933145 0.306250
vt 0.938143 0.304048
vt 0.295307 0.679543
vt 0.291775 0.678484
vt 0.858191 0.459293
vt 0.861722 0.458234
vt 0.305902 0.682721
vt 0.302370 0.681662
vt 0.677988 0.181278
vt 0.672968 0.179067
vt 0.868784 0.456115
vt 0.872316 0.455056
vt 0.298839 0.680603
vt 0.865253 0.457174
vt 0.930970 0.301942
vt 0.935967 0.299740
vt 0.295934 0.683324
vt 0.293492 0.682592
vt 0.859908 0.455186
vt 0.862349 0.454454
vt 0.303257 0.685521
vt 0.300816 0.684788
vt 0.677119 0.184228
vt 0.672098 0.182016
vt 0.867231 0.452989
vt 0.869671 0.452257
vt 0.298375 0.684056
vt 0.864790 0.453721
vt 0.929736 0.299746
vt 0.934734 0.297544
vt 0.297640 0.684325
vt 0.295137 0.684685
vt 0.861552 0.453092
vt 0.864055 0.453453
vt 0.300449 0.686279
vt 0.298754 0.684659
vt 0.145621 0.077205
vt 0.150741 0.076416
vt 0.865169 0.453119
vt 0.866863 0.451499
vt 0.298197 0.684492
vt 0.864612 0.453286
vt 0.668621 0.382797
vt 0.673702 0.383297
vt 0.672143 0.383749
vt 0.669956 0.383534
vt 0.672143 0.385447
vt 0.669956 0.385231
vt 0.893402 0.337786
vt 0.894970 0.339354
vt 0.671945 0.385011
vt 0.669758 0.384796
vt 0.805439 0.004872
vt 0.806988 0.006422
vt 0.807806 0.009353
vt 0.804754 0.006024
vt 0.797559 0.007873
vt 0.795528 0.008073
vt 0.795316 0.005090
vt 0.797347 0.004890
vt 0.894568 0.337092
vt 0.897937 0.340181
vt 0.586669 0.397535
vt 0.588944 0.397759
vt 0.588419 0.400816
vt 0.586145 0.400593
vt 0.804969 0.010917
vt 0.802759 0.008707
vt 0.482858 0.325069
vt 0.480456 0.325305
vt 0.479934 0.321892
vt 0.482337 0.321655
vt 0.897283 0.335074
vt 0.899520 0.337310
vt 0.587258 0.408112
vt 0.584983 0.407888
vt 0.800285 0.016590
vt 0.798804 0.015110
vt 0.478708 0.316254
vt 0.481110 0.316018
vt 0.903763 0.331071
vt 0.905262 0.332570
vt 0.585854 0.415071
vt 0.583579 0.414847
vt 0.794900 0.023723
vt 0.792394 0.021217
vt 0.477225 0.309774
vt 0.479627 0.309538
vt 0.909944 0.324584
vt 0.912480 0.327120
vt 0.585722 0.418341
vt 0.582485 0.418022
vt 0.792031 0.026401
vt 0.789716 0.024086
vt 0.476070 0.306421
vt 0.479488 0.306085
vt 0.912763 0.321957
vt 0.915107 0.324300
vt 0.584467 0.419341
vt 0.583591 0.419254
vt 0.585722 0.420979
vt 0.584467 0.420505
vt 0.477238 0.305120
vt 0.478162 0.305029
vt 0.913858 0.322171
vt 0.914893 0.323206
vt 0.750510 0.006204
vt 0.750587 0.005424
vt 0.752025 0.004869
vt 0.751819 0.006957
vt 0.386151 0.005191
vt 0.387180 0.006220
vt 0.387479 0.007643
vt 0.384728 0.004892
vt 0.827632 0.077751
vt 0.826722 0.077841
vt 0.825845 0.076315
vt 0.828279 0.076075
vt 0.913428 0.320867
vt 0.916197 0.323636
vt 0.282427 0.063495
vt 0.284729 0.063722
vt 0.283484 0.071171
vt 0.281182 0.070944
vt 0.381975 0.013500
vt 0.380058 0.011583
vt 0.824528 0.069417
vt 0.826962 0.069177
vt 0.920162 0.316167
vt 0.922091 0.318096
vt 0.282342 0.077419
vt 0.280041 0.077193
vt 0.376363 0.018303
vt 0.375255 0.017195
vt 0.823321 0.063761
vt 0.825755 0.063521
vt 0.925809 0.311334
vt 0.926924 0.312448
vt 0.281743 0.077920
vt 0.280538 0.077801
vt 0.282342 0.078653
vt 0.281743 0.078566
vt 0.862973 0.020914
vt 0.863175 0.022968
vt 0.862632 0.022525
vt 0.862526 0.021450
vt 0.926359 0.311315
vt 0.926943 0.311898
vt 0.683300 0.022776
vt 0.683406 0.021698
vt 0.684084 0.021103
vt 0.683851 0.023476
vt 0.297160 0.047402
vt 0.296573 0.047989
vt 0.295884 0.048005
vt 0.297175 0.046714
vt 0.036686 0.051588
vt 0.035403 0.051714
vt 0.034570 0.051059
vt 0.037392 0.050781
vt 0.035403 0.052402
vt 0.034570 0.052571
vt 0.796256 0.039187
vt 0.799003 0.039457
vt 0.797124 0.046824
vt 0.795316 0.046646
vt 0.289866 0.041545
vt 0.290715 0.040695
vt 0.033605 0.043914
vt 0.035462 0.043731
vt 0.886201 0.024807
vt 0.884929 0.023535
vt 0.891375 0.017525
vt 0.892212 0.018362
vt 0.796864 0.047156
vt 0.795482 0.047020
vt 0.289775 0.041254
vt 0.290424 0.040605
vt 0.101108 0.020548
vt 0.101266 0.022149
vt 0.100935 0.022002
vt 0.100815 0.020778
vt 0.891698 0.017399
vt 0.892337 0.018039
vt 0.672969 0.039154
vt 0.674332 0.039288
vt 0.674627 0.039814
vt 0.672556 0.039610
vt 0.289308 0.041124
vt 0.290294 0.040137
vt 0.909809 0.035400
vt 0.908298 0.035548
vt 0.907840 0.035043
vt 0.910135 0.034817
vt 0.891765 0.017000
vt 0.892737 0.017972
vt 0.673126 0.044977
vt 0.672098 0.044876
vt 0.285642 0.036037
vt 0.286131 0.035548
vt 0.907333 0.030358
vt 0.908472 0.030246
vt 0.895957 0.012388
vt 0.896439 0.012870
vt 0.871292 0.004894
vt 0.876710 0.005427
vt 0.875430 0.006947
vt 0.872184 0.006627
vt 0.264611 0.079812
vt 0.266793 0.077630
vt 0.231277 0.026432
vt 0.231733 0.031065
vt 0.229907 0.030302
vt 0.229634 0.027526
vt 0.890579 0.334386
vt 0.892763 0.336570
vt 0.875170 0.007925
vt 0.871925 0.007606
vt 0.262260 0.079877
vt 0.265945 0.076192
vt 0.446689 0.060598
vt 0.443335 0.060928
vt 0.443067 0.058123
vt 0.446421 0.057793
vt 0.891427 0.332947
vt 0.895115 0.336635
vt 0.873530 0.017544
vt 0.870284 0.017225
vt 0.255936 0.071768
vt 0.257615 0.070089
vt 0.441371 0.050576
vt 0.444726 0.050246
vt 0.899764 0.326840
vt 0.901444 0.328520
vt 0.871931 0.024651
vt 0.868685 0.024332
vt 0.248886 0.064750
vt 0.251460 0.062175
vt 0.439719 0.042164
vt 0.443073 0.041834
vt 0.905923 0.318919
vt 0.908500 0.321496
vt 0.871373 0.027843
vt 0.868127 0.027524
vt 0.246865 0.061860
vt 0.248696 0.060028
vt 0.439142 0.039752
vt 0.442496 0.039422
vt 0.908690 0.316771
vt 0.910523 0.318603
vt 0.386457 0.011449
vt 0.386730 0.008672
vt 0.387627 0.009015
vt 0.387402 0.011294
vt 0.246011 0.061793
vt 0.248684 0.059121
vt 0.439329 0.038674
vt 0.442082 0.038403
vt 0.908752 0.315813
vt 0.911427 0.318487
vt 0.797748 0.023107
vt 0.800464 0.023375
vt 0.799046 0.028718
vt 0.797181 0.028535
vt 0.242310 0.056998
vt 0.244144 0.055163
vt 0.438755 0.034173
vt 0.440644 0.033987
vt 0.913366 0.311781
vt 0.915202 0.313617
vt 0.797569 0.036598
vt 0.795316 0.036376
vt 0.235234 0.049619
vt 0.237451 0.047403
vt 0.436864 0.025769
vt 0.439147 0.025544
vt 0.920033 0.304047
vt 0.922251 0.306265
vt 0.796763 0.037752
vt 0.795973 0.037674
vt 0.797569 0.039207
vt 0.796763 0.038668
vt 0.925136 0.013727
vt 0.925329 0.015682
vt 0.924203 0.015112
vt 0.924135 0.014426
vt 0.921136 0.304383
vt 0.921915 0.305162
vt 0.224033 0.009943
vt 0.224098 0.009280
vt 0.225480 0.008929
vt 0.225320 0.010552
vt 0.282674 0.021441
vt 0.281902 0.022214
vt 0.280762 0.021943
vt 0.282652 0.020052
vt 0.506889 0.079971
vt 0.506104 0.080048
vt 0.505384 0.078818
vt 0.507305 0.078629
vt 0.921062 0.303079
vt 0.922968 0.304984
vt 0.090904 0.077279
vt 0.092797 0.077465
vt 0.091101 0.085266
vt 0.089613 0.085119
vt 0.274440 0.015217
vt 0.275927 0.013730
vt 0.504074 0.071338
vt 0.505584 0.071189
vt 0.927876 0.296672
vt 0.929374 0.298171
vt 0.090645 0.085916
vt 0.089987 0.085851
vt 0.091101 0.086990
vt 0.090645 0.086677
vt 0.403837 0.011681
vt 0.403967 0.013004
vt 0.403317 0.012671
vt 0.403259 0.012087
vt 0.928512 0.296873
vt 0.929174 0.297535
vt 0.169053 0.059083
vt 0.169736 0.059150
vt 0.169999 0.059918
vt 0.168652 0.059785
vt 0.430863 0.009419
vt 0.430203 0.010078
vt 0.429563 0.010079
vt 0.430863 0.008779
vt 0.130530 0.061829
vt 0.129847 0.061896
vt 0.129447 0.061194
vt 0.130793 0.061061
vt 0.928457 0.296285
vt 0.929761 0.297590
vt 0.168591 0.064598
vt 0.168025 0.064542
vt 0.425662 0.005425
vt 0.426209 0.004878
vt 0.128819 0.056437
vt 0.129385 0.056381
vt 0.933191 0.292307
vt 0.933740 0.292856
vt 0.179226 0.032828
vt 0.184076 0.033305
vt 0.182920 0.036918
vt 0.179955 0.036626
vt 0.267274 0.076747
vt 0.269501 0.074521
vt 0.629455 0.039133
vt 0.629987 0.044544
vt 0.628818 0.043731
vt 0.628492 0.040422
vt 0.887863 0.331280
vt 0.890091 0.333509
vt 0.574857 0.405108
vt 0.577901 0.405407
vt 0.578115 0.406512
vt 0.574334 0.406140
vt 0.266233 0.076245
vt 0.268999 0.073480
vt 0.627696 0.044298
vt 0.627292 0.040190
vt 0.888297 0.330307
vt 0.891065 0.333075
vt 0.576963 0.413148
vt 0.573182 0.412776
vt 0.262693 0.068757
vt 0.264222 0.067227
vt 0.225303 0.122686
vt 0.221500 0.123060
vt 0.220342 0.115067
vt 0.224144 0.114693
vt 0.893077 0.324049
vt 0.894608 0.325580
vt 0.575360 0.423837
vt 0.571579 0.423465
vt 0.256318 0.059784
vt 0.258948 0.057154
vt 0.218729 0.105490
vt 0.222532 0.105116
vt 0.898356 0.313968
vt 0.900988 0.316600
vt 0.575064 0.426275
vt 0.571284 0.425903
vt 0.254994 0.058277
vt 0.258414 0.054857
vt 0.218432 0.103882
vt 0.222234 0.103507
vt 0.898890 0.311669
vt 0.902313 0.315092
vt 0.649695 0.017183
vt 0.650041 0.013665
vt 0.652158 0.015014
vt 0.652033 0.016288
vt 0.255032 0.056133
vt 0.256271 0.054895
vt 0.219400 0.101355
vt 0.220777 0.101219
vt 0.901259 0.311483
vt 0.902499 0.312723
vt 0.834522 0.006359
vt 0.834652 0.005041
vt 0.836217 0.004889
vt 0.836039 0.006700
vt 0.254013 0.056167
vt 0.256818 0.053362
vt 0.887116 0.009619
vt 0.885729 0.009755
vt 0.885370 0.008710
vt 0.887277 0.008523
vt 0.900663 0.309997
vt 0.903471 0.312804
vt 0.108747 0.068087
vt 0.110884 0.068297
vt 0.110391 0.070463
vt 0.108254 0.070253
vt 0.251654 0.054369
vt 0.255020 0.051003
vt 0.884929 0.006173
vt 0.886837 0.005985
vt 0.902463 0.307636
vt 0.905832 0.311005
vt 0.109595 0.074740
vt 0.107459 0.074530
vt 0.249693 0.049622
vt 0.251471 0.047844
vt 0.569185 0.084322
vt 0.567303 0.084507
vt 0.566602 0.079469
vt 0.568484 0.079284
vt 0.906015 0.304474
vt 0.907795 0.306254
vt 0.108552 0.079310
vt 0.106416 0.079099
vt 0.245941 0.044576
vt 0.247678 0.042840
vt 0.565683 0.074113
vt 0.567565 0.073928
vt 0.909811 0.299466
vt 0.911549 0.301204
vt 0.108045 0.080205
vt 0.106709 0.080074
vt 0.245849 0.043833
vt 0.246935 0.042747
vt 0.565941 0.073255
vt 0.567118 0.073139
vt 0.910621 0.299308
vt 0.911707 0.300395
vt 0.896131 0.011536
vt 0.896239 0.010441
vt 0.897274 0.010051
vt 0.897070 0.012126
vt 0.244800 0.043757
vt 0.246858 0.041699
vt 0.185862 0.010365
vt 0.185970 0.011460
vt 0.185031 0.012050
vt 0.184827 0.009975
vt 0.910599 0.298357
vt 0.912659 0.300416
vt 0.000000 0.004896
vt 0.000000 0.000001
vt 0.000000 0.000001
vt 0.000000 0.004896
vt 0.001224 0.000001
vt 0.001224 0.000001
vt 0.001224 0.004896
vt 0.001224 0.004896
vt 0.588866 0.055843
vt 0.591339 0.056086
vt 0.589568 0.062339
vt 0.588086 0.062194
vt 0.872286 0.043509
vt 0.870231 0.045564
vt 0.865751 0.039132
vt 0.866982 0.037901
vt 0.518273 0.073043
vt 0.515994 0.073268
vt 0.515275 0.066191
vt 0.516640 0.066056
vt 0.455706 0.035705
vt 0.453666 0.033665
vt 0.459014 0.028015
vt 0.460236 0.029237
vt 0.589183 0.062969
vt 0.588332 0.062885
vt 0.865741 0.038598
vt 0.866448 0.037890
vt 0.515502 0.065554
vt 0.516286 0.065476
vt 0.459597 0.027952
vt 0.460299 0.028654
vt 0.852127 0.052929
vt 0.852937 0.053009
vt 0.853202 0.053755
vt 0.851712 0.053608
vt 0.865075 0.038526
vt 0.866376 0.037225
vt 0.634756 0.020960
vt 0.633820 0.021053
vt 0.633340 0.020268
vt 0.635062 0.020098
vt 0.459608 0.027351
vt 0.460900 0.028643
vt 0.852087 0.057745
vt 0.851325 0.057670
vt 0.862526 0.034334
vt 0.863191 0.033668
vt 0.632893 0.016880
vt 0.633773 0.016794
vt 0.462834 0.023757
vt 0.463494 0.024417
vt 0.194431 0.011673
vt 0.191194 0.011355
vt 0.184857 0.028288
vt 0.183342 0.031916
vt 0.183841 0.028709
vt 0.180242 0.031611
vt 0.879903 0.331734
vt 0.883008 0.329926
vt 0.301294 0.052014
vt 0.300967 0.048693
vt 0.302218 0.047605
vt 0.302729 0.052800
vt 0.500368 0.112047
vt 0.497224 0.110217
vt 0.297532 0.049228
vt 0.297859 0.052548
vt 0.297355 0.053636
vt 0.296843 0.048442
vn -0.121862 -0.970095 0.209916
vn -0.051422 -0.769593 0.636461
vn -0.856544 -0.093038 0.507619
vn -0.906148 -0.139764 0.399201
vn -0.588682 0.799614 -0.118624
vn -0.513641 0.844373 0.152342
vn 0.226205 0.958486 -0.173596
vn 0.089698 0.904247 -0.417483
vn 0.906149 0.139763 -0.399201
vn 0.940893 0.184198 -0.284239
vn 0.688417 -0.655480 0.310528
vn 0.475848 -0.877905 -0.053404
vn -0.787982 -0.426827 -0.443737
vn 0.761247 -0.579350 -0.291302
vn 0.765859 0.124139 0.630911
vn -0.834626 0.281658 0.473358
vn -0.109573 -0.414549 -0.903406
vn -0.478220 -0.471412 -0.740997
vn -0.572815 -0.020486 -0.819429
vn -0.219776 0.033978 -0.974958
vn 0.976697 -0.116054 -0.180542
vn -0.045483 -0.428015 0.902626
vn 0.876412 0.346753 -0.334161
vn -0.183945 0.914338 0.360765
vn 0.249195 0.952432 0.175431
vn -0.779694 -0.100994 0.617962
vn 0.434139 -0.595412 -0.676023
vn -0.362098 -0.648712 -0.669372
vn 0.977826 0.084990 -0.191399
vn -0.956952 0.274981 -0.092885
vn 0.973678 0.148669 -0.172766
vn -0.979394 -0.128252 0.156010
vn 0.429272 -0.550104 -0.716317
vn -0.429271 -0.550105 -0.716317
vn 0.999230 -0.027749 0.027749
vn 0.823295 0.279943 0.493779
vn -0.823295 0.279943 0.493778
vn -0.888409 0.247818 0.386414
vn 0.888409 0.247818 0.386414
vn -0.999230 -0.027749 0.027749
vn 0.396764 -0.490925 -0.775610
vn -0.396764 -0.490925 -0.775610
vn 1.000000 0.000000 0.000000
vn 0.986154 -0.088172 0.140447
vn -0.986154 -0.088172 0.140447
vn -0.382066 0.494248 0.780861
vn 0.382067 0.494248 0.780861
vn -1.000000 -0.000001 0.000000
vn 0.386691 -0.567215 -0.727144
vn -0.386691 -0.567215 -0.727144
vn 1.000000 -0.000000 0.000000
vn -0.422277 0.566160 0.707916
vn 0.422277 0.566160 0.707916
vn -1.000000 0.000000 0.000000
vn 0.445043 -0.593409 -0.670673
vn -0.445044 -0.593409 -0.670673
vn 1.000000 -0.000000 0.000000
vn -0.454185 0.642264 0.617424
vn 0.454186 0.642264 0.617424
vn -1.000000 0.000000 0.000000
vn 0.462162 -0.636379 -0.617599
vn -0.462162 -0.636379 -0.617598
vn 0.998787 -0.034822 0.034822
vn -0.462165 0.617593 0.636382
vn 0.462165 0.617593 0.636383
vn -0.998787 -0.034823 0.034822
vn 0.258464 0.450152 -0.854728
vn -0.258465 0.450151 -0.854728
vn 0.744578 0.472027 -0.472011
vn -0.150355 0.903594 -0.401138
vn 0.308993 0.895284 -0.320920
vn -0.744578 0.472027 -0.472010
vn 0.499539 -0.231927 -0.834668
vn -0.313166 -0.257274 -0.914187
vn 1.000000 -0.000488 0.000490
vn -0.322943 0.932327 0.162708
vn 0.487535 0.829976 0.271014
vn -0.847985 0.374782 -0.374779
vn 0.707835 -0.146296 -0.691062
vn -0.478217 0.125343 -0.869251
vn 0.946912 -0.227329 0.227329
vn -0.578647 0.812916 0.065839
vn 0.725671 0.627060 0.283192
vn -0.985007 0.121987 -0.121987
vn 0.645958 -0.311662 -0.696854
vn -0.645958 -0.311661 -0.696854
vn -0.663129 0.742099 0.097720
vn 0.663129 0.742099 0.097720
vn -0.471628 -0.864890 0.171853
vn 0.471627 -0.864890 0.171853
vn 0.584622 0.461346 0.667366
vn -0.584621 0.461346 0.667366
vn -0.764566 -0.376933 -0.522839
vn 0.764566 -0.376933 -0.522839
vn -0.667999 0.637718 0.383527
vn 0.667999 0.637718 0.383527
vn 0.883175 -0.322223 -0.340843
vn -0.883175 -0.322223 -0.340843
vn 0.849392 0.318126 0.421105
vn -0.849392 0.318126 0.421105
vn 0.820835 -0.341410 -0.457895
vn -0.820836 -0.341410 -0.457895
vn 0.829193 0.311484 0.464130
vn -0.829193 0.311485 0.464130
vn 0.764273 -0.412708 -0.495539
vn -0.764272 -0.412709 -0.495540
vn 0.766340 0.389877 0.510607
vn -0.766339 0.389877 0.510607
vn 0.743343 -0.411555 -0.527317
vn -0.743343 -0.411556 -0.527317
vn 0.744165 0.413051 0.524983
vn -0.744165 0.413051 0.524984
vn 0.615641 -0.604864 -0.505099
vn -0.615641 -0.604865 -0.505099
vn 0.713567 0.474328 0.515592
vn -0.713567 0.474328 0.515592
vn 0.829082 0.208057 -0.518975
vn -0.656909 0.354465 -0.665451
vn 0.990357 -0.097961 0.097962
vn -0.559934 0.828432 0.013239
vn 0.696183 0.704660 0.137052
vn -0.990686 0.096282 -0.096281
vn -0.670015 -0.512194 -0.537344
vn 0.649434 -0.642046 -0.407447
vn 0.608520 0.132434 0.782410
vn -0.710881 0.262304 0.652568
vn 0.965645 -0.175927 0.191259
vn 0.884900 -0.430279 0.178357
vn -0.661105 0.555146 0.504731
vn 0.645709 0.426527 0.633352
vn -0.999844 0.017526 -0.002195
vn -0.968796 -0.247826 -0.004094
vn -0.216518 -0.200482 -0.955472
vn 0.354067 -0.256642 -0.899317
vn 0.621261 -0.288257 -0.728658
vn -0.512596 -0.176659 -0.840260
vn 0.577750 -0.000078 0.816214
vn 0.482808 -0.002754 0.875722
vn -0.713418 0.127002 0.689134
vn -0.634098 0.107177 0.765789
vn 0.496895 -0.231125 -0.836466
vn -0.361108 -0.146678 -0.920916
vn 0.383998 0.278263 0.880406
vn -0.485679 0.363859 0.794810
vn 0.745483 0.060473 -0.663775
vn -0.577242 0.190653 -0.794004
vn 0.643770 0.213993 0.734688
vn -0.719842 0.348203 0.600485
vn 0.768990 -0.178107 -0.613949
vn -0.655620 -0.037879 -0.754140
vn 0.595726 -0.033003 0.802509
vn -0.734432 0.097925 0.671581
vn 0.755709 -0.088330 -0.648923
vn -0.618735 0.046944 -0.784196
vn 0.615390 -0.081419 0.784007
vn -0.759125 0.053853 0.648713
vn 0.499805 -0.465514 -0.730406
vn -0.429666 -0.374028 -0.821882
vn 0.636530 0.082399 0.766838
vn -0.744489 0.218332 0.630926
vn 0.591260 -0.516664 -0.619249
vn -0.548999 -0.404421 -0.731467
vn 0.582294 0.190761 0.790281
vn -0.675905 0.314615 0.666461
vn 0.615324 -0.414260 -0.670645
vn -0.560492 -0.293973 -0.774228
vn 0.499797 0.367053 0.784522
vn -0.581551 0.465010 0.667505
vn 0.635334 -0.243133 -0.732964
vn -0.511586 -0.138393 -0.848014
vn 0.763692 0.283293 0.580103
vn -0.773346 0.478007 0.416467
vn 0.685442 -0.547461 -0.480058
vn -0.660262 -0.423244 -0.620419
vn 0.654625 0.232990 0.719153
vn -0.711730 0.369182 0.597616
vn -0.029513 -0.630462 -0.775659
vn -0.382548 -0.684914 -0.620121
vn -0.533049 -0.279971 -0.798420
vn -0.164409 -0.223116 -0.960827
vn 0.940893 0.184197 -0.284240
vn 0.906148 0.139764 -0.399202
vn 0.907539 0.301076 -0.292789
vn 0.973349 0.117960 -0.196668
vn 0.999230 -0.027749 0.027749
vn 1.000000 -0.000000 0.000000
vn 1.000000 0.000000 0.000000
vn 1.000000 0.000000 0.000000
vn 0.998787 -0.034821 0.034822
vn 0.725369 0.515561 -0.456110
vn 0.993327 0.115289 0.003228
vn 0.950251 -0.210782 0.229336
vn 0.990356 -0.097969 0.097968
vn 0.934136 -0.241930 0.262412
vn -0.673191 -0.555174 -0.488462
vn 0.634767 -0.683877 -0.359700
vn 0.638403 0.269747 0.720887
vn -0.701348 0.401530 0.588970
vn -0.990690 0.096264 -0.096264
vn -0.996019 -0.051953 0.072433
vn -0.988454 0.090079 -0.121838
vn -0.867876 0.313443 -0.385415
vn -0.753189 0.456939 -0.473195
vn -0.998787 -0.034820 0.034822
vn -1.000000 0.000000 0.000000
vn -1.000000 0.000000 0.000000
vn -1.000000 0.000000 0.000000
vn -0.999230 -0.027749 0.027749
vn -0.973122 -0.152777 0.172317
vn -0.875882 -0.150867 0.458333
vn -0.856543 -0.093037 0.507620
vn -0.906148 -0.139765 0.399201
vn -0.543789 -0.380113 -0.748203
vn -0.095854 -0.311026 -0.945555
vn 0.906148 0.139765 -0.399201
vn 0.940893 0.184199 -0.284238
vn 0.895578 0.319563 -0.309547
vn 0.975357 0.104172 -0.194490
vn 0.999230 -0.027749 0.027749
vn 1.000000 -0.000000 0.000000
vn 1.000000 0.000000 0.000000
vn 1.000000 0.000000 0.000000
vn 0.998787 -0.034820 0.034819
vn 0.744553 0.472039 -0.472038
vn 1.000000 -0.000485 0.000489
vn 0.946267 -0.228669 0.228670
vn 0.990356 -0.097969 0.097969
vn 0.953123 -0.186039 0.238633
vn -0.858390 -0.368597 -0.356794
vn 0.823541 -0.534076 -0.191163
vn 0.823514 0.191207 0.534102
vn -0.858434 0.356743 0.368545
vn -0.998899 0.006086 0.046509
vn -0.990690 0.096264 -0.096263
vn -0.984899 0.122420 -0.122420
vn -0.847983 0.374786 -0.374782
vn -0.744556 0.472038 -0.472035
vn -0.998787 -0.034821 0.034819
vn -1.000000 0.000000 0.000000
vn -1.000000 0.000000 0.000000
vn -1.000000 -0.000000 0.000000
vn -0.999230 -0.027749 0.027749
vn -0.975723 -0.143036 0.165849
vn -0.842202 -0.132053 0.522741
vn -0.856544 -0.093038 0.507618
vn -0.906148 -0.139764 0.399201
vn -0.572577 -0.566093 -0.593038
vn 0.556002 -0.677181 -0.481963
vn 0.568256 0.328585 0.754398
vn -0.628834 0.446423 0.636611
vn 0.380171 -0.913701 -0.143598
vn -0.514452 -0.825642 -0.231633
vn 0.732152 0.154544 0.663377
vn -0.802559 0.305625 0.512340
vn 0.571903 -0.753362 -0.324612
vn -0.632957 -0.634775 -0.443200
vn 0.738254 0.559798 0.376306
vn -0.674764 0.698868 0.237227
vn 0.639672 -0.726193 -0.251919
vn -0.706947 -0.593647 -0.384459
vn 0.656263 0.573274 0.490587
vn -0.615352 0.698430 0.365428
vn 0.673622 -0.682634 -0.283275
vn -0.725131 -0.544964 -0.420950
vn 0.634115 0.544319 0.549196
vn -0.610943 0.666870 0.426655
vn 0.729536 -0.381113 -0.567917
vn -0.682473 -0.272437 -0.678240
vn 0.729522 0.567964 0.381069
vn -0.682472 0.678241 0.272435
vn 0.617340 -0.660854 -0.426806
vn -0.637770 -0.539055 -0.550153
vn 0.691860 0.498410 0.522414
vn -0.669149 0.632352 0.390347
vn 0.641328 -0.658727 -0.393418
vn -0.668197 -0.529824 -0.522301
vn 0.646957 0.507215 0.569367
vn -0.634350 0.633336 0.443266
vn 0.578261 -0.691995 -0.432154
vn -0.606466 -0.575384 -0.548755
vn 0.561387 0.539500 0.627522
vn -0.557021 0.649591 0.517455
vn 0.491130 -0.731696 -0.472665
vn -0.522485 -0.631881 -0.572482
vn 0.491177 0.472647 0.731676
vn -0.522472 0.572463 0.631910
vn 0.603513 -0.637365 -0.479102
vn -0.611149 -0.517807 -0.598643
vn 0.603503 0.479116 0.637364
vn -0.611117 0.598663 0.517820
vn 0.555880 -0.714722 -0.424463
vn -0.590855 -0.601830 -0.537299
vn 0.555898 0.424460 0.714711
vn -0.590826 0.537317 0.601843
vn 0.592136 -0.460082 -0.661588
vn -0.530472 -0.349434 -0.772331
vn 0.592227 0.661521 0.460062
vn -0.530583 0.772178 0.349605
vn 0.716723 -0.583498 -0.381889
vn -0.728408 -0.441287 -0.524106
vn 0.673364 0.346308 0.653186
vn -0.707101 0.482109 0.517281
vn -0.128857 -0.944613 0.301832
vn 0.540383 -0.841390 0.006999
vn -0.906148 -0.139764 0.399202
vn 0.906148 0.139763 -0.399201
vn -0.582790 0.769002 -0.262664
vn -0.906148 -0.139764 0.399202
vn -0.010542 0.857265 -0.514768
vn 0.906148 0.139763 -0.399202
vn -0.906148 -0.139764 0.399202
vn 0.906148 0.139764 -0.399201
vn -0.006273 -0.841997 0.539446
vn 0.607575 -0.747318 0.269016
vn -0.906148 -0.139764 0.399202
vn 0.906148 0.139764 -0.399202
vn -0.570955 0.775565 -0.269276
vn -0.906147 -0.139765 0.399202
vn -0.024586 0.859836 -0.509978
vn 0.906147 0.139764 -0.399203
vn -0.906148 -0.139763 0.399201
vn 0.906147 0.139765 -0.399203
vn -0.012019 -0.810548 0.585549
vn 0.636650 -0.710499 0.299780
vn -0.906147 -0.139764 0.399203
vn 0.906150 0.139759 -0.399200
vn -0.603821 0.741353 -0.292910
vn -0.906147 -0.139765 0.399202
vn -0.011906 0.832647 -0.553676
vn 0.906148 0.139764 -0.399203
vn -0.906151 -0.139758 0.399198
vn 0.906147 0.139765 -0.399203
vn 0.022478 -0.769893 0.637777
vn 0.641980 -0.674343 0.364861
vn -0.906147 -0.139768 0.399203
vn 0.906150 0.139758 -0.399199
vn -0.671729 0.701388 -0.238399
vn -0.906148 -0.139763 0.399201
vn 0.081262 0.817528 -0.570127
vn 0.906148 0.139765 -0.399202
vn -0.906152 -0.139756 0.399196
vn 0.906149 0.139762 -0.399201
vn -0.006307 -0.625593 0.780124
vn 0.726904 -0.512503 0.457112
vn -0.906148 -0.139765 0.399200
vn 0.906146 0.139770 -0.399205
vn -0.661659 0.745474 0.080475
vn -0.906146 -0.139767 0.399204
vn 0.294316 0.892924 -0.340683
vn 0.906149 0.139757 -0.399203
vn -0.906151 -0.139764 0.399195
vn 0.906149 0.139760 -0.399200
vn -0.229501 -0.956562 0.179773
vn 0.519730 -0.841007 -0.150293
vn -0.906148 -0.139759 0.399204
vn 0.906148 0.139766 -0.399202
vn -0.680675 0.724498 -0.108555
vn -0.906145 -0.139766 0.399208
vn 0.175091 0.856488 -0.485564
vn 0.906148 0.139763 -0.399201
vn -0.906145 -0.139766 0.399208
vn 0.906150 0.139765 -0.399196
vn -0.434560 -0.867409 -0.242404
vn 0.323415 -0.750502 -0.576324
vn -0.906148 -0.139759 0.399204
vn 0.906151 0.139764 -0.399194
vn -0.754184 0.426301 -0.499474
vn -0.906146 -0.139769 0.399205
vn 0.015011 0.544945 -0.838338
vn 0.906147 0.139767 -0.399202
vn -0.906144 -0.139771 0.399208
vn 0.906151 0.139767 -0.399193
vn 0.517185 -0.855792 -0.011858
vn -0.660500 -0.739874 -0.127770
vn 0.492374 -0.361258 0.791871
vn -0.696311 -0.244259 0.674899
vn 0.843761 -0.495862 -0.205397
vn -0.867777 -0.327406 -0.373856
vn 0.789589 0.509765 0.341597
vn -0.727105 0.659049 0.192280
vn 0.781092 -0.573053 -0.248005
vn -0.814172 -0.416036 -0.405016
vn 0.845721 0.276084 0.456655
vn -0.848439 0.442836 0.289910
vn 0.806805 -0.518058 -0.284044
vn -0.821325 -0.357813 -0.444291
vn 0.810312 0.382937 0.443569
vn -0.791216 0.540569 0.285941
vn 0.798004 -0.478288 -0.366648
vn -0.789234 -0.322060 -0.522865
vn 0.788068 0.412578 0.456868
vn -0.766662 0.565603 0.303846
vn 0.819112 -0.510893 -0.260853
vn -0.836248 -0.347980 -0.423792
vn 0.819115 0.260851 0.510889
vn -0.836259 0.423779 0.347968
vn 0.813894 -0.569826 -0.113468
vn -0.871069 -0.404011 -0.279309
vn 0.813876 0.113439 0.569858
vn -0.871072 0.279309 0.404006
vn 0.799853 -0.513674 -0.310442
vn -0.808691 -0.355358 -0.468764
vn 0.846655 0.346066 0.404245
vn -0.825722 0.510649 0.239626
vn 0.790010 -0.544561 -0.281669
vn -0.810737 -0.387020 -0.439228
vn 0.777589 0.350578 0.521967
vn -0.781138 0.503986 0.368540
vn 0.711123 -0.608120 -0.352837
vn -0.733395 -0.465940 -0.495007
vn 0.711142 0.352811 0.608113
vn -0.733426 0.494980 0.465920
vn 0.569566 -0.366116 -0.735903
vn -0.476429 -0.263187 -0.838897
vn 0.569582 0.735944 0.366010
vn -0.476319 0.838998 0.263063
vn 0.598071 -0.629334 -0.496236
vn -0.601027 -0.511320 -0.614262
vn 0.598029 0.496254 0.629359
vn -0.601052 0.614250 0.511306
vn 0.582150 -0.670200 -0.460363
vn -0.600507 -0.553816 -0.576783
vn 0.582131 0.460364 0.670215
vn -0.600572 0.576751 0.553780
vn 0.582331 -0.423749 -0.693777
vn -0.508085 -0.316496 -0.801050
vn 0.582250 0.693749 0.423907
vn -0.508081 0.801046 0.316512
vn 0.629781 -0.585689 -0.510240
vn -0.620428 -0.462624 -0.633283
vn 0.555908 0.431403 0.710534
vn -0.588601 0.544083 0.597932
vn 0.665060 -0.745814 -0.038171
vn -0.776421 -0.603949 -0.180045
vn 0.752358 0.039333 0.657579
vn -0.843146 0.196371 0.500543
vn 0.753610 -0.567704 -0.331337
vn -0.770609 -0.417683 -0.481354
vn 0.753689 0.404491 0.518016
vn -0.746957 0.552196 0.370317
vn 0.785074 -0.514112 -0.345466
vn -0.787802 -0.359299 -0.500273
vn 0.768392 0.337990 0.543449
vn -0.778855 0.490280 0.391166
vn 0.700489 -0.541835 -0.464467
vn -0.688802 -0.405095 -0.601207
vn 0.708519 0.399168 0.581949
vn -0.716883 0.539461 0.441656
vn 0.778399 -0.544837 -0.311845
vn -0.793794 -0.390096 -0.466601
vn 0.777176 0.282279 0.562420
vn -0.801739 0.437678 0.407004
vn 0.813833 -0.493000 -0.307614
vn -0.818705 -0.332319 -0.468281
vn 0.798386 0.290633 0.527364
vn -0.813731 0.449318 0.368720
vn 0.847955 -0.450779 -0.278876
vn -0.848916 -0.283765 -0.445891
vn 0.836444 0.254275 0.485495
vn -0.849288 0.420204 0.319590
vn 0.833674 -0.458379 -0.308019
vn -0.831005 -0.294546 -0.471883
vn 0.840760 0.257121 0.476457
vn -0.851146 0.423657 0.309944
vn 0.826453 -0.558661 -0.069813
vn -0.889455 -0.389750 -0.238674
vn 0.760707 -0.006416 0.649063
vn -0.858363 0.153023 0.489691
vn 0.839501 -0.446620 -0.309467
vn -0.834082 -0.281886 -0.474180
vn 0.841680 0.299730 0.449151
vn -0.838540 0.465104 0.283777
vn 0.835164 -0.490377 -0.249061
vn -0.850040 -0.324485 -0.414900
vn 0.835176 0.249043 0.490365
vn -0.850043 0.414896 0.324482
vn 0.788772 -0.614600 -0.010316
vn -0.875432 -0.450898 -0.174096
vn 0.788738 0.010239 0.614644
vn -0.875452 0.174012 0.450892
vn 0.829468 -0.487068 -0.273401
vn -0.839178 -0.322854 -0.437659
vn 0.829432 0.273446 0.487104
vn -0.839167 0.437671 0.322866
vn 0.495650 -0.816114 0.297134
vn -0.691792 -0.699236 0.180259
vn 0.688578 0.292878 0.663388
vn -0.733975 0.432876 0.523354
vn 0.686326 -0.485465 -0.541553
vn -0.649413 -0.353991 -0.673018
vn 0.525244 0.367013 0.767737
vn -0.582654 0.476058 0.658697
vn 0.672521 -0.462594 -0.577687
vn -0.624728 -0.334915 -0.705370
vn 0.607474 0.337357 0.719142
vn -0.658104 0.461923 0.594580
vn 0.637060 -0.401183 -0.658185
vn -0.563212 -0.283048 -0.776322
vn 0.659608 0.368578 0.655033
vn -0.689857 0.501393 0.522209
vn 0.645763 -0.616992 -0.449790
vn -0.653505 -0.489114 -0.577667
vn 0.678507 0.134007 0.722268
vn -0.766304 0.276212 0.580073
vn 0.698129 -0.711611 0.078910
vn -0.824264 -0.561745 -0.070932
vn 0.641943 -0.133451 0.755049
vn -0.789110 0.007403 0.614207
vn 0.920329 -0.232964 -0.314203
vn -0.869651 -0.056784 -0.490390
vn 0.925359 0.265506 0.270587
vn -0.891162 0.444302 0.091794
vn 0.892118 -0.391466 -0.225565
vn -0.890244 -0.216038 -0.400992
vn 0.847704 0.188727 0.495762
vn -0.874772 0.358262 0.326225
vn 0.865244 -0.414896 -0.281451
vn -0.858121 -0.245278 -0.451073
vn 0.843208 0.166735 0.511077
vn -0.877649 0.336109 0.341705
vn 0.780544 -0.493007 -0.384311
vn -0.771868 -0.340207 -0.537102
vn 0.801364 0.226585 0.553601
vn -0.834052 0.387553 0.392633
vn 0.831635 -0.282077 -0.478348
vn -0.762143 -0.125167 -0.635194
vn 0.831630 0.478375 0.282046
vn -0.762141 0.635188 0.125209
vn 0.593924 0.166672 -0.787067
vn -0.387205 0.263198 -0.883628
vn 0.593925 0.787071 -0.166650
vn -0.387163 0.883648 -0.263194
vn 0.810192 -0.502529 -0.301750
vn -0.818174 -0.342252 -0.462012
vn 0.747057 0.253457 0.614545
vn -0.788376 0.404588 0.463435
vn 0.777670 -0.540654 -0.320815
vn -0.790584 -0.386280 -0.475147
vn 0.786169 0.202917 0.583750
vn -0.829824 0.361969 0.424700
vn 0.832460 -0.415005 -0.367125
vn -0.810021 -0.253332 -0.528856
vn 0.832465 0.367045 0.415067
vn -0.810026 0.528811 0.253412
vn 0.821686 -0.452236 -0.346865
vn -0.810814 -0.291549 -0.507523
vn 0.742657 0.289605 0.603813
vn -0.775116 0.438986 0.454407
vn 0.853437 0.379650 -0.357088
vn -0.678702 0.530461 -0.507912
vn 0.685483 -0.514593 0.515080
vn -0.858251 -0.362661 0.363155
s 1
g polySurface71 polySurface94
usemtl openPBRSurface2SG
f 2721/5532/5279 2722/5533/5280 2868/5534/5281 2841/5535/5282
f 2723/5536/5283 2724/5537/5284 2726/5538/5285 2725/5539/5286
f 2842/5540/5287 2843/5541/5288 2728/5542/5289 2727/5543/5290
f 2727/5544/5290 2728/5545/5289 2722/5546/5280 2721/5547/5279
f 3218/5548/5291 3217/5549/5292 3219/5550/5293 3220/5551/5294
f 3023/5552/5295 3024/5553/5296 3025/5554/5297 3026/5555/5298
f 2722/5556/5280 2728/5557/5289 2729/5558/5299 2730/5559/5300
f 2728/5542/5289 2843/5541/5288 2844/5560/5301 2729/5561/5299
f 2726/5538/5285 2724/5537/5284 2732/5562/5302 2731/5563/5303
f 2867/5564/5304 2868/5534/5281 2722/5533/5280 2730/5565/5300
f 2730/5566/5300 2729/5567/5299 2733/5568/5305 2734/5569/5306
f 2729/5561/5299 2844/5560/5301 2845/5570/5307 2733/5571/5305
f 2731/5563/5303 2732/5562/5302 2736/5572/5308 2735/5573/5309
f 2866/5574/5310 2867/5564/5304 2730/5565/5300 2734/5575/5306
f 2734/5569/5306 2733/5568/5305 2737/5576/5311 2738/5577/5312
f 2733/5571/5305 2845/5570/5307 2846/5578/5313 2737/5579/5311
f 2770/5580/5314 2769/5581/5315 2771/5582/5316 2772/5583/5317
f 2865/5584/5318 2866/5574/5310 2734/5575/5306 2738/5585/5312
f 2738/5577/5312 2737/5576/5311 2741/5586/5319 2742/5587/5320
f 2737/5579/5311 2846/5578/5313 2847/5588/5321 2741/5589/5319
f 2739/5590/5322 2740/5591/5323 2744/5592/5324 2743/5593/5325
f 2864/5594/5326 2865/5584/5318 2738/5585/5312 2742/5595/5320
f 2742/5596/5320 2741/5597/5319 2745/5598/5327 2746/5599/5328
f 2741/5589/5319 2847/5588/5321 2848/5600/5329 2745/5601/5327
f 2743/5593/5325 2744/5592/5324 2748/5602/5330 2747/5603/5331
f 2863/5604/5332 2864/5594/5326 2742/5595/5320 2746/5605/5328
f 2746/5599/5328 2745/5598/5327 2749/5606/5333 2750/5607/5334
f 2745/5601/5327 2848/5600/5329 2849/5608/5335 2749/5609/5333
f 2747/5603/5331 2748/5602/5330 2752/5610/5336 2751/5611/5337
f 2862/5612/5338 2863/5604/5332 2746/5605/5328 2750/5613/5334
f 2750/5607/5334 2749/5606/5333 2753/5614/5339 2754/5615/5340
f 2749/5609/5333 2849/5608/5335 2850/5616/5341 2753/5617/5339
f 2751/5611/5337 2752/5610/5336 2756/5618/5342 2755/5619/5343
f 2861/5620/5344 2862/5612/5338 2750/5613/5334 2754/5621/5340
f 2754/5615/5340 2753/5614/5339 2757/5622/5345 2758/5623/5346
f 2753/5617/5339 2850/5616/5341 2851/5624/5347 2757/5625/5345
f 2755/5619/5343 2756/5618/5342 2760/5626/5348 2759/5627/5349
f 2860/5628/5350 2861/5620/5344 2754/5621/5340 2758/5629/5346
f 2758/5630/5346 2757/5631/5345 2761/5632/5351 2762/5633/5352
f 2757/5631/5345 2851/5634/5347 2852/5635/5353 2761/5632/5351
f 2759/5636/5349 2760/5637/5348 2764/5638/5354 2763/5639/5355
f 2859/5640/5356 2860/5641/5350 2758/5630/5346 2762/5633/5352
f 2762/5642/5352 2761/5643/5351 2765/5644/5357 2766/5645/5358
f 2761/5646/5351 2852/5647/5353 2853/5648/5359 2765/5649/5357
f 2763/5650/5355 2764/5651/5354 2768/5652/5360 2767/5653/5361
f 2858/5654/5362 2859/5655/5356 2762/5656/5352 2766/5657/5358
f 2778/5658/5363 2777/5659/5364 2779/5660/5365 2780/5661/5366
f 2736/5662/5308 2740/5663/5323 2771/5664/5316 2769/5665/5315
f 2801/5666/5367 2802/5667/5368 2803/5668/5369 2804/5669/5370
f 2739/5670/5322 2735/5671/5309 2770/5672/5314 2772/5673/5317
f 2735/5674/5309 2736/5675/5308 2773/5676/5371 2774/5677/5372
f 2736/5662/5308 2769/5665/5315 2775/5678/5373 2773/5679/5371
f 2769/5680/5315 2770/5681/5314 2776/5682/5374 2775/5683/5373
f 2770/5672/5314 2735/5671/5309 2774/5684/5372 2776/5685/5374
f 2774/5677/5372 2773/5676/5371 2777/5686/5364 2778/5687/5363
f 2773/5679/5371 2775/5678/5373 2779/5688/5365 2777/5689/5364
f 2775/5683/5373 2776/5682/5374 2780/5661/5366 2779/5660/5365
f 2776/5685/5374 2774/5684/5372 2778/5690/5363 2780/5691/5366
f 2740/5692/5323 2739/5693/5322 2782/5694/5375 2781/5695/5376
f 2739/5670/5322 2772/5673/5317 2783/5696/5377 2782/5697/5375
f 2772/5583/5317 2771/5582/5316 2784/5698/5378 2783/5699/5377
f 2771/5664/5316 2740/5663/5323 2781/5700/5376 2784/5701/5378
f 2781/5695/5376 2782/5694/5375 2786/5702/5379 2785/5703/5380
f 2782/5697/5375 2783/5696/5377 2787/5704/5381 2786/5705/5379
f 2783/5699/5377 2784/5698/5378 2788/5706/5382 2787/5707/5381
f 2784/5701/5378 2781/5700/5376 2785/5708/5380 2788/5709/5382
f 2785/5703/5380 2786/5702/5379 2790/5710/5383 2789/5711/5384
f 2786/5705/5379 2787/5704/5381 2791/5712/5385 2790/5713/5383
f 2787/5707/5381 2788/5706/5382 2792/5714/5386 2791/5715/5385
f 2788/5709/5382 2785/5708/5380 2789/5716/5384 2792/5717/5386
f 2789/5711/5384 2790/5710/5383 2794/5718/5387 2793/5719/5388
f 2790/5713/5383 2791/5712/5385 2795/5720/5389 2794/5721/5387
f 2791/5715/5385 2792/5714/5386 2796/5722/5390 2795/5723/5389
f 2792/5717/5386 2789/5716/5384 2793/5724/5388 2796/5725/5390
f 2793/5719/5388 2794/5718/5387 2798/5726/5391 2797/5727/5392
f 2794/5721/5387 2795/5720/5389 2799/5728/5393 2798/5729/5391
f 2795/5723/5389 2796/5722/5390 2800/5730/5394 2799/5731/5393
f 2796/5725/5390 2793/5724/5388 2797/5732/5392 2800/5733/5394
f 2797/5727/5392 2798/5726/5391 2802/5667/5368 2801/5666/5367
f 2798/5729/5391 2799/5728/5393 2803/5734/5369 2802/5735/5368
f 2799/5731/5393 2800/5730/5394 2804/5736/5370 2803/5737/5369
f 2800/5733/5394 2797/5732/5392 2801/5738/5367 2804/5739/5370
f 2766/5740/5358 2765/5741/5357 2805/5742/5395 2806/5743/5396
f 2765/5649/5357 2853/5648/5359 2854/5744/5397 2805/5745/5395
f 2767/5746/5361 2768/5747/5360 2808/5748/5398 2807/5749/5399
f 2857/5750/5400 2858/5654/5362 2766/5657/5358 2806/5751/5396
f 3226/5752/5401 3225/5753/5402 3227/5754/5403 3228/5755/5404
f 2805/5745/5395 2854/5744/5397 2855/5756/5405 2809/5757/5406
f 2807/5749/5399 2808/5748/5398 2812/5758/5407 2811/5759/5408
f 2856/5760/5409 2857/5750/5400 2806/5751/5396 2810/5761/5410
f 3230/5762/5411 3229/5763/5412 3231/5764/5413 3232/5765/5414
f 3229/5766/5412 3233/5767/5415 3234/5768/5416 3231/5769/5413
f 3233/5770/5415 3235/5771/5417 3236/5772/5418 3234/5773/5416
f 3235/5774/5417 3230/5775/5411 3232/5776/5414 3236/5777/5418
f 3232/5765/5414 3231/5764/5413 3237/5778/5419 3238/5779/5420
f 3231/5769/5413 3234/5768/5416 3239/5780/5421 3237/5781/5419
f 3234/5773/5416 3236/5772/5418 3240/5782/5422 3239/5783/5421
f 3236/5777/5418 3232/5776/5414 3238/5784/5420 3240/5785/5422
f 3238/5779/5420 3237/5778/5419 3241/5786/5423 3242/5787/5424
f 3237/5781/5419 3239/5780/5421 3243/5788/5425 3241/5789/5423
f 3239/5783/5421 3240/5782/5422 3244/5790/5426 3243/5791/5425
f 3240/5785/5422 3238/5784/5420 3242/5792/5424 3244/5793/5426
f 3242/5787/5424 3241/5786/5423 3245/5794/5427 3246/5795/5428
f 3241/5789/5423 3243/5788/5425 3247/5796/5429 3245/5797/5427
f 3243/5791/5425 3244/5790/5426 3248/5798/5430 3247/5799/5429
f 3244/5793/5426 3242/5792/5424 3246/5800/5428 3248/5801/5430
f 3246/5795/5428 3245/5794/5427 3249/5802/5431 3250/5803/5432
f 3245/5797/5427 3247/5796/5429 3251/5804/5433 3249/5805/5431
f 3247/5799/5429 3248/5798/5430 3252/5806/5434 3251/5807/5433
f 3248/5801/5430 3246/5800/5428 3250/5808/5432 3252/5809/5434
f 3250/5803/5432 3249/5802/5431 3253/5810/5435 3254/5811/5436
f 3249/5805/5431 3251/5804/5433 3255/5812/5437 3253/5813/5435
f 3251/5807/5433 3252/5806/5434 3256/5814/5438 3255/5815/5437
f 3252/5809/5434 3250/5808/5432 3254/5816/5436 3256/5817/5438
f 3254/5811/5436 3253/5810/5435 3257/5818/5439 3258/5819/5440
f 3253/5813/5435 3255/5812/5437 3259/5820/5441 3257/5821/5439
f 3255/5815/5437 3256/5814/5438 3260/5822/5442 3259/5823/5441
f 3256/5817/5438 3254/5816/5436 3258/5824/5440 3260/5825/5442
f 3258/5819/5440 3257/5818/5439 3261/5826/5443 3262/5827/5444
f 3257/5821/5439 3259/5820/5441 3263/5828/5445 3261/5829/5443
f 3259/5823/5441 3260/5822/5442 3264/5830/5446 3263/5831/5445
f 3260/5825/5442 3258/5824/5440 3262/5832/5444 3264/5833/5446
f 3262/5827/5444 3261/5826/5443 3265/5834/5447 3266/5835/5448
f 3261/5829/5443 3263/5828/5445 3267/5836/5449 3265/5837/5447
f 3263/5831/5445 3264/5830/5446 3268/5838/5450 3267/5839/5449
f 3264/5833/5446 3262/5832/5444 3266/5840/5448 3268/5841/5450
f 3266/5835/5448 3265/5834/5447 3269/5842/5451 3270/5843/5452
f 3265/5837/5447 3267/5836/5449 3271/5844/5453 3269/5845/5451
f 3267/5839/5449 3268/5838/5450 3272/5846/5454 3271/5847/5453
f 3268/5841/5450 3266/5840/5448 3270/5848/5452 3272/5849/5454
f 3270/5843/5452 3269/5842/5451 3225/5850/5402 3226/5851/5401
f 3269/5845/5451 3271/5844/5453 3227/5852/5403 3225/5853/5402
f 3271/5847/5453 3272/5846/5454 3228/5755/5404 3227/5754/5403
f 3272/5849/5454 3270/5848/5452 3226/5854/5401 3228/5855/5404
f 3027/5856/5455 3028/5857/5456 3029/5858/5457 3030/5859/5458
f 2725/5860/5286 2726/5861/5285 2896/5862/5459 2869/5863/5460
f 2895/5864/5461 2896/5862/5459 2726/5861/5285 2731/5865/5303
f 2894/5866/5462 2895/5864/5461 2731/5865/5303 2735/5671/5309
f 2893/5867/5463 2894/5866/5462 2735/5671/5309 2739/5670/5322
f 2892/5868/5464 2893/5867/5463 2739/5670/5322 2743/5869/5325
f 2891/5870/5465 2892/5868/5464 2743/5869/5325 2747/5871/5331
f 2890/5872/5466 2891/5870/5465 2747/5871/5331 2751/5873/5337
f 2889/5874/5467 2890/5872/5466 2751/5873/5337 2755/5875/5343
f 2888/5876/5468 2889/5874/5467 2755/5875/5343 2759/5877/5349
f 2887/5878/5469 2888/5879/5468 2759/5636/5349 2763/5639/5355
f 2886/5880/5470 2887/5881/5469 2763/5882/5355 2767/5883/5361
f 2885/5884/5471 2886/5880/5470 2767/5883/5361 2807/5885/5399
f 2884/5886/5472 2885/5884/5471 2807/5885/5399 2811/5887/5408
f 2949/5888/5473 2950/5889/5474 2951/5890/5475 2952/5891/5476
f 2808/5892/5398 2882/5893/5477 2883/5894/5478 2812/5895/5407
f 2768/5896/5360 2881/5897/5479 2882/5893/5477 2808/5892/5398
f 2764/5898/5354 2880/5899/5480 2881/5897/5479 2768/5896/5360
f 2760/5637/5348 2879/5900/5481 2880/5901/5480 2764/5638/5354
f 2756/5902/5342 2878/5903/5482 2879/5904/5481 2760/5905/5348
f 2752/5906/5336 2877/5907/5483 2878/5903/5482 2756/5902/5342
f 2748/5908/5330 2876/5909/5484 2877/5907/5483 2752/5906/5336
f 2744/5910/5324 2875/5911/5485 2876/5909/5484 2748/5908/5330
f 2740/5663/5323 2874/5912/5486 2875/5911/5485 2744/5910/5324
f 2736/5662/5308 2873/5913/5487 2874/5912/5486 2740/5663/5323
f 2732/5914/5302 2872/5915/5488 2873/5913/5487 2736/5662/5308
f 2724/5916/5284 2871/5917/5489 2872/5915/5488 2732/5914/5302
f 2870/5918/5490 2871/5917/5489 2724/5916/5284 2723/5919/5283
f 3026/5555/5298 3025/5554/5297 3031/5920/5491 3032/5921/5492
f 2814/5922/5493 2815/5923/5494 2843/5541/5288 2842/5540/5287
f 2844/5560/5301 2843/5541/5288 2815/5923/5494 2816/5924/5495
f 2845/5570/5307 2844/5560/5301 2816/5924/5495 2817/5925/5496
f 2846/5578/5313 2845/5570/5307 2817/5925/5496 2818/5926/5497
f 2847/5588/5321 2846/5578/5313 2818/5926/5497 2819/5927/5498
f 2848/5600/5329 2847/5588/5321 2819/5927/5498 2820/5928/5499
f 2849/5608/5335 2848/5600/5329 2820/5928/5499 2821/5929/5500
f 2850/5616/5341 2849/5608/5335 2821/5929/5500 2822/5930/5501
f 2851/5624/5347 2850/5616/5341 2822/5930/5501 2823/5931/5502
f 2852/5635/5353 2851/5634/5347 2823/5932/5502 2824/5933/5503
f 2853/5648/5359 2852/5647/5353 2824/5934/5503 2825/5935/5504
f 2854/5744/5397 2853/5648/5359 2825/5935/5504 2826/5936/5505
f 2855/5756/5405 2854/5744/5397 2826/5936/5505 2827/5937/5506
f 3150/5938/5507 3149/5939/5508 3151/5940/5509 3152/5941/5510
f 2828/5942/5511 2829/5943/5512 2857/5750/5400 2856/5760/5409
f 2829/5943/5512 2830/5944/5513 2858/5654/5362 2857/5750/5400
f 2830/5944/5513 2831/5945/5514 2859/5655/5356 2858/5654/5362
f 2831/5946/5514 2832/5947/5515 2860/5641/5350 2859/5640/5356
f 2832/5948/5515 2833/5949/5516 2861/5620/5344 2860/5628/5350
f 2833/5949/5516 2834/5950/5517 2862/5612/5338 2861/5620/5344
f 2834/5950/5517 2835/5951/5518 2863/5604/5332 2862/5612/5338
f 2835/5951/5518 2836/5952/5519 2864/5594/5326 2863/5604/5332
f 2836/5952/5519 2837/5953/5520 2865/5584/5318 2864/5594/5326
f 2837/5953/5520 2838/5954/5521 2866/5574/5310 2865/5584/5318
f 2838/5954/5521 2839/5955/5522 2867/5564/5304 2866/5574/5310
f 2839/5955/5522 2840/5956/5523 2868/5534/5281 2867/5564/5304
f 2841/5535/5282 2868/5534/5281 2840/5956/5523 2813/5957/5524
f 3032/5921/5492 3031/5920/5491 3028/5857/5456 3027/5856/5455
f 2813/5957/5524 2840/5956/5523 2871/5917/5489 2870/5918/5490
f 2872/5915/5488 2871/5917/5489 2840/5956/5523 2839/5955/5522
f 2873/5913/5487 2872/5915/5488 2839/5955/5522 2838/5954/5521
f 2874/5912/5486 2873/5913/5487 2838/5954/5521 2837/5953/5520
f 2875/5911/5485 2874/5912/5486 2837/5953/5520 2836/5952/5519
f 2876/5909/5484 2875/5911/5485 2836/5952/5519 2835/5951/5518
f 2877/5907/5483 2876/5909/5484 2835/5951/5518 2834/5950/5517
f 2878/5903/5482 2877/5907/5483 2834/5950/5517 2833/5949/5516
f 2879/5904/5481 2878/5903/5482 2833/5949/5516 2832/5948/5515
f 2880/5901/5480 2879/5900/5481 2832/5947/5515 2831/5946/5514
f 2881/5897/5479 2880/5899/5480 2831/5945/5514 2830/5944/5513
f 2882/5893/5477 2881/5897/5479 2830/5944/5513 2829/5943/5512
f 2883/5894/5478 2882/5893/5477 2829/5943/5512 2828/5942/5511
f 3094/5958/5525 3093/5959/5526 3095/5960/5527 3096/5961/5528
f 2827/5937/5506 2826/5936/5505 2885/5884/5471 2884/5886/5472
f 2826/5936/5505 2825/5935/5504 2886/5880/5470 2885/5884/5471
f 2825/5935/5504 2824/5934/5503 2887/5881/5469 2886/5880/5470
f 2824/5933/5503 2823/5932/5502 2888/5879/5468 2887/5878/5469
f 2823/5931/5502 2822/5930/5501 2889/5874/5467 2888/5876/5468
f 2822/5930/5501 2821/5929/5500 2890/5872/5466 2889/5874/5467
f 2821/5929/5500 2820/5928/5499 2891/5870/5465 2890/5872/5466
f 2820/5928/5499 2819/5927/5498 2892/5868/5464 2891/5870/5465
f 2819/5927/5498 2818/5926/5497 2893/5867/5463 2892/5868/5464
f 2818/5926/5497 2817/5925/5496 2894/5866/5462 2893/5867/5463
f 2817/5925/5496 2816/5924/5495 2895/5864/5461 2894/5866/5462
f 2816/5924/5495 2815/5923/5494 2896/5862/5459 2895/5864/5461
f 2869/5863/5460 2896/5862/5459 2815/5923/5494 2814/5922/5493
f 2883/5962/5478 2884/5963/5472 2898/5964/5529 2897/5965/5530
f 2884/5966/5472 2811/5967/5408 2899/5968/5531 2898/5969/5529
f 2811/5967/5408 2812/5970/5407 2900/5971/5532 2899/5968/5531
f 2812/5895/5407 2883/5894/5478 2897/5972/5530 2900/5973/5532
f 2897/5965/5530 2898/5964/5529 2902/5974/5533 2901/5975/5534
f 2898/5976/5529 2899/5977/5531 2903/5978/5535 2902/5979/5533
f 2899/5980/5531 2900/5981/5532 2904/5982/5536 2903/5983/5535
f 2900/5981/5532 2897/5984/5530 2901/5985/5534 2904/5982/5536
f 2901/5975/5534 2902/5974/5533 2906/5986/5537 2905/5987/5538
f 2902/5979/5533 2903/5978/5535 2907/5988/5539 2906/5989/5537
f 2903/5983/5535 2904/5982/5536 2908/5990/5540 2907/5991/5539
f 2904/5992/5536 2901/5993/5534 2905/5994/5538 2908/5995/5540
f 2905/5987/5538 2906/5986/5537 2910/5996/5541 2909/5997/5542
f 2906/5989/5537 2907/5988/5539 2911/5998/5543 2910/5999/5541
f 2907/5991/5539 2908/5990/5540 2912/6000/5544 2911/6001/5543
f 2908/5995/5540 2905/5994/5538 2909/6002/5542 2912/6003/5544
f 2909/5997/5542 2910/5996/5541 2914/6004/5545 2913/6005/5546
f 2910/5999/5541 2911/5998/5543 2915/6006/5547 2914/6007/5545
f 2911/6008/5543 2912/6009/5544 2916/6010/5548 2915/6011/5547
f 2912/6003/5544 2909/6002/5542 2913/6012/5546 2916/6013/5548
f 2913/6014/5546 2914/6015/5545 2918/6016/5549 2917/6017/5550
f 2914/6007/5545 2915/6006/5547 2919/6018/5551 2918/6019/5549
f 2915/6020/5547 2916/6021/5548 2920/6022/5552 2919/6023/5551
f 2916/6013/5548 2913/6012/5546 2917/6024/5550 2920/6025/5552
f 2917/6026/5550 2918/6027/5549 2922/6028/5553 2921/6029/5554
f 2918/6019/5549 2919/6018/5551 2923/6030/5555 2922/6031/5553
f 2919/6023/5551 2920/6022/5552 2924/6032/5556 2923/6033/5555
f 2920/6025/5552 2917/6024/5550 2921/6034/5554 2924/6035/5556
f 2921/6029/5554 2922/6028/5553 2926/6036/5557 2925/6037/5558
f 2922/6031/5553 2923/6030/5555 2927/6038/5559 2926/6039/5557
f 2923/6033/5555 2924/6032/5556 2928/6040/5560 2927/6041/5559
f 2924/6035/5556 2921/6034/5554 2925/6042/5558 2928/6043/5560
f 2925/6037/5558 2926/6036/5557 2930/6044/5561 2929/6045/5562
f 2926/6036/5557 2927/6046/5559 2931/6047/5563 2930/6044/5561
f 2927/6048/5559 2928/6049/5560 2932/6050/5564 2931/6051/5563
f 2928/6052/5560 2925/6037/5558 2929/6045/5562 2932/6053/5564
f 2929/6054/5562 2930/6055/5561 2934/6056/5565 2933/6057/5566
f 2930/6058/5561 2931/6059/5563 2935/6060/5567 2934/6061/5565
f 2931/6062/5563 2932/6063/5564 2936/6064/5568 2935/6065/5567
f 2932/6063/5564 2929/6066/5562 2933/6067/5566 2936/6064/5568
f 2933/6068/5566 2934/6069/5565 2938/6070/5569 2937/6071/5570
f 2934/6061/5565 2935/6060/5567 2939/6072/5571 2938/6073/5569
f 2935/6065/5567 2936/6064/5568 2940/6074/5572 2939/6075/5571
f 2936/6076/5568 2933/6077/5566 2937/6078/5570 2940/6079/5572
f 2937/6071/5570 2938/6070/5569 2942/6080/5573 2941/6081/5574
f 2938/6070/5569 2939/6082/5571 2943/6083/5575 2942/6080/5573
f 2939/6084/5571 2940/6085/5572 2944/6086/5576 2943/6087/5575
f 2940/6079/5572 2937/6078/5570 2941/6088/5574 2944/6089/5576
f 2941/6090/5574 2942/6091/5573 2946/6092/5577 2945/6093/5578
f 2942/6094/5573 2943/6095/5575 2947/6096/5579 2946/6097/5577
f 2943/6098/5575 2944/6099/5576 2948/6100/5580 2947/6101/5579
f 2944/6099/5576 2941/6102/5574 2945/6103/5578 2948/6100/5580
f 2945/6093/5578 2946/6092/5577 2950/6104/5474 2949/6105/5473
f 2946/6097/5577 2947/6096/5579 2951/6106/5475 2950/6107/5474
f 2947/6101/5579 2948/6100/5580 2952/6108/5476 2951/6109/5475
f 2948/6110/5580 2945/6111/5578 2949/6112/5473 2952/6113/5476
f 2727/5544/5290 2721/5547/5279 2954/6114/5581 2953/6115/5582
f 2721/5532/5279 2841/5535/5282 2955/6116/5583 2954/6117/5581
f 2842/5540/5287 2727/5543/5290 2953/6118/5582 2956/6119/5584
f 2870/5918/5490 2723/5919/5283 2959/6120/5585 2958/6121/5586
f 2723/5536/5283 2725/5539/5286 2960/6122/5587 2959/6123/5585
f 2725/5860/5286 2869/5863/5460 2957/6124/5588 2960/6125/5587
f 2841/5535/5282 2813/5957/5524 2961/6126/5589 2955/6116/5583
f 2814/5922/5493 2842/5540/5287 2956/6119/5584 2962/6127/5590
f 2813/5957/5524 2870/5918/5490 2958/6121/5586 2961/6126/5589
f 2869/5863/5460 2814/5922/5493 2962/6127/5590 2957/6124/5588
f 2953/6115/5582 2954/6114/5581 2964/6128/5591 2963/6129/5592
f 2954/6117/5581 2955/6116/5583 2965/6130/5593 2964/6131/5591
f 2956/6119/5584 2953/6118/5582 2963/6132/5592 2966/6133/5594
f 2958/6121/5586 2959/6120/5585 2969/6134/5595 2968/6135/5596
f 2959/6123/5585 2960/6122/5587 2970/6136/5597 2969/6137/5595
f 2960/6125/5587 2957/6124/5588 2967/6138/5598 2970/6139/5597
f 2955/6116/5583 2961/6126/5589 2971/6140/5599 2965/6130/5593
f 2962/6127/5590 2956/6119/5584 2966/6133/5594 2972/6141/5600
f 2961/6126/5589 2958/6121/5586 2968/6135/5596 2971/6140/5599
f 2957/6124/5588 2962/6127/5590 2972/6141/5600 2967/6138/5598
f 2963/6129/5592 2964/6128/5591 2974/6142/5601 2973/6143/5602
f 2964/6131/5591 2965/6130/5593 2975/6144/5603 2974/6145/5601
f 2966/6133/5594 2963/6132/5592 2973/6146/5602 2976/6147/5604
f 2968/6135/5596 2969/6134/5595 2979/6148/5605 2978/6149/5606
f 2969/6137/5595 2970/6136/5597 2980/6150/5607 2979/6151/5605
f 2970/6139/5597 2967/6138/5598 2977/6152/5608 2980/6153/5607
f 2965/6130/5593 2971/6140/5599 2981/6154/5609 2975/6144/5603
f 2972/6141/5600 2966/6133/5594 2976/6147/5604 2982/6155/5610
f 2971/6140/5599 2968/6135/5596 2978/6149/5606 2981/6154/5609
f 2967/6138/5598 2972/6141/5600 2982/6155/5610 2977/6152/5608
f 2973/6143/5602 2974/6142/5601 2984/6156/5611 2983/6157/5612
f 2974/6145/5601 2975/6144/5603 2985/6158/5613 2984/6159/5611
f 2976/6147/5604 2973/6146/5602 2983/6160/5612 2986/6161/5614
f 2978/6149/5606 2979/6148/5605 2989/6162/5615 2988/6163/5616
f 2979/6151/5605 2980/6150/5607 2990/6164/5617 2989/6165/5615
f 2980/6153/5607 2977/6152/5608 2987/6166/5618 2990/6167/5617
f 2975/6144/5603 2981/6154/5609 2991/6168/5619 2985/6158/5613
f 2982/6155/5610 2976/6147/5604 2986/6161/5614 2992/6169/5620
f 2981/6154/5609 2978/6149/5606 2988/6163/5616 2991/6168/5619
f 2977/6152/5608 2982/6155/5610 2992/6169/5620 2987/6166/5618
f 2983/6170/5612 2984/6171/5611 2994/6172/5621 2993/6173/5622
f 2984/6159/5611 2985/6158/5613 2995/6174/5623 2994/6175/5621
f 2986/6161/5614 2983/6160/5612 2993/6176/5622 2996/6177/5624
f 2988/6163/5616 2989/6162/5615 2999/6178/5625 2998/6179/5626
f 2989/6165/5615 2990/6164/5617 3000/6180/5627 2999/6181/5625
f 2990/6167/5617 2987/6166/5618 2997/6182/5628 3000/6183/5627
f 2985/6158/5613 2991/6168/5619 3001/6184/5629 2995/6174/5623
f 2992/6169/5620 2986/6161/5614 2996/6177/5624 3002/6185/5630
f 2991/6168/5619 2988/6163/5616 2998/6179/5626 3001/6184/5629
f 2987/6166/5618 2992/6169/5620 3002/6185/5630 2997/6182/5628
f 2993/6186/5622 2994/6187/5621 3004/6188/5631 3003/6189/5632
f 2994/6175/5621 2995/6174/5623 3005/6190/5633 3004/6191/5631
f 2996/6177/5624 2993/6176/5622 3003/6192/5632 3006/6193/5634
f 2998/6179/5626 2999/6178/5625 3009/6194/5635 3008/6195/5636
f 2999/6181/5625 3000/6180/5627 3010/6196/5637 3009/6197/5635
f 3000/6183/5627 2997/6182/5628 3007/6198/5638 3010/6199/5637
f 2995/6174/5623 3001/6184/5629 3011/6200/5639 3005/6190/5633
f 3002/6185/5630 2996/6177/5624 3006/6193/5634 3012/6201/5640
f 3001/6184/5629 2998/6179/5626 3008/6195/5636 3011/6200/5639
f 2997/6182/5628 3002/6185/5630 3012/6201/5640 3007/6198/5638
f 3003/6189/5632 3004/6188/5631 3014/6202/5641 3013/6203/5642
f 3004/6191/5631 3005/6190/5633 3015/6204/5643 3014/6205/5641
f 3006/6193/5634 3003/6192/5632 3013/6206/5642 3016/6207/5644
f 3008/6195/5636 3009/6194/5635 3019/6208/5645 3018/6209/5646
f 3009/6197/5635 3010/6196/5637 3020/6210/5647 3019/6211/5645
f 3010/6199/5637 3007/6198/5638 3017/6212/5648 3020/6213/5647
f 3005/6190/5633 3011/6200/5639 3021/6214/5649 3015/6204/5643
f 3012/6201/5640 3006/6193/5634 3016/6207/5644 3022/6215/5650
f 3011/6200/5639 3008/6195/5636 3018/6209/5646 3021/6214/5649
f 3007/6198/5638 3012/6201/5640 3022/6215/5650 3017/6212/5648
f 3013/6203/5642 3014/6202/5641 3024/6216/5296 3023/6217/5295
f 3014/6205/5641 3015/6204/5643 3025/6218/5297 3024/6219/5296
f 3016/6207/5644 3013/6206/5642 3023/6220/5295 3026/6221/5298
f 3018/6209/5646 3019/6208/5645 3029/6222/5457 3028/6223/5456
f 3019/6224/5645 3020/6225/5647 3030/5859/5458 3029/5858/5457
f 3020/6213/5647 3017/6212/5648 3027/6226/5455 3030/6227/5458
f 3015/6204/5643 3021/6214/5649 3031/6228/5491 3025/6218/5297
f 3022/6215/5650 3016/6207/5644 3026/6221/5298 3032/6229/5492
f 3021/6214/5649 3018/6209/5646 3028/6223/5456 3031/6228/5491
f 3017/6212/5648 3022/6215/5650 3032/6229/5492 3027/6226/5455
f 2828/6230/5511 2827/6231/5506 3033/6232/5651 3034/6233/5652
f 2827/6231/5506 2884/5963/5472 3035/6234/5653 3033/6232/5651
f 2884/5963/5472 2883/5962/5478 3036/6235/5654 3035/6234/5653
f 2883/5894/5478 2828/5942/5511 3034/6236/5652 3036/6237/5654
f 3034/6233/5652 3033/6232/5651 3037/6238/5655 3038/6239/5656
f 3033/6240/5651 3035/6241/5653 3039/6242/5657 3037/6243/5655
f 3035/6244/5653 3036/6245/5654 3040/6246/5658 3039/6247/5657
f 3036/6237/5654 3034/6236/5652 3038/6248/5656 3040/6249/5658
f 3038/6250/5656 3037/6251/5655 3041/6252/5659 3042/6253/5660
f 3037/6243/5655 3039/6242/5657 3043/6254/5661 3041/6255/5659
f 3039/6256/5657 3040/6257/5658 3044/6258/5662 3043/6259/5661
f 3040/6249/5658 3038/6248/5656 3042/6260/5660 3044/6261/5662
f 3042/6253/5660 3041/6252/5659 3045/6262/5663 3046/6263/5664
f 3041/6255/5659 3043/6254/5661 3047/6264/5665 3045/6265/5663
f 3043/6259/5661 3044/6258/5662 3048/6266/5666 3047/6267/5665
f 3044/6261/5662 3042/6260/5660 3046/6268/5664 3048/6269/5666
f 3046/6263/5664 3045/6262/5663 3049/6270/5667 3050/6271/5668
f 3045/6265/5663 3047/6264/5665 3051/6272/5669 3049/6273/5667
f 3047/6267/5665 3048/6266/5666 3052/6274/5670 3051/6275/5669
f 3048/6269/5666 3046/6268/5664 3050/6276/5668 3052/6277/5670
f 3050/6271/5668 3049/6270/5667 3053/6278/5671 3054/6279/5672
f 3049/6273/5667 3051/6272/5669 3055/6280/5673 3053/6281/5671
f 3051/6275/5669 3052/6274/5670 3056/6282/5674 3055/6283/5673
f 3052/6277/5670 3050/6276/5668 3054/6284/5672 3056/6285/5674
f 3054/6279/5672 3053/6278/5671 3057/6286/5675 3058/6287/5676
f 3053/6278/5671 3055/6288/5673 3059/6289/5677 3057/6286/5675
f 3055/6283/5673 3056/6282/5674 3060/6290/5678 3059/6291/5677
f 3056/6285/5674 3054/6284/5672 3058/6292/5676 3060/6293/5678
f 3058/6294/5676 3057/6295/5675 3061/6296/5679 3062/6297/5680
f 3057/6298/5675 3059/6299/5677 3063/6300/5681 3061/6301/5679
f 3059/6302/5677 3060/6303/5678 3064/6304/5682 3063/6305/5681
f 3060/6293/5678 3058/6292/5676 3062/6306/5680 3064/6307/5682
f 3062/6308/5680 3061/6309/5679 3065/6310/5683 3066/6311/5684
f 3061/6301/5679 3063/6300/5681 3067/6312/5685 3065/6313/5683
f 3063/6305/5681 3064/6304/5682 3068/6314/5686 3067/6315/5685
f 3064/6307/5682 3062/6306/5680 3066/6316/5684 3068/6317/5686
f 3066/6311/5684 3065/6310/5683 3069/6318/5687 3070/6319/5688
f 3065/6313/5683 3067/6312/5685 3071/6320/5689 3069/6321/5687
f 3067/6315/5685 3068/6314/5686 3072/6322/5690 3071/6323/5689
f 3068/6317/5686 3066/6316/5684 3070/6324/5688 3072/6325/5690
f 3070/6319/5688 3069/6318/5687 3073/6326/5691 3074/6327/5692
f 3069/6318/5687 3071/6328/5689 3075/6329/5693 3073/6326/5691
f 3071/6330/5689 3072/6331/5690 3076/6332/5694 3075/6333/5693
f 3072/6325/5690 3070/6324/5688 3074/6334/5692 3076/6335/5694
f 3074/6336/5692 3073/6337/5691 3077/6338/5695 3078/6339/5696
f 3073/6340/5691 3075/6341/5693 3079/6342/5697 3077/6343/5695
f 3075/6344/5693 3076/6345/5694 3080/6346/5698 3079/6347/5697
f 3076/6345/5694 3074/6348/5692 3078/6349/5696 3080/6346/5698
f 3078/6350/5696 3077/6351/5695 3081/6352/5699 3082/6353/5700
f 3077/6343/5695 3079/6342/5697 3083/6354/5701 3081/6355/5699
f 3079/6347/5697 3080/6346/5698 3084/6356/5702 3083/6357/5701
f 3080/6358/5698 3078/6359/5696 3082/6360/5700 3084/6361/5702
f 3082/6353/5700 3081/6352/5699 3085/6362/5703 3086/6363/5704
f 3081/6355/5699 3083/6354/5701 3087/6364/5705 3085/6365/5703
f 3083/6366/5701 3084/6367/5702 3088/6368/5706 3087/6369/5705
f 3084/6361/5702 3082/6360/5700 3086/6370/5704 3088/6371/5706
f 3086/6372/5704 3085/6373/5703 3089/6374/5707 3090/6375/5708
f 3085/6365/5703 3087/6364/5705 3091/6376/5709 3089/6377/5707
f 3087/6378/5705 3088/6379/5706 3092/6380/5710 3091/6381/5709
f 3088/6371/5706 3086/6370/5704 3090/6382/5708 3092/6383/5710
f 3090/6375/5708 3089/6374/5707 3093/6384/5526 3094/6385/5525
f 3089/6377/5707 3091/6376/5709 3095/6386/5527 3093/6387/5526
f 3091/6381/5709 3092/6380/5710 3096/6388/5528 3095/6389/5527
f 3092/6383/5710 3090/6382/5708 3094/6390/5525 3096/6391/5528
f 2856/6392/5409 2855/6393/5405 3097/6394/5711 3098/6395/5712
f 2855/5756/5405 2827/5937/5506 3099/6396/5713 3097/6397/5711
f 2827/6398/5506 2828/6399/5511 3100/6400/5714 3099/6401/5713
f 2828/5942/5511 2856/5760/5409 3098/6402/5712 3100/6403/5714
f 3098/6395/5712 3097/6394/5711 3101/6404/5715 3102/6405/5716
f 3097/6397/5711 3099/6396/5713 3103/6406/5717 3101/6407/5715
f 3099/6408/5713 3100/6409/5714 3104/6410/5718 3103/6411/5717
f 3100/6403/5714 3098/6402/5712 3102/6412/5716 3104/6413/5718
f 3102/6405/5716 3101/6404/5715 3105/6414/5719 3106/6415/5720
f 3101/6407/5715 3103/6406/5717 3107/6416/5721 3105/6417/5719
f 3103/6411/5717 3104/6410/5718 3108/6418/5722 3107/6419/5721
f 3104/6413/5718 3102/6412/5716 3106/6420/5720 3108/6421/5722
f 3106/6415/5720 3105/6414/5719 3109/6422/5723 3110/6423/5724
f 3105/6417/5719 3107/6416/5721 3111/6424/5725 3109/6425/5723
f 3107/6419/5721 3108/6418/5722 3112/6426/5726 3111/6427/5725
f 3108/6421/5722 3106/6420/5720 3110/6428/5724 3112/6429/5726
f 3110/6423/5724 3109/6422/5723 3113/6430/5727 3114/6431/5728
f 3109/6425/5723 3111/6424/5725 3115/6432/5729 3113/6433/5727
f 3111/6427/5725 3112/6426/5726 3116/6434/5730 3115/6435/5729
f 3112/6429/5726 3110/6428/5724 3114/6436/5728 3116/6437/5730
f 3114/6438/5728 3113/6439/5727 3117/6440/5731 3118/6441/5732
f 3113/6433/5727 3115/6432/5729 3119/6442/5733 3117/6443/5731
f 3115/6435/5729 3116/6434/5730 3120/6444/5734 3119/6445/5733
f 3116/6437/5730 3114/6436/5728 3118/6446/5732 3120/6447/5734
f 3118/6448/5732 3117/6449/5731 3121/6450/5735 3122/6451/5736
f 3117/6443/5731 3119/6442/5733 3123/6452/5737 3121/6453/5735
f 3119/6445/5733 3120/6444/5734 3124/6454/5738 3123/6455/5737
f 3120/6447/5734 3118/6446/5732 3122/6456/5736 3124/6457/5738
f 3122/6451/5736 3121/6450/5735 3125/6458/5739 3126/6459/5740
f 3121/6453/5735 3123/6452/5737 3127/6460/5741 3125/6461/5739
f 3123/6455/5737 3124/6454/5738 3128/6462/5742 3127/6463/5741
f 3124/6457/5738 3122/6456/5736 3126/6464/5740 3128/6465/5742
f 3126/6459/5740 3125/6458/5739 3129/6466/5743 3130/6467/5744
f 3125/6458/5739 3127/6468/5741 3131/6469/5745 3129/6466/5743
f 3127/6470/5741 3128/6471/5742 3132/6472/5746 3131/6473/5745
f 3128/6465/5742 3126/6464/5740 3130/6474/5744 3132/6475/5746
f 3130/6476/5744 3129/6477/5743 3133/6478/5747 3134/6479/5748
f 3129/6480/5743 3131/6481/5745 3135/6482/5749 3133/6483/5747
f 3131/6484/5745 3132/6485/5746 3136/6486/5750 3135/6487/5749
f 3132/6475/5746 3130/6474/5744 3134/6488/5748 3136/6489/5750
f 3134/6490/5748 3133/6491/5747 3137/6492/5751 3138/6493/5752
f 3133/6483/5747 3135/6482/5749 3139/6494/5753 3137/6495/5751
f 3135/6487/5749 3136/6486/5750 3140/6496/5754 3139/6497/5753
f 3136/6489/5750 3134/6488/5748 3138/6498/5752 3140/6499/5754
f 3138/6493/5752 3137/6492/5751 3141/6500/5755 3142/6501/5756
f 3137/6492/5751 3139/6502/5753 3143/6503/5757 3141/6500/5755
f 3139/6504/5753 3140/6505/5754 3144/6506/5758 3143/6507/5757
f 3140/6499/5754 3138/6498/5752 3142/6508/5756 3144/6509/5758
f 3142/6510/5756 3141/6511/5755 3145/6512/5759 3146/6513/5760
f 3141/6514/5755 3143/6515/5757 3147/6516/5761 3145/6517/5759
f 3143/6518/5757 3144/6519/5758 3148/6520/5762 3147/6521/5761
f 3144/6509/5758 3142/6508/5756 3146/6522/5760 3148/6523/5762
f 3146/6513/5760 3145/6512/5759 3149/6524/5508 3150/6525/5507
f 3145/6517/5759 3147/6516/5761 3151/6526/5509 3149/6527/5508
f 3147/6521/5761 3148/6520/5762 3152/6528/5510 3151/6529/5509
f 3148/6523/5762 3146/6522/5760 3150/6530/5507 3152/6531/5510
f 2810/6532/5410 2809/6533/5406 3153/6534/5763 3154/6535/5764
f 2809/5757/5406 2855/5756/5405 3155/6536/5765 3153/6537/5763
f 2855/6538/5405 2856/6539/5409 3156/6540/5766 3155/6541/5765
f 2856/5760/5409 2810/5761/5410 3154/6542/5764 3156/6543/5766
f 3154/6544/5764 3153/6545/5763 3157/6546/5767 3158/6547/5768
f 3153/6537/5763 3155/6536/5765 3159/6548/5769 3157/6549/5767
f 3155/6541/5765 3156/6540/5766 3160/6550/5770 3159/6551/5769
f 3156/6543/5766 3154/6542/5764 3158/6552/5768 3160/6553/5770
f 3158/6547/5768 3157/6546/5767 3161/6554/5771 3162/6555/5772
f 3157/6549/5767 3159/6548/5769 3163/6556/5773 3161/6557/5771
f 3159/6558/5769 3160/6559/5770 3164/6560/5774 3163/6561/5773
f 3160/6553/5770 3158/6552/5768 3162/6562/5772 3164/6563/5774
f 3162/6555/5772 3161/6554/5771 3165/6564/5775 3166/6565/5776
f 3161/6557/5771 3163/6556/5773 3167/6566/5777 3165/6567/5775
f 3163/6561/5773 3164/6560/5774 3168/6568/5778 3167/6569/5777
f 3164/6563/5774 3162/6562/5772 3166/6570/5776 3168/6571/5778
f 3166/6565/5776 3165/6564/5775 3169/6572/5779 3170/6573/5780
f 3165/6567/5775 3167/6566/5777 3171/6574/5781 3169/6575/5779
f 3167/6569/5777 3168/6568/5778 3172/6576/5782 3171/6577/5781
f 3168/6571/5778 3166/6570/5776 3170/6578/5780 3172/6579/5782
f 3170/6580/5780 3169/6581/5779 3173/6582/5783 3174/6583/5784
f 3169/6575/5779 3171/6574/5781 3175/6584/5785 3173/6585/5783
f 3171/6577/5781 3172/6576/5782 3176/6586/5786 3175/6587/5785
f 3172/6579/5782 3170/6578/5780 3174/6588/5784 3176/6589/5786
f 3174/6590/5784 3173/6591/5783 3177/6592/5787 3178/6593/5788
f 3173/6585/5783 3175/6584/5785 3179/6594/5789 3177/6595/5787
f 3175/6596/5785 3176/6597/5786 3180/6598/5790 3179/6599/5789
f 3176/6589/5786 3174/6588/5784 3178/6600/5788 3180/6601/5790
f 3178/6602/5788 3177/6603/5787 3181/6604/5791 3182/6605/5792
f 3177/6595/5787 3179/6594/5789 3183/6606/5793 3181/6607/5791
f 3179/6599/5789 3180/6598/5790 3184/6608/5794 3183/6609/5793
f 3180/6601/5790 3178/6600/5788 3182/6610/5792 3184/6611/5794
f 3182/6605/5792 3181/6604/5791 3185/6612/5795 3186/6613/5796
f 3181/6607/5791 3183/6606/5793 3187/6614/5797 3185/6615/5795
f 3183/6616/5793 3184/6617/5794 3188/6618/5798 3187/6619/5797
f 3184/6611/5794 3182/6610/5792 3186/6620/5796 3188/6621/5798
f 3186/6613/5796 3185/6612/5795 3189/6622/5799 3190/6623/5800
f 3185/6615/5795 3187/6614/5797 3191/6624/5801 3189/6625/5799
f 3187/6619/5797 3188/6618/5798 3192/6626/5802 3191/6627/5801
f 3188/6621/5798 3186/6620/5796 3190/6628/5800 3192/6629/5802
f 3190/6623/5800 3189/6622/5799 3193/6630/5803 3194/6631/5804
f 3189/6625/5799 3191/6624/5801 3195/6632/5805 3193/6633/5803
f 3191/6627/5801 3192/6626/5802 3196/6634/5806 3195/6635/5805
f 3192/6629/5802 3190/6628/5800 3194/6636/5804 3196/6637/5806
f 3194/6638/5804 3193/6639/5803 3197/6640/5807 3198/6641/5808
f 3193/6633/5803 3195/6632/5805 3199/6642/5809 3197/6643/5807
f 3195/6644/5805 3196/6645/5806 3200/6646/5810 3199/6647/5809
f 3196/6637/5806 3194/6636/5804 3198/6648/5808 3200/6649/5810
f 3198/6650/5808 3197/6651/5807 3201/6652/5811 3202/6653/5812
f 3197/6651/5807 3199/6654/5809 3203/6655/5813 3201/6652/5811
f 3199/6654/5809 3200/6656/5810 3204/6657/5814 3203/6655/5813
f 3200/6656/5810 3198/6650/5808 3202/6653/5812 3204/6657/5814
f 3202/6658/5812 3201/6659/5811 3205/6660/5815 3206/6661/5816
f 3201/6662/5811 3203/6663/5813 3207/6664/5817 3205/6665/5815
f 3203/6666/5813 3204/6667/5814 3208/6668/5818 3207/6669/5817
f 3204/6670/5814 3202/6671/5812 3206/6672/5816 3208/6673/5818
f 3206/6661/5816 3205/6660/5815 3209/6674/5819 3210/6675/5820
f 3205/6665/5815 3207/6664/5817 3211/6676/5821 3209/6677/5819
f 3207/6669/5817 3208/6668/5818 3212/6678/5822 3211/6679/5821
f 3208/6673/5818 3206/6672/5816 3210/6680/5820 3212/6681/5822
f 3210/6682/5820 3209/6683/5819 3213/6684/5823 3214/6685/5824
f 3209/6677/5819 3211/6676/5821 3215/6686/5825 3213/6687/5823
f 3211/6688/5821 3212/6689/5822 3216/6690/5826 3215/6691/5825
f 3212/6681/5822 3210/6680/5820 3214/6692/5824 3216/6693/5826
f 3214/6685/5824 3213/6684/5823 3217/6694/5292 3218/6695/5291
f 3213/6687/5823 3215/6686/5825 3219/6696/5293 3217/6697/5292
f 3215/6691/5825 3216/6690/5826 3220/6698/5294 3219/6699/5293
f 3216/6693/5826 3214/6692/5824 3218/6700/5291 3220/6701/5294
f 2806/5743/5396 2805/5742/5395 3221/6702/5827 3222/6703/5828
f 2805/6704/5395 2809/6533/5406 3223/6705/5829 3221/6706/5827
f 2809/6533/5406 2810/6532/5410 3224/6707/5830 3223/6705/5829
f 2810/5761/5410 2806/5751/5396 3222/6708/5828 3224/6709/5830
f 3222/6710/5828 3221/6711/5827 3229/6712/5412 3230/6713/5411
f 3221/6714/5827 3223/6715/5829 3233/5767/5415 3229/5766/5412
f 3223/6716/5829 3224/6717/5830 3235/6718/5417 3233/6719/5415
f 3224/6717/5830 3222/6710/5828 3230/6713/5411 3235/6718/5417
g default
v -8.947604 2.950115 3.697433
v -9.850856 2.515238 3.162272
v -10.754107 2.950115 2.627112
v -11.128245 4.000000 2.405442
v -10.754107 5.049885 2.627112
v -9.850856 5.484762 3.162272
v -8.947604 5.049885 3.697433
v -8.573465 4.000000 3.919104
v -8.888943 2.950115 3.598423
v -9.792193 2.515238 3.063262
v -10.695445 2.950115 2.528102
v -11.069584 4.000000 2.306432
v -10.695445 5.049885 2.528102
v -9.792193 5.484762 3.063262
v -8.888943 5.049885 3.598423
v -8.514804 4.000000 3.820094
v -9.850856 4.000000 3.162272
v -9.792193 4.000000 3.063262
v -8.869342 2.856094 3.749791
v -9.853482 2.382273 3.166706
v -9.789567 2.382273 3.058829
v -8.805428 2.856094 3.641915
v -10.837622 2.856094 2.583620
v -10.773707 2.856094 2.475744
v -11.245266 4.000000 2.342098
v -11.181352 4.000000 2.234221
v -10.837622 5.143906 2.583620
v -10.773707 5.143906 2.475744
v -9.853482 5.617727 3.166706
v -9.789567 5.617727 3.058829
v -8.869342 5.143906 3.749791
v -8.805428 5.143906 3.641915
v -8.461698 4.000000 3.991313
v -8.397783 4.000000 3.883437
v -8.964980 2.950115 3.726759
v -9.868231 2.515238 3.191598
v -9.870857 2.382273 3.196032
v -8.886717 2.856094 3.779118
v -10.771482 2.950115 2.656438
v -10.854998 2.856094 2.612946
v -11.145620 4.000000 2.434767
v -11.262642 4.000000 2.371424
v -10.771482 5.049885 2.656438
v -10.854998 5.143906 2.612946
v -9.868231 5.484762 3.191598
v -9.870857 5.617727 3.196032
v -8.964980 5.049885 3.726759
v -8.886717 5.143906 3.779118
v -8.590841 4.000000 3.948430
v -8.479073 4.000000 4.020639
v -8.871568 2.950115 3.569097
v -9.774818 2.515238 3.033937
v -8.788052 2.856094 3.612589
v -9.772192 2.382273 3.029503
v -10.678069 2.950115 2.498776
v -10.756332 2.856094 2.446417
v -11.052208 4.000000 2.277105
v -11.163977 4.000000 2.204895
v -10.678069 5.049885 2.498776
v -10.756332 5.143906 2.446417
v -9.774818 5.484762 3.033937
v -9.772192 5.617727 3.029503
v -8.871568 5.049885 3.569097
v -8.788052 5.143906 3.612589
v -8.497429 4.000000 3.790768
v -8.380407 4.000000 3.854111
vt 0.108532 0.006398
vt 0.097563 0.024912
vt 0.095533 0.023709
vt 0.106503 0.005195
vt 0.086593 0.043426
vt 0.084564 0.042223
vt 0.915014 0.245484
vt 0.910115 0.268685
vt 0.907928 0.268685
vt 0.912826 0.245484
vt 0.915014 0.291886
vt 0.912826 0.291886
vt 0.162511 0.043439
vt 0.151541 0.024924
vt 0.153571 0.023722
vt 0.164540 0.042236
vt 0.140572 0.006410
vt 0.142601 0.005208
vt 0.576777 0.274878
vt 0.571878 0.251677
vt 0.574066 0.251677
vt 0.578965 0.274878
vt 0.576777 0.228476
vt 0.578965 0.228476
vt 0.859195 0.475732
vt 0.872681 0.486691
vt 0.859195 0.513148
vt 0.845709 0.486691
vt 0.840123 0.513148
vt 0.845709 0.539605
vt 0.859195 0.550564
vt 0.872681 0.539605
vt 0.878267 0.513148
vt 0.610475 0.480702
vt 0.623961 0.469743
vt 0.623961 0.507159
vt 0.637446 0.480702
vt 0.643033 0.507159
vt 0.637446 0.533616
vt 0.623961 0.544574
vt 0.610475 0.533616
vt 0.604888 0.507159
vt 0.873420 0.486691
vt 0.859934 0.475732
vt 0.860046 0.472382
vt 0.874739 0.484322
vt 0.313646 0.543303
vt 0.331121 0.534889
vt 0.332737 0.536708
vt 0.313697 0.545876
vt 0.923109 0.447492
vt 0.905634 0.455906
vt 0.904018 0.454087
vt 0.923058 0.444920
vt 0.638186 0.480702
vt 0.624700 0.469743
vt 0.624811 0.466392
vt 0.639505 0.478332
vt 0.898395 0.476218
vt 0.896131 0.476218
vt 0.643772 0.507159
vt 0.645591 0.507159
vt 0.905634 0.496531
vt 0.904018 0.498349
vt 0.638186 0.533616
vt 0.639505 0.535985
vt 0.923109 0.504944
vt 0.923058 0.507517
vt 0.624700 0.544574
vt 0.624811 0.547925
vt 0.859934 0.550564
vt 0.873420 0.539605
vt 0.874739 0.541974
vt 0.860046 0.553915
vt 0.331121 0.494265
vt 0.313646 0.485851
vt 0.313697 0.483279
vt 0.332737 0.492446
vt 0.879006 0.513148
vt 0.880826 0.513148
vt 0.338360 0.514577
vt 0.340624 0.514577
vt 0.611041 0.004867
vt 0.621109 0.021860
vt 0.620557 0.022187
vt 0.610489 0.005194
vt 0.109084 0.006724
vt 0.098114 0.025238
vt 0.631177 0.038853
vt 0.630625 0.039180
vt 0.087145 0.043753
vt 0.650290 0.376472
vt 0.654786 0.397766
vt 0.654191 0.397766
vt 0.649695 0.376472
vt 0.915609 0.245484
vt 0.910710 0.268685
vt 0.650290 0.419059
vt 0.649695 0.419059
vt 0.915609 0.291886
vt 0.896131 0.047973
vt 0.906199 0.030980
vt 0.906751 0.031307
vt 0.896683 0.048300
vt 0.161959 0.043765
vt 0.150990 0.025251
vt 0.916267 0.013988
vt 0.916818 0.014315
vt 0.140020 0.006737
vt 0.576182 0.274878
vt 0.571284 0.251677
vt 0.576182 0.228476
vt 0.273307 0.022187
vt 0.263238 0.005194
vt 0.263790 0.004868
vt 0.273858 0.021860
vt 0.094982 0.023382
vt 0.105951 0.004868
vt 0.283375 0.039180
vt 0.283926 0.038853
vt 0.084012 0.041897
vt 0.907333 0.268685
vt 0.912231 0.245484
vt 0.912231 0.291886
vt 0.061027 0.032375
vt 0.050959 0.049367
vt 0.050407 0.049040
vt 0.060475 0.032048
vt 0.154123 0.023395
vt 0.165092 0.041909
vt 0.071094 0.015383
vt 0.070542 0.015056
vt 0.143153 0.004881
vt 0.257128 0.379211
vt 0.252632 0.400505
vt 0.252037 0.400505
vt 0.256533 0.379211
vt 0.574661 0.251677
vt 0.579560 0.274878
vt 0.252632 0.357917
vt 0.252037 0.357917
vt 0.579560 0.228476
vn 0.329235 -0.923880 0.195066
vn 0.329235 -0.923880 0.195066
vn 0.329235 -0.923880 0.195066
vn 0.329235 -0.923880 0.195066
vn -0.329235 -0.923879 -0.195066
vn -0.329235 -0.923879 -0.195066
vn -0.329235 -0.923879 -0.195066
vn -0.329235 -0.923879 -0.195066
vn -0.794846 -0.382683 -0.470928
vn -0.794846 -0.382683 -0.470928
vn -0.794846 -0.382683 -0.470928
vn -0.794846 -0.382683 -0.470928
vn -0.794846 0.382683 -0.470929
vn -0.794846 0.382683 -0.470929
vn -0.794846 0.382683 -0.470929
vn -0.794846 0.382683 -0.470929
vn -0.329235 0.923880 -0.195065
vn -0.329235 0.923880 -0.195065
vn -0.329235 0.923880 -0.195065
vn -0.329235 0.923880 -0.195065
vn 0.329235 0.923880 0.195065
vn 0.329235 0.923880 0.195065
vn 0.329235 0.923880 0.195065
vn 0.329236 0.923880 0.195065
vn 0.794847 0.382682 0.470928
vn 0.794847 0.382682 0.470928
vn 0.794847 0.382682 0.470928
vn 0.794847 0.382682 0.470928
vn 0.794847 -0.382681 0.470928
vn 0.794847 -0.382681 0.470928
vn 0.794847 -0.382681 0.470928
vn 0.794847 -0.382681 0.470928
vn -0.509732 0.000000 0.860333
vn -0.509732 0.000000 0.860333
vn -0.509732 -0.000000 0.860333
vn -0.509732 -0.000000 0.860333
vn -0.509732 -0.000000 0.860333
vn -0.509732 0.000000 0.860333
vn -0.509732 0.000000 0.860333
vn -0.509732 -0.000000 0.860333
vn -0.509732 -0.000000 0.860333
vn 0.509732 0.000000 -0.860333
vn 0.509732 0.000000 -0.860333
vn 0.509732 -0.000000 -0.860333
vn 0.509732 0.000000 -0.860333
vn 0.509732 -0.000000 -0.860333
vn 0.509732 -0.000000 -0.860333
vn 0.509732 0.000000 -0.860334
vn 0.509732 0.000000 -0.860333
vn 0.509733 0.000000 -0.860333
vn -0.523083 0.038719 0.851402
vn -0.523083 0.038719 0.851402
vn -0.523083 0.038719 0.851402
vn -0.523083 0.038719 0.851402
vn 0.495487 0.038719 -0.867752
vn 0.495487 0.038719 -0.867752
vn 0.495487 0.038719 -0.867752
vn 0.495487 0.038719 -0.867752
vn -0.495487 0.038717 0.867752
vn -0.495487 0.038717 0.867752
vn -0.495487 0.038717 0.867752
vn -0.495487 0.038717 0.867752
vn 0.523082 0.038720 -0.851402
vn 0.523082 0.038720 -0.851402
vn 0.523082 0.038720 -0.851402
vn 0.523082 0.038720 -0.851402
vn -0.475974 0.016037 0.879313
vn -0.475973 0.016037 0.879313
vn -0.475974 0.016037 0.879313
vn -0.475974 0.016037 0.879313
vn 0.542592 0.016037 -0.839843
vn 0.542592 0.016037 -0.839843
vn 0.542592 0.016037 -0.839843
vn 0.542592 0.016037 -0.839843
vn -0.475973 -0.016036 0.879314
vn -0.475973 -0.016036 0.879314
vn -0.475973 -0.016036 0.879314
vn -0.475973 -0.016036 0.879314
vn 0.542592 -0.016036 -0.839843
vn 0.542592 -0.016036 -0.839843
vn 0.542592 -0.016036 -0.839843
vn 0.542592 -0.016036 -0.839843
vn -0.495488 -0.038719 0.867752
vn -0.495488 -0.038719 0.867752
vn -0.495488 -0.038719 0.867752
vn -0.495488 -0.038719 0.867752
vn 0.523083 -0.038720 -0.851402
vn 0.523083 -0.038720 -0.851402
vn 0.523083 -0.038720 -0.851402
vn 0.523083 -0.038720 -0.851402
vn -0.523083 -0.038718 0.851402
vn -0.523083 -0.038718 0.851402
vn -0.523083 -0.038718 0.851402
vn -0.523083 -0.038718 0.851402
vn 0.495489 -0.038718 -0.867751
vn 0.495489 -0.038718 -0.867751
vn 0.495489 -0.038718 -0.867751
vn 0.495489 -0.038718 -0.867751
vn -0.542593 -0.016036 0.839842
vn -0.542593 -0.016036 0.839842
vn -0.542593 -0.016036 0.839842
vn -0.542593 -0.016036 0.839842
vn 0.475972 -0.016040 -0.879314
vn 0.475972 -0.016040 -0.879314
vn 0.475972 -0.016040 -0.879314
vn 0.475972 -0.016040 -0.879314
vn -0.542595 0.016037 0.839842
vn -0.542595 0.016037 0.839842
vn -0.542595 0.016037 0.839842
vn -0.542595 0.016037 0.839842
vn 0.475973 0.016039 -0.879313
vn 0.475973 0.016039 -0.879314
vn 0.475973 0.016039 -0.879313
vn 0.475973 0.016039 -0.879314
vn -0.329237 0.923878 -0.195071
vn -0.329237 0.923878 -0.195071
vn -0.329237 0.923878 -0.195071
vn -0.329237 0.923878 -0.195071
vn 0.329235 -0.923880 0.195066
vn 0.329235 -0.923879 0.195066
vn 0.329235 -0.923879 0.195066
vn 0.329235 -0.923880 0.195066
vn 0.329230 0.923882 0.195065
vn 0.329230 0.923882 0.195065
vn 0.329230 0.923882 0.195065
vn 0.329230 0.923882 0.195065
vn -0.329231 -0.923881 -0.195068
vn -0.329231 -0.923881 -0.195068
vn -0.329231 -0.923881 -0.195068
vn -0.329231 -0.923881 -0.195068
vn 0.794845 0.382686 0.470928
vn 0.794845 0.382686 0.470928
vn 0.794845 0.382686 0.470928
vn 0.794845 0.382686 0.470928
vn -0.794835 -0.382681 -0.470948
vn -0.794835 -0.382681 -0.470948
vn -0.794835 -0.382681 -0.470948
vn -0.794835 -0.382681 -0.470948
vn 0.794844 -0.382687 0.470928
vn 0.794844 -0.382687 0.470928
vn 0.794844 -0.382687 0.470928
vn 0.794844 -0.382687 0.470928
vn -0.794835 0.382684 -0.470947
vn -0.794835 0.382684 -0.470947
vn -0.794835 0.382684 -0.470947
vn -0.794835 0.382684 -0.470947
vn 0.329232 -0.923881 0.195067
vn 0.329232 -0.923881 0.195067
vn 0.329232 -0.923881 0.195067
vn 0.329232 -0.923881 0.195067
vn -0.329233 0.923879 -0.195071
vn -0.329233 0.923879 -0.195071
vn -0.329233 0.923879 -0.195071
vn -0.329233 0.923879 -0.195071
vn -0.329239 -0.923879 -0.195062
vn -0.329239 -0.923879 -0.195062
vn -0.329239 -0.923879 -0.195062
vn -0.329239 -0.923879 -0.195062
vn 0.329236 0.923879 0.195068
vn 0.329236 0.923879 0.195068
vn 0.329236 0.923879 0.195068
vn 0.329236 0.923879 0.195068
vn -0.794835 -0.382682 -0.470948
vn -0.794835 -0.382682 -0.470948
vn -0.794835 -0.382682 -0.470948
vn -0.794835 -0.382682 -0.470948
vn 0.794845 0.382682 0.470932
vn 0.794845 0.382682 0.470932
vn 0.794845 0.382682 0.470932
vn 0.794845 0.382682 0.470932
vn -0.794837 0.382681 -0.470945
vn -0.794837 0.382681 -0.470945
vn -0.794837 0.382681 -0.470945
vn -0.794837 0.382681 -0.470945
vn 0.794844 -0.382684 0.470930
vn 0.794844 -0.382684 0.470930
vn 0.794844 -0.382684 0.470930
vn 0.794844 -0.382684 0.470930
vn -0.329233 0.923880 -0.195067
vn -0.329233 0.923880 -0.195067
vn -0.329233 0.923880 -0.195067
vn -0.329233 0.923880 -0.195067
vn 0.329235 -0.923879 0.195070
vn 0.329235 -0.923879 0.195070
vn 0.329235 -0.923879 0.195070
vn 0.329235 -0.923879 0.195070
vn 0.329235 0.923879 0.195071
vn 0.329235 0.923879 0.195071
vn 0.329235 0.923879 0.195071
vn 0.329235 0.923879 0.195071
vn -0.329236 -0.923879 -0.195067
vn -0.329236 -0.923879 -0.195067
vn -0.329236 -0.923879 -0.195067
vn -0.329236 -0.923879 -0.195067
vn 0.794835 0.382688 0.470944
vn 0.794835 0.382688 0.470944
vn 0.794835 0.382688 0.470944
vn 0.794835 0.382688 0.470944
vn -0.794844 -0.382685 -0.470930
vn -0.794844 -0.382685 -0.470930
vn -0.794844 -0.382685 -0.470930
vn -0.794844 -0.382685 -0.470930
vn 0.794835 -0.382685 0.470945
vn 0.794835 -0.382685 0.470945
vn 0.794835 -0.382685 0.470945
vn 0.794835 -0.382685 0.470945
vn -0.794844 0.382684 -0.470931
vn -0.794844 0.382684 -0.470931
vn -0.794844 0.382684 -0.470931
vn -0.794844 0.382684 -0.470931
vn 0.329236 -0.923881 0.195060
vn 0.329236 -0.923881 0.195060
vn 0.329236 -0.923881 0.195060
vn 0.329236 -0.923881 0.195060
vn -0.329237 0.923879 -0.195068
vn -0.329236 0.923879 -0.195068
vn -0.329236 0.923879 -0.195068
vn -0.329237 0.923879 -0.195068
vn -0.329233 -0.923880 -0.195067
vn -0.329233 -0.923880 -0.195067
vn -0.329233 -0.923880 -0.195067
vn -0.329233 -0.923880 -0.195067
vn 0.329236 0.923878 0.195073
vn 0.329236 0.923878 0.195072
vn 0.329236 0.923878 0.195072
vn 0.329236 0.923878 0.195073
vn -0.794844 -0.382688 -0.470928
vn -0.794844 -0.382688 -0.470928
vn -0.794844 -0.382688 -0.470928
vn -0.794844 -0.382688 -0.470928
vn 0.794831 0.382690 0.470948
vn 0.794831 0.382690 0.470948
vn 0.794831 0.382690 0.470948
vn 0.794831 0.382690 0.470948
vn -0.794845 0.382685 -0.470928
vn -0.794845 0.382685 -0.470928
vn -0.794845 0.382685 -0.470928
vn -0.794845 0.382685 -0.470928
vn 0.794831 -0.382689 0.470949
vn 0.794831 -0.382689 0.470949
vn 0.794831 -0.382689 0.470949
vn 0.794831 -0.382689 0.470949
s off
g polySurface71 polySurface95
usemtl openPBRSurface4SG
f 3291/6720/5831 3292/6721/5832 3293/6722/5833 3294/6723/5834
f 3292/6721/5835 3295/6724/5836 3296/6725/5837 3293/6722/5838
f 3295/6726/5839 3297/6727/5840 3298/6728/5841 3296/6729/5842
f 3297/6727/5843 3299/6730/5844 3300/6731/5845 3298/6728/5846
f 3299/6732/5847 3301/6733/5848 3302/6734/5849 3300/6735/5850
f 3301/6733/5851 3303/6736/5852 3304/6737/5853 3302/6734/5854
f 3303/6738/5855 3305/6739/5856 3306/6740/5857 3304/6741/5858
f 3305/6739/5859 3291/6742/5860 3294/6743/5861 3306/6740/5862
s 1
usemtl openPBRSurface5SG
f 3274/6744/5863 3273/6745/5864 3289/6746/5865
f 3275/6747/5866 3274/6744/5863 3289/6746/5865
usemtl openPBRSurface10SG
f 3276/6748/5867 3275/6747/5866 3289/6746/5865
f 3277/6749/5868 3276/6748/5867 3289/6746/5865
usemtl openPBRSurface5SG
f 3278/6750/5869 3277/6749/5868 3289/6746/5865
f 3279/6751/5870 3278/6750/5869 3289/6746/5865
usemtl openPBRSurface10SG
f 3280/6752/5871 3279/6751/5870 3289/6746/5865
f 3273/6745/5864 3280/6752/5871 3289/6746/5865
s 2
usemtl openPBRSurface5SG
f 3281/6753/5872 3282/6754/5873 3290/6755/5874
f 3282/6754/5873 3283/6756/5875 3290/6755/5874
usemtl openPBRSurface10SG
f 3283/6756/5875 3284/6757/5876 3290/6755/5874
f 3284/6757/5876 3285/6758/5877 3290/6755/5874
usemtl openPBRSurface5SG
f 3285/6758/5877 3286/6759/5878 3290/6755/5874
f 3286/6759/5878 3287/6760/5879 3290/6755/5874
usemtl openPBRSurface10SG
f 3287/6760/5879 3288/6761/5880 3290/6755/5874
f 3288/6761/5880 3281/6753/5872 3290/6755/5874
s off
usemtl openPBRSurface4SG
f 3307/6762/5881 3308/6763/5882 3309/6764/5883 3310/6765/5884
f 3324/6766/5885 3323/6767/5886 3325/6768/5887 3326/6769/5888
f 3308/6770/5889 3311/6771/5890 3312/6772/5891 3309/6773/5892
f 3327/6774/5893 3324/6775/5894 3326/6776/5895 3328/6777/5896
f 3311/6771/5897 3313/6778/5898 3314/6779/5899 3312/6772/5900
f 3329/6780/5901 3327/6774/5902 3328/6777/5903 3330/6781/5904
f 3313/6778/5905 3315/6782/5906 3316/6783/5907 3314/6779/5908
f 3331/6784/5909 3329/6780/5910 3330/6781/5911 3332/6785/5912
f 3315/6782/5913 3317/6786/5914 3318/6787/5915 3316/6783/5916
f 3333/6788/5917 3331/6784/5918 3332/6785/5919 3334/6789/5920
f 3317/6790/5921 3319/6791/5922 3320/6792/5923 3318/6793/5924
f 3335/6794/5925 3333/6795/5926 3334/6796/5927 3336/6797/5928
f 3319/6791/5929 3321/6798/5930 3322/6799/5931 3320/6792/5932
f 3337/6800/5933 3335/6794/5934 3336/6797/5935 3338/6801/5936
f 3321/6798/5937 3307/6762/5938 3310/6765/5939 3322/6799/5940
f 3323/6767/5941 3337/6800/5942 3338/6801/5943 3325/6768/5944
f 3273/6802/5945 3274/6803/5946 3308/6804/5947 3307/6805/5948
f 3292/6721/5949 3291/6720/5950 3310/6806/5951 3309/6807/5952
f 3274/6803/5953 3275/6808/5954 3311/6809/5955 3308/6804/5956
f 3295/6724/5957 3292/6721/5958 3309/6807/5959 3312/6810/5960
f 3275/6811/5961 3276/6812/5962 3313/6813/5963 3311/6814/5964
f 3297/6727/5965 3295/6726/5966 3312/6815/5967 3314/6816/5968
f 3276/6812/5969 3277/6817/5970 3315/6818/5971 3313/6813/5972
f 3299/6730/5973 3297/6727/5974 3314/6816/5975 3316/6819/5976
f 3277/6820/5977 3278/6821/5978 3317/6822/5979 3315/6823/5980
f 3301/6733/5981 3299/6732/5982 3316/6824/5983 3318/6825/5984
f 3278/6821/5985 3279/6826/5986 3319/6827/5987 3317/6822/5988
f 3303/6736/5989 3301/6733/5990 3318/6825/5991 3320/6828/5992
f 3279/6751/5993 3280/6752/5994 3321/6798/5995 3319/6791/5996
f 3305/6739/5997 3303/6738/5998 3320/6829/5999 3322/6830/6000
f 3280/6752/6001 3273/6745/6002 3307/6762/6003 3321/6798/6004
f 3291/6742/6005 3305/6739/6006 3322/6830/6007 3310/6831/6008
f 3282/6832/6009 3281/6833/6010 3323/6834/6011 3324/6835/6012
f 3294/6723/6013 3293/6722/6014 3326/6836/6015 3325/6837/6016
f 3283/6838/6017 3282/6832/6018 3324/6835/6019 3327/6839/6020
f 3293/6722/6021 3296/6725/6022 3328/6840/6023 3326/6836/6024
f 3284/6757/6025 3283/6756/6026 3327/6774/6027 3329/6780/6028
f 3296/6729/6029 3298/6728/6030 3330/6841/6031 3328/6842/6032
f 3285/6758/6033 3284/6757/6034 3329/6780/6035 3331/6784/6036
f 3298/6728/6037 3300/6731/6038 3332/6843/6039 3330/6841/6040
f 3286/6844/6041 3285/6845/6042 3331/6846/6043 3333/6847/6044
f 3300/6735/6045 3302/6734/6046 3334/6848/6047 3332/6849/6048
f 3287/6850/6049 3286/6844/6050 3333/6847/6051 3335/6851/6052
f 3302/6734/6053 3304/6737/6054 3336/6852/6055 3334/6848/6056
f 3288/6853/6057 3287/6854/6058 3335/6855/6059 3337/6856/6060
f 3304/6741/6061 3306/6740/6062 3338/6857/6063 3336/6858/6064
f 3281/6859/6065 3288/6853/6066 3337/6856/6067 3323/6860/6068
f 3306/6740/6069 3294/6743/6070 3325/6861/6071 3338/6857/6072
g default
v 10.695920 2.950115 -2.576394
v 9.792668 2.515238 -3.111554
v 8.889418 2.950115 -3.646715
v 8.515279 4.000000 -3.868385
v 8.889418 5.049885 -3.646715
v 9.792668 5.484762 -3.111554
v 10.695920 5.049885 -2.576394
v 11.070059 4.000000 -2.354723
v 10.754581 2.950115 -2.675404
v 9.851331 2.515238 -3.210564
v 8.948079 2.950115 -3.745725
v 8.573940 4.000000 -3.967395
v 8.948079 5.049885 -3.745725
v 9.851331 5.484762 -3.210564
v 10.754581 5.049885 -2.675404
v 11.128720 4.000000 -2.453733
v 9.792668 4.000000 -3.111554
v 9.851331 4.000000 -3.210564
v 10.774182 2.856094 -2.524035
v 9.790042 2.382273 -3.107121
v 9.853957 2.382273 -3.214998
v 10.838097 2.856094 -2.631912
v 8.805902 2.856094 -3.690207
v 8.869817 2.856094 -3.798083
v 8.398258 4.000000 -3.931729
v 8.462173 4.000000 -4.039605
v 8.805902 5.143906 -3.690207
v 8.869817 5.143906 -3.798083
v 9.790042 5.617727 -3.107121
v 9.853957 5.617727 -3.214998
v 10.774182 5.143906 -2.524035
v 10.838097 5.143906 -2.631912
v 11.181827 4.000000 -2.282513
v 11.245741 4.000000 -2.390389
v 10.678544 2.950115 -2.547068
v 9.775293 2.515238 -3.082228
v 9.772667 2.382273 -3.077795
v 10.756807 2.856094 -2.494709
v 8.872043 2.950115 -3.617389
v 8.788527 2.856094 -3.660881
v 8.497904 4.000000 -3.839059
v 8.380882 4.000000 -3.902403
v 8.872043 5.049885 -3.617389
v 8.788527 5.143906 -3.660881
v 9.775293 5.484762 -3.082228
v 9.772667 5.617727 -3.077795
v 10.678544 5.049885 -2.547068
v 10.756807 5.143906 -2.494709
v 11.052683 4.000000 -2.325397
v 11.164452 4.000000 -2.253187
v 10.771956 2.950115 -2.704730
v 9.868706 2.515238 -3.239890
v 10.855473 2.856094 -2.661238
v 9.871332 2.382273 -3.244323
v 8.965455 2.950115 -3.775051
v 8.887192 2.856094 -3.827410
v 8.591316 4.000000 -3.996721
v 8.479548 4.000000 -4.068932
v 8.965455 5.049885 -3.775051
v 8.887192 5.143906 -3.827410
v 9.868706 5.484762 -3.239890
v 9.871332 5.617727 -3.244323
v 10.771956 5.049885 -2.704730
v 10.855473 5.143906 -2.661238
v 11.146095 4.000000 -2.483059
v 11.263117 4.000000 -2.419716
vt 0.069326 0.006397
vt 0.058357 0.024912
vt 0.056328 0.023709
vt 0.067297 0.005195
vt 0.047388 0.043426
vt 0.045358 0.042223
vt 0.545360 0.251923
vt 0.540461 0.275124
vt 0.538274 0.275124
vt 0.543172 0.251923
vt 0.545360 0.298324
vt 0.543172 0.298324
vt 0.621778 0.043438
vt 0.610809 0.024924
vt 0.612838 0.023722
vt 0.623807 0.042236
vt 0.599839 0.006410
vt 0.601869 0.005208
vt 0.873621 0.263310
vt 0.868722 0.240109
vt 0.870910 0.240109
vt 0.875808 0.263310
vt 0.873621 0.216908
vt 0.875808 0.216908
vt 0.399928 0.599561
vt 0.413414 0.610520
vt 0.399928 0.636977
vt 0.386442 0.610520
vt 0.380856 0.636977
vt 0.386442 0.663434
vt 0.399928 0.674393
vt 0.413414 0.663434
vt 0.419000 0.636977
vt 0.812104 0.619075
vt 0.825590 0.608117
vt 0.825590 0.645532
vt 0.839076 0.619075
vt 0.844662 0.645532
vt 0.839076 0.671989
vt 0.825590 0.682948
vt 0.812104 0.671989
vt 0.806518 0.645532
vt 0.414153 0.610520
vt 0.400667 0.599561
vt 0.400779 0.596210
vt 0.415472 0.608150
vt 0.459267 0.814653
vt 0.476742 0.806239
vt 0.478358 0.808058
vt 0.459318 0.817225
vt 0.906307 0.569561
vt 0.888831 0.577975
vt 0.887215 0.576156
vt 0.906256 0.566988
vt 0.839815 0.619075
vt 0.826329 0.608117
vt 0.826441 0.604766
vt 0.841134 0.616706
vt 0.881593 0.598287
vt 0.879329 0.598287
vt 0.845401 0.645532
vt 0.847221 0.645532
vt 0.888831 0.618599
vt 0.887215 0.620418
vt 0.839815 0.671989
vt 0.841134 0.674359
vt 0.906307 0.627013
vt 0.906256 0.629585
vt 0.826329 0.682948
vt 0.826441 0.686299
vt 0.400667 0.674393
vt 0.414153 0.663434
vt 0.415472 0.665803
vt 0.400779 0.677743
vt 0.476742 0.765615
vt 0.459267 0.757201
vt 0.459318 0.754628
vt 0.478358 0.763796
vt 0.419739 0.636977
vt 0.421559 0.636977
vt 0.483981 0.785927
vt 0.486245 0.785927
vt 0.555033 0.007668
vt 0.565101 0.024661
vt 0.564549 0.024987
vt 0.554481 0.007995
vt 0.069878 0.006724
vt 0.058909 0.025238
vt 0.575168 0.041653
vt 0.574617 0.041980
vt 0.047939 0.043753
vt 0.482265 0.377854
vt 0.486761 0.399147
vt 0.486166 0.399147
vt 0.481670 0.377854
vt 0.545955 0.251923
vt 0.541056 0.275124
vt 0.482265 0.420440
vt 0.481670 0.420440
vt 0.545955 0.298324
vt 0.672098 0.038861
vt 0.682166 0.021868
vt 0.682718 0.022195
vt 0.672650 0.039188
vt 0.621226 0.043765
vt 0.610257 0.025251
vt 0.692234 0.004875
vt 0.692786 0.005202
vt 0.599288 0.006737
vt 0.873026 0.263310
vt 0.868127 0.240109
vt 0.873026 0.216908
vt 0.861392 0.022187
vt 0.851325 0.005194
vt 0.851876 0.004867
vt 0.861944 0.021860
vt 0.055776 0.023382
vt 0.066745 0.004868
vt 0.871460 0.039179
vt 0.872012 0.038852
vt 0.044807 0.041897
vt 0.537679 0.275124
vt 0.542577 0.251923
vt 0.542577 0.298324
vt 0.895549 0.026584
vt 0.885481 0.043577
vt 0.884929 0.043250
vt 0.894997 0.026258
vt 0.613390 0.023395
vt 0.624359 0.041909
vt 0.905617 0.009591
vt 0.905065 0.009265
vt 0.602420 0.004881
vt 0.604379 0.381671
vt 0.599883 0.402965
vt 0.599288 0.402965
vt 0.603784 0.381671
vt 0.871505 0.240109
vt 0.876403 0.263310
vt 0.599883 0.360377
vt 0.599288 0.360377
vt 0.876403 0.216908
vn 0.329235 -0.923880 0.195066
vn 0.329235 -0.923880 0.195066
vn 0.329235 -0.923880 0.195066
vn 0.329235 -0.923880 0.195066
vn -0.329235 -0.923880 -0.195066
vn -0.329235 -0.923880 -0.195066
vn -0.329235 -0.923880 -0.195066
vn -0.329235 -0.923880 -0.195066
vn -0.794847 -0.382681 -0.470928
vn -0.794847 -0.382681 -0.470928
vn -0.794847 -0.382681 -0.470928
vn -0.794847 -0.382681 -0.470928
vn -0.794847 0.382682 -0.470928
vn -0.794847 0.382682 -0.470928
vn -0.794847 0.382682 -0.470928
vn -0.794847 0.382682 -0.470928
vn -0.329234 0.923880 -0.195064
vn -0.329234 0.923880 -0.195064
vn -0.329234 0.923880 -0.195064
vn -0.329234 0.923880 -0.195064
vn 0.329235 0.923880 0.195065
vn 0.329235 0.923880 0.195065
vn 0.329235 0.923880 0.195065
vn 0.329235 0.923880 0.195065
vn 0.794846 0.382683 0.470929
vn 0.794846 0.382683 0.470929
vn 0.794846 0.382683 0.470929
vn 0.794846 0.382683 0.470929
vn 0.794845 -0.382684 0.470929
vn 0.794845 -0.382684 0.470929
vn 0.794845 -0.382684 0.470929
vn 0.794845 -0.382684 0.470929
vn -0.509732 0.000000 0.860333
vn -0.509732 0.000000 0.860333
vn -0.509732 -0.000000 0.860333
vn -0.509732 -0.000000 0.860333
vn -0.509732 -0.000000 0.860333
vn -0.509732 0.000000 0.860333
vn -0.509732 0.000000 0.860333
vn -0.509732 -0.000000 0.860333
vn -0.509732 -0.000000 0.860333
vn 0.509732 -0.000000 -0.860333
vn 0.509732 0.000000 -0.860333
vn 0.509732 -0.000000 -0.860333
vn 0.509732 0.000000 -0.860333
vn 0.509732 0.000000 -0.860333
vn 0.509732 0.000000 -0.860333
vn 0.509732 0.000000 -0.860333
vn 0.509732 0.000000 -0.860333
vn 0.509732 0.000000 -0.860333
vn -0.523082 0.038718 0.851402
vn -0.523082 0.038718 0.851402
vn -0.523082 0.038718 0.851402
vn -0.523082 0.038718 0.851402
vn 0.495486 0.038719 -0.867753
vn 0.495486 0.038719 -0.867753
vn 0.495486 0.038719 -0.867753
vn 0.495486 0.038719 -0.867753
vn -0.495486 0.038717 0.867753
vn -0.495486 0.038717 0.867753
vn -0.495486 0.038717 0.867753
vn -0.495486 0.038717 0.867753
vn 0.523082 0.038720 -0.851402
vn 0.523082 0.038720 -0.851402
vn 0.523082 0.038720 -0.851402
vn 0.523082 0.038720 -0.851402
vn -0.475972 0.016038 0.879314
vn -0.475972 0.016038 0.879314
vn -0.475972 0.016038 0.879314
vn -0.475972 0.016038 0.879314
vn 0.542597 0.016039 -0.839840
vn 0.542597 0.016039 -0.839840
vn 0.542597 0.016039 -0.839840
vn 0.542597 0.016039 -0.839840
vn -0.475972 -0.016037 0.879314
vn -0.475972 -0.016037 0.879314
vn -0.475972 -0.016037 0.879314
vn -0.475972 -0.016037 0.879314
vn 0.542596 -0.016038 -0.839841
vn 0.542596 -0.016038 -0.839841
vn 0.542596 -0.016038 -0.839841
vn 0.542596 -0.016038 -0.839841
vn -0.495487 -0.038719 0.867752
vn -0.495487 -0.038719 0.867752
vn -0.495487 -0.038719 0.867752
vn -0.495487 -0.038719 0.867752
vn 0.523083 -0.038720 -0.851402
vn 0.523083 -0.038720 -0.851402
vn 0.523083 -0.038720 -0.851402
vn 0.523083 -0.038720 -0.851402
vn -0.523083 -0.038719 0.851402
vn -0.523083 -0.038719 0.851402
vn -0.523083 -0.038719 0.851402
vn -0.523083 -0.038719 0.851402
vn 0.495487 -0.038718 -0.867752
vn 0.495487 -0.038718 -0.867752
vn 0.495487 -0.038718 -0.867752
vn 0.495487 -0.038718 -0.867752
vn -0.542595 -0.016038 0.839842
vn -0.542595 -0.016038 0.839842
vn -0.542595 -0.016038 0.839842
vn -0.542595 -0.016038 0.839842
vn 0.475972 -0.016038 -0.879314
vn 0.475972 -0.016038 -0.879314
vn 0.475972 -0.016038 -0.879314
vn 0.475972 -0.016038 -0.879314
vn -0.542596 0.016038 0.839841
vn -0.542596 0.016038 0.839841
vn -0.542596 0.016038 0.839841
vn -0.542596 0.016038 0.839841
vn 0.475972 0.016038 -0.879314
vn 0.475972 0.016038 -0.879314
vn 0.475972 0.016038 -0.879314
vn 0.475972 0.016038 -0.879314
vn -0.329236 0.923877 -0.195074
vn -0.329236 0.923877 -0.195074
vn -0.329236 0.923877 -0.195074
vn -0.329236 0.923877 -0.195074
vn 0.329239 -0.923878 0.195067
vn 0.329239 -0.923878 0.195067
vn 0.329239 -0.923878 0.195067
vn 0.329239 -0.923878 0.195067
vn 0.329232 0.923881 0.195066
vn 0.329232 0.923881 0.195066
vn 0.329232 0.923881 0.195066
vn 0.329232 0.923881 0.195066
vn -0.329238 -0.923878 -0.195071
vn -0.329238 -0.923878 -0.195071
vn -0.329238 -0.923878 -0.195071
vn -0.329238 -0.923878 -0.195071
vn 0.794844 0.382687 0.470928
vn 0.794844 0.382687 0.470928
vn 0.794844 0.382687 0.470928
vn 0.794844 0.382687 0.470928
vn -0.794832 -0.382687 -0.470949
vn -0.794832 -0.382687 -0.470949
vn -0.794832 -0.382687 -0.470949
vn -0.794832 -0.382687 -0.470949
vn 0.794844 -0.382688 0.470928
vn 0.794844 -0.382688 0.470928
vn 0.794844 -0.382688 0.470928
vn 0.794844 -0.382688 0.470928
vn -0.794832 0.382686 -0.470949
vn -0.794832 0.382686 -0.470949
vn -0.794832 0.382686 -0.470949
vn -0.794832 0.382686 -0.470949
vn 0.329230 -0.923882 0.195065
vn 0.329230 -0.923882 0.195065
vn 0.329230 -0.923882 0.195065
vn 0.329230 -0.923882 0.195065
vn -0.329235 0.923878 -0.195072
vn -0.329235 0.923878 -0.195072
vn -0.329235 0.923878 -0.195072
vn -0.329235 0.923878 -0.195072
vn -0.329234 -0.923881 -0.195061
vn -0.329234 -0.923881 -0.195061
vn -0.329234 -0.923881 -0.195061
vn -0.329234 -0.923881 -0.195061
vn 0.329238 0.923878 0.195067
vn 0.329238 0.923878 0.195067
vn 0.329238 0.923878 0.195067
vn 0.329238 0.923878 0.195067
vn -0.794834 -0.382684 -0.470948
vn -0.794834 -0.382684 -0.470948
vn -0.794834 -0.382684 -0.470947
vn -0.794834 -0.382684 -0.470948
vn 0.794847 0.382682 0.470927
vn 0.794847 0.382682 0.470927
vn 0.794847 0.382682 0.470927
vn 0.794847 0.382682 0.470927
vn -0.794836 0.382681 -0.470948
vn -0.794835 0.382681 -0.470948
vn -0.794836 0.382681 -0.470948
vn -0.794835 0.382681 -0.470948
vn 0.794849 -0.382679 0.470926
vn 0.794849 -0.382679 0.470926
vn 0.794849 -0.382679 0.470926
vn 0.794849 -0.382679 0.470926
vn -0.329231 0.923881 -0.195065
vn -0.329231 0.923881 -0.195065
vn -0.329231 0.923881 -0.195065
vn -0.329231 0.923881 -0.195065
vn 0.329232 -0.923880 0.195068
vn 0.329232 -0.923880 0.195068
vn 0.329232 -0.923880 0.195068
vn 0.329232 -0.923880 0.195068
vn 0.329234 0.923879 0.195071
vn 0.329234 0.923879 0.195071
vn 0.329234 0.923879 0.195071
vn 0.329234 0.923879 0.195071
vn -0.329237 -0.923879 -0.195066
vn -0.329237 -0.923879 -0.195066
vn -0.329237 -0.923879 -0.195066
vn -0.329237 -0.923879 -0.195066
vn 0.794835 0.382683 0.470947
vn 0.794835 0.382683 0.470947
vn 0.794835 0.382683 0.470947
vn 0.794835 0.382683 0.470947
vn -0.794848 -0.382683 -0.470926
vn -0.794848 -0.382683 -0.470926
vn -0.794848 -0.382683 -0.470926
vn -0.794848 -0.382683 -0.470926
vn 0.794835 -0.382681 0.470948
vn 0.794835 -0.382681 0.470948
vn 0.794835 -0.382681 0.470948
vn 0.794835 -0.382681 0.470948
vn -0.794847 0.382684 -0.470926
vn -0.794847 0.382684 -0.470926
vn -0.794847 0.382684 -0.470926
vn -0.794847 0.382684 -0.470926
vn 0.329234 -0.923881 0.195059
vn 0.329234 -0.923881 0.195059
vn 0.329234 -0.923881 0.195059
vn 0.329234 -0.923881 0.195059
vn -0.329240 0.923878 -0.195068
vn -0.329240 0.923878 -0.195068
vn -0.329240 0.923878 -0.195068
vn -0.329240 0.923878 -0.195068
vn -0.329232 -0.923881 -0.195066
vn -0.329232 -0.923881 -0.195066
vn -0.329232 -0.923881 -0.195066
vn -0.329232 -0.923881 -0.195066
vn 0.329234 0.923879 0.195071
vn 0.329234 0.923879 0.195071
vn 0.329234 0.923879 0.195071
vn 0.329234 0.923879 0.195071
vn -0.794846 -0.382688 -0.470925
vn -0.794846 -0.382688 -0.470925
vn -0.794846 -0.382688 -0.470925
vn -0.794846 -0.382688 -0.470925
vn 0.794836 0.382684 0.470945
vn 0.794836 0.382684 0.470945
vn 0.794836 0.382684 0.470945
vn 0.794836 0.382684 0.470945
vn -0.794846 0.382687 -0.470925
vn -0.794846 0.382687 -0.470925
vn -0.794846 0.382687 -0.470925
vn -0.794846 0.382687 -0.470925
vn 0.794834 -0.382688 0.470944
vn 0.794834 -0.382688 0.470944
vn 0.794834 -0.382688 0.470944
vn 0.794834 -0.382688 0.470944
s off
g polySurface71 polySurface97
usemtl openPBRSurface4SG
f 3357/6862/6073 3358/6863/6074 3359/6864/6075 3360/6865/6076
f 3358/6863/6077 3361/6866/6078 3362/6867/6079 3359/6864/6080
f 3361/6868/6081 3363/6869/6082 3364/6870/6083 3362/6871/6084
f 3363/6869/6085 3365/6872/6086 3366/6873/6087 3364/6870/6088
f 3365/6874/6089 3367/6875/6090 3368/6876/6091 3366/6877/6092
f 3367/6875/6093 3369/6878/6094 3370/6879/6095 3368/6876/6096
f 3369/6880/6097 3371/6881/6098 3372/6882/6099 3370/6883/6100
f 3371/6881/6101 3357/6884/6102 3360/6885/6103 3372/6882/6104
s 1
usemtl openPBRSurface5SG
f 3340/6886/6105 3339/6887/6106 3355/6888/6107
f 3341/6889/6108 3340/6886/6105 3355/6888/6107
usemtl openPBRSurface10SG
f 3342/6890/6109 3341/6889/6108 3355/6888/6107
f 3343/6891/6110 3342/6890/6109 3355/6888/6107
usemtl openPBRSurface5SG
f 3344/6892/6111 3343/6891/6110 3355/6888/6107
f 3345/6893/6112 3344/6892/6111 3355/6888/6107
usemtl openPBRSurface10SG
f 3346/6894/6113 3345/6893/6112 3355/6888/6107
f 3339/6887/6106 3346/6894/6113 3355/6888/6107
s 2
usemtl openPBRSurface5SG
f 3347/6895/6114 3348/6896/6115 3356/6897/6116
f 3348/6896/6115 3349/6898/6117 3356/6897/6116
usemtl openPBRSurface10SG
f 3349/6898/6117 3350/6899/6118 3356/6897/6116
f 3350/6899/6118 3351/6900/6119 3356/6897/6116
usemtl openPBRSurface5SG
f 3351/6900/6119 3352/6901/6120 3356/6897/6116
f 3352/6901/6120 3353/6902/6121 3356/6897/6116
usemtl openPBRSurface10SG
f 3353/6902/6121 3354/6903/6122 3356/6897/6116
f 3354/6903/6122 3347/6895/6114 3356/6897/6116
s off
usemtl openPBRSurface4SG
f 3373/6904/6123 3374/6905/6124 3375/6906/6125 3376/6907/6126
f 3390/6908/6127 3389/6909/6128 3391/6910/6129 3392/6911/6130
f 3374/6912/6131 3377/6913/6132 3378/6914/6133 3375/6915/6134
f 3393/6916/6135 3390/6917/6136 3392/6918/6137 3394/6919/6138
f 3377/6913/6139 3379/6920/6140 3380/6921/6141 3378/6914/6142
f 3395/6922/6143 3393/6916/6144 3394/6919/6145 3396/6923/6146
f 3379/6920/6147 3381/6924/6148 3382/6925/6149 3380/6921/6150
f 3397/6926/6151 3395/6922/6152 3396/6923/6153 3398/6927/6154
f 3381/6924/6155 3383/6928/6156 3384/6929/6157 3382/6925/6158
f 3399/6930/6159 3397/6926/6160 3398/6927/6161 3400/6931/6162
f 3383/6932/6163 3385/6933/6164 3386/6934/6165 3384/6935/6166
f 3401/6936/6167 3399/6937/6168 3400/6938/6169 3402/6939/6170
f 3385/6933/6171 3387/6940/6172 3388/6941/6173 3386/6934/6174
f 3403/6942/6175 3401/6936/6176 3402/6939/6177 3404/6943/6178
f 3387/6940/6179 3373/6904/6180 3376/6907/6181 3388/6941/6182
f 3389/6909/6183 3403/6942/6184 3404/6943/6185 3391/6910/6186
f 3339/6944/6187 3340/6945/6188 3374/6946/6189 3373/6947/6190
f 3358/6863/6191 3357/6862/6192 3376/6948/6193 3375/6949/6194
f 3340/6945/6195 3341/6950/6196 3377/6951/6197 3374/6946/6198
f 3361/6866/6199 3358/6863/6200 3375/6949/6201 3378/6952/6202
f 3341/6953/6203 3342/6954/6204 3379/6955/6205 3377/6956/6206
f 3363/6869/6207 3361/6868/6208 3378/6957/6209 3380/6958/6210
f 3342/6954/6211 3343/6959/6212 3381/6960/6213 3379/6955/6214
f 3365/6872/6215 3363/6869/6216 3380/6958/6217 3382/6961/6218
f 3343/6962/6219 3344/6963/6220 3383/6964/6221 3381/6965/6222
f 3367/6875/6223 3365/6874/6224 3382/6966/6225 3384/6967/6226
f 3344/6963/6227 3345/6968/6228 3385/6969/6229 3383/6964/6230
f 3369/6878/6231 3367/6875/6232 3384/6967/6233 3386/6970/6234
f 3345/6893/6235 3346/6894/6236 3387/6940/6237 3385/6933/6238
f 3371/6881/6239 3369/6880/6240 3386/6971/6241 3388/6972/6242
f 3346/6894/6243 3339/6887/6244 3373/6904/6245 3387/6940/6246
f 3357/6884/6247 3371/6881/6248 3388/6972/6249 3376/6973/6250
f 3348/6974/6251 3347/6975/6252 3389/6976/6253 3390/6977/6254
f 3360/6865/6255 3359/6864/6256 3392/6978/6257 3391/6979/6258
f 3349/6980/6259 3348/6974/6260 3390/6977/6261 3393/6981/6262
f 3359/6864/6263 3362/6867/6264 3394/6982/6265 3392/6978/6266
f 3350/6899/6267 3349/6898/6268 3393/6916/6269 3395/6922/6270
f 3362/6871/6271 3364/6870/6272 3396/6983/6273 3394/6984/6274
f 3351/6900/6275 3350/6899/6276 3395/6922/6277 3397/6926/6278
f 3364/6870/6279 3366/6873/6280 3398/6985/6281 3396/6983/6282
f 3352/6986/6283 3351/6987/6284 3397/6988/6285 3399/6989/6286
f 3366/6877/6287 3368/6876/6288 3400/6990/6289 3398/6991/6290
f 3353/6992/6291 3352/6986/6292 3399/6989/6293 3401/6993/6294
f 3368/6876/6295 3370/6879/6296 3402/6994/6297 3400/6990/6298
f 3354/6995/6299 3353/6996/6300 3401/6997/6301 3403/6998/6302
f 3370/6883/6303 3372/6882/6304 3404/6999/6305 3402/7000/6306
f 3347/7001/6307 3354/6995/6308 3403/6998/6309 3389/7002/6310
f 3372/6882/6311 3360/6885/6312 3391/7003/6313 3404/6999/6314
g default
v 16.509418 7.872724 -0.329385
v 16.505875 7.872724 -0.336342
v 16.500353 7.872724 -0.341863
v 16.493397 7.872724 -0.345407
v 16.485685 7.872724 -0.346628
v 16.477974 7.872724 -0.345407
v 16.471018 7.872724 -0.341863
v 16.465496 7.872724 -0.336342
v 16.461952 7.872724 -0.329385
v 16.460732 7.872724 -0.321674
v 16.461952 7.872724 -0.313963
v 16.465496 7.872724 -0.307006
v 16.471018 7.872724 -0.301486
v 16.477974 7.872724 -0.297941
v 16.485685 7.872724 -0.296720
v 16.493397 7.872724 -0.297941
v 16.500353 7.872724 -0.301486
v 16.505875 7.872724 -0.307006
v 16.509418 7.872724 -0.313963
v 16.510639 7.872724 -0.321674
v 16.532566 7.878567 -0.336907
v 16.525564 7.878567 -0.350648
v 16.514660 7.878567 -0.361554
v 16.500917 7.878567 -0.368556
v 16.485685 7.878567 -0.370968
v 16.470453 7.878567 -0.368556
v 16.456711 7.878567 -0.361554
v 16.445807 7.878567 -0.350648
v 16.438805 7.878567 -0.336907
v 16.436392 7.878567 -0.321674
v 16.438805 7.878567 -0.306441
v 16.445807 7.878567 -0.292700
v 16.456711 7.878567 -0.281794
v 16.470453 7.878567 -0.274793
v 16.485685 7.878567 -0.272380
v 16.500917 7.878567 -0.274793
v 16.514660 7.878567 -0.281794
v 16.525564 7.878567 -0.292700
v 16.532566 7.878567 -0.306441
v 16.534979 7.878567 -0.321674
v 16.554562 7.888146 -0.344053
v 16.544275 7.888146 -0.364242
v 16.528254 7.888146 -0.380263
v 16.508064 7.888146 -0.390550
v 16.485685 7.888146 -0.394094
v 16.463306 7.888146 -0.390550
v 16.443117 7.888146 -0.380263
v 16.427095 7.888146 -0.364242
v 16.416809 7.888146 -0.344053
v 16.413265 7.888146 -0.321674
v 16.416809 7.888146 -0.299295
v 16.427095 7.888146 -0.279107
v 16.443117 7.888146 -0.263085
v 16.463306 7.888146 -0.252799
v 16.485685 7.888146 -0.249254
v 16.508064 7.888146 -0.252799
v 16.528254 7.888146 -0.263085
v 16.544275 7.888146 -0.279107
v 16.554562 7.888146 -0.299295
v 16.558105 7.888146 -0.321674
v 16.574860 7.901225 -0.350648
v 16.561541 7.901225 -0.376787
v 16.540798 7.901225 -0.397530
v 16.514660 7.901225 -0.410848
v 16.485685 7.901225 -0.415437
v 16.456711 7.901225 -0.410848
v 16.430573 7.901225 -0.397530
v 16.409830 7.901225 -0.376787
v 16.396511 7.901225 -0.350648
v 16.391922 7.901225 -0.321674
v 16.396511 7.901225 -0.292700
v 16.409830 7.901225 -0.266562
v 16.430573 7.901225 -0.245818
v 16.456711 7.901225 -0.232500
v 16.485685 7.901225 -0.227911
v 16.514660 7.901225 -0.232500
v 16.540798 7.901225 -0.245818
v 16.561541 7.901225 -0.266562
v 16.574860 7.901225 -0.292700
v 16.579449 7.901225 -0.321674
v 16.592962 7.917481 -0.356530
v 16.576941 7.917481 -0.387975
v 16.551985 7.917481 -0.412929
v 16.520542 7.917481 -0.428950
v 16.485685 7.917481 -0.434471
v 16.450829 7.917481 -0.428950
v 16.419386 7.917481 -0.412929
v 16.394430 7.917481 -0.387975
v 16.378408 7.917481 -0.356530
v 16.372889 7.917481 -0.321674
v 16.378408 7.917481 -0.286818
v 16.394430 7.917481 -0.255374
v 16.419386 7.917481 -0.230420
v 16.450829 7.917481 -0.214398
v 16.485685 7.917481 -0.208877
v 16.520542 7.917481 -0.214398
v 16.551985 7.917481 -0.230420
v 16.576941 7.917481 -0.255374
v 16.592962 7.917481 -0.286818
v 16.598482 7.917481 -0.321674
v 16.608423 7.936515 -0.361554
v 16.590092 7.936515 -0.397530
v 16.561541 7.936515 -0.426081
v 16.525564 7.936515 -0.444411
v 16.485685 7.936515 -0.450728
v 16.445807 7.936515 -0.444411
v 16.409830 7.936515 -0.426081
v 16.381279 7.936515 -0.397530
v 16.362947 7.936515 -0.361554
v 16.356632 7.936515 -0.321674
v 16.362947 7.936515 -0.281794
v 16.381279 7.936515 -0.245818
v 16.409830 7.936515 -0.217268
v 16.445807 7.936515 -0.198937
v 16.485685 7.936515 -0.192621
v 16.525564 7.936515 -0.198937
v 16.561541 7.936515 -0.217268
v 16.590092 7.936515 -0.245818
v 16.608423 7.936515 -0.281794
v 16.614738 7.936515 -0.321674
v 16.620861 7.957858 -0.365595
v 16.600674 7.957858 -0.405217
v 16.569229 7.957858 -0.436662
v 16.529606 7.957858 -0.456850
v 16.485685 7.957858 -0.463807
v 16.441765 7.957858 -0.456850
v 16.402142 7.957858 -0.436662
v 16.370697 7.957858 -0.405217
v 16.350510 7.957858 -0.365595
v 16.343554 7.957858 -0.321674
v 16.350510 7.957858 -0.277753
v 16.370697 7.957858 -0.238131
v 16.402142 7.957858 -0.206687
v 16.441765 7.957858 -0.186498
v 16.485685 7.957858 -0.179542
v 16.529606 7.957858 -0.186498
v 16.569229 7.957858 -0.206687
v 16.600674 7.957858 -0.238131
v 16.620861 7.957858 -0.277753
v 16.627817 7.957858 -0.321674
v 16.629972 7.980984 -0.368556
v 16.608423 7.980984 -0.410848
v 16.574860 7.980984 -0.444411
v 16.532566 7.980984 -0.465960
v 16.485685 7.980984 -0.473386
v 16.438805 7.980984 -0.465960
v 16.396511 7.980984 -0.444411
v 16.362947 7.980984 -0.410848
v 16.341400 7.980984 -0.368556
v 16.333975 7.980984 -0.321674
v 16.341400 7.980984 -0.274793
v 16.362947 7.980984 -0.232500
v 16.396511 7.980984 -0.198937
v 16.438805 7.980984 -0.177388
v 16.485685 7.980984 -0.169963
v 16.532566 7.980984 -0.177388
v 16.574860 7.980984 -0.198937
v 16.608423 7.980984 -0.232500
v 16.629971 7.980984 -0.274793
v 16.637396 7.980984 -0.321674
v 16.635529 8.005324 -0.370361
v 16.613150 8.005324 -0.414283
v 16.578295 8.005324 -0.449139
v 16.534372 8.005324 -0.471518
v 16.485685 8.005324 -0.479229
v 16.436998 8.005324 -0.471518
v 16.393076 8.005324 -0.449139
v 16.358221 8.005324 -0.414283
v 16.335842 8.005324 -0.370361
v 16.328131 8.005324 -0.321674
v 16.335842 8.005324 -0.272987
v 16.358221 8.005324 -0.229066
v 16.393078 8.005324 -0.194210
v 16.436998 8.005324 -0.171831
v 16.485685 8.005324 -0.164119
v 16.534372 8.005324 -0.171831
v 16.578293 8.005324 -0.194210
v 16.613150 8.005324 -0.229066
v 16.635529 8.005324 -0.272987
v 16.643240 8.005324 -0.321674
v 16.637398 8.030278 -0.370968
v 16.614738 8.030278 -0.415437
v 16.579449 8.030278 -0.450728
v 16.534979 8.030278 -0.473386
v 16.485685 8.030278 -0.481193
v 16.436392 8.030278 -0.473386
v 16.391922 8.030278 -0.450728
v 16.356632 8.030278 -0.415437
v 16.333975 8.030278 -0.370968
v 16.326166 8.030278 -0.321674
v 16.333975 8.030278 -0.272380
v 16.356632 8.030278 -0.227911
v 16.391922 8.030278 -0.192621
v 16.436392 8.030278 -0.169963
v 16.485685 8.030278 -0.162155
v 16.534979 8.030278 -0.169963
v 16.579449 8.030278 -0.192621
v 16.614738 8.030278 -0.227911
v 16.637396 8.030278 -0.272380
v 16.645205 8.030278 -0.321674
v 16.635529 8.055232 -0.370361
v 16.613150 8.055232 -0.414283
v 16.578295 8.055232 -0.449139
v 16.534372 8.055232 -0.471518
v 16.485685 8.055232 -0.479229
v 16.436998 8.055232 -0.471518
v 16.393076 8.055232 -0.449139
v 16.358221 8.055232 -0.414283
v 16.335842 8.055232 -0.370361
v 16.328131 8.055232 -0.321674
v 16.335842 8.055232 -0.272987
v 16.358221 8.055232 -0.229066
v 16.393078 8.055232 -0.194210
v 16.436998 8.055232 -0.171831
v 16.485685 8.055232 -0.164119
v 16.534372 8.055232 -0.171831
v 16.578293 8.055232 -0.194210
v 16.613150 8.055232 -0.229066
v 16.635529 8.055232 -0.272987
v 16.643240 8.055232 -0.321674
v 16.629972 8.079573 -0.368556
v 16.608423 8.079573 -0.410848
v 16.574860 8.079573 -0.444411
v 16.532566 8.079573 -0.465960
v 16.485685 8.079573 -0.473386
v 16.438805 8.079573 -0.465960
v 16.396511 8.079573 -0.444411
v 16.362947 8.079573 -0.410848
v 16.341400 8.079573 -0.368556
v 16.333975 8.079573 -0.321674
v 16.341400 8.079573 -0.274793
v 16.362947 8.079573 -0.232500
v 16.396511 8.079573 -0.198937
v 16.438805 8.079573 -0.177388
v 16.485685 8.079573 -0.169963
v 16.532566 8.079573 -0.177388
v 16.574860 8.079573 -0.198937
v 16.608423 8.079573 -0.232500
v 16.629971 8.079573 -0.274793
v 16.637396 8.079573 -0.321674
v 16.620861 8.102698 -0.365595
v 16.600674 8.102698 -0.405217
v 16.569229 8.102698 -0.436662
v 16.529606 8.102698 -0.456850
v 16.485685 8.102698 -0.463807
v 16.441765 8.102698 -0.456850
v 16.402142 8.102698 -0.436662
v 16.370697 8.102698 -0.405217
v 16.350510 8.102698 -0.365595
v 16.343554 8.102698 -0.321674
v 16.350510 8.102698 -0.277753
v 16.370697 8.102698 -0.238131
v 16.402142 8.102698 -0.206687
v 16.441765 8.102698 -0.186498
v 16.485685 8.102698 -0.179542
v 16.529606 8.102698 -0.186498
v 16.569229 8.102698 -0.206687
v 16.600674 8.102698 -0.238131
v 16.620861 8.102698 -0.277753
v 16.627817 8.102698 -0.321674
v 16.608423 8.124041 -0.361554
v 16.590092 8.124041 -0.397530
v 16.561541 8.124041 -0.426081
v 16.525564 8.124041 -0.444411
v 16.485685 8.124041 -0.450728
v 16.445807 8.124041 -0.444411
v 16.409830 8.124041 -0.426081
v 16.381279 8.124041 -0.397530
v 16.362947 8.124041 -0.361554
v 16.356632 8.124041 -0.321674
v 16.362947 8.124041 -0.281794
v 16.381279 8.124041 -0.245818
v 16.409830 8.124041 -0.217268
v 16.445807 8.124041 -0.198937
v 16.485685 8.124041 -0.192621
v 16.525564 8.124041 -0.198937
v 16.561541 8.124041 -0.217268
v 16.590092 8.124041 -0.245818
v 16.608423 8.124041 -0.281794
v 16.614738 8.124041 -0.321674
v 16.592962 8.143075 -0.356530
v 16.576941 8.143075 -0.387975
v 16.551985 8.143075 -0.412929
v 16.520542 8.143075 -0.428950
v 16.485685 8.143075 -0.434471
v 16.450829 8.143075 -0.428950
v 16.419386 8.143075 -0.412929
v 16.394430 8.143075 -0.387975
v 16.378408 8.143075 -0.356530
v 16.372889 8.143075 -0.321674
v 16.378408 8.143075 -0.286818
v 16.394430 8.143075 -0.255374
v 16.419386 8.143075 -0.230420
v 16.450829 8.143075 -0.214398
v 16.485685 8.143075 -0.208877
v 16.520542 8.143075 -0.214398
v 16.551985 8.143075 -0.230420
v 16.576941 8.143075 -0.255374
v 16.592962 8.143075 -0.286818
v 16.598482 8.143075 -0.321674
v 16.574860 8.159331 -0.350648
v 16.561541 8.159331 -0.376787
v 16.540798 8.159331 -0.397530
v 16.514660 8.159331 -0.410848
v 16.485685 8.159331 -0.415437
v 16.456711 8.159331 -0.410848
v 16.430573 8.159331 -0.397530
v 16.409830 8.159331 -0.376787
v 16.396511 8.159331 -0.350648
v 16.391922 8.159331 -0.321674
v 16.396511 8.159331 -0.292700
v 16.409830 8.159331 -0.266562
v 16.430573 8.159331 -0.245818
v 16.456711 8.159331 -0.232500
v 16.485685 8.159331 -0.227911
v 16.514660 8.159331 -0.232500
v 16.540798 8.159331 -0.245818
v 16.561541 8.159331 -0.266562
v 16.574860 8.159331 -0.292700
v 16.579449 8.159331 -0.321674
v 16.554562 8.172411 -0.344053
v 16.544275 8.172411 -0.364242
v 16.528254 8.172411 -0.380263
v 16.508064 8.172411 -0.390550
v 16.485685 8.172411 -0.394094
v 16.463306 8.172411 -0.390550
v 16.443117 8.172411 -0.380263
v 16.427095 8.172411 -0.364242
v 16.416809 8.172411 -0.344053
v 16.413265 8.172411 -0.321674
v 16.416809 8.172411 -0.299295
v 16.427095 8.172411 -0.279107
v 16.443117 8.172411 -0.263085
v 16.463306 8.172411 -0.252799
v 16.485685 8.172411 -0.249254
v 16.508064 8.172411 -0.252799
v 16.528254 8.172411 -0.263085
v 16.544275 8.172411 -0.279107
v 16.554562 8.172411 -0.299295
v 16.558105 8.172411 -0.321674
v 16.532566 8.181990 -0.336907
v 16.525564 8.181990 -0.350648
v 16.514660 8.181990 -0.361554
v 16.500917 8.181990 -0.368556
v 16.485685 8.181990 -0.370968
v 16.470453 8.181990 -0.368556
v 16.456711 8.181990 -0.361554
v 16.445807 8.181990 -0.350648
v 16.438805 8.181990 -0.336907
v 16.436392 8.181990 -0.321674
v 16.438805 8.181990 -0.306441
v 16.445807 8.181990 -0.292700
v 16.456711 8.181990 -0.281794
v 16.470453 8.181990 -0.274793
v 16.485685 8.181990 -0.272380
v 16.500917 8.181990 -0.274793
v 16.514660 8.181990 -0.281794
v 16.525564 8.181990 -0.292700
v 16.532566 8.181990 -0.306441
v 16.534979 8.181990 -0.321674
v 16.509418 8.187833 -0.329385
v 16.505875 8.187833 -0.336342
v 16.500353 8.187833 -0.341863
v 16.493397 8.187833 -0.345407
v 16.485685 8.187833 -0.346628
v 16.477974 8.187833 -0.345407
v 16.471018 8.187833 -0.341863
v 16.465496 8.187833 -0.336342
v 16.461952 8.187833 -0.329385
v 16.460732 8.187833 -0.321674
v 16.461952 8.187833 -0.313963
v 16.465496 8.187833 -0.307006
v 16.471018 8.187833 -0.301486
v 16.477974 8.187833 -0.297941
v 16.485685 8.187833 -0.296720
v 16.493397 8.187833 -0.297941
v 16.500353 8.187833 -0.301486
v 16.505875 8.187833 -0.307006
v 16.509418 8.187833 -0.313963
v 16.510639 8.187833 -0.321674
v 16.485685 7.870759 -0.321674
v 16.485685 8.189797 -0.321674
vt 0.293594 0.016865
vt 0.293521 0.016722
vt 0.293924 0.016430
vt 0.294067 0.016711
vt 0.293408 0.016610
vt 0.293701 0.016207
vt 0.293266 0.016537
vt 0.293420 0.016064
vt 0.293108 0.016512
vt 0.293108 0.016014
vt 0.292951 0.016537
vt 0.292797 0.016064
vt 0.292809 0.016610
vt 0.292516 0.016207
vt 0.292696 0.016722
vt 0.292293 0.016430
vt 0.292623 0.016865
vt 0.292150 0.016711
vt 0.292598 0.017022
vt 0.292101 0.017022
vt 0.292623 0.017180
vt 0.292150 0.017334
vt 0.292696 0.017322
vt 0.292293 0.017615
vt 0.292809 0.017435
vt 0.292516 0.017838
vt 0.292951 0.017508
vt 0.292797 0.017981
vt 0.293108 0.017532
vt 0.293108 0.018030
vt 0.293266 0.017508
vt 0.293420 0.017981
vt 0.293408 0.017435
vt 0.293701 0.017838
vt 0.293521 0.017322
vt 0.293924 0.017615
vt 0.293594 0.017180
vt 0.294067 0.017334
vt 0.293619 0.017022
vt 0.294116 0.017022
vt 0.294306 0.016152
vt 0.294517 0.016565
vt 0.293979 0.015824
vt 0.293566 0.015614
vt 0.293108 0.015542
vt 0.292651 0.015614
vt 0.292238 0.015824
vt 0.291910 0.016152
vt 0.291700 0.016565
vt 0.291628 0.017022
vt 0.291700 0.017480
vt 0.291910 0.017893
vt 0.292238 0.018220
vt 0.292651 0.018431
vt 0.293108 0.018503
vt 0.293566 0.018431
vt 0.293979 0.018220
vt 0.294306 0.017893
vt 0.294517 0.017480
vt 0.294589 0.017022
vt 0.294659 0.015895
vt 0.294932 0.016430
vt 0.294235 0.015471
vt 0.293701 0.015199
vt 0.293108 0.015105
vt 0.292516 0.015199
vt 0.291982 0.015471
vt 0.291557 0.015895
vt 0.291285 0.016430
vt 0.259847 0.004896
vt 0.260311 0.004896
vt 0.260311 0.005167
vt 0.259711 0.005167
vt 0.260774 0.004896
vt 0.260911 0.005167
vt 0.291557 0.018149
vt 0.291285 0.017615
vt 0.291982 0.018573
vt 0.292516 0.018845
vt 0.293108 0.018939
vt 0.293701 0.018845
vt 0.294235 0.018573
vt 0.294659 0.018149
vt 0.294932 0.017615
vt 0.299053 0.004896
vt 0.299517 0.004896
vt 0.299517 0.005167
vt 0.298916 0.005167
vt 0.299980 0.004896
vt 0.300117 0.005167
vt 0.300658 0.005167
vt 0.300890 0.005504
vt 0.300239 0.005504
vt 0.294464 0.015157
vt 0.294974 0.015667
vt 0.293821 0.014829
vt 0.293108 0.014716
vt 0.292396 0.014829
vt 0.291753 0.015157
vt 0.291243 0.015667
vt 0.259169 0.005167
vt 0.259589 0.005504
vt 0.258937 0.005504
vt 0.260311 0.005504
vt 0.261033 0.005504
vt 0.261452 0.005167
vt 0.261684 0.005504
vt 0.291753 0.018888
vt 0.291243 0.018378
vt 0.292396 0.019216
vt 0.293108 0.019329
vt 0.293821 0.019216
vt 0.294464 0.018888
vt 0.294974 0.018378
vt 0.298375 0.005167
vt 0.298795 0.005504
vt 0.298143 0.005504
vt 0.299517 0.005504
vt 0.301088 0.005898
vt 0.300343 0.005898
vt 0.301407 0.005504
vt 0.301679 0.005898
vt 0.293924 0.014513
vt 0.294659 0.014888
vt 0.293108 0.014384
vt 0.292293 0.014513
vt 0.291557 0.014888
vt 0.258421 0.005504
vt 0.258740 0.005898
vt 0.258148 0.005898
vt 0.259485 0.005898
vt 0.260311 0.005898
vt 0.261137 0.005898
vt 0.261882 0.005898
vt 0.262201 0.005504
vt 0.262473 0.005898
vt 0.292293 0.019532
vt 0.291557 0.019157
vt 0.293108 0.019661
vt 0.293924 0.019532
vt 0.294659 0.019157
vt 0.297626 0.005504
vt 0.297945 0.005898
vt 0.297354 0.005898
vt 0.298690 0.005898
vt 0.299517 0.005898
vt 0.301247 0.006340
vt 0.300426 0.006340
vt 0.301898 0.006340
vt 0.294006 0.014258
vt 0.294817 0.014671
vt 0.293108 0.014116
vt 0.292210 0.014258
vt 0.291400 0.014671
vt 0.258580 0.006340
vt 0.257929 0.006340
vt 0.259401 0.006340
vt 0.260311 0.006340
vt 0.261221 0.006340
vt 0.262041 0.006340
vt 0.262693 0.006340
vt 0.292210 0.019786
vt 0.291400 0.019373
vt 0.293108 0.019928
vt 0.294006 0.019786
vt 0.294817 0.019373
vt 0.297786 0.006340
vt 0.297135 0.006340
vt 0.298607 0.006340
vt 0.299517 0.006340
vt 0.301364 0.006819
vt 0.300488 0.006819
vt 0.302059 0.006819
vt 0.148371 0.005089
vt 0.148371 0.005841
vt 0.147932 0.005785
vt 0.147932 0.004983
vt 0.148371 0.006675
vt 0.147932 0.006675
vt 0.148371 0.007509
vt 0.147932 0.007565
vt 0.148371 0.008261
vt 0.147932 0.008368
vt 0.258464 0.006819
vt 0.257769 0.006819
vt 0.259340 0.006819
vt 0.260311 0.006819
vt 0.261282 0.006819
vt 0.262158 0.006819
vt 0.262853 0.006819
vt 0.280041 0.008261
vt 0.280041 0.007509
vt 0.280480 0.007565
vt 0.280480 0.008368
vt 0.280041 0.006675
vt 0.280480 0.006675
vt 0.280041 0.005841
vt 0.280480 0.005785
vt 0.280041 0.005089
vt 0.280480 0.004982
vt 0.297670 0.006819
vt 0.296974 0.006819
vt 0.298546 0.006819
vt 0.299517 0.006819
vt 0.301435 0.007324
vt 0.300525 0.007324
vt 0.302157 0.007324
vt 0.147470 0.005751
vt 0.147470 0.004917
vt 0.147470 0.006675
vt 0.147470 0.007599
vt 0.147470 0.008433
vt 0.258393 0.007324
vt 0.257671 0.007324
vt 0.259302 0.007324
vt 0.260311 0.007324
vt 0.261319 0.007324
vt 0.262229 0.007324
vt 0.262951 0.007324
vt 0.280942 0.007599
vt 0.280942 0.008433
vt 0.280942 0.006675
vt 0.280942 0.005751
vt 0.280942 0.004917
vt 0.297598 0.007324
vt 0.296876 0.007324
vt 0.298508 0.007324
vt 0.299517 0.007324
vt 0.301459 0.007840
vt 0.300538 0.007840
vt 0.302190 0.007840
vt 0.146996 0.005740
vt 0.146996 0.004896
vt 0.146996 0.006675
vt 0.146996 0.007611
vt 0.146996 0.008455
vt 0.258369 0.007840
vt 0.257638 0.007840
vt 0.259290 0.007840
vt 0.260311 0.007840
vt 0.261332 0.007840
vt 0.262253 0.007840
vt 0.262984 0.007840
vt 0.281416 0.007611
vt 0.281416 0.008455
vt 0.281416 0.006675
vt 0.281416 0.005740
vt 0.281416 0.004896
vt 0.297574 0.007840
vt 0.296843 0.007840
vt 0.298496 0.007840
vt 0.299517 0.007840
vt 0.301435 0.008357
vt 0.300525 0.008357
vt 0.302157 0.008357
vt 0.146522 0.005751
vt 0.146522 0.004917
vt 0.146522 0.006675
vt 0.146522 0.007599
vt 0.146522 0.008433
vt 0.258393 0.008357
vt 0.257671 0.008357
vt 0.259302 0.008357
vt 0.260311 0.008357
vt 0.261319 0.008357
vt 0.262229 0.008357
vt 0.262951 0.008357
vt 0.281889 0.007599
vt 0.281889 0.008433
vt 0.281889 0.006675
vt 0.281889 0.005751
vt 0.281889 0.004917
vt 0.297598 0.008357
vt 0.296876 0.008357
vt 0.298508 0.008357
vt 0.299517 0.008357
vt 0.301364 0.008861
vt 0.300488 0.008861
vt 0.302059 0.008861
vt 0.146060 0.005785
vt 0.146060 0.004983
vt 0.146060 0.006675
vt 0.146060 0.007565
vt 0.146060 0.008368
vt 0.258464 0.008861
vt 0.257769 0.008861
vt 0.259340 0.008861
vt 0.260311 0.008861
vt 0.261282 0.008861
vt 0.262158 0.008861
vt 0.262853 0.008861
vt 0.282351 0.007565
vt 0.282351 0.008368
vt 0.282351 0.006675
vt 0.282351 0.005785
vt 0.282351 0.004982
vt 0.297670 0.008861
vt 0.296974 0.008861
vt 0.298546 0.008861
vt 0.299517 0.008861
vt 0.301247 0.009340
vt 0.300426 0.009340
vt 0.301898 0.009340
vt 0.145621 0.005841
vt 0.145621 0.005089
vt 0.145621 0.006675
vt 0.145621 0.007509
vt 0.145621 0.008261
vt 0.258580 0.009340
vt 0.257929 0.009340
vt 0.259401 0.009340
vt 0.260311 0.009340
vt 0.261221 0.009340
vt 0.262041 0.009340
vt 0.262693 0.009340
vt 0.282790 0.007509
vt 0.282790 0.008261
vt 0.282790 0.006675
vt 0.282790 0.005841
vt 0.282790 0.005089
vt 0.297786 0.009340
vt 0.297135 0.009340
vt 0.298607 0.009340
vt 0.299517 0.009340
vt 0.301088 0.009783
vt 0.300343 0.009783
vt 0.301679 0.009783
vt 0.692475 0.016940
vt 0.691665 0.017353
vt 0.691582 0.017099
vt 0.692318 0.016724
vt 0.690767 0.017495
vt 0.690767 0.017228
vt 0.689869 0.017353
vt 0.689951 0.017099
vt 0.689058 0.016940
vt 0.689216 0.016724
vt 0.258740 0.009783
vt 0.258148 0.009783
vt 0.259485 0.009783
vt 0.260311 0.009783
vt 0.261137 0.009783
vt 0.261882 0.009783
vt 0.262473 0.009783
vt 0.689058 0.012238
vt 0.689869 0.011826
vt 0.689951 0.012080
vt 0.689216 0.012455
vt 0.690767 0.011683
vt 0.690767 0.011951
vt 0.691665 0.011826
vt 0.691582 0.012080
vt 0.692475 0.012238
vt 0.692318 0.012455
vt 0.297945 0.009783
vt 0.297354 0.009783
vt 0.298690 0.009783
vt 0.299517 0.009783
vt 0.300890 0.010177
vt 0.300239 0.010177
vt 0.301407 0.010177
vt 0.691479 0.016783
vt 0.692122 0.016455
vt 0.690767 0.016895
vt 0.690054 0.016783
vt 0.689411 0.016455
vt 0.258937 0.010177
vt 0.258421 0.010177
vt 0.259589 0.010177
vt 0.260311 0.010177
vt 0.261033 0.010177
vt 0.261684 0.010177
vt 0.262201 0.010177
vt 0.690054 0.012396
vt 0.689411 0.012723
vt 0.690767 0.012283
vt 0.691479 0.012396
vt 0.692122 0.012723
vt 0.298143 0.010177
vt 0.297626 0.010177
vt 0.298795 0.010177
vt 0.299517 0.010177
vt 0.300658 0.010513
vt 0.300117 0.010513
vt 0.692632 0.015945
vt 0.691894 0.016140
vt 0.692318 0.015716
vt 0.691359 0.016413
vt 0.690767 0.016506
vt 0.690174 0.016413
vt 0.689640 0.016140
vt 0.688901 0.015945
vt 0.689216 0.015716
vt 0.259711 0.010513
vt 0.259169 0.010513
vt 0.260311 0.010513
vt 0.260911 0.010513
vt 0.261452 0.010513
vt 0.688901 0.013234
vt 0.689640 0.013038
vt 0.689216 0.013462
vt 0.690174 0.012766
vt 0.690767 0.012672
vt 0.691359 0.012766
vt 0.691894 0.013038
vt 0.692632 0.013234
vt 0.692318 0.013462
vt 0.298916 0.010513
vt 0.298375 0.010513
vt 0.299517 0.010513
vt 0.692590 0.015182
vt 0.691965 0.015460
vt 0.692175 0.015047
vt 0.691637 0.015787
vt 0.691224 0.015998
vt 0.690767 0.016070
vt 0.690309 0.015998
vt 0.689896 0.015787
vt 0.689569 0.015460
vt 0.688943 0.015182
vt 0.689358 0.015047
vt 0.260311 0.010784
vt 0.259847 0.010784
vt 0.260774 0.010784
vt 0.688943 0.013997
vt 0.689569 0.013719
vt 0.689358 0.014132
vt 0.689896 0.013391
vt 0.690309 0.013181
vt 0.690767 0.013109
vt 0.691224 0.013181
vt 0.691637 0.013391
vt 0.691965 0.013719
vt 0.692590 0.013997
vt 0.692175 0.014132
vt 0.299517 0.010784
vt 0.299053 0.010784
vt 0.299980 0.010784
vt 0.691582 0.015182
vt 0.691725 0.014901
vt 0.691359 0.015405
vt 0.691078 0.015548
vt 0.690767 0.015597
vt 0.690455 0.015548
vt 0.690174 0.015405
vt 0.689951 0.015182
vt 0.689808 0.014901
vt 0.689286 0.014589
vt 0.689759 0.014589
vt 0.689808 0.014278
vt 0.689951 0.013997
vt 0.690174 0.013774
vt 0.690455 0.013631
vt 0.690767 0.013581
vt 0.691078 0.013631
vt 0.691359 0.013774
vt 0.691582 0.013997
vt 0.691725 0.014278
vt 0.692247 0.014589
vt 0.691774 0.014589
vt 0.691179 0.014889
vt 0.691252 0.014747
vt 0.691067 0.015002
vt 0.690924 0.015074
vt 0.690767 0.015100
vt 0.690609 0.015074
vt 0.690467 0.015002
vt 0.690354 0.014889
vt 0.690281 0.014747
vt 0.690256 0.014589
vt 0.690281 0.014432
vt 0.690354 0.014289
vt 0.690467 0.014176
vt 0.690609 0.014104
vt 0.690767 0.014079
vt 0.690924 0.014104
vt 0.691067 0.014176
vt 0.691179 0.014289
vt 0.691252 0.014432
vt 0.691277 0.014589
vt 0.293108 0.017022
vt 0.690767 0.014589
vn 0.190573 -0.979720 -0.061894
vn 0.162106 -0.979719 -0.117779
vn 0.269867 -0.942724 -0.196069
vn 0.317245 -0.942727 -0.103063
vn 0.117758 -0.979723 -0.162096
vn 0.196071 -0.942723 -0.269868
vn 0.061909 -0.979725 -0.190543
vn 0.103078 -0.942724 -0.317247
vn -0.000000 -0.979722 -0.200363
vn -0.000000 -0.942722 -0.333579
vn -0.061913 -0.979724 -0.190546
vn -0.103079 -0.942723 -0.317251
vn -0.117762 -0.979722 -0.162105
vn -0.196069 -0.942724 -0.269870
vn -0.162107 -0.979717 -0.117794
vn -0.269865 -0.942726 -0.196064
vn -0.190562 -0.979721 -0.061905
vn -0.317241 -0.942728 -0.103062
vn -0.200352 -0.979724 -0.000016
vn -0.333577 -0.942723 -0.000010
vn -0.190572 -0.979720 0.061894
vn -0.317243 -0.942728 0.103062
vn -0.162110 -0.979718 0.117781
vn -0.269858 -0.942728 0.196063
vn -0.117756 -0.979724 0.162094
vn -0.196064 -0.942728 0.269857
vn -0.061914 -0.979721 0.190559
vn -0.103076 -0.942726 0.317243
vn -0.000001 -0.979720 0.200372
vn -0.000000 -0.942723 0.333576
vn 0.061910 -0.979726 0.190538
vn 0.103078 -0.942725 0.317246
vn 0.117761 -0.979722 0.162105
vn 0.196071 -0.942722 0.269872
vn 0.162107 -0.979718 0.117790
vn 0.269866 -0.942725 0.196065
vn 0.190569 -0.979720 0.061909
vn 0.317240 -0.942729 0.103061
vn 0.200370 -0.979720 0.000017
vn 0.333575 -0.942724 0.000010
vn 0.380852 -0.882260 -0.276710
vn 0.447711 -0.882267 -0.145465
vn 0.276695 -0.882269 -0.380843
vn 0.145467 -0.882269 -0.447706
vn 0.000001 -0.882264 -0.470755
vn -0.145466 -0.882272 -0.447700
vn -0.276691 -0.882273 -0.380836
vn -0.380845 -0.882269 -0.276692
vn -0.447706 -0.882271 -0.145457
vn -0.470748 -0.882268 -0.000006
vn -0.447707 -0.882269 0.145463
vn -0.380838 -0.882270 0.276700
vn -0.276687 -0.882276 0.380831
vn -0.145463 -0.882275 0.447695
vn 0.000000 -0.882267 0.470750
vn 0.145471 -0.882266 0.447712
vn 0.276696 -0.882268 0.380846
vn 0.380845 -0.882269 0.276693
vn 0.447700 -0.882274 0.145453
vn 0.470733 -0.882276 0.000006
vn 0.485143 -0.800243 -0.352487
vn 0.570313 -0.800253 -0.185305
vn 0.352487 -0.800235 -0.485156
vn 0.185310 -0.800246 -0.570321
vn -0.000000 -0.800252 -0.599664
vn -0.185304 -0.800251 -0.570316
vn -0.352478 -0.800248 -0.485141
vn -0.485142 -0.800246 -0.352482
vn -0.570317 -0.800251 -0.185301
vn -0.599662 -0.800253 -0.000000
vn -0.570317 -0.800250 0.185305
vn -0.485133 -0.800252 0.352480
vn -0.352475 -0.800250 0.485141
vn -0.185307 -0.800253 0.570313
vn -0.000000 -0.800256 0.599659
vn 0.185308 -0.800245 0.570323
vn 0.352481 -0.800242 0.485150
vn 0.485145 -0.800244 0.352483
vn 0.570322 -0.800248 0.185301
vn 0.599663 -0.800253 0.000001
vn 0.578699 -0.698799 -0.420461
vn 0.680311 -0.698796 -0.221046
vn 0.420464 -0.698782 -0.578718
vn 0.221057 -0.698781 -0.680323
vn -0.000000 -0.698784 -0.715332
vn -0.221053 -0.698779 -0.680327
vn -0.420466 -0.698781 -0.578717
vn -0.578705 -0.698794 -0.420462
vn -0.680314 -0.698794 -0.221043
vn -0.715336 -0.698780 0.000002
vn -0.680312 -0.698795 0.221047
vn -0.578697 -0.698803 0.420458
vn -0.420461 -0.698785 0.578716
vn -0.221056 -0.698779 0.680325
vn -0.000001 -0.698783 0.715333
vn 0.221054 -0.698778 0.680327
vn 0.420463 -0.698783 0.578716
vn 0.578700 -0.698802 0.420455
vn 0.680317 -0.698791 0.221043
vn 0.715344 -0.698773 -0.000001
vn 0.658797 -0.580410 -0.478656
vn 0.774478 -0.580399 -0.251637
vn 0.478637 -0.580416 -0.658804
vn 0.251639 -0.580398 -0.774478
vn -0.000001 -0.580392 -0.814338
vn -0.251640 -0.580397 -0.774478
vn -0.478641 -0.580414 -0.658803
vn -0.658799 -0.580408 -0.478655
vn -0.774480 -0.580397 -0.251633
vn -0.814329 -0.580404 0.000003
vn -0.774472 -0.580408 0.251637
vn -0.658798 -0.580409 0.478655
vn -0.478642 -0.580404 0.658812
vn -0.251641 -0.580391 0.774482
vn 0.000000 -0.580393 0.814337
vn 0.251642 -0.580398 0.774477
vn 0.478644 -0.580406 0.658809
vn 0.658798 -0.580409 0.478655
vn 0.774475 -0.580406 0.251631
vn 0.814326 -0.580408 -0.000004
vn 0.723295 -0.447987 -0.525501
vn 0.850285 -0.447990 -0.276262
vn 0.525494 -0.447993 -0.723297
vn 0.276270 -0.447989 -0.850282
vn -0.000001 -0.447990 -0.894039
vn -0.276273 -0.447990 -0.850281
vn -0.525495 -0.448002 -0.723291
vn -0.723291 -0.448003 -0.525494
vn -0.850289 -0.447982 -0.276262
vn -0.894047 -0.447973 0.000001
vn -0.850287 -0.447987 0.276262
vn -0.723292 -0.448001 0.525494
vn -0.525491 -0.447998 0.723296
vn -0.276270 -0.447986 0.850284
vn 0.000001 -0.447989 0.894039
vn 0.276273 -0.447993 0.850280
vn 0.525497 -0.447992 0.723295
vn 0.723296 -0.447989 0.525499
vn 0.850291 -0.447978 0.276264
vn 0.894042 -0.447984 0.000002
vn 0.770526 -0.304788 -0.559815
vn 0.905810 -0.304783 -0.294304
vn 0.559813 -0.304789 -0.770528
vn 0.294311 -0.304790 -0.905806
vn -0.000001 -0.304795 -0.952418
vn -0.294313 -0.304787 -0.905806
vn -0.559814 -0.304789 -0.770527
vn -0.770531 -0.304790 -0.559808
vn -0.905808 -0.304790 -0.294304
vn -0.952415 -0.304803 -0.000000
vn -0.905804 -0.304803 0.294302
vn -0.770526 -0.304804 0.559808
vn -0.559815 -0.304786 0.770528
vn -0.294314 -0.304774 0.905810
vn 0.000000 -0.304788 0.952420
vn 0.294313 -0.304779 0.905809
vn 0.559818 -0.304774 0.770530
vn 0.770529 -0.304792 0.559810
vn 0.905806 -0.304797 0.294304
vn 0.952421 -0.304787 0.000009
vn 0.799337 -0.154247 -0.580749
vn 0.939674 -0.154249 -0.305320
vn 0.580752 -0.154250 -0.799334
vn 0.305317 -0.154252 -0.939674
vn 0.000000 -0.154255 -0.988031
vn -0.305316 -0.154246 -0.939676
vn -0.580749 -0.154244 -0.799337
vn -0.799343 -0.154239 -0.580742
vn -0.939677 -0.154247 -0.305313
vn -0.988029 -0.154270 0.000000
vn -0.939674 -0.154257 0.305314
vn -0.799336 -0.154259 0.580746
vn -0.580745 -0.154256 0.799337
vn -0.305321 -0.154245 0.939674
vn -0.000000 -0.154254 0.988031
vn 0.305318 -0.154243 0.939676
vn 0.580743 -0.154231 0.799344
vn 0.799339 -0.154232 0.580749
vn 0.939675 -0.154261 0.305312
vn 0.988029 -0.154268 0.000009
vn 0.809018 -0.000000 -0.587784
vn 0.951056 -0.000000 -0.309019
vn 0.587782 -0.000000 -0.809020
vn 0.309012 -0.000001 -0.951058
vn 0.000000 -0.000000 -1.000000
vn -0.309012 0.000000 -0.951058
vn -0.587784 0.000000 -0.809018
vn -0.809023 0.000000 -0.587776
vn -0.951055 -0.000000 -0.309022
vn -1.000000 0.000000 0.000001
vn -0.951055 0.000000 0.309022
vn -0.809020 -0.000000 0.587782
vn -0.587790 -0.000000 0.809013
vn -0.309016 -0.000000 0.951057
vn -0.000000 -0.000000 1.000000
vn 0.309015 0.000000 0.951057
vn 0.587790 0.000000 0.809013
vn 0.809020 0.000000 0.587782
vn 0.951055 -0.000000 0.309022
vn 1.000000 -0.000000 0.000009
vn 0.799335 0.154246 -0.580751
vn 0.939674 0.154248 -0.305319
vn 0.580750 0.154248 -0.799335
vn 0.305320 0.154251 -0.939674
vn -0.000000 0.154256 -0.988031
vn -0.305322 0.154249 -0.939673
vn -0.580755 0.154238 -0.799333
vn -0.799344 0.154232 -0.580742
vn -0.939675 0.154245 -0.305318
vn -0.988029 0.154269 0.000000
vn -0.939674 0.154256 0.305316
vn -0.799337 0.154253 0.580746
vn -0.580746 0.154255 0.799337
vn -0.305323 0.154251 0.939673
vn 0.000000 0.154253 0.988031
vn 0.305324 0.154243 0.939674
vn 0.580749 0.154231 0.799339
vn 0.799340 0.154230 0.580748
vn 0.939673 0.154259 0.305317
vn 0.988029 0.154267 0.000011
vn 0.770529 0.304789 -0.559812
vn 0.905811 0.304783 -0.294302
vn 0.559815 0.304790 -0.770526
vn 0.294314 0.304788 -0.905806
vn -0.000001 0.304796 -0.952418
vn -0.294315 0.304791 -0.905804
vn -0.559817 0.304783 -0.770527
vn -0.770534 0.304784 -0.559807
vn -0.905808 0.304790 -0.294304
vn -0.952415 0.304803 -0.000002
vn -0.905805 0.304802 0.294301
vn -0.770529 0.304792 0.559810
vn -0.559818 0.304778 0.770528
vn -0.294315 0.304782 0.905807
vn 0.000001 0.304790 0.952420
vn 0.294316 0.304777 0.905809
vn 0.559817 0.304773 0.770531
vn 0.770528 0.304791 0.559811
vn 0.905806 0.304797 0.294304
vn 0.952421 0.304787 0.000010
vn 0.723293 0.447988 -0.525503
vn 0.850282 0.447998 -0.276258
vn 0.525491 0.447994 -0.723298
vn 0.276271 0.447997 -0.850279
vn -0.000000 0.448000 -0.894034
vn -0.276269 0.448006 -0.850274
vn -0.525489 0.448013 -0.723288
vn -0.723281 0.448020 -0.525492
vn -0.850280 0.447999 -0.276261
vn -0.894043 0.447980 -0.000004
vn -0.850283 0.447995 0.276260
vn -0.723289 0.448001 0.525498
vn -0.525489 0.447998 0.723297
vn -0.276271 0.447997 0.850278
vn 0.000000 0.447994 0.894036
vn 0.276269 0.448001 0.850277
vn 0.525493 0.448003 0.723292
vn 0.723292 0.447995 0.525499
vn 0.850286 0.447985 0.276266
vn 0.894038 0.447991 0.000006
vn 0.658799 0.580404 -0.478660
vn 0.774478 0.580400 -0.251635
vn 0.478637 0.580412 -0.658808
vn 0.251640 0.580400 -0.774476
vn 0.000000 0.580387 -0.814341
vn -0.251636 0.580408 -0.774471
vn -0.478636 0.580430 -0.658793
vn -0.658789 0.580424 -0.478650
vn -0.774472 0.580409 -0.251632
vn -0.814328 0.580405 -0.000002
vn -0.774471 0.580409 0.251635
vn -0.658796 0.580409 0.478658
vn -0.478639 0.580408 0.658810
vn -0.251640 0.580397 0.774478
vn -0.000001 0.580389 0.814340
vn 0.251636 0.580407 0.774472
vn 0.478644 0.580413 0.658803
vn 0.658799 0.580406 0.478657
vn 0.774473 0.580407 0.251635
vn 0.814325 0.580409 0.000002
vn 0.578697 0.698800 -0.420462
vn 0.680315 0.698789 -0.221055
vn 0.420459 0.698787 -0.578715
vn 0.221055 0.698782 -0.680322
vn -0.000000 0.698783 -0.715334
vn -0.221055 0.698781 -0.680323
vn -0.420460 0.698786 -0.578715
vn -0.578702 0.698796 -0.420461
vn -0.680314 0.698791 -0.221051
vn -0.715338 0.698779 0.000000
vn -0.680308 0.698797 0.221053
vn -0.578696 0.698800 0.420463
vn -0.420463 0.698781 0.578719
vn -0.221054 0.698784 0.680321
vn -0.000000 0.698788 0.715329
vn 0.221055 0.698782 0.680323
vn 0.420466 0.698779 0.578720
vn 0.578703 0.698794 0.420464
vn 0.680317 0.698788 0.221052
vn 0.715350 0.698767 0.000000
vn 0.485138 0.800248 -0.352482
vn 0.570316 0.800248 -0.185319
vn 0.352485 0.800247 -0.485137
vn 0.185308 0.800257 -0.570306
vn -0.000001 0.800262 -0.599650
vn -0.185309 0.800255 -0.570309
vn -0.352485 0.800241 -0.485147
vn -0.485152 0.800236 -0.352491
vn -0.570323 0.800243 -0.185317
vn -0.599665 0.800251 0.000005
vn -0.570315 0.800248 0.185318
vn -0.485141 0.800245 0.352485
vn -0.352483 0.800248 0.485137
vn -0.185307 0.800259 0.570305
vn -0.000000 0.800259 0.599654
vn 0.185313 0.800245 0.570323
vn 0.352488 0.800238 0.485150
vn 0.485146 0.800241 0.352488
vn 0.570321 0.800245 0.185316
vn 0.599671 0.800247 -0.000005
vn 0.380856 0.882258 -0.276712
vn 0.447716 0.882262 -0.145481
vn 0.276704 0.882265 -0.380846
vn 0.145470 0.882267 -0.447709
vn -0.000001 0.882258 -0.470767
vn -0.145470 0.882265 -0.447714
vn -0.276700 0.882267 -0.380844
vn -0.380861 0.882256 -0.276712
vn -0.447724 0.882258 -0.145477
vn -0.470760 0.882261 0.000008
vn -0.447722 0.882258 0.145483
vn -0.380856 0.882258 0.276711
vn -0.276702 0.882265 0.380846
vn -0.145471 0.882265 0.447713
vn 0.000000 0.882256 0.470769
vn 0.145472 0.882261 0.447721
vn 0.276703 0.882264 0.380848
vn 0.380854 0.882260 0.276707
vn 0.447709 0.882267 0.145473
vn 0.470746 0.882269 -0.000007
vn 0.269857 0.942727 -0.196071
vn 0.317231 0.942730 -0.103073
vn 0.196068 0.942721 -0.269878
vn 0.103076 0.942728 -0.317238
vn -0.000000 0.942729 -0.333561
vn -0.103075 0.942728 -0.317238
vn -0.196058 0.942728 -0.269863
vn -0.269850 0.942731 -0.196061
vn -0.317229 0.942731 -0.103072
vn -0.333562 0.942728 0.000000
vn -0.317232 0.942730 0.103073
vn -0.269852 0.942729 0.196067
vn -0.196059 0.942727 0.269863
vn -0.103073 0.942730 0.317231
vn 0.000001 0.942729 0.333559
vn 0.103070 0.942732 0.317228
vn 0.196060 0.942727 0.269863
vn 0.269853 0.942729 0.196064
vn 0.317226 0.942732 0.103071
vn 0.333561 0.942729 -0.000000
vn 0.162106 0.979719 -0.117778
vn 0.190571 0.979720 -0.061891
vn 0.117765 0.979722 -0.162097
vn 0.061914 0.979725 -0.190540
vn -0.000001 0.979725 -0.200349
vn -0.061913 0.979724 -0.190547
vn -0.117763 0.979720 -0.162111
vn -0.162115 0.979716 -0.117793
vn -0.190572 0.979720 -0.061892
vn -0.200352 0.979724 -0.000000
vn -0.190567 0.979721 0.061890
vn -0.162108 0.979719 0.117779
vn -0.117759 0.979725 0.162087
vn -0.061915 0.979724 0.190547
vn 0.000001 0.979723 0.200357
vn 0.061909 0.979726 0.190538
vn 0.117764 0.979720 0.162112
vn 0.162110 0.979717 0.117790
vn 0.190573 0.979720 0.061891
vn 0.200370 0.979720 0.000000
vn -0.000000 -1.000000 0.000001
vn 0.000000 1.000000 -0.000001
s 1
g polySurface71 polySurface86
usemtl openPBRSurface7SG
f 3405/7004/6315 3406/7005/6316 3426/7006/6317 3425/7007/6318
f 3406/7005/6316 3407/7008/6319 3427/7009/6320 3426/7006/6317
f 3407/7008/6319 3408/7010/6321 3428/7011/6322 3427/7009/6320
f 3408/7010/6321 3409/7012/6323 3429/7013/6324 3428/7011/6322
f 3409/7012/6323 3410/7014/6325 3430/7015/6326 3429/7013/6324
f 3410/7014/6325 3411/7016/6327 3431/7017/6328 3430/7015/6326
f 3411/7016/6327 3412/7018/6329 3432/7019/6330 3431/7017/6328
f 3412/7018/6329 3413/7020/6331 3433/7021/6332 3432/7019/6330
f 3413/7020/6331 3414/7022/6333 3434/7023/6334 3433/7021/6332
f 3414/7022/6333 3415/7024/6335 3435/7025/6336 3434/7023/6334
f 3415/7024/6335 3416/7026/6337 3436/7027/6338 3435/7025/6336
f 3416/7026/6337 3417/7028/6339 3437/7029/6340 3436/7027/6338
f 3417/7028/6339 3418/7030/6341 3438/7031/6342 3437/7029/6340
f 3418/7030/6341 3419/7032/6343 3439/7033/6344 3438/7031/6342
f 3419/7032/6343 3420/7034/6345 3440/7035/6346 3439/7033/6344
f 3420/7034/6345 3421/7036/6347 3441/7037/6348 3440/7035/6346
f 3421/7036/6347 3422/7038/6349 3442/7039/6350 3441/7037/6348
f 3422/7038/6349 3423/7040/6351 3443/7041/6352 3442/7039/6350
f 3423/7040/6351 3424/7042/6353 3444/7043/6354 3443/7041/6352
f 3424/7042/6353 3405/7004/6315 3425/7007/6318 3444/7043/6354
f 3425/7007/6318 3426/7006/6317 3446/7044/6355 3445/7045/6356
f 3426/7006/6317 3427/7009/6320 3447/7046/6357 3446/7044/6355
f 3427/7009/6320 3428/7011/6322 3448/7047/6358 3447/7046/6357
f 3428/7011/6322 3429/7013/6324 3449/7048/6359 3448/7047/6358
f 3429/7013/6324 3430/7015/6326 3450/7049/6360 3449/7048/6359
f 3430/7015/6326 3431/7017/6328 3451/7050/6361 3450/7049/6360
f 3431/7017/6328 3432/7019/6330 3452/7051/6362 3451/7050/6361
f 3432/7019/6330 3433/7021/6332 3453/7052/6363 3452/7051/6362
f 3433/7021/6332 3434/7023/6334 3454/7053/6364 3453/7052/6363
f 3434/7023/6334 3435/7025/6336 3455/7054/6365 3454/7053/6364
f 3435/7025/6336 3436/7027/6338 3456/7055/6366 3455/7054/6365
f 3436/7027/6338 3437/7029/6340 3457/7056/6367 3456/7055/6366
f 3437/7029/6340 3438/7031/6342 3458/7057/6368 3457/7056/6367
f 3438/7031/6342 3439/7033/6344 3459/7058/6369 3458/7057/6368
f 3439/7033/6344 3440/7035/6346 3460/7059/6370 3459/7058/6369
f 3440/7035/6346 3441/7037/6348 3461/7060/6371 3460/7059/6370
f 3441/7037/6348 3442/7039/6350 3462/7061/6372 3461/7060/6371
f 3442/7039/6350 3443/7041/6352 3463/7062/6373 3462/7061/6372
f 3443/7041/6352 3444/7043/6354 3464/7063/6374 3463/7062/6373
f 3444/7043/6354 3425/7007/6318 3445/7045/6356 3464/7063/6374
f 3445/7045/6356 3446/7044/6355 3466/7064/6375 3465/7065/6376
f 3446/7044/6355 3447/7046/6357 3467/7066/6377 3466/7064/6375
f 3447/7046/6357 3448/7047/6358 3468/7067/6378 3467/7066/6377
f 3448/7047/6358 3449/7048/6359 3469/7068/6379 3468/7067/6378
f 3449/7048/6359 3450/7049/6360 3470/7069/6380 3469/7068/6379
f 3450/7049/6360 3451/7050/6361 3471/7070/6381 3470/7069/6380
f 3451/7050/6361 3452/7051/6362 3472/7071/6382 3471/7070/6381
f 3452/7051/6362 3453/7052/6363 3473/7072/6383 3472/7071/6382
f 3453/7073/6363 3454/7074/6364 3474/7075/6384 3473/7076/6383
f 3454/7074/6364 3455/7077/6365 3475/7078/6385 3474/7075/6384
f 3455/7054/6365 3456/7055/6366 3476/7079/6386 3475/7080/6385
f 3456/7055/6366 3457/7056/6367 3477/7081/6387 3476/7079/6386
f 3457/7056/6367 3458/7057/6368 3478/7082/6388 3477/7081/6387
f 3458/7057/6368 3459/7058/6369 3479/7083/6389 3478/7082/6388
f 3459/7058/6369 3460/7059/6370 3480/7084/6390 3479/7083/6389
f 3460/7059/6370 3461/7060/6371 3481/7085/6391 3480/7084/6390
f 3461/7060/6371 3462/7061/6372 3482/7086/6392 3481/7085/6391
f 3462/7061/6372 3463/7062/6373 3483/7087/6393 3482/7086/6392
f 3463/7088/6373 3464/7089/6374 3484/7090/6394 3483/7091/6393
f 3464/7089/6374 3445/7092/6356 3465/7093/6376 3484/7090/6394
f 3465/7093/6376 3466/7094/6375 3486/7095/6395 3485/7096/6396
f 3466/7064/6375 3467/7066/6377 3487/7097/6397 3486/7098/6395
f 3467/7066/6377 3468/7067/6378 3488/7099/6398 3487/7097/6397
f 3468/7067/6378 3469/7068/6379 3489/7100/6399 3488/7099/6398
f 3469/7068/6379 3470/7069/6380 3490/7101/6400 3489/7100/6399
f 3470/7069/6380 3471/7070/6381 3491/7102/6401 3490/7101/6400
f 3471/7070/6381 3472/7071/6382 3492/7103/6402 3491/7102/6401
f 3472/7104/6382 3473/7076/6383 3493/7105/6403 3492/7106/6402
f 3473/7076/6383 3474/7075/6384 3494/7107/6404 3493/7105/6403
f 3474/7075/6384 3475/7078/6385 3495/7108/6405 3494/7107/6404
f 3475/7078/6385 3476/7109/6386 3496/7110/6406 3495/7108/6405
f 3476/7079/6386 3477/7081/6387 3497/7111/6407 3496/7112/6406
f 3477/7081/6387 3478/7082/6388 3498/7113/6408 3497/7111/6407
f 3478/7082/6388 3479/7083/6389 3499/7114/6409 3498/7113/6408
f 3479/7083/6389 3480/7084/6390 3500/7115/6410 3499/7114/6409
f 3480/7084/6390 3481/7085/6391 3501/7116/6411 3500/7115/6410
f 3481/7085/6391 3482/7086/6392 3502/7117/6412 3501/7116/6411
f 3482/7118/6392 3483/7091/6393 3503/7119/6413 3502/7120/6412
f 3483/7091/6393 3484/7090/6394 3504/7121/6414 3503/7119/6413
f 3484/7090/6394 3465/7093/6376 3485/7096/6396 3504/7121/6414
f 3485/7096/6396 3486/7095/6395 3506/7122/6415 3505/7123/6416
f 3486/7095/6395 3487/7124/6397 3507/7125/6417 3506/7122/6415
f 3487/7097/6397 3488/7099/6398 3508/7126/6418 3507/7127/6417
f 3488/7099/6398 3489/7100/6399 3509/7128/6419 3508/7126/6418
f 3489/7100/6399 3490/7101/6400 3510/7129/6420 3509/7128/6419
f 3490/7101/6400 3491/7102/6401 3511/7130/6421 3510/7129/6420
f 3491/7131/6401 3492/7106/6402 3512/7132/6422 3511/7133/6421
f 3492/7106/6402 3493/7105/6403 3513/7134/6423 3512/7132/6422
f 3493/7105/6403 3494/7107/6404 3514/7135/6424 3513/7134/6423
f 3494/7107/6404 3495/7108/6405 3515/7136/6425 3514/7135/6424
f 3495/7108/6405 3496/7110/6406 3516/7137/6426 3515/7136/6425
f 3496/7110/6406 3497/7138/6407 3517/7139/6427 3516/7137/6426
f 3497/7111/6407 3498/7113/6408 3518/7140/6428 3517/7141/6427
f 3498/7113/6408 3499/7114/6409 3519/7142/6429 3518/7140/6428
f 3499/7114/6409 3500/7115/6410 3520/7143/6430 3519/7142/6429
f 3500/7115/6410 3501/7116/6411 3521/7144/6431 3520/7143/6430
f 3501/7145/6411 3502/7120/6412 3522/7146/6432 3521/7147/6431
f 3502/7120/6412 3503/7119/6413 3523/7148/6433 3522/7146/6432
f 3503/7119/6413 3504/7121/6414 3524/7149/6434 3523/7148/6433
f 3504/7121/6414 3485/7096/6396 3505/7123/6416 3524/7149/6434
f 3505/7123/6416 3506/7122/6415 3526/7150/6435 3525/7151/6436
f 3506/7122/6415 3507/7125/6417 3527/7152/6437 3526/7150/6435
f 3507/7127/6417 3508/7126/6418 3528/7153/6438 3527/7154/6437
f 3508/7126/6418 3509/7128/6419 3529/7155/6439 3528/7153/6438
f 3509/7128/6419 3510/7129/6420 3530/7156/6440 3529/7155/6439
f 3510/7129/6420 3511/7130/6421 3531/7157/6441 3530/7156/6440
f 3511/7133/6421 3512/7132/6422 3532/7158/6442 3531/7159/6441
f 3512/7132/6422 3513/7134/6423 3533/7160/6443 3532/7158/6442
f 3513/7134/6423 3514/7135/6424 3534/7161/6444 3533/7160/6443
f 3514/7135/6424 3515/7136/6425 3535/7162/6445 3534/7161/6444
f 3515/7136/6425 3516/7137/6426 3536/7163/6446 3535/7162/6445
f 3516/7137/6426 3517/7139/6427 3537/7164/6447 3536/7163/6446
f 3517/7141/6427 3518/7140/6428 3538/7165/6448 3537/7166/6447
f 3518/7140/6428 3519/7142/6429 3539/7167/6449 3538/7165/6448
f 3519/7142/6429 3520/7143/6430 3540/7168/6450 3539/7167/6449
f 3520/7143/6430 3521/7144/6431 3541/7169/6451 3540/7168/6450
f 3521/7147/6431 3522/7146/6432 3542/7170/6452 3541/7171/6451
f 3522/7146/6432 3523/7148/6433 3543/7172/6453 3542/7170/6452
f 3523/7148/6433 3524/7149/6434 3544/7173/6454 3543/7172/6453
f 3524/7149/6434 3505/7123/6416 3525/7151/6436 3544/7173/6454
f 3525/7151/6436 3526/7150/6435 3546/7174/6455 3545/7175/6456
f 3526/7150/6435 3527/7152/6437 3547/7176/6457 3546/7174/6455
f 3527/7177/6437 3528/7178/6438 3548/7179/6458 3547/7180/6457
f 3528/7178/6438 3529/7181/6439 3549/7182/6459 3548/7179/6458
f 3529/7181/6439 3530/7183/6440 3550/7184/6460 3549/7182/6459
f 3530/7183/6440 3531/7185/6441 3551/7186/6461 3550/7184/6460
f 3531/7159/6441 3532/7158/6442 3552/7187/6462 3551/7188/6461
f 3532/7158/6442 3533/7160/6443 3553/7189/6463 3552/7187/6462
f 3533/7160/6443 3534/7161/6444 3554/7190/6464 3553/7189/6463
f 3534/7161/6444 3535/7162/6445 3555/7191/6465 3554/7190/6464
f 3535/7162/6445 3536/7163/6446 3556/7192/6466 3555/7191/6465
f 3536/7163/6446 3537/7164/6447 3557/7193/6467 3556/7192/6466
f 3537/7194/6447 3538/7195/6448 3558/7196/6468 3557/7197/6467
f 3538/7195/6448 3539/7198/6449 3559/7199/6469 3558/7196/6468
f 3539/7198/6449 3540/7200/6450 3560/7201/6470 3559/7199/6469
f 3540/7200/6450 3541/7202/6451 3561/7203/6471 3560/7201/6470
f 3541/7171/6451 3542/7170/6452 3562/7204/6472 3561/7205/6471
f 3542/7170/6452 3543/7172/6453 3563/7206/6473 3562/7204/6472
f 3543/7172/6453 3544/7173/6454 3564/7207/6474 3563/7206/6473
f 3544/7173/6454 3525/7151/6436 3545/7175/6456 3564/7207/6474
f 3545/7175/6456 3546/7174/6455 3566/7208/6475 3565/7209/6476
f 3546/7174/6455 3547/7176/6457 3567/7210/6477 3566/7208/6475
f 3547/7180/6457 3548/7179/6458 3568/7211/6478 3567/7212/6477
f 3548/7179/6458 3549/7182/6459 3569/7213/6479 3568/7211/6478
f 3549/7182/6459 3550/7184/6460 3570/7214/6480 3569/7213/6479
f 3550/7184/6460 3551/7186/6461 3571/7215/6481 3570/7214/6480
f 3551/7188/6461 3552/7187/6462 3572/7216/6482 3571/7217/6481
f 3552/7187/6462 3553/7189/6463 3573/7218/6483 3572/7216/6482
f 3553/7189/6463 3554/7190/6464 3574/7219/6484 3573/7218/6483
f 3554/7190/6464 3555/7191/6465 3575/7220/6485 3574/7219/6484
f 3555/7191/6465 3556/7192/6466 3576/7221/6486 3575/7220/6485
f 3556/7192/6466 3557/7193/6467 3577/7222/6487 3576/7221/6486
f 3557/7197/6467 3558/7196/6468 3578/7223/6488 3577/7224/6487
f 3558/7196/6468 3559/7199/6469 3579/7225/6489 3578/7223/6488
f 3559/7199/6469 3560/7201/6470 3580/7226/6490 3579/7225/6489
f 3560/7201/6470 3561/7203/6471 3581/7227/6491 3580/7226/6490
f 3561/7205/6471 3562/7204/6472 3582/7228/6492 3581/7229/6491
f 3562/7204/6472 3563/7206/6473 3583/7230/6493 3582/7228/6492
f 3563/7206/6473 3564/7207/6474 3584/7231/6494 3583/7230/6493
f 3564/7207/6474 3545/7175/6456 3565/7209/6476 3584/7231/6494
f 3565/7209/6476 3566/7208/6475 3586/7232/6495 3585/7233/6496
f 3566/7208/6475 3567/7210/6477 3587/7234/6497 3586/7232/6495
f 3567/7212/6477 3568/7211/6478 3588/7235/6498 3587/7236/6497
f 3568/7211/6478 3569/7213/6479 3589/7237/6499 3588/7235/6498
f 3569/7213/6479 3570/7214/6480 3590/7238/6500 3589/7237/6499
f 3570/7214/6480 3571/7215/6481 3591/7239/6501 3590/7238/6500
f 3571/7217/6481 3572/7216/6482 3592/7240/6502 3591/7241/6501
f 3572/7216/6482 3573/7218/6483 3593/7242/6503 3592/7240/6502
f 3573/7218/6483 3574/7219/6484 3594/7243/6504 3593/7242/6503
f 3574/7219/6484 3575/7220/6485 3595/7244/6505 3594/7243/6504
f 3575/7220/6485 3576/7221/6486 3596/7245/6506 3595/7244/6505
f 3576/7221/6486 3577/7222/6487 3597/7246/6507 3596/7245/6506
f 3577/7224/6487 3578/7223/6488 3598/7247/6508 3597/7248/6507
f 3578/7223/6488 3579/7225/6489 3599/7249/6509 3598/7247/6508
f 3579/7225/6489 3580/7226/6490 3600/7250/6510 3599/7249/6509
f 3580/7226/6490 3581/7227/6491 3601/7251/6511 3600/7250/6510
f 3581/7229/6491 3582/7228/6492 3602/7252/6512 3601/7253/6511
f 3582/7228/6492 3583/7230/6493 3603/7254/6513 3602/7252/6512
f 3583/7230/6493 3584/7231/6494 3604/7255/6514 3603/7254/6513
f 3584/7231/6494 3565/7209/6476 3585/7233/6496 3604/7255/6514
f 3585/7233/6496 3586/7232/6495 3606/7256/6515 3605/7257/6516
f 3586/7232/6495 3587/7234/6497 3607/7258/6517 3606/7256/6515
f 3587/7236/6497 3588/7235/6498 3608/7259/6518 3607/7260/6517
f 3588/7235/6498 3589/7237/6499 3609/7261/6519 3608/7259/6518
f 3589/7237/6499 3590/7238/6500 3610/7262/6520 3609/7261/6519
f 3590/7238/6500 3591/7239/6501 3611/7263/6521 3610/7262/6520
f 3591/7241/6501 3592/7240/6502 3612/7264/6522 3611/7265/6521
f 3592/7240/6502 3593/7242/6503 3613/7266/6523 3612/7264/6522
f 3593/7242/6503 3594/7243/6504 3614/7267/6524 3613/7266/6523
f 3594/7243/6504 3595/7244/6505 3615/7268/6525 3614/7267/6524
f 3595/7244/6505 3596/7245/6506 3616/7269/6526 3615/7268/6525
f 3596/7245/6506 3597/7246/6507 3617/7270/6527 3616/7269/6526
f 3597/7248/6507 3598/7247/6508 3618/7271/6528 3617/7272/6527
f 3598/7247/6508 3599/7249/6509 3619/7273/6529 3618/7271/6528
f 3599/7249/6509 3600/7250/6510 3620/7274/6530 3619/7273/6529
f 3600/7250/6510 3601/7251/6511 3621/7275/6531 3620/7274/6530
f 3601/7253/6511 3602/7252/6512 3622/7276/6532 3621/7277/6531
f 3602/7252/6512 3603/7254/6513 3623/7278/6533 3622/7276/6532
f 3603/7254/6513 3604/7255/6514 3624/7279/6534 3623/7278/6533
f 3604/7255/6514 3585/7233/6496 3605/7257/6516 3624/7279/6534
f 3605/7257/6516 3606/7256/6515 3626/7280/6535 3625/7281/6536
f 3606/7256/6515 3607/7258/6517 3627/7282/6537 3626/7280/6535
f 3607/7260/6517 3608/7259/6518 3628/7283/6538 3627/7284/6537
f 3608/7259/6518 3609/7261/6519 3629/7285/6539 3628/7283/6538
f 3609/7261/6519 3610/7262/6520 3630/7286/6540 3629/7285/6539
f 3610/7262/6520 3611/7263/6521 3631/7287/6541 3630/7286/6540
f 3611/7265/6521 3612/7264/6522 3632/7288/6542 3631/7289/6541
f 3612/7264/6522 3613/7266/6523 3633/7290/6543 3632/7288/6542
f 3613/7266/6523 3614/7267/6524 3634/7291/6544 3633/7290/6543
f 3614/7267/6524 3615/7268/6525 3635/7292/6545 3634/7291/6544
f 3615/7268/6525 3616/7269/6526 3636/7293/6546 3635/7292/6545
f 3616/7269/6526 3617/7270/6527 3637/7294/6547 3636/7293/6546
f 3617/7272/6527 3618/7271/6528 3638/7295/6548 3637/7296/6547
f 3618/7271/6528 3619/7273/6529 3639/7297/6549 3638/7295/6548
f 3619/7273/6529 3620/7274/6530 3640/7298/6550 3639/7297/6549
f 3620/7274/6530 3621/7275/6531 3641/7299/6551 3640/7298/6550
f 3621/7277/6531 3622/7276/6532 3642/7300/6552 3641/7301/6551
f 3622/7276/6532 3623/7278/6533 3643/7302/6553 3642/7300/6552
f 3623/7278/6533 3624/7279/6534 3644/7303/6554 3643/7302/6553
f 3624/7279/6534 3605/7257/6516 3625/7281/6536 3644/7303/6554
f 3625/7281/6536 3626/7280/6535 3646/7304/6555 3645/7305/6556
f 3626/7280/6535 3627/7282/6537 3647/7306/6557 3646/7304/6555
f 3627/7284/6537 3628/7283/6538 3648/7307/6558 3647/7308/6557
f 3628/7283/6538 3629/7285/6539 3649/7309/6559 3648/7307/6558
f 3629/7285/6539 3630/7286/6540 3650/7310/6560 3649/7309/6559
f 3630/7286/6540 3631/7287/6541 3651/7311/6561 3650/7310/6560
f 3631/7289/6541 3632/7288/6542 3652/7312/6562 3651/7313/6561
f 3632/7288/6542 3633/7290/6543 3653/7314/6563 3652/7312/6562
f 3633/7290/6543 3634/7291/6544 3654/7315/6564 3653/7314/6563
f 3634/7291/6544 3635/7292/6545 3655/7316/6565 3654/7315/6564
f 3635/7292/6545 3636/7293/6546 3656/7317/6566 3655/7316/6565
f 3636/7293/6546 3637/7294/6547 3657/7318/6567 3656/7317/6566
f 3637/7296/6547 3638/7295/6548 3658/7319/6568 3657/7320/6567
f 3638/7295/6548 3639/7297/6549 3659/7321/6569 3658/7319/6568
f 3639/7297/6549 3640/7298/6550 3660/7322/6570 3659/7321/6569
f 3640/7298/6550 3641/7299/6551 3661/7323/6571 3660/7322/6570
f 3641/7301/6551 3642/7300/6552 3662/7324/6572 3661/7325/6571
f 3642/7300/6552 3643/7302/6553 3663/7326/6573 3662/7324/6572
f 3643/7302/6553 3644/7303/6554 3664/7327/6574 3663/7326/6573
f 3644/7303/6554 3625/7281/6536 3645/7305/6556 3664/7327/6574
f 3645/7305/6556 3646/7304/6555 3666/7328/6575 3665/7329/6576
f 3646/7304/6555 3647/7306/6557 3667/7330/6577 3666/7328/6575
f 3647/7331/6557 3648/7332/6558 3668/7333/6578 3667/7334/6577
f 3648/7332/6558 3649/7335/6559 3669/7336/6579 3668/7333/6578
f 3649/7335/6559 3650/7337/6560 3670/7338/6580 3669/7336/6579
f 3650/7337/6560 3651/7339/6561 3671/7340/6581 3670/7338/6580
f 3651/7313/6561 3652/7312/6562 3672/7341/6582 3671/7342/6581
f 3652/7312/6562 3653/7314/6563 3673/7343/6583 3672/7341/6582
f 3653/7314/6563 3654/7315/6564 3674/7344/6584 3673/7343/6583
f 3654/7315/6564 3655/7316/6565 3675/7345/6585 3674/7344/6584
f 3655/7316/6565 3656/7317/6566 3676/7346/6586 3675/7345/6585
f 3656/7317/6566 3657/7318/6567 3677/7347/6587 3676/7346/6586
f 3657/7348/6567 3658/7349/6568 3678/7350/6588 3677/7351/6587
f 3658/7349/6568 3659/7352/6569 3679/7353/6589 3678/7350/6588
f 3659/7352/6569 3660/7354/6570 3680/7355/6590 3679/7353/6589
f 3660/7354/6570 3661/7356/6571 3681/7357/6591 3680/7355/6590
f 3661/7325/6571 3662/7324/6572 3682/7358/6592 3681/7359/6591
f 3662/7324/6572 3663/7326/6573 3683/7360/6593 3682/7358/6592
f 3663/7326/6573 3664/7327/6574 3684/7361/6594 3683/7360/6593
f 3664/7327/6574 3645/7305/6556 3665/7329/6576 3684/7361/6594
f 3665/7329/6576 3666/7328/6575 3686/7362/6595 3685/7363/6596
f 3666/7328/6575 3667/7330/6577 3687/7364/6597 3686/7362/6595
f 3667/7334/6577 3668/7333/6578 3688/7365/6598 3687/7366/6597
f 3668/7333/6578 3669/7336/6579 3689/7367/6599 3688/7365/6598
f 3669/7336/6579 3670/7338/6580 3690/7368/6600 3689/7367/6599
f 3670/7338/6580 3671/7340/6581 3691/7369/6601 3690/7368/6600
f 3671/7342/6581 3672/7341/6582 3692/7370/6602 3691/7371/6601
f 3672/7341/6582 3673/7343/6583 3693/7372/6603 3692/7370/6602
f 3673/7343/6583 3674/7344/6584 3694/7373/6604 3693/7372/6603
f 3674/7344/6584 3675/7345/6585 3695/7374/6605 3694/7373/6604
f 3675/7345/6585 3676/7346/6586 3696/7375/6606 3695/7374/6605
f 3676/7346/6586 3677/7347/6587 3697/7376/6607 3696/7375/6606
f 3677/7351/6587 3678/7350/6588 3698/7377/6608 3697/7378/6607
f 3678/7350/6588 3679/7353/6589 3699/7379/6609 3698/7377/6608
f 3679/7353/6589 3680/7355/6590 3700/7380/6610 3699/7379/6609
f 3680/7355/6590 3681/7357/6591 3701/7381/6611 3700/7380/6610
f 3681/7359/6591 3682/7358/6592 3702/7382/6612 3701/7383/6611
f 3682/7358/6592 3683/7360/6593 3703/7384/6613 3702/7382/6612
f 3683/7360/6593 3684/7361/6594 3704/7385/6614 3703/7384/6613
f 3684/7361/6594 3665/7329/6576 3685/7363/6596 3704/7385/6614
f 3685/7363/6596 3686/7362/6595 3706/7386/6615 3705/7387/6616
f 3686/7388/6595 3687/7366/6597 3707/7389/6617 3706/7390/6615
f 3687/7366/6597 3688/7365/6598 3708/7391/6618 3707/7389/6617
f 3688/7365/6598 3689/7367/6599 3709/7392/6619 3708/7391/6618
f 3689/7367/6599 3690/7368/6600 3710/7393/6620 3709/7392/6619
f 3690/7368/6600 3691/7369/6601 3711/7394/6621 3710/7393/6620
f 3691/7369/6601 3692/7395/6602 3712/7396/6622 3711/7394/6621
f 3692/7370/6602 3693/7372/6603 3713/7397/6623 3712/7398/6622
f 3693/7372/6603 3694/7373/6604 3714/7399/6624 3713/7397/6623
f 3694/7373/6604 3695/7374/6605 3715/7400/6625 3714/7399/6624
f 3695/7374/6605 3696/7375/6606 3716/7401/6626 3715/7400/6625
f 3696/7402/6606 3697/7378/6607 3717/7403/6627 3716/7404/6626
f 3697/7378/6607 3698/7377/6608 3718/7405/6628 3717/7403/6627
f 3698/7377/6608 3699/7379/6609 3719/7406/6629 3718/7405/6628
f 3699/7379/6609 3700/7380/6610 3720/7407/6630 3719/7406/6629
f 3700/7380/6610 3701/7381/6611 3721/7408/6631 3720/7407/6630
f 3701/7381/6611 3702/7409/6612 3722/7410/6632 3721/7408/6631
f 3702/7382/6612 3703/7384/6613 3723/7411/6633 3722/7412/6632
f 3703/7384/6613 3704/7385/6614 3724/7413/6634 3723/7411/6633
f 3704/7385/6614 3685/7363/6596 3705/7387/6616 3724/7413/6634
f 3705/7414/6616 3706/7390/6615 3726/7415/6635 3725/7416/6636
f 3706/7390/6615 3707/7389/6617 3727/7417/6637 3726/7415/6635
f 3707/7389/6617 3708/7391/6618 3728/7418/6638 3727/7417/6637
f 3708/7391/6618 3709/7392/6619 3729/7419/6639 3728/7418/6638
f 3709/7392/6619 3710/7393/6620 3730/7420/6640 3729/7419/6639
f 3710/7393/6620 3711/7394/6621 3731/7421/6641 3730/7420/6640
f 3711/7394/6621 3712/7396/6622 3732/7422/6642 3731/7421/6641
f 3712/7396/6622 3713/7423/6623 3733/7424/6643 3732/7422/6642
f 3713/7397/6623 3714/7399/6624 3734/7425/6644 3733/7426/6643
f 3714/7399/6624 3715/7400/6625 3735/7427/6645 3734/7425/6644
f 3715/7428/6625 3716/7404/6626 3736/7429/6646 3735/7430/6645
f 3716/7404/6626 3717/7403/6627 3737/7431/6647 3736/7429/6646
f 3717/7403/6627 3718/7405/6628 3738/7432/6648 3737/7431/6647
f 3718/7405/6628 3719/7406/6629 3739/7433/6649 3738/7432/6648
f 3719/7406/6629 3720/7407/6630 3740/7434/6650 3739/7433/6649
f 3720/7407/6630 3721/7408/6631 3741/7435/6651 3740/7434/6650
f 3721/7408/6631 3722/7410/6632 3742/7436/6652 3741/7435/6651
f 3722/7410/6632 3723/7437/6633 3743/7438/6653 3742/7436/6652
f 3723/7411/6633 3724/7413/6634 3744/7439/6654 3743/7440/6653
f 3724/7413/6634 3705/7387/6616 3725/7441/6636 3744/7439/6654
f 3725/7416/6636 3726/7415/6635 3746/7442/6655 3745/7443/6656
f 3726/7415/6635 3727/7417/6637 3747/7444/6657 3746/7442/6655
f 3727/7417/6637 3728/7418/6638 3748/7445/6658 3747/7444/6657
f 3728/7418/6638 3729/7419/6639 3749/7446/6659 3748/7445/6658
f 3729/7419/6639 3730/7420/6640 3750/7447/6660 3749/7446/6659
f 3730/7420/6640 3731/7421/6641 3751/7448/6661 3750/7447/6660
f 3731/7421/6641 3732/7422/6642 3752/7449/6662 3751/7448/6661
f 3732/7422/6642 3733/7424/6643 3753/7450/6663 3752/7449/6662
f 3733/7424/6643 3734/7451/6644 3754/7452/6664 3753/7450/6663
f 3734/7451/6644 3735/7430/6645 3755/7453/6665 3754/7452/6664
f 3735/7430/6645 3736/7429/6646 3756/7454/6666 3755/7453/6665
f 3736/7429/6646 3737/7431/6647 3757/7455/6667 3756/7454/6666
f 3737/7431/6647 3738/7432/6648 3758/7456/6668 3757/7455/6667
f 3738/7432/6648 3739/7433/6649 3759/7457/6669 3758/7456/6668
f 3739/7433/6649 3740/7434/6650 3760/7458/6670 3759/7457/6669
f 3740/7434/6650 3741/7435/6651 3761/7459/6671 3760/7458/6670
f 3741/7435/6651 3742/7436/6652 3762/7460/6672 3761/7459/6671
f 3742/7436/6652 3743/7438/6653 3763/7461/6673 3762/7460/6672
f 3743/7438/6653 3744/7462/6654 3764/7463/6674 3763/7461/6673
f 3744/7462/6654 3725/7416/6636 3745/7443/6656 3764/7463/6674
f 3745/7443/6656 3746/7442/6655 3766/7464/6675 3765/7465/6676
f 3746/7442/6655 3747/7444/6657 3767/7466/6677 3766/7464/6675
f 3747/7444/6657 3748/7445/6658 3768/7467/6678 3767/7466/6677
f 3748/7445/6658 3749/7446/6659 3769/7468/6679 3768/7467/6678
f 3749/7446/6659 3750/7447/6660 3770/7469/6680 3769/7468/6679
f 3750/7447/6660 3751/7448/6661 3771/7470/6681 3770/7469/6680
f 3751/7448/6661 3752/7449/6662 3772/7471/6682 3771/7470/6681
f 3752/7449/6662 3753/7450/6663 3773/7472/6683 3772/7471/6682
f 3753/7450/6663 3754/7452/6664 3774/7473/6684 3773/7472/6683
f 3754/7452/6664 3755/7453/6665 3775/7474/6685 3774/7473/6684
f 3755/7453/6665 3756/7454/6666 3776/7475/6686 3775/7474/6685
f 3756/7454/6666 3757/7455/6667 3777/7476/6687 3776/7475/6686
f 3757/7455/6667 3758/7456/6668 3778/7477/6688 3777/7476/6687
f 3758/7456/6668 3759/7457/6669 3779/7478/6689 3778/7477/6688
f 3759/7457/6669 3760/7458/6670 3780/7479/6690 3779/7478/6689
f 3760/7458/6670 3761/7459/6671 3781/7480/6691 3780/7479/6690
f 3761/7459/6671 3762/7460/6672 3782/7481/6692 3781/7480/6691
f 3762/7460/6672 3763/7461/6673 3783/7482/6693 3782/7481/6692
f 3763/7461/6673 3764/7463/6674 3784/7483/6694 3783/7482/6693
f 3764/7463/6674 3745/7443/6656 3765/7465/6676 3784/7483/6694
f 3406/7005/6316 3405/7004/6315 3785/7484/6695
f 3407/7008/6319 3406/7005/6316 3785/7484/6695
f 3408/7010/6321 3407/7008/6319 3785/7484/6695
f 3409/7012/6323 3408/7010/6321 3785/7484/6695
f 3410/7014/6325 3409/7012/6323 3785/7484/6695
f 3411/7016/6327 3410/7014/6325 3785/7484/6695
f 3412/7018/6329 3411/7016/6327 3785/7484/6695
f 3413/7020/6331 3412/7018/6329 3785/7484/6695
f 3414/7022/6333 3413/7020/6331 3785/7484/6695
f 3415/7024/6335 3414/7022/6333 3785/7484/6695
f 3416/7026/6337 3415/7024/6335 3785/7484/6695
f 3417/7028/6339 3416/7026/6337 3785/7484/6695
f 3418/7030/6341 3417/7028/6339 3785/7484/6695
f 3419/7032/6343 3418/7030/6341 3785/7484/6695
f 3420/7034/6345 3419/7032/6343 3785/7484/6695
f 3421/7036/6347 3420/7034/6345 3785/7484/6695
f 3422/7038/6349 3421/7036/6347 3785/7484/6695
f 3423/7040/6351 3422/7038/6349 3785/7484/6695
f 3424/7042/6353 3423/7040/6351 3785/7484/6695
f 3405/7004/6315 3424/7042/6353 3785/7484/6695
f 3765/7465/6676 3766/7464/6675 3786/7485/6696
f 3766/7464/6675 3767/7466/6677 3786/7485/6696
f 3767/7466/6677 3768/7467/6678 3786/7485/6696
f 3768/7467/6678 3769/7468/6679 3786/7485/6696
f 3769/7468/6679 3770/7469/6680 3786/7485/6696
f 3770/7469/6680 3771/7470/6681 3786/7485/6696
f 3771/7470/6681 3772/7471/6682 3786/7485/6696
f 3772/7471/6682 3773/7472/6683 3786/7485/6696
f 3773/7472/6683 3774/7473/6684 3786/7485/6696
f 3774/7473/6684 3775/7474/6685 3786/7485/6696
f 3775/7474/6685 3776/7475/6686 3786/7485/6696
f 3776/7475/6686 3777/7476/6687 3786/7485/6696
f 3777/7476/6687 3778/7477/6688 3786/7485/6696
f 3778/7477/6688 3779/7478/6689 3786/7485/6696
f 3779/7478/6689 3780/7479/6690 3786/7485/6696
f 3780/7479/6690 3781/7480/6691 3786/7485/6696
f 3781/7480/6691 3782/7481/6692 3786/7485/6696
f 3782/7481/6692 3783/7482/6693 3786/7485/6696
f 3783/7482/6693 3784/7483/6694 3786/7485/6696
f 3784/7483/6694 3765/7465/6676 3786/7485/6696
g default
v 0.230031 0.473779 -0.230031
v 0.000000 0.473779 -0.325312
v -0.230031 0.473779 -0.230031
v -0.325312 0.473779 0.000000
v -0.230031 0.473779 0.230031
v 0.000000 0.473779 0.325312
v 0.230031 0.473779 0.230031
v 0.325312 0.473779 0.000000
v 0.230031 22.994522 -0.230031
v 0.000000 22.994522 -0.325312
v -0.230031 22.994522 -0.230031
v -0.325312 22.994522 0.000000
v -0.230031 22.994522 0.230031
v 0.000000 22.994522 0.325312
v 0.230031 22.994522 0.230031
v 0.325312 22.994522 0.000000
v 0.000000 0.473779 0.000000
v 0.000000 22.994522 0.000000
vt 0.764766 0.980105
vt 0.760438 0.980105
vt 0.760438 0.556431
vt 0.764766 0.556431
vt 0.756111 0.980105
vt 0.756111 0.556431
vt 0.991345 0.004896
vt 0.995673 0.004896
vt 0.995673 0.428571
vt 0.991345 0.428571
vt 1.000000 0.004896
vt 1.000000 0.428571
vt 0.487271 0.556010
vt 0.491599 0.556010
vt 0.491599 0.979687
vt 0.487271 0.979687
vt 0.495926 0.556010
vt 0.495926 0.979687
vt 0.364053 0.511604
vt 0.368381 0.511604
vt 0.368381 0.935278
vt 0.364053 0.935278
vt 0.372708 0.511604
vt 0.372708 0.935278
vt 0.487553 0.141876
vt 0.491712 0.143599
vt 0.487553 0.147758
vt 0.483393 0.143599
vt 0.481670 0.147758
vt 0.483393 0.151918
vt 0.487553 0.153641
vt 0.491712 0.151918
vt 0.493435 0.147758
vt 0.917375 0.234454
vt 0.913215 0.236177
vt 0.913215 0.230295
vt 0.909056 0.234454
vt 0.907333 0.230295
vt 0.909056 0.226135
vt 0.913215 0.224412
vt 0.917375 0.226135
vt 0.919098 0.230295
vn 0.707096 -0.005417 -0.707096
vn 0.000000 -0.005417 -0.999985
vn 0.000000 0.005417 -0.999985
vn 0.707096 0.005417 -0.707096
vn -0.707096 -0.005417 -0.707096
vn -0.707096 0.005417 -0.707096
vn -0.999985 -0.005417 0.000000
vn -0.999985 0.005417 -0.000000
vn -0.707096 -0.005417 0.707096
vn -0.707096 0.005417 0.707096
vn -0.000000 -0.005417 0.999985
vn -0.000000 0.005417 0.999985
vn 0.707096 -0.005417 0.707096
vn 0.707096 0.005417 0.707096
vn 0.999985 -0.005417 0.000000
vn 0.999985 0.005417 0.000000
vn 0.000000 -1.000000 0.000000
vn 0.000000 1.000000 -0.000002
s 1
g polySurface71 polySurface98
usemtl openPBRSurface1SG
f 3787/7486/6697 3788/7487/6698 3796/7488/6699 3795/7489/6700
f 3788/7487/6698 3789/7490/6701 3797/7491/6702 3796/7488/6699
f 3789/7492/6701 3790/7493/6703 3798/7494/6704 3797/7495/6702
f 3790/7493/6703 3791/7496/6705 3799/7497/6706 3798/7494/6704
f 3791/7498/6705 3792/7499/6707 3800/7500/6708 3799/7501/6706
f 3792/7499/6707 3793/7502/6709 3801/7503/6710 3800/7500/6708
f 3793/7504/6709 3794/7505/6711 3802/7506/6712 3801/7507/6710
f 3794/7505/6711 3787/7508/6697 3795/7509/6700 3802/7506/6712
f 3788/7510/6698 3787/7511/6697 3803/7512/6713
f 3789/7513/6701 3788/7510/6698 3803/7512/6713
f 3790/7514/6703 3789/7513/6701 3803/7512/6713
f 3791/7515/6705 3790/7514/6703 3803/7512/6713
f 3792/7516/6707 3791/7515/6705 3803/7512/6713
f 3793/7517/6709 3792/7516/6707 3803/7512/6713
f 3794/7518/6711 3793/7517/6709 3803/7512/6713
f 3787/7511/6697 3794/7518/6711 3803/7512/6713
f 3795/7519/6700 3796/7520/6699 3804/7521/6714
f 3796/7520/6699 3797/7522/6702 3804/7521/6714
f 3797/7522/6702 3798/7523/6704 3804/7521/6714
f 3798/7523/6704 3799/7524/6706 3804/7521/6714
f 3799/7524/6706 3800/7525/6708 3804/7521/6714
f 3800/7525/6708 3801/7526/6710 3804/7521/6714
f 3801/7526/6710 3802/7527/6712 3804/7521/6714
f 3802/7527/6712 3795/7519/6700 3804/7521/6714
g default
v -7.711019 4.458152 -3.876623
v -7.628001 4.583874 -4.109081
v -7.857888 4.970991 -3.722793
v -7.759124 5.041731 -3.971743
v -7.600715 5.010658 -3.609497
v -7.501952 5.081398 -3.858446
v -7.453846 4.497818 -3.763326
v -7.370828 4.623539 -3.995784
v -7.423946 4.731884 -4.053788
v -7.579366 4.707911 -4.122258
v -7.503189 5.008584 -3.970789
v -7.658608 4.984613 -4.039259
v -7.287006 4.633126 -4.104629
v -7.543442 4.633126 -4.104629
v -7.287006 4.947469 -4.418972
v -7.543442 4.947469 -4.418972
v -7.322052 4.439268 -4.336271
v -7.508396 4.439268 -4.336271
v -7.322052 4.667690 -4.564693
v -7.508396 4.667690 -4.564693
v -7.322052 3.803963 -4.694775
v -7.508396 3.803963 -4.694775
v -7.322052 4.032385 -4.923197
v -7.508396 4.032385 -4.923197
v -7.322052 2.660171 -5.462356
v -7.508396 2.660171 -5.462356
v -7.322052 2.888593 -5.690779
v -7.508396 2.888593 -5.690779
v -7.322052 1.723998 -6.317266
v -7.508396 1.723998 -6.317266
v -7.322052 1.975186 -6.568455
v -7.508396 1.975186 -6.568455
v -7.322052 1.160923 -6.788885
v -7.508396 1.160923 -6.788885
v -7.322052 1.503565 -7.131528
v -7.508396 1.503565 -7.131528
v -7.365592 1.201527 -6.908405
v -7.464856 1.201527 -6.908405
v -7.365592 1.384045 -7.090922
v -7.464856 1.384045 -7.090922
v -7.263982 0.987016 -6.749245
v -7.566465 0.987016 -6.749245
v -7.297100 1.515458 -7.333185
v -7.596694 1.544945 -7.303698
v -7.336808 0.908707 -6.907333
v -7.593430 0.933965 -6.882074
v -7.336808 1.385118 -7.383742
v -7.593430 1.410376 -7.358484
v -7.543442 5.233167 -4.704670
v -7.287006 5.233167 -4.704670
v -7.508396 4.953388 -4.850391
v -7.322052 4.953388 -4.850391
v -7.543442 5.165961 -4.338048
v -7.287006 5.165961 -4.338048
v -7.543442 5.386138 -4.558225
v -7.287006 5.386138 -4.558225
v -7.543442 5.452411 -4.054941
v -7.287006 5.452411 -4.054941
v -7.543442 5.559508 -4.162038
v -7.287006 5.559508 -4.162038
v -7.508396 4.273774 -5.052937
v -7.322052 4.273774 -5.052937
v -7.322052 4.506145 -5.285308
v -7.508396 4.506145 -5.285308
v -7.508396 3.679517 -5.498882
v -7.322052 3.679517 -5.498882
v -7.322052 3.858309 -5.677675
v -7.508396 3.858309 -5.677675
v -7.508396 3.071709 -5.949203
v -7.322052 3.071709 -5.949203
v -7.322052 3.250500 -6.127995
v -7.508396 3.250500 -6.127995
v -7.508396 2.130509 -6.788963
v -7.322052 2.130509 -6.788963
v -7.322052 2.248445 -6.906901
v -7.508396 2.248445 -6.906901
v -7.526000 1.576294 -7.137384
v -7.304448 1.576294 -7.137384
v -7.322052 1.731779 -7.313684
v -7.508396 1.731779 -7.313684
v -7.526000 1.590057 -7.413121
v -7.304448 1.590057 -7.413121
v -7.322052 1.639384 -7.441632
v -7.508396 1.639384 -7.441632
v -7.346096 0.635868 -6.725753
v -7.601660 0.661022 -6.700600
v -7.346096 1.497250 -7.587133
v -7.601660 1.522403 -7.561980
v -7.387268 0.481963 -6.990165
v -7.642832 0.507117 -6.965010
v -7.387268 1.343345 -7.851543
v -7.642832 1.368499 -7.826392
v -7.784453 4.714572 -3.799709
v -7.527280 4.754238 -3.686411
v -7.436390 4.852469 -3.927115
v -7.463568 4.870233 -4.012289
v -7.287006 4.790297 -4.261800
v -7.322052 4.553479 -4.450482
v -7.322052 3.918174 -4.808985
v -7.322052 2.774382 -5.576567
v -7.322052 1.849592 -6.442859
v -7.322052 1.332244 -6.960206
v -7.365592 1.292786 -6.999666
v -7.263982 1.265111 -7.027340
v -7.336808 1.146913 -7.145540
v -7.346096 1.100466 -7.190353
v -7.387268 0.946562 -7.454759
v -7.642832 0.971715 -7.429607
v -7.601660 1.125620 -7.165199
v -7.593430 1.172170 -7.120281
v -7.566465 1.265111 -7.027340
v -7.464856 1.292786 -6.999666
v -7.508396 1.332244 -6.960206
v -7.508396 1.849592 -6.442859
v -7.508396 2.774382 -5.576567
v -7.508396 3.918174 -4.808985
v -7.508396 4.553479 -4.450482
v -7.543442 4.790297 -4.261800
v -7.618988 4.846262 -4.080759
v -7.693563 4.812803 -4.040412
v -7.747736 4.586362 -3.838166
v -7.490563 4.626029 -3.724869
v -7.403609 4.738003 -3.961449
v -7.443757 4.801058 -4.033039
v -7.287006 4.711711 -4.183214
v -7.322052 4.496373 -4.393376
v -7.322052 3.861068 -4.751880
v -7.322052 2.717277 -5.519463
v -7.322052 1.786795 -6.380061
v -7.322052 1.246583 -6.874547
v -7.365592 1.247157 -6.954036
v -7.263982 1.126064 -6.888292
v -7.336808 1.027810 -7.026437
v -7.346096 0.902074 -6.991960
v -7.387268 0.748169 -7.256371
v -7.642832 0.773324 -7.231218
v -7.601660 0.927228 -6.966805
v -7.593430 1.053067 -7.001178
v -7.566465 1.126064 -6.888292
v -7.464856 1.247157 -6.954036
v -7.508396 1.246583 -6.874547
v -7.508396 1.786795 -6.380061
v -7.508396 2.717277 -5.519463
v -7.508396 3.861068 -4.751880
v -7.508396 4.496373 -4.393376
v -7.543442 4.711711 -4.183214
v -7.599176 4.777086 -4.101509
v -7.660782 4.698338 -4.074747
v -7.563997 4.882447 -3.647955
v -7.821170 4.842781 -3.761251
v -7.726343 4.927266 -4.006078
v -7.638798 4.915437 -4.060009
v -7.543442 4.868883 -4.340386
v -7.508396 4.610584 -4.507587
v -7.508396 3.975280 -4.866092
v -7.508396 2.831488 -5.633673
v -7.508396 1.912389 -6.505656
v -7.508396 1.417904 -7.045867
v -7.464856 1.338415 -7.045295
v -7.566465 1.404159 -7.166387
v -7.593430 1.291273 -7.239383
v -7.601660 1.324011 -7.363590
v -7.642832 1.170107 -7.627997
v -7.387268 1.144953 -7.653152
v -7.346096 1.298858 -7.388744
v -7.336808 1.266015 -7.264642
v -7.263982 1.404159 -7.166387
v -7.365592 1.338415 -7.045295
v -7.322052 1.417904 -7.045867
v -7.322052 1.912389 -6.505656
v -7.322052 2.831488 -5.633673
v -7.322052 3.975280 -4.866092
v -7.322052 4.610584 -4.507587
v -7.287006 4.868883 -4.340386
v -7.483378 4.939409 -3.991539
v -7.469171 4.966932 -3.892780
v -7.567820 1.136776 -7.677492
v -7.475423 1.127682 -7.686586
v -7.475423 1.199408 -7.758310
v -7.567820 1.208502 -7.749219
v -7.650686 1.132787 -7.716960
v -7.404099 1.108516 -7.741230
v -7.404099 1.270618 -7.903333
v -7.650686 1.294888 -7.879062
v -7.693431 0.869088 -8.281021
v -7.522825 0.852296 -8.297815
v -7.522825 0.964449 -8.409966
v -7.693431 0.981241 -8.393175
v -7.749643 0.642724 -8.625777
v -7.579037 0.625932 -8.642569
v -7.579037 0.738086 -8.754722
v -7.749643 0.754878 -8.737934
v -7.722154 0.623088 -8.691735
v -7.622010 0.613231 -8.701590
v -7.622010 0.679065 -8.767426
v -7.722154 0.688921 -8.757570
v -7.756275 0.564355 -8.673483
v -7.593181 0.548303 -8.689539
v -7.593181 0.691121 -8.832352
v -7.756275 0.707173 -8.816298
v -7.807221 0.364801 -8.991557
v -7.644128 0.348749 -9.007607
v -7.644128 0.431015 -9.089877
v -7.807221 0.447068 -9.073824
v -7.861987 0.165828 -9.213541
v -7.672732 0.147202 -9.232172
v -7.672732 0.239373 -9.324343
v -7.861987 0.258000 -9.305716
v -7.805476 0.166262 -9.258337
v -7.735665 0.159390 -9.265207
v -7.735665 0.206333 -9.312155
v -7.805476 0.213204 -9.305279
v -7.864885 0.132831 -9.249424
v -7.683248 0.114954 -9.267300
v -7.683248 0.204241 -9.356590
v -7.864885 0.222118 -9.338714
v -7.876672 -0.128250 -9.542253
v -7.778872 -0.137877 -9.551877
v -7.778872 -0.080335 -9.609422
v -7.876672 -0.070709 -9.599791
v -7.858538 -0.130100 -9.558928
v -7.799894 -0.135872 -9.564699
v -7.799894 -0.093158 -9.607412
v -7.858538 -0.087386 -9.601645
v -7.885007 -0.147319 -9.557651
v -7.777510 -0.157899 -9.568228
v -7.777510 -0.096685 -9.629442
v -7.885007 -0.086106 -9.618864
v -7.883633 -0.354475 -9.770310
v -7.859898 -0.356811 -9.772648
v -7.859898 -0.327315 -9.802141
v -7.883633 -0.324979 -9.799807
v -7.559153 4.549052 -3.542228
v -7.816325 4.509387 -3.655524
v -7.841609 4.597673 -3.629042
v -7.584436 4.637339 -3.515745
v -7.635005 4.813914 -3.462780
v -7.892178 4.774249 -3.576078
v -7.917461 4.862536 -3.549595
v -7.660289 4.902202 -3.436298
v -7.866893 4.685962 -3.602560
v -7.609721 4.725628 -3.489262
v -7.724670 4.318244 -3.085710
v -7.981843 4.278578 -3.199007
v -8.004609 4.358071 -3.175162
v -7.747436 4.397738 -3.061866
v -7.792968 4.556725 -3.014176
v -8.050140 4.517058 -3.127473
v -8.072906 4.596553 -3.103628
v -7.815734 4.636220 -2.990332
v -8.027375 4.437566 -3.151318
v -7.770202 4.477232 -3.038021
v -8.099523 3.541166 -1.962770
v -8.356695 3.501499 -2.076067
v -8.385339 3.601514 -2.046068
v -8.128166 3.641182 -1.932767
v -8.185452 3.841213 -1.872770
v -8.442625 3.801548 -1.986068
v -8.471268 3.901567 -1.956064
v -8.214095 3.941229 -1.842769
v -8.413981 3.701530 -2.016067
v -8.156809 3.741200 -1.902768
v -8.662151 2.279130 -0.243812
v -8.919325 2.239460 -0.357111
v -8.950178 2.347202 -0.324794
v -8.693006 2.386867 -0.211495
v -8.754713 2.602338 -0.146864
v -9.011886 2.562673 -0.260157
v -9.042740 2.670408 -0.227845
v -8.785568 2.710077 -0.114548
v -8.981032 2.454936 -0.292479
v -8.723860 2.494602 -0.179180
v -8.686735 1.961759 -0.076894
v -8.943908 1.922089 -0.190192
v -8.992112 2.090415 -0.139695
v -8.734940 2.130079 -0.026405
v -8.831348 2.466717 0.074571
v -9.088521 2.427055 -0.038722
v -9.136726 2.595374 0.011763
v -8.879554 2.635044 0.125061
v -9.040317 2.258732 -0.089214
v -8.783144 2.298401 0.024084
v -8.751093 1.833878 0.113974
v -9.008266 1.794207 0.000675
v -9.062850 1.984804 0.057846
v -8.805676 2.024463 0.171138
v -8.914843 2.405651 0.285479
v -9.172015 2.365984 0.172179
v -9.226599 2.556578 0.229346
v -8.969426 2.596241 0.342641
v -9.117432 2.175396 0.115012
v -8.860259 2.215056 0.228306
v -8.863045 1.926532 0.335646
v -9.120217 1.886864 0.222347
v -9.157948 2.018608 0.261865
v -8.900776 2.058274 0.375161
v -8.976237 2.321776 0.454199
v -9.233409 2.282106 0.340899
v -9.271142 2.413857 0.380416
v -9.013968 2.453525 0.493714
v -9.195680 2.150364 0.301393
v -8.938506 2.190027 0.414681
v -8.926517 2.015286 0.448652
v -9.183689 1.975618 0.335352
v -9.195947 2.110714 0.315879
v -8.938774 2.150379 0.429177
v -8.955991 2.210491 0.447204
v -9.213163 2.170834 0.333915
v -9.265790 2.262293 0.421339
v -9.008618 2.301961 0.534636
v -9.204556 2.140765 0.324889
v -8.947383 2.180436 0.438188
v -7.465699 0.926337 -7.477499
v -7.575679 0.937162 -7.466671
v -7.465699 1.011714 -7.562874
v -7.575679 1.022538 -7.552047
v -7.475657 0.888608 -7.540949
v -7.585638 0.899433 -7.530123
v -7.477164 1.056736 -7.724380
v -7.587144 1.067561 -7.713553
v -7.501025 0.778707 -7.688786
v -7.611005 0.789532 -7.677959
v -7.501025 0.900473 -7.810551
v -7.611005 0.911297 -7.799725
v -7.557185 0.560847 -8.041518
v -7.667166 0.571673 -8.030689
v -7.557185 0.642408 -8.123079
v -7.667166 0.653233 -8.112252
v -7.625058 0.207687 -8.377945
v -7.735038 0.218512 -8.367123
v -7.625058 0.345759 -8.516015
v -7.735038 0.356584 -8.505194
v -7.631430 0.060135 -8.536003
v -7.787924 0.075538 -8.520601
v -7.631430 0.187699 -8.663566
v -7.787924 0.203102 -8.648166
v -7.692128 0.083029 -8.584343
v -7.734447 0.087193 -8.580178
v -7.692128 0.139360 -8.640673
v -7.734447 0.143525 -8.636511
v -7.662044 0.005048 -8.567930
v -7.775276 0.016193 -8.556789
v -7.662044 0.155769 -8.718656
v -7.775276 0.166914 -8.707512
v -7.723300 -0.250795 -8.934460
v -7.836533 -0.239651 -8.923315
v -7.723300 -0.145764 -9.039491
v -7.836533 -0.134619 -9.028345
v -7.779453 -0.513877 -9.241892
v -7.892684 -0.502733 -9.230749
v -7.779453 -0.453195 -9.302572
v -7.892684 -0.442050 -9.291428
v -7.808956 -0.509592 -9.266521
v -7.868233 -0.503758 -9.260687
v -7.808956 -0.477825 -9.298291
v -7.868233 -0.471992 -9.292458
v -7.776303 -0.546850 -9.265677
v -7.906676 -0.534018 -9.252846
v -7.776303 -0.476980 -9.335548
v -7.906676 -0.464148 -9.322718
v -7.865506 -0.872591 -9.615318
v -7.951284 -0.864148 -9.606874
v -7.865506 -0.826621 -9.661289
v -7.951284 -0.818178 -9.652849
v -7.877832 -0.877498 -9.631052
v -7.943413 -0.871044 -9.624594
v -7.877832 -0.842353 -9.666196
v -7.943413 -0.835897 -9.659740
v -7.863647 -0.902795 -9.638083
v -7.963302 -0.892987 -9.628281
v -7.863647 -0.849389 -9.691491
v -7.963302 -0.839581 -9.681684
v -7.935855 -1.151178 -9.863390
v -7.985309 -1.146311 -9.858522
v -7.935855 -1.124676 -9.889894
v -7.985309 -1.119809 -9.885024
v -7.447628 0.737044 -7.328070
v -7.600761 0.752116 -7.313000
v -7.447628 0.855920 -7.446948
v -7.600761 0.870992 -7.431876
v -7.459881 0.658722 -7.374241
v -7.613014 0.673794 -7.359166
v -7.459881 0.859462 -7.574978
v -7.613014 0.874535 -7.559905
v -7.537271 0.326245 -7.828044
v -7.690403 0.341316 -7.812972
v -7.537271 0.417730 -7.919528
v -7.690403 0.432802 -7.904456
v -7.612707 -0.104896 -8.163335
v -7.765839 -0.089824 -8.148260
v -7.612707 0.035366 -8.303596
v -7.765839 0.050437 -8.288525
v -7.639039 -0.221836 -8.313936
v -7.792171 -0.206764 -8.298869
v -7.639039 -0.122081 -8.413692
v -7.792171 -0.107009 -8.398621
v -7.657958 -0.271300 -8.314622
v -7.783657 -0.258928 -8.302254
v -7.657958 -0.125695 -8.460231
v -7.783657 -0.113323 -8.447859
v -7.723616 -0.486877 -8.561907
v -7.809875 -0.478387 -8.553420
v -7.723616 -0.386957 -8.661831
v -7.809875 -0.378468 -8.653342
v -7.791959 -0.909657 -8.926561
v -7.896190 -0.899398 -8.916302
v -7.791959 -0.788918 -9.047295
v -7.896190 -0.778660 -9.037039
v -7.829230 -0.884694 -8.979944
v -7.865824 -0.881092 -8.976340
v -7.829230 -0.842304 -9.022331
v -7.865824 -0.838703 -9.018728
v -7.809855 -0.960913 -8.981157
v -7.899415 -0.952098 -8.972342
v -7.809855 -0.857167 -9.084904
v -7.899415 -0.848351 -9.076087
v -7.890072 -1.307744 -9.350176
v -7.960483 -1.300815 -9.343245
v -7.890072 -1.226186 -9.431732
v -7.960483 -1.219256 -9.424805
v -7.911681 -1.292970 -9.380929
v -7.942782 -1.289908 -9.377864
v -7.911681 -1.256941 -9.416956
v -7.942782 -1.253880 -9.413898
v -7.899723 -1.327925 -9.380899
v -7.961029 -1.321891 -9.374863
v -7.899723 -1.256910 -9.451912
v -7.961029 -1.250876 -9.445875
v -7.963814 -1.540991 -9.635101
v -7.989608 -1.538452 -9.632560
v -7.963814 -1.511109 -9.664979
v -7.989608 -1.508571 -9.662444
v -7.448187 0.567668 -7.180545
v -7.604443 0.583047 -7.165164
v -7.448187 0.688967 -7.301846
v -7.604443 0.704347 -7.286463
v -7.437189 0.510974 -7.207886
v -7.631252 0.530075 -7.188787
v -7.437189 0.661623 -7.358537
v -7.631252 0.680723 -7.339437
v -7.496329 0.170311 -7.468091
v -7.690392 0.189412 -7.448993
v -7.496329 0.253661 -7.551440
v -7.690392 0.272762 -7.532341
v -7.578619 -0.378416 -7.755435
v -7.772682 -0.359315 -7.736334
v -7.578619 -0.235156 -7.898695
v -7.772682 -0.216055 -7.879595
v -7.593797 -0.503564 -7.784499
v -7.787860 -0.484464 -7.765398
v -7.593797 -0.317236 -7.970827
v -7.787860 -0.298136 -7.951723
v -7.668182 -0.501503 -7.901290
v -7.738457 -0.494586 -7.894376
v -7.668182 -0.434030 -7.968763
v -7.738457 -0.427114 -7.961848
v -7.660047 -0.585011 -7.871454
v -7.756648 -0.575504 -7.861947
v -7.660047 -0.432183 -8.024284
v -7.756648 -0.422676 -8.014776
v -7.682335 -0.713516 -7.969405
v -7.778937 -0.704008 -7.959899
v -7.682335 -0.530132 -8.152788
v -7.778937 -0.520624 -8.143278
v -7.718307 -0.885633 -8.162765
v -7.814909 -0.876125 -8.153257
v -7.718307 -0.788753 -8.259647
v -7.814909 -0.779244 -8.250136
v -7.765477 -1.158251 -8.369402
v -7.862080 -1.148744 -8.359896
v -7.765477 -1.063642 -8.464012
v -7.862080 -1.054134 -8.454502
v -7.788414 -1.163279 -8.409896
v -7.848805 -1.157334 -8.403946
v -7.788414 -1.104133 -8.469038
v -7.848805 -1.098189 -8.463099
v -7.766878 -1.220405 -8.414047
v -7.881354 -1.209137 -8.402782
v -7.766878 -1.108288 -8.526163
v -7.881354 -1.097020 -8.514898
v -7.766878 -1.220405 -8.414047
v -7.881354 -1.209137 -8.402782
v -7.766878 -1.108288 -8.526163
v -7.881354 -1.097020 -8.514898
v -7.848881 -1.526389 -8.703451
v -7.917440 -1.519641 -8.696695
v -7.848881 -1.459243 -8.770591
v -7.917440 -1.452494 -8.763842
v -7.866666 -1.526971 -8.732582
v -7.906073 -1.523092 -8.728706
v -7.866666 -1.488377 -8.771173
v -7.906073 -1.484498 -8.767295
v -7.853765 -1.563256 -8.736475
v -7.926242 -1.556123 -8.729343
v -7.853765 -1.492272 -8.807465
v -7.926242 -1.485138 -8.800327
v -7.908020 -1.757321 -8.910257
v -7.945082 -1.753673 -8.906604
v -7.908020 -1.721022 -8.946554
v -7.945082 -1.717374 -8.942907
v -7.399627 0.591647 -6.747921
v -7.562984 0.607725 -6.731841
v -7.425944 0.493270 -6.916932
v -7.589302 0.509349 -6.900853
v -7.705068 -1.192606 -7.421132
v -7.743708 -1.188804 -7.417331
v -7.706127 -1.172556 -7.451941
v -7.744765 -1.168753 -7.448138
v -7.346096 0.596529 -6.686414
v -7.601660 0.621682 -6.661261
v -7.403039 0.167138 -6.835573
v -7.658604 0.192292 -6.810420
v -7.387268 0.442624 -6.950823
v -7.425275 0.054177 -6.948538
v -7.642832 0.467777 -6.925670
v -7.680840 0.079330 -6.923384
v -7.487909 -0.174245 -6.884901
v -7.652408 -0.158054 -6.868711
v -7.503633 -0.173475 -7.045423
v -7.668131 -0.157284 -7.029232
v -7.484686 -0.191640 -6.881322
v -7.658175 -0.174565 -6.864247
v -7.501269 -0.190828 -7.050615
v -7.674757 -0.173753 -7.033538
v -7.481917 -0.268164 -6.881598
v -7.675671 -0.249094 -6.862531
v -7.500437 -0.267256 -7.070669
v -7.694190 -0.248186 -7.051600
v -7.505394 -0.289115 -6.898493
v -7.660393 -0.273860 -6.883237
v -7.520210 -0.288390 -7.049743
v -7.675209 -0.273135 -7.034488
v -7.487313 -0.328858 -6.880876
v -7.682059 -0.309690 -6.861709
v -7.505927 -0.327941 -7.070908
v -7.700673 -0.308774 -7.051739
v -7.556574 -0.567987 -7.039359
v -7.692215 -0.554637 -7.026009
v -7.565651 -0.575414 -7.124151
v -7.701291 -0.562063 -7.110803
v -7.601175 -0.816991 -7.160979
v -7.720880 -0.805209 -7.149199
v -7.608109 -0.779942 -7.268480
v -7.727814 -0.768159 -7.256697
v -7.611411 -0.871569 -7.173045
v -7.724908 -0.872039 -7.167690
v -7.616120 -0.823675 -7.268720
v -7.729617 -0.824144 -7.263366
v -7.605899 -0.935404 -7.199178
v -7.746576 -0.921558 -7.185330
v -7.609753 -0.862404 -7.311333
v -7.750430 -0.848558 -7.297484
vt 0.962837 0.289050
vt 0.965213 0.288337
vt 0.967288 0.292722
vt 0.965167 0.293358
vt 0.464456 0.087185
vt 0.469477 0.084973
vt 0.471405 0.089834
vt 0.466384 0.092046
vt 0.288239 0.073743
vt 0.285864 0.073030
vt 0.288193 0.068723
vt 0.290314 0.069359
vt 0.891518 0.110228
vt 0.886430 0.107986
vt 0.888072 0.103388
vt 0.893160 0.105629
vt 0.285642 0.005754
vt 0.285642 0.004969
vt 0.286443 0.004891
vt 0.286443 0.005675
vt 0.841384 0.047165
vt 0.841139 0.049855
vt 0.836019 0.049065
vt 0.836263 0.046375
vt 0.562953 0.031942
vt 0.560547 0.030998
vt 0.560082 0.027983
vt 0.562184 0.026953
vt 0.290201 0.067648
vt 0.291483 0.068032
vt 0.471381 0.092027
vt 0.468347 0.093364
vt 0.968747 0.293218
vt 0.967466 0.293602
vt 0.095214 0.086337
vt 0.095938 0.084830
vt 0.101106 0.084830
vt 0.098346 0.086820
vt 0.288371 0.066706
vt 0.289827 0.065250
vt 0.475602 0.100778
vt 0.470595 0.100778
vt 0.967536 0.294732
vt 0.966080 0.293276
vt 0.096644 0.080922
vt 0.100400 0.080922
vt 0.284779 0.062414
vt 0.285837 0.061356
vt 0.682906 0.182110
vt 0.682194 0.187791
vt 0.678411 0.187791
vt 0.677699 0.182110
vt 0.963545 0.298627
vt 0.962487 0.297568
vt 0.096644 0.068118
vt 0.100400 0.068118
vt 0.273007 0.055771
vt 0.274065 0.054713
vt 0.250265 0.325271
vt 0.250265 0.338326
vt 0.246436 0.338326
vt 0.246436 0.325271
vt 0.951772 0.305271
vt 0.950713 0.304212
vt 0.005601 0.433504
vt 0.005601 0.415999
vt 0.009850 0.415999
vt 0.009850 0.433504
vt 0.251813 0.041548
vt 0.252871 0.040490
vt 0.250265 0.361831
vt 0.246436 0.361831
vt 0.930575 0.319496
vt 0.929516 0.318437
vt 0.005601 0.396503
vt 0.009850 0.396503
vt 0.234466 0.025707
vt 0.235630 0.024543
vt 0.250265 0.380602
vt 0.246436 0.380602
vt 0.913331 0.335444
vt 0.912167 0.334281
vt 0.005601 0.385748
vt 0.009850 0.385748
vt 0.224033 0.016968
vt 0.225620 0.015381
vt 0.250265 0.390293
vt 0.246436 0.390293
vt 0.903319 0.344608
vt 0.901732 0.343021
vt 0.006594 0.383022
vt 0.008857 0.383022
vt 0.224785 0.014753
vt 0.225631 0.013908
vt 0.249371 0.392750
vt 0.247331 0.392750
vt 0.903330 0.346081
vt 0.902484 0.345236
vt 0.473326 0.411225
vt 0.471124 0.407776
vt 0.477679 0.407776
vt 0.475477 0.411225
vt 0.477679 0.410789
vt 0.475477 0.412214
vt 0.475477 0.415180
vt 0.476961 0.420430
vt 0.470469 0.419791
vt 0.473326 0.415180
vt 0.471124 0.410789
vt 0.473326 0.412214
vt 0.042207 0.022015
vt 0.039685 0.022526
vt 0.039206 0.017655
vt 0.042207 0.016273
vt 0.000431 0.045393
vt 0.003334 0.043956
vt 0.005520 0.046142
vt 0.002984 0.047946
vt 0.471023 0.019426
vt 0.473473 0.020173
vt 0.472998 0.024997
vt 0.470469 0.025058
vt 0.323337 0.052495
vt 0.325525 0.050307
vt 0.327966 0.051281
vt 0.325411 0.053836
vt 0.044337 0.039513
vt 0.044337 0.041656
vt 0.039206 0.041656
vt 0.039206 0.039513
vt 0.971905 0.299101
vt 0.977200 0.304396
vt 0.972015 0.307096
vt 0.966720 0.301802
vt 0.873728 0.263945
vt 0.874120 0.263310
vt 0.878269 0.263310
vt 0.878661 0.263945
vt 0.289011 0.058181
vt 0.294305 0.052887
vt 0.299489 0.055587
vt 0.294196 0.060881
vt 0.223635 0.022954
vt 0.223635 0.027387
vt 0.218432 0.027387
vt 0.218432 0.022954
vt 0.975954 0.297601
vt 0.980035 0.301682
vt 0.039206 0.052515
vt 0.039206 0.049584
vt 0.044337 0.049584
vt 0.044337 0.052515
vt 0.302324 0.058301
vt 0.298244 0.062381
vt 0.223635 0.033199
vt 0.218432 0.033199
vt 0.981263 0.292355
vt 0.983248 0.294340
vt 0.305536 0.065642
vt 0.303552 0.067627
vt 0.874120 0.327369
vt 0.874120 0.316498
vt 0.878269 0.316498
vt 0.878269 0.327369
vt 0.281712 0.049134
vt 0.286018 0.044829
vt 0.682194 0.196871
vt 0.678411 0.196871
vt 0.963726 0.315156
vt 0.959420 0.310850
vt 0.874120 0.306568
vt 0.878269 0.306568
vt 0.270701 0.040871
vt 0.274014 0.037558
vt 0.682194 0.210024
vt 0.678411 0.210024
vt 0.951720 0.322428
vt 0.948407 0.319114
vt 0.874120 0.296541
vt 0.878269 0.296541
vt 0.259439 0.032527
vt 0.262752 0.029214
vt 0.682194 0.222365
vt 0.678411 0.222365
vt 0.940456 0.330773
vt 0.937143 0.327460
vt 0.874120 0.277843
vt 0.878269 0.277843
vt 0.241999 0.016967
vt 0.244184 0.014781
vt 0.682194 0.242710
vt 0.678411 0.242710
vt 0.921886 0.345208
vt 0.919701 0.343022
vt 0.873728 0.270085
vt 0.878661 0.270085
vt 0.231729 0.010510
vt 0.234610 0.007244
vt 0.682194 0.253200
vt 0.678411 0.253200
vt 0.912311 0.352746
vt 0.909430 0.349479
vt 0.231984 0.005401
vt 0.232898 0.004873
vt 0.682194 0.255076
vt 0.678411 0.255076
vt 0.910599 0.355118
vt 0.909685 0.354589
vt 0.095377 0.011677
vt 0.095214 0.006269
vt 0.100278 0.005770
vt 0.100462 0.011177
vt 0.000000 0.038947
vt 0.004887 0.043834
vt 0.566031 0.085598
vt 0.565850 0.089552
vt 0.560882 0.089063
vt 0.561042 0.085107
vt 0.323968 0.050183
vt 0.328859 0.045292
vt 0.498599 0.321973
vt 0.498579 0.321597
vt 0.499303 0.321668
vt 0.499323 0.322044
vt 0.004854 0.036121
vt 0.009741 0.041008
vt 0.565050 0.094692
vt 0.560082 0.094203
vt 0.319110 0.047355
vt 0.324001 0.042464
vt 0.590830 0.328637
vt 0.589752 0.320506
vt 0.594591 0.320030
vt 0.595669 0.328161
vt 0.319247 0.084834
vt 0.322022 0.076845
vt 0.324124 0.074743
vt 0.324166 0.081971
vt 0.505281 0.291390
vt 0.504568 0.298671
vt 0.499778 0.298200
vt 0.500490 0.290918
vt 0.821672 0.089085
vt 0.821714 0.081982
vt 0.823780 0.084048
vt 0.826507 0.091899
vt 0.589869 0.313873
vt 0.592984 0.313566
vt 0.322940 0.070493
vt 0.325927 0.070508
vt 0.503100 0.302939
vt 0.500016 0.302636
vt 0.819779 0.077656
vt 0.822714 0.077641
vt 0.589760 0.313560
vt 0.593045 0.313237
vt 0.322873 0.070170
vt 0.326023 0.070185
vt 0.503144 0.303264
vt 0.499892 0.302944
vt 0.819700 0.077354
vt 0.822795 0.077340
vt 0.589429 0.312149
vt 0.593097 0.311788
vt 0.322878 0.068746
vt 0.326396 0.068763
vt 0.503159 0.304697
vt 0.499527 0.304340
vt 0.819370 0.075993
vt 0.822827 0.075977
vt 0.589718 0.311680
vt 0.592653 0.311391
vt 0.323193 0.068356
vt 0.326007 0.068370
vt 0.502789 0.305093
vt 0.499883 0.304807
vt 0.819683 0.075537
vt 0.822448 0.075524
vt 0.589308 0.311001
vt 0.592995 0.310638
vt 0.322865 0.067617
vt 0.326401 0.067634
vt 0.503057 0.305835
vt 0.499406 0.305476
vt 0.819367 0.074886
vt 0.822842 0.074869
vt 0.589115 0.306363
vt 0.591684 0.306110
vt 0.325814 0.063167
vt 0.327391 0.063029
vt 0.501937 0.310474
vt 0.499394 0.310224
vt 0.818287 0.070254
vt 0.819838 0.070390
vt 0.588573 0.301619
vt 0.590839 0.301395
vt 0.328077 0.058534
vt 0.330077 0.059224
vt 0.501141 0.314308
vt 0.498897 0.314087
vt 0.815619 0.066486
vt 0.817585 0.065808
vt 0.588496 0.300353
vt 0.590645 0.300362
vt 0.328301 0.057519
vt 0.330081 0.058410
vt 0.500991 0.315128
vt 0.498863 0.315137
vt 0.815497 0.065462
vt 0.817247 0.064586
vt 0.588086 0.299415
vt 0.590750 0.299153
vt 0.328787 0.056331
vt 0.330874 0.057689
vt 0.501110 0.315854
vt 0.498473 0.315595
vt 0.814874 0.065016
vt 0.816924 0.063681
vt 0.588140 0.294355
vt 0.588872 0.294283
vt 0.332917 0.051546
vt 0.333490 0.051919
vt 0.812119 0.059161
vt 0.812682 0.058794
vt 0.840797 0.051052
vt 0.839749 0.052873
vt 0.834629 0.052083
vt 0.835676 0.050262
vt 0.295366 0.075880
vt 0.292991 0.075168
vt 0.294556 0.070631
vt 0.296677 0.071268
vt 0.294046 0.068801
vt 0.295328 0.069186
vt 0.292739 0.062337
vt 0.287953 0.059239
vt 0.276181 0.052596
vt 0.277240 0.051538
vt 0.254987 0.038373
vt 0.256046 0.037315
vt 0.237957 0.022216
vt 0.239121 0.021052
vt 0.228794 0.012206
vt 0.230382 0.010619
vt 0.227322 0.012217
vt 0.228167 0.011371
vt 0.477679 0.416816
vt 0.475477 0.414191
vt 0.009893 0.050515
vt 0.012080 0.052702
vt 0.011152 0.055095
vt 0.008090 0.053051
vt 0.012172 0.051118
vt 0.015814 0.054761
vt 0.017026 0.048293
vt 0.020668 0.051935
vt 0.212831 0.007422
vt 0.212831 0.006785
vt 0.213344 0.006735
vt 0.213344 0.007372
vt 0.313033 0.061118
vt 0.308175 0.058290
vt 0.311820 0.054645
vt 0.316678 0.057473
vt 0.316772 0.059060
vt 0.318960 0.056871
vt 0.317778 0.061532
vt 0.320301 0.058946
vt 0.471124 0.416816
vt 0.473326 0.414191
vt 0.908082 0.349371
vt 0.905867 0.348618
vt 0.905021 0.347773
vt 0.906494 0.347783
vt 0.916822 0.338936
vt 0.915658 0.337772
vt 0.933749 0.322670
vt 0.932691 0.321612
vt 0.954947 0.308445
vt 0.953888 0.307387
vt 0.965662 0.300743
vt 0.970449 0.297645
vt 0.972593 0.292064
vt 0.971311 0.292449
vt 0.973652 0.290813
vt 0.971531 0.291449
vt 0.969965 0.286912
vt 0.972341 0.286199
vt 0.840968 0.050453
vt 0.835848 0.049663
vt 0.290615 0.074455
vt 0.292435 0.069995
vt 0.292764 0.068417
vt 0.291283 0.063794
vt 0.286895 0.060297
vt 0.275123 0.053655
vt 0.253929 0.039432
vt 0.236793 0.023380
vt 0.227207 0.013793
vt 0.226476 0.013062
vt 0.477679 0.413802
vt 0.475477 0.413203
vt 0.007707 0.048329
vt 0.005537 0.050499
vt 0.008529 0.047476
vt 0.013384 0.044651
vt 0.011202 0.006457
vt 0.011202 0.005811
vt 0.011759 0.005756
vt 0.011759 0.006402
vt 0.315465 0.051000
vt 0.320323 0.053828
vt 0.321148 0.054683
vt 0.322856 0.056391
vt 0.471124 0.413802
vt 0.473326 0.413203
vt 0.904176 0.346927
vt 0.904907 0.346196
vt 0.914495 0.336608
vt 0.931633 0.320554
vt 0.952830 0.306329
vt 0.964604 0.299685
vt 0.968992 0.296188
vt 0.970029 0.292833
vt 0.969409 0.292086
vt 0.967589 0.287625
vt 0.650373 0.005965
vt 0.649800 0.005965
vt 0.649695 0.004896
vt 0.650268 0.004896
vt 0.494996 0.400517
vt 0.496487 0.399533
vt 0.498325 0.399352
vt 0.500078 0.400017
vt 0.508627 0.004896
vt 0.508979 0.006692
vt 0.507518 0.006692
vt 0.504586 0.004896
vt 0.507333 0.008574
vt 0.504074 0.010102
vt 0.309593 0.055351
vt 0.310911 0.054033
vt 0.494840 0.398748
vt 0.499743 0.398266
vt 0.494194 0.052694
vt 0.493839 0.051684
vt 0.496836 0.048687
vt 0.495519 0.051368
vt 0.901554 0.067557
vt 0.902964 0.070425
vt 0.898088 0.069945
vt 0.899727 0.067377
vt 0.898088 0.066739
vt 0.899727 0.065959
vt 0.493990 0.387533
vt 0.497382 0.387199
vt 0.489103 0.041396
vt 0.491176 0.039322
vt 0.900616 0.080443
vt 0.897243 0.080111
vt 0.670297 0.040411
vt 0.664574 0.049792
vt 0.662527 0.047746
vt 0.667339 0.037453
vt 0.492872 0.380678
vt 0.496264 0.380344
vt 0.484919 0.035023
vt 0.486992 0.032950
vt 0.899505 0.087261
vt 0.896131 0.086929
vt 0.660443 0.056083
vt 0.658397 0.054036
vt 0.493419 0.379366
vt 0.495410 0.379170
vt 0.484684 0.033932
vt 0.485901 0.032715
vt 0.571593 0.014691
vt 0.572680 0.015483
vt 0.572499 0.017327
vt 0.571284 0.017834
vt 0.659240 0.056441
vt 0.658039 0.055240
vt 0.163800 0.007250
vt 0.162719 0.007878
vt 0.162424 0.004877
vt 0.163619 0.005408
vt 0.483484 0.034155
vt 0.486124 0.031515
vt 0.178629 0.005100
vt 0.179230 0.006454
vt 0.175829 0.006119
vt 0.176541 0.004895
vt 0.659573 0.057513
vt 0.656967 0.054907
vt 0.153371 0.018120
vt 0.152335 0.011654
vt 0.155651 0.011327
vt 0.156687 0.017793
vt 0.479795 0.028275
vt 0.481316 0.026755
vt 0.178168 0.011823
vt 0.174767 0.011489
vt 0.654827 0.062212
vt 0.653326 0.060711
vt 0.151222 0.007141
vt 0.155069 0.006762
vt 0.476070 0.024124
vt 0.477773 0.022420
vt 0.177571 0.016712
vt 0.173625 0.016323
vt 0.651377 0.066443
vt 0.649695 0.064761
vt 0.152371 0.006230
vt 0.153790 0.006091
vt 0.153790 0.005136
vt 0.155069 0.004889
vt 0.392397 0.015669
vt 0.393000 0.016817
vt 0.392875 0.018090
vt 0.392057 0.019121
vt 0.151222 0.005267
vt 0.152371 0.005276
vt 0.773845 0.022938
vt 0.773238 0.024017
vt 0.772913 0.020718
vt 0.773720 0.021670
vt 0.403282 0.047547
vt 0.402441 0.047507
vt 0.404130 0.045819
vt 0.404170 0.046659
vt 0.333515 0.006253
vt 0.334655 0.007219
vt 0.330705 0.006831
vt 0.331997 0.006104
vt 0.330705 0.004889
vt 0.331997 0.005083
vt 0.638740 0.012411
vt 0.638493 0.006293
vt 0.640537 0.006092
vt 0.642535 0.012037
vt 0.397658 0.042124
vt 0.398747 0.041036
vt 0.332575 0.012718
vt 0.330448 0.012508
vt 0.896951 0.064300
vt 0.891613 0.069059
vt 0.890564 0.068010
vt 0.895323 0.062672
vt 0.638872 0.005944
vt 0.640098 0.005824
vt 0.640098 0.004931
vt 0.640537 0.004889
vt 0.397833 0.021067
vt 0.398065 0.021448
vt 0.397961 0.022511
vt 0.397658 0.022840
vt 0.891309 0.069093
vt 0.890530 0.068314
vt 0.863090 0.047429
vt 0.862526 0.047062
vt 0.864815 0.046837
vt 0.864339 0.047306
vt 0.683300 0.009035
vt 0.683366 0.008621
vt 0.684516 0.009771
vt 0.684102 0.009837
vt 0.018733 0.042568
vt 0.019241 0.043068
vt 0.016802 0.042828
vt 0.017403 0.042438
vt 0.016802 0.041440
vt 0.017403 0.041469
vt 0.862555 0.042650
vt 0.863061 0.042601
vt 0.687204 0.004887
vt 0.687758 0.005440
vt 0.017372 0.046986
vt 0.016833 0.046933
vt 0.008873 0.017476
vt 0.005601 0.013157
vt 0.006134 0.012623
vt 0.009979 0.016369
vt 0.889435 0.114602
vt 0.884347 0.112360
vt 0.963786 0.284953
vt 0.965423 0.284462
vt 0.288449 0.077618
vt 0.286813 0.077127
vt 0.968695 0.283480
vt 0.970331 0.282990
vt 0.463293 0.083804
vt 0.468314 0.081592
vt 0.293357 0.079090
vt 0.291721 0.078599
vt 0.967059 0.283971
vt 0.290085 0.078108
vt 0.886160 0.123633
vt 0.881072 0.121392
vt 0.959509 0.276492
vt 0.960982 0.276051
vt 0.284009 0.086028
vt 0.282536 0.085586
vt 0.963929 0.275167
vt 0.965402 0.274725
vt 0.460258 0.075097
vt 0.465279 0.072885
vt 0.288428 0.087353
vt 0.286955 0.086911
vt 0.962455 0.275609
vt 0.285482 0.086470
vt 0.878744 0.145848
vt 0.873657 0.143607
vt 0.945108 0.255682
vt 0.946962 0.255126
vt 0.269991 0.106949
vt 0.268138 0.106393
vt 0.950669 0.254014
vt 0.952522 0.253458
vt 0.452481 0.052692
vt 0.457502 0.050480
vt 0.275550 0.108617
vt 0.273697 0.108061
vt 0.948815 0.254570
vt 0.271844 0.107505
vt 0.867614 0.179854
vt 0.862526 0.177613
vt 0.921720 0.223826
vt 0.923716 0.223227
vt 0.246749 0.138844
vt 0.244753 0.138245
vt 0.927709 0.222029
vt 0.929706 0.221430
vt 0.441323 0.018950
vt 0.446344 0.016738
vt 0.252738 0.140640
vt 0.250741 0.140041
vt 0.925713 0.222628
vt 0.248745 0.139442
vt 0.885059 0.004883
vt 0.884559 0.011337
vt 0.879329 0.012144
vt 0.879829 0.005690
vt 0.915838 0.220732
vt 0.918958 0.219797
vt 0.241991 0.142273
vt 0.238872 0.141338
vt 0.925196 0.217925
vt 0.928316 0.216990
vt 0.439488 0.014272
vt 0.444509 0.012060
vt 0.251347 0.145080
vt 0.248228 0.144144
vt 0.922077 0.218861
vt 0.245110 0.143209
vt 0.631349 0.102970
vt 0.630099 0.106679
vt 0.625100 0.104477
vt 0.626351 0.100768
vt 0.913468 0.217195
vt 0.917000 0.216136
vt 0.240034 0.145934
vt 0.236502 0.144874
vt 0.924064 0.214017
vt 0.927597 0.212957
vt 0.437734 0.010024
vt 0.442755 0.007812
vt 0.250628 0.149112
vt 0.247097 0.148052
vt 0.920532 0.215076
vt 0.243565 0.146993
vt 0.627923 0.110987
vt 0.622925 0.108786
vt 0.915185 0.213087
vt 0.917627 0.212355
vt 0.240660 0.149714
vt 0.238219 0.148982
vt 0.922510 0.210890
vt 0.924952 0.210158
vt 0.436864 0.007075
vt 0.441885 0.004863
vt 0.247984 0.151911
vt 0.245543 0.151179
vt 0.920068 0.211622
vt 0.243102 0.150446
vt 0.626689 0.113184
vt 0.621691 0.110982
vt 0.916830 0.210993
vt 0.919334 0.211354
vt 0.242367 0.150715
vt 0.239864 0.151076
vt 0.920448 0.211020
vt 0.922143 0.209399
vt 0.834522 0.055101
vt 0.839642 0.055890
vt 0.245176 0.152669
vt 0.243481 0.151049
vt 0.919891 0.211187
vt 0.242924 0.150882
vt 0.494996 0.404462
vt 0.496331 0.403725
vt 0.498518 0.403510
vt 0.500078 0.403962
vt 0.498518 0.401812
vt 0.496331 0.402027
vt 0.313215 0.051934
vt 0.314784 0.050365
vt 0.496133 0.402463
vt 0.498320 0.402248
vt 0.631816 0.026426
vt 0.631131 0.025274
vt 0.634183 0.021944
vt 0.633366 0.024876
vt 0.623934 0.005095
vt 0.623722 0.008079
vt 0.621691 0.007879
vt 0.621903 0.004896
vt 0.310248 0.052761
vt 0.313618 0.049672
vt 0.575468 0.174383
vt 0.574944 0.171324
vt 0.577219 0.171100
vt 0.577744 0.174159
vt 0.629135 0.022590
vt 0.631346 0.020379
vt 0.230822 0.416854
vt 0.230301 0.420268
vt 0.227898 0.420032
vt 0.228419 0.416618
vt 0.308665 0.049890
vt 0.310902 0.047653
vt 0.573782 0.164027
vt 0.576057 0.163803
vt 0.625180 0.016186
vt 0.626661 0.014706
vt 0.229074 0.425906
vt 0.226671 0.425670
vt 0.302922 0.045148
vt 0.304421 0.043650
vt 0.572378 0.157068
vt 0.574653 0.156844
vt 0.618769 0.010079
vt 0.621275 0.007572
vt 0.227591 0.432388
vt 0.225188 0.432151
vt 0.295703 0.039698
vt 0.298240 0.037161
vt 0.571284 0.153893
vt 0.574521 0.153574
vt 0.616090 0.007209
vt 0.618406 0.004893
vt 0.227452 0.435841
vt 0.224033 0.435504
vt 0.293076 0.036878
vt 0.295420 0.034534
vt 0.572390 0.152660
vt 0.573265 0.152574
vt 0.573265 0.151409
vt 0.574521 0.150935
vt 0.226126 0.436897
vt 0.225201 0.436806
vt 0.293290 0.035783
vt 0.294325 0.034748
vt 0.443980 0.006215
vt 0.442670 0.006968
vt 0.442465 0.004879
vt 0.443903 0.005434
vt 0.173322 0.058794
vt 0.171898 0.059094
vt 0.174650 0.056342
vt 0.174350 0.057766
vt 0.077123 0.050999
vt 0.077770 0.052676
vt 0.075335 0.052436
vt 0.076213 0.050909
vt 0.291986 0.036213
vt 0.294755 0.033444
vt 0.808905 0.071589
vt 0.807659 0.064138
vt 0.809961 0.063912
vt 0.811206 0.071362
vt 0.167227 0.052402
vt 0.169145 0.050484
vt 0.076453 0.059574
vt 0.074018 0.059335
vt 0.286091 0.030673
vt 0.288020 0.028743
vt 0.806518 0.057889
vt 0.808820 0.057662
vt 0.162424 0.046789
vt 0.163532 0.045681
vt 0.075245 0.065231
vt 0.072811 0.064992
vt 0.281257 0.025024
vt 0.282372 0.023910
vt 0.807015 0.057280
vt 0.808220 0.057161
vt 0.808220 0.056516
vt 0.808820 0.056429
vt 0.257840 0.022574
vt 0.258287 0.023110
vt 0.258181 0.024185
vt 0.257638 0.024628
vt 0.281238 0.024474
vt 0.281822 0.023891
vt 0.376039 0.019924
vt 0.375488 0.020623
vt 0.375255 0.018250
vt 0.375933 0.018845
vt 0.784130 0.019942
vt 0.784115 0.019253
vt 0.785406 0.020544
vt 0.784717 0.020529
vt 0.518357 0.030107
vt 0.519063 0.030913
vt 0.516241 0.030636
vt 0.517073 0.029980
vt 0.516241 0.029123
vt 0.517073 0.029293
vt 0.673038 0.029108
vt 0.672098 0.021647
vt 0.673906 0.021469
vt 0.675786 0.028838
vt 0.790576 0.013233
vt 0.791426 0.014083
vt 0.517132 0.037965
vt 0.515275 0.037782
vt 0.895168 0.055968
vt 0.889157 0.049522
vt 0.889994 0.048685
vt 0.896441 0.054696
vt 0.672264 0.021274
vt 0.673646 0.021138
vt 0.790867 0.013143
vt 0.791516 0.013792
vt 0.896289 0.013186
vt 0.896582 0.013416
vt 0.896462 0.014640
vt 0.896131 0.014787
vt 0.889032 0.049199
vt 0.889672 0.048559
vt 0.667368 0.036414
vt 0.666955 0.035958
vt 0.669027 0.035754
vt 0.668732 0.036280
vt 0.790997 0.012675
vt 0.791984 0.013662
vt 0.271315 0.028367
vt 0.271642 0.028950
vt 0.269346 0.028724
vt 0.269805 0.028219
vt 0.888632 0.049132
vt 0.889604 0.048160
vt 0.666498 0.030692
vt 0.667526 0.030590
vt 0.795160 0.008085
vt 0.795650 0.008575
vt 0.269979 0.033521
vt 0.268839 0.033409
vt 0.884929 0.044029
vt 0.885412 0.043547
vt 0.507240 0.130109
vt 0.508132 0.128375
vt 0.511378 0.128056
vt 0.512657 0.129576
vt 0.011058 0.040804
vt 0.013240 0.042986
vt 0.538135 0.004879
vt 0.539778 0.005974
vt 0.539505 0.008750
vt 0.537679 0.009513
vt 0.315423 0.049149
vt 0.317607 0.046965
vt 0.507872 0.127396
vt 0.511118 0.127077
vt 0.011905 0.039366
vt 0.015591 0.043052
vt 0.021028 0.071030
vt 0.020760 0.073835
vt 0.017405 0.073505
vt 0.017674 0.070700
vt 0.313071 0.049215
vt 0.316759 0.045526
vt 0.506231 0.117776
vt 0.509477 0.117456
vt 0.020237 0.033262
vt 0.021916 0.034942
vt 0.019064 0.081383
vt 0.015710 0.081053
vt 0.306740 0.041098
vt 0.308421 0.039418
vt 0.504632 0.110668
vt 0.507878 0.110349
vt 0.026392 0.025347
vt 0.028967 0.027922
vt 0.017412 0.089797
vt 0.014057 0.089467
vt 0.299684 0.034073
vt 0.302261 0.031496
vt 0.504074 0.107475
vt 0.507320 0.107156
vt 0.029157 0.023200
vt 0.030988 0.025032
vt 0.016835 0.092209
vt 0.013480 0.091879
vt 0.297661 0.031180
vt 0.299494 0.029347
vt 0.309215 0.007648
vt 0.308269 0.007494
vt 0.308045 0.005214
vt 0.308942 0.004871
vt 0.029169 0.022292
vt 0.031843 0.024965
vt 0.016421 0.093228
vt 0.013667 0.092957
vt 0.296756 0.031064
vt 0.299432 0.028389
vt 0.864958 0.020984
vt 0.864392 0.015556
vt 0.866256 0.015372
vt 0.867675 0.020717
vt 0.033709 0.018335
vt 0.035544 0.020169
vt 0.014982 0.097645
vt 0.013093 0.097459
vt 0.292981 0.026193
vt 0.294817 0.024357
vt 0.862526 0.007713
vt 0.864779 0.007492
vt 0.040404 0.010573
vt 0.042620 0.012789
vt 0.013485 0.106089
vt 0.011202 0.105864
vt 0.285931 0.018840
vt 0.288149 0.016621
vt 0.863182 0.006416
vt 0.863973 0.006338
vt 0.863973 0.005422
vt 0.864779 0.004882
vt 0.817912 0.012427
vt 0.818913 0.013127
vt 0.818846 0.013813
vt 0.817720 0.014382
vt 0.286267 0.017737
vt 0.287046 0.016958
vt 0.544726 0.005900
vt 0.543439 0.006509
vt 0.543280 0.004885
vt 0.544661 0.005236
vt 0.285642 0.012575
vt 0.285664 0.011185
vt 0.287555 0.013077
vt 0.286415 0.013347
vt 0.736523 0.069430
vt 0.736939 0.070772
vt 0.735017 0.070583
vt 0.735738 0.069353
vt 0.285214 0.017559
vt 0.287120 0.015653
vt 0.113307 0.062994
vt 0.112016 0.055153
vt 0.113505 0.055006
vt 0.115201 0.062808
vt 0.292391 0.004863
vt 0.293877 0.006350
vt 0.735218 0.078213
vt 0.733707 0.078064
vt 0.278806 0.010744
vt 0.280305 0.009246
vt 0.112391 0.054421
vt 0.113048 0.054356
vt 0.113048 0.053594
vt 0.113505 0.053282
vt 0.240966 0.010784
vt 0.241543 0.011190
vt 0.241486 0.011774
vt 0.240835 0.012107
vt 0.279007 0.010108
vt 0.279669 0.009446
vt 0.303473 0.058345
vt 0.303072 0.057643
vt 0.304419 0.057510
vt 0.304156 0.058278
vt 0.004542 0.010079
vt 0.003901 0.010080
vt 0.005202 0.008780
vt 0.005201 0.009420
vt 0.259349 0.049305
vt 0.259612 0.050073
vt 0.258266 0.049941
vt 0.258666 0.049238
vt 0.278419 0.010163
vt 0.279724 0.008859
vt 0.302444 0.052886
vt 0.303011 0.052830
vt 0.000000 0.005425
vt 0.000547 0.004878
vt 0.258204 0.054754
vt 0.257638 0.054698
vt 0.274440 0.005429
vt 0.274989 0.004880
vt 0.588086 0.026619
vt 0.588815 0.022820
vt 0.591780 0.022529
vt 0.592936 0.026142
vt 0.008349 0.037695
vt 0.010576 0.039921
vt 0.879861 0.036656
vt 0.880824 0.037946
vt 0.880498 0.041254
vt 0.879329 0.042067
vt 0.318095 0.046088
vt 0.320324 0.043859
vt 0.558055 0.415689
vt 0.557532 0.414657
vt 0.561313 0.414285
vt 0.561099 0.415389
vt 0.008851 0.036654
vt 0.011617 0.039419
vt 0.882025 0.037713
vt 0.881620 0.041822
vt 0.317122 0.045654
vt 0.319890 0.042886
vt 0.556380 0.408020
vt 0.560161 0.407648
vt 0.013628 0.030400
vt 0.015159 0.031930
vt 0.454937 0.397413
vt 0.453778 0.405407
vt 0.449976 0.405033
vt 0.451134 0.397038
vt 0.313577 0.038158
vt 0.315109 0.036626
vt 0.554777 0.397329
vt 0.558558 0.396957
vt 0.018904 0.020326
vt 0.021534 0.022956
vt 0.452166 0.414986
vt 0.448363 0.414612
vt 0.307197 0.029177
vt 0.309829 0.026545
vt 0.554481 0.394891
vt 0.558262 0.394518
vt 0.019437 0.018028
vt 0.022858 0.021449
vt 0.451868 0.416594
vt 0.448066 0.416220
vt 0.305872 0.027669
vt 0.309295 0.024245
vt 0.517739 0.008376
vt 0.515401 0.007480
vt 0.515275 0.006206
vt 0.517393 0.004858
vt 0.021581 0.018066
vt 0.022820 0.019305
vt 0.450411 0.418883
vt 0.449034 0.418747
vt 0.305686 0.025299
vt 0.306926 0.024059
vt 0.819415 0.006362
vt 0.817898 0.006703
vt 0.817720 0.004892
vt 0.819285 0.005045
vt 0.021034 0.016533
vt 0.023839 0.019339
vt 0.567870 0.005030
vt 0.568031 0.006126
vt 0.566123 0.005939
vt 0.566482 0.004893
vt 0.304713 0.025380
vt 0.307521 0.022572
vt 0.881661 0.080099
vt 0.881168 0.077933
vt 0.883304 0.077722
vt 0.883797 0.079889
vt 0.022832 0.014174
vt 0.026198 0.017540
vt 0.567590 0.008664
vt 0.565683 0.008476
vt 0.302352 0.023581
vt 0.305722 0.020211
vt 0.880372 0.073656
vt 0.882509 0.073445
vt 0.026382 0.011014
vt 0.028160 0.012793
vt 0.608391 0.072546
vt 0.607690 0.077585
vt 0.605808 0.077400
vt 0.606508 0.072361
vt 0.300389 0.018829
vt 0.302169 0.017049
vt 0.879329 0.069085
vt 0.881465 0.068875
vt 0.030175 0.006009
vt 0.031912 0.007746
vt 0.606771 0.082941
vt 0.604888 0.082756
vt 0.296634 0.013778
vt 0.298372 0.012040
vt 0.879622 0.068111
vt 0.880958 0.067979
vt 0.030919 0.005917
vt 0.032004 0.007002
vt 0.606324 0.083730
vt 0.605147 0.083615
vt 0.296476 0.012969
vt 0.297563 0.011882
vt 0.796460 0.010446
vt 0.795521 0.011036
vt 0.795316 0.008961
vt 0.796352 0.009351
vt 0.030995 0.004868
vt 0.033053 0.006926
vt 0.291350 0.009478
vt 0.292386 0.009088
vt 0.292182 0.011163
vt 0.291243 0.010573
vt 0.295524 0.012990
vt 0.297584 0.010930
vt 0.000000 0.004896
vt 0.000000 0.004896
vt 0.000000 0.000000
vt 0.000000 0.000000
vt 0.001224 0.000000
vt 0.001224 0.000000
vt 0.001224 0.004896
vt 0.001224 0.004896
vt 0.488051 0.033443
vt 0.487271 0.027091
vt 0.488753 0.026945
vt 0.490525 0.033199
vt 0.526477 0.040947
vt 0.531782 0.035337
vt 0.533013 0.036568
vt 0.528532 0.043002
vt 0.697499 0.047077
vt 0.695867 0.054065
vt 0.694502 0.053930
vt 0.695220 0.046853
vt 0.635081 0.016842
vt 0.630551 0.010373
vt 0.631772 0.009151
vt 0.637121 0.014802
vt 0.487517 0.026399
vt 0.488369 0.026315
vt 0.532316 0.035327
vt 0.533024 0.036034
vt 0.695513 0.054645
vt 0.694728 0.054568
vt 0.630488 0.009790
vt 0.631190 0.009088
vt 0.667300 0.051381
vt 0.666885 0.050702
vt 0.668375 0.050555
vt 0.668110 0.051301
vt 0.532388 0.034662
vt 0.533689 0.035963
vt 0.914797 0.004981
vt 0.915104 0.005843
vt 0.913381 0.005673
vt 0.913860 0.004889
vt 0.629887 0.009779
vt 0.631178 0.008487
vt 0.666498 0.046640
vt 0.667260 0.046565
vt 0.535573 0.031104
vt 0.536239 0.031770
vt 0.913814 0.009148
vt 0.912934 0.009062
vt 0.627292 0.005553
vt 0.627952 0.004892
vt 0.095980 0.005213
vt 0.099217 0.004894
vt 0.593718 0.031160
vt 0.592702 0.030739
vt 0.592202 0.027532
vt 0.589102 0.027837
vt 0.325180 0.042505
vt 0.328285 0.044312
vt 0.723941 0.031822
vt 0.722506 0.032608
vt 0.723017 0.027413
vt 0.724267 0.028501
vt 0.320391 0.084744
vt 0.323536 0.082913
vt 0.727703 0.029036
vt 0.728392 0.028250
vt 0.727880 0.033445
vt 0.727376 0.032357
vn -0.121862 -0.970095 -0.209917
vn -0.906148 -0.139762 -0.399202
vn -0.856544 -0.093036 -0.507619
vn -0.051423 -0.769592 -0.636462
vn -0.588682 0.799614 0.118625
vn 0.089697 0.904247 0.417482
vn 0.226203 0.958487 0.173595
vn -0.513642 0.844372 -0.152342
vn 0.906148 0.139765 0.399201
vn 0.475848 -0.877905 0.053402
vn 0.688418 -0.655479 -0.310528
vn 0.940892 0.184201 0.284241
vn -0.787943 -0.426860 0.443776
vn -0.834612 0.281669 -0.473377
vn 0.765876 0.124132 -0.630893
vn 0.761283 -0.579328 0.291252
vn -0.109574 -0.414540 0.903410
vn -0.219769 0.034013 0.974959
vn -0.572813 -0.020456 0.819431
vn -0.478218 -0.471407 0.741001
vn -0.045483 -0.428014 -0.902627
vn 0.976696 -0.116052 0.180544
vn 0.876411 0.346759 0.334160
vn 0.249197 0.952431 -0.175429
vn -0.183946 0.914338 -0.360764
vn -0.779694 -0.100995 -0.617962
vn -0.362097 -0.648711 0.669372
vn 0.434136 -0.595412 0.676025
vn 0.977826 0.084990 0.191400
vn 0.973679 0.148667 0.172766
vn -0.956953 0.274980 0.092886
vn -0.979394 -0.128250 -0.156010
vn -0.429269 -0.550105 0.716319
vn 0.429268 -0.550105 0.716319
vn 0.999230 -0.027749 -0.027749
vn 0.823296 0.279943 -0.493778
vn 0.888409 0.247817 -0.386414
vn -0.888409 0.247817 -0.386414
vn -0.823296 0.279941 -0.493778
vn -0.999230 -0.027748 -0.027749
vn -0.396766 -0.490925 0.775609
vn 0.396766 -0.490924 0.775610
vn 1.000000 0.000001 0.000000
vn 0.986154 -0.088173 -0.140447
vn 0.382067 0.494248 -0.780861
vn -0.382067 0.494248 -0.780861
vn -0.986154 -0.088173 -0.140447
vn -1.000000 -0.000002 0.000000
vn -0.386700 -0.567211 0.727141
vn 0.386699 -0.567212 0.727141
vn 1.000000 0.000001 0.000000
vn 0.422275 0.566161 -0.707916
vn -0.422275 0.566161 -0.707917
vn -1.000000 -0.000001 0.000000
vn -0.445054 -0.593404 0.670670
vn 0.445053 -0.593406 0.670669
vn 1.000000 -0.000000 0.000000
vn 0.454186 0.642264 -0.617424
vn -0.454186 0.642264 -0.617424
vn -1.000000 0.000000 0.000000
vn -0.462164 -0.636381 0.617595
vn 0.462163 -0.636383 0.617594
vn 0.998787 -0.034823 -0.034821
vn 0.462163 0.617592 -0.636385
vn -0.462163 0.617593 -0.636384
vn -0.998787 -0.034822 -0.034821
vn -0.258471 0.450144 0.854730
vn 0.258470 0.450143 0.854731
vn 0.744566 0.472027 0.472030
vn 0.308996 0.895284 0.320916
vn -0.150365 0.903595 0.401131
vn -0.744567 0.472027 0.472028
vn -0.313169 -0.257254 0.914191
vn 0.499539 -0.231908 0.834674
vn 1.000000 -0.000490 -0.000490
vn 0.487539 0.829974 -0.271015
vn -0.322934 0.932330 -0.162711
vn -0.847984 0.374783 0.374782
vn -0.478227 0.125355 0.869244
vn 0.707827 -0.146285 0.691073
vn 0.946913 -0.227328 -0.227328
vn 0.725675 0.627056 -0.283189
vn -0.578686 0.812888 -0.065848
vn -0.985007 0.121988 0.121986
vn 0.645958 -0.311662 0.696853
vn 0.663130 0.742098 -0.097721
vn -0.663129 0.742099 -0.097720
vn -0.645959 -0.311660 0.696854
vn -0.471660 -0.864872 -0.171854
vn -0.584594 0.461345 -0.667391
vn 0.584596 0.461339 -0.667394
vn 0.471658 -0.864873 -0.171853
vn 0.764566 -0.376933 0.522838
vn -0.764566 -0.376933 0.522838
vn -0.667999 0.637718 -0.383527
vn 0.668000 0.637718 -0.383527
vn -0.883174 -0.322224 0.340844
vn 0.883175 -0.322223 0.340844
vn 0.849391 0.318127 -0.421106
vn -0.849391 0.318127 -0.421106
vn -0.820836 -0.341409 0.457895
vn 0.820837 -0.341408 0.457894
vn 0.829193 0.311486 -0.464128
vn -0.829193 0.311485 -0.464129
vn -0.764279 -0.412703 0.495535
vn 0.764279 -0.412702 0.495535
vn 0.766345 0.389874 -0.510601
vn -0.766345 0.389873 -0.510602
vn -0.743351 -0.411552 0.527309
vn 0.743351 -0.411551 0.527309
vn 0.744168 0.413047 -0.524983
vn -0.744168 0.413047 -0.524982
vn -0.615641 -0.604864 0.505100
vn 0.615640 -0.604865 0.505100
vn 0.713574 0.474323 -0.515588
vn -0.713573 0.474324 -0.515587
vn -0.656913 0.354463 0.665448
vn 0.829080 0.208060 0.518978
vn 0.990357 -0.097961 -0.097961
vn 0.696187 0.704658 -0.137044
vn -0.559927 0.828436 -0.013246
vn -0.990687 0.096283 0.096280
vn -0.670044 -0.512180 0.537320
vn -0.710905 0.262291 -0.652547
vn 0.608512 0.132430 -0.782416
vn 0.649417 -0.642051 0.407466
vn 0.884904 -0.430272 -0.178356
vn 0.965645 -0.175925 -0.191259
vn 0.645711 0.426529 -0.633349
vn -0.661102 0.555150 -0.504730
vn -0.999844 0.017527 0.002194
vn -0.968798 -0.247820 0.004093
vn -0.216517 -0.200477 0.955473
vn -0.512604 -0.176659 0.840255
vn 0.621263 -0.288258 0.728656
vn 0.354080 -0.256636 0.899314
vn 0.482815 -0.002757 -0.875718
vn 0.577754 -0.000083 -0.816211
vn -0.634100 0.107176 -0.765788
vn -0.713421 0.126999 -0.689131
vn -0.361111 -0.146689 0.920913
vn 0.496891 -0.231134 0.836467
vn 0.383994 0.278270 -0.880406
vn -0.485675 0.363860 -0.794811
vn -0.577258 0.190654 0.793993
vn 0.745466 0.060477 0.663795
vn 0.643755 0.213980 -0.734705
vn -0.719847 0.348184 -0.600489
vn -0.655607 -0.037885 0.754152
vn 0.768983 -0.178106 0.613957
vn 0.595732 -0.033012 -0.802505
vn -0.734424 0.097911 -0.671592
vn -0.618732 0.046933 0.784199
vn 0.755713 -0.088343 0.648918
vn 0.615370 -0.081475 -0.784017
vn -0.759103 0.053796 -0.648744
vn -0.429643 -0.374031 0.821893
vn 0.499798 -0.465513 0.730411
vn 0.636518 0.082410 -0.766846
vn -0.744492 0.218342 -0.630919
vn -0.548980 -0.404429 0.731476
vn 0.591264 -0.516661 0.619249
vn 0.582274 0.190782 -0.790291
vn -0.675905 0.314622 -0.666457
vn -0.560493 -0.293977 0.774226
vn 0.615308 -0.414265 0.670657
vn 0.499795 0.367048 -0.784526
vn -0.581544 0.465004 -0.667516
vn -0.511564 -0.138360 0.848032
vn 0.635368 -0.243102 0.732945
vn 0.763686 0.283307 -0.580104
vn -0.773344 0.478020 -0.416456
vn -0.660265 -0.423232 0.620423
vn 0.685442 -0.547457 0.480063
vn 0.654621 0.232989 -0.719157
vn -0.711735 0.369183 -0.597610
vn -0.029498 -0.630458 0.775663
vn -0.164405 -0.223086 0.960835
vn -0.533047 -0.279945 0.798431
vn -0.382523 -0.684913 0.620137
vn 0.906148 0.139766 0.399201
vn 0.940893 0.184198 0.284239
vn 0.907541 0.301072 0.292789
vn 0.973349 0.117958 0.196667
vn 0.999230 -0.027748 -0.027749
vn 1.000000 0.000001 0.000000
vn 1.000000 -0.000001 0.000000
vn 1.000000 -0.000002 0.000000
vn 0.998787 -0.034822 -0.034821
vn 0.725370 0.515563 0.456107
vn 0.993326 0.115292 -0.003226
vn 0.950250 -0.210784 -0.229336
vn 0.990356 -0.097968 -0.097969
vn 0.934137 -0.241928 -0.262411
vn -0.673249 -0.555135 0.488427
vn -0.701328 0.401533 -0.588991
vn 0.638490 0.269659 -0.720843
vn 0.634777 -0.683876 0.359683
vn -0.996019 -0.051954 -0.072435
vn -0.990690 0.096264 0.096263
vn -0.988454 0.090079 0.121838
vn -0.867871 0.313452 0.385420
vn -0.753188 0.456947 0.473188
vn -0.998787 -0.034822 -0.034820
vn -1.000000 0.000000 0.000000
vn -1.000000 0.000001 0.000000
vn -1.000000 -0.000001 0.000000
vn -0.999230 -0.027749 -0.027749
vn -0.973122 -0.152775 -0.172316
vn -0.875884 -0.150865 -0.458332
vn -0.856544 -0.093036 -0.507620
vn -0.906148 -0.139763 -0.399202
vn -0.095806 -0.311060 0.945549
vn -0.543761 -0.380154 0.748203
vn 0.906148 0.139764 0.399201
vn 0.940893 0.184198 0.284239
vn 0.895577 0.319566 0.309548
vn 0.975357 0.104172 0.194491
vn 0.999230 -0.027748 -0.027749
vn 1.000000 0.000001 0.000000
vn 1.000000 -0.000000 0.000000
vn 1.000000 0.000000 0.000000
vn 0.998787 -0.034820 -0.034820
vn 0.744564 0.472028 0.472032
vn 1.000000 -0.000490 -0.000490
vn 0.946267 -0.228668 -0.228669
vn 0.990356 -0.097968 -0.097969
vn 0.953124 -0.186036 -0.238633
vn -0.858429 -0.368558 0.356743
vn -0.858443 0.356739 -0.368528
vn 0.823512 0.191213 -0.534103
vn 0.823528 -0.534092 0.191176
vn -0.998899 0.006089 -0.046509
vn -0.990690 0.096263 0.096262
vn -0.984900 0.122419 0.122419
vn -0.847983 0.374783 0.374783
vn -0.744566 0.472029 0.472028
vn -0.998787 -0.034824 -0.034820
vn -1.000000 -0.000002 0.000000
vn -1.000000 -0.000001 0.000000
vn -1.000000 -0.000001 0.000000
vn -0.999230 -0.027749 -0.027749
vn -0.975723 -0.143035 -0.165848
vn -0.842203 -0.132051 -0.522739
vn -0.856544 -0.093034 -0.507618
vn -0.906148 -0.139763 -0.399201
vn -0.572622 -0.566063 0.593024
vn -0.628848 0.446407 -0.636609
vn 0.568235 0.328582 -0.754416
vn 0.556070 -0.677148 0.481930
vn -0.514450 -0.825640 0.231644
vn 0.380187 -0.913694 0.143599
vn 0.732140 0.154574 -0.663383
vn -0.802558 0.305638 -0.512335
vn -0.632959 -0.634773 0.443200
vn 0.571907 -0.753359 0.324612
vn 0.738260 0.559793 -0.376303
vn -0.674767 0.698866 -0.237226
vn -0.706946 -0.593651 0.384456
vn 0.639677 -0.726189 0.251917
vn 0.656265 0.573272 -0.490587
vn -0.615353 0.698429 -0.365429
vn -0.725136 -0.544965 0.420941
vn 0.673613 -0.682643 0.283275
vn 0.634115 0.544320 -0.549194
vn -0.610952 0.666864 -0.426651
vn -0.682425 -0.272452 0.678281
vn 0.729522 -0.381127 0.567926
vn 0.729547 0.567926 -0.381079
vn -0.682425 0.678290 -0.272431
vn -0.637769 -0.539053 0.550158
vn 0.617352 -0.660847 0.426800
vn 0.691833 0.498429 -0.522432
vn -0.669153 0.632346 -0.390350
vn -0.668189 -0.529830 0.522306
vn 0.641336 -0.658719 0.393417
vn 0.646941 0.507236 -0.569368
vn -0.634355 0.633340 -0.443255
vn -0.606472 -0.575379 0.548754
vn 0.578288 -0.691983 0.432137
vn 0.561367 0.539523 -0.627520
vn -0.557016 0.649604 -0.517444
vn -0.522536 -0.631864 0.572454
vn 0.491165 -0.731668 0.472672
vn 0.491159 0.472699 -0.731655
vn -0.522549 0.572424 -0.631881
vn -0.611135 -0.517814 0.598651
vn 0.603517 -0.637362 0.479100
vn 0.603526 0.479092 -0.637359
vn -0.611141 0.598647 -0.517811
vn -0.590833 -0.601844 0.537308
vn 0.555921 -0.714707 0.424436
vn 0.555920 0.424436 -0.714708
vn -0.590841 0.537302 -0.601842
vn -0.530660 -0.349496 0.772174
vn 0.592098 -0.459991 0.661686
vn 0.592133 0.661666 -0.459975
vn -0.530606 0.772250 -0.349410
vn -0.728424 -0.441258 0.524108
vn 0.716728 -0.583501 0.381874
vn 0.673456 0.346221 -0.653138
vn -0.707101 0.482113 -0.517277
vn 0.540383 -0.841390 -0.007001
vn -0.128857 -0.944613 -0.301832
vn -0.906148 -0.139762 -0.399202
vn 0.906149 0.139763 0.399200
vn -0.906148 -0.139764 -0.399202
vn -0.582790 0.769002 0.262665
vn -0.010541 0.857265 0.514768
vn 0.906147 0.139766 0.399202
vn -0.906148 -0.139765 -0.399202
vn 0.906148 0.139763 0.399202
vn 0.607575 -0.747318 -0.269014
vn -0.006270 -0.841999 -0.539443
vn -0.906148 -0.139762 -0.399202
vn 0.906149 0.139762 0.399201
vn -0.906149 -0.139761 -0.399201
vn -0.570954 0.775566 0.269276
vn -0.024583 0.859836 0.509978
vn 0.906147 0.139766 0.399203
vn -0.906148 -0.139762 -0.399202
vn 0.906147 0.139766 0.399203
vn 0.636659 -0.710494 -0.299772
vn -0.012019 -0.810548 -0.585548
vn -0.906148 -0.139762 -0.399202
vn 0.906148 0.139765 0.399202
vn -0.906149 -0.139762 -0.399200
vn -0.603823 0.741352 0.292910
vn -0.011904 0.832647 0.553677
vn 0.906147 0.139767 0.399203
vn -0.906150 -0.139758 -0.399200
vn 0.906147 0.139769 0.399203
vn 0.641998 -0.674333 -0.364847
vn 0.022474 -0.769892 -0.637779
vn -0.906149 -0.139762 -0.399200
vn 0.906147 0.139767 0.399202
vn -0.906149 -0.139762 -0.399199
vn -0.671735 0.701383 0.238399
vn 0.081262 0.817526 0.570130
vn 0.906147 0.139768 0.399203
vn -0.906150 -0.139758 -0.399200
vn 0.906146 0.139770 0.399203
vn 0.726901 -0.512514 -0.457104
vn -0.006311 -0.625605 -0.780115
vn -0.906153 -0.139763 -0.399191
vn 0.906148 0.139767 0.399201
vn -0.906148 -0.139767 -0.399201
vn -0.661657 0.745476 -0.080474
vn 0.294312 0.892926 0.340680
vn 0.906147 0.139768 0.399202
vn -0.906148 -0.139768 -0.399201
vn 0.906148 0.139768 0.399201
vn 0.519736 -0.840999 0.150314
vn -0.229499 -0.956565 -0.179762
vn -0.906147 -0.139761 -0.399204
vn 0.906146 0.139772 0.399203
vn -0.906144 -0.139772 -0.399207
vn -0.680666 0.724506 0.108559
vn 0.175080 0.856494 0.485556
vn 0.906146 0.139770 0.399204
vn -0.906146 -0.139766 -0.399204
vn 0.906147 0.139764 0.399203
vn 0.323402 -0.750508 0.576324
vn -0.434548 -0.867416 0.242400
vn -0.906149 -0.139757 -0.399202
vn 0.906150 0.139772 0.399195
vn -0.906142 -0.139780 -0.399209
vn -0.754187 0.426300 0.499470
vn 0.014997 0.544948 0.838336
vn 0.906144 0.139768 0.399209
vn -0.906145 -0.139766 -0.399208
vn 0.906147 0.139760 0.399205
vn -0.660490 -0.739882 0.127779
vn 0.517200 -0.855782 0.011849
vn 0.492361 -0.361259 -0.791879
vn -0.696322 -0.244268 -0.674885
vn -0.867778 -0.327404 0.373855
vn 0.843760 -0.495864 0.205396
vn 0.789605 0.509754 -0.341576
vn -0.727113 0.659039 -0.192286
vn -0.814175 -0.416033 0.405014
vn 0.781098 -0.573046 0.247999
vn 0.845720 0.276091 -0.456653
vn -0.848442 0.442835 -0.289902
vn -0.821325 -0.357815 0.444291
vn 0.806804 -0.518060 0.284044
vn 0.810311 0.382937 -0.443572
vn -0.791222 0.540562 -0.285937
vn -0.789234 -0.322058 0.522865
vn 0.798004 -0.478287 0.366648
vn 0.788070 0.412574 -0.456868
vn -0.766668 0.565597 -0.303842
vn -0.836258 -0.347959 0.423788
vn 0.819108 -0.510894 0.260864
vn 0.819112 0.260854 -0.510892
vn -0.836256 0.423786 -0.347966
vn -0.871095 -0.403980 0.279274
vn 0.813899 -0.569822 0.113451
vn 0.813893 0.113439 -0.569834
vn -0.871080 0.279308 -0.403989
vn -0.808686 -0.355362 0.468769
vn 0.799850 -0.513676 0.310447
vn 0.846669 0.346042 -0.404236
vn -0.825715 0.510654 -0.239640
vn -0.810739 -0.387017 0.439227
vn 0.790003 -0.544569 0.281674
vn 0.777601 0.350567 -0.521958
vn -0.781139 0.503985 -0.368540
vn -0.733397 -0.465939 0.495004
vn 0.711131 -0.608115 0.352830
vn 0.711140 0.352825 -0.608107
vn -0.733410 0.494999 -0.465925
vn -0.476480 -0.263114 0.838891
vn 0.569562 -0.366076 0.735926
vn 0.569514 0.735987 -0.366029
vn -0.476414 0.838947 -0.263053
vn -0.601046 -0.511307 0.614254
vn 0.598077 -0.629331 0.496232
vn 0.598083 0.496224 -0.629331
vn -0.601046 0.614250 -0.511312
vn -0.600561 -0.553783 0.576759
vn 0.582163 -0.670195 0.460353
vn 0.582158 0.460351 -0.670201
vn -0.600540 0.576764 -0.553800
vn -0.508078 -0.316532 0.801040
vn 0.582331 -0.423815 0.693738
vn 0.582332 0.693704 -0.423869
vn -0.508142 0.801001 -0.316527
vn -0.620448 -0.462601 0.633280
vn 0.629819 -0.585659 0.510227
vn 0.555904 0.431407 -0.710534
vn -0.588648 0.544069 -0.597899
vn -0.776427 -0.603938 0.180054
vn 0.665056 -0.745817 0.038172
vn 0.752361 0.039337 -0.657576
vn -0.843141 0.196376 -0.500550
vn -0.770606 -0.417688 0.481356
vn 0.753605 -0.567711 0.331337
vn 0.753681 0.404494 -0.518024
vn -0.746959 0.552192 -0.370320
vn -0.787798 -0.359302 0.500276
vn 0.785075 -0.514112 0.345466
vn 0.768387 0.337994 -0.543454
vn -0.778854 0.490281 -0.391166
vn -0.688799 -0.405097 0.601209
vn 0.700489 -0.541835 0.464468
vn 0.708516 0.399170 -0.581953
vn -0.716882 0.539461 -0.441658
vn -0.793802 -0.390092 0.466590
vn 0.778389 -0.544845 0.311858
vn 0.777184 0.282282 -0.562407
vn -0.801737 0.437684 -0.407001
vn -0.818704 -0.332314 0.468286
vn 0.813836 -0.492999 0.307608
vn 0.798381 0.290647 -0.527364
vn -0.813739 0.449323 -0.368697
vn -0.848917 -0.283766 0.445888
vn 0.847951 -0.450784 0.278877
vn 0.836442 0.254278 -0.485497
vn -0.849291 0.420202 -0.319586
vn -0.831010 -0.294540 0.471878
vn 0.833662 -0.458390 0.308036
vn 0.840761 0.257117 -0.476458
vn -0.851156 0.423645 -0.309932
vn -0.889442 -0.389772 0.238684
vn 0.826485 -0.558615 0.069802
vn 0.760701 -0.006358 -0.649071
vn -0.858351 0.152979 -0.489726
vn -0.834081 -0.281893 0.474178
vn 0.839504 -0.446616 0.309462
vn 0.841678 0.299737 -0.449150
vn -0.838543 0.465103 -0.283769
vn -0.850034 -0.324492 0.414906
vn 0.835180 -0.490359 0.249042
vn 0.835178 0.249045 -0.490361
vn -0.850036 0.414903 -0.324491
vn -0.875452 -0.450875 0.174056
vn 0.788761 -0.614614 0.010308
vn 0.788750 0.010210 -0.614629
vn -0.875464 0.174093 -0.450837
vn -0.839185 -0.322852 0.437647
vn 0.829455 -0.487086 0.273407
vn 0.829445 0.273432 -0.487090
vn -0.839192 0.437649 -0.322832
vn -0.691788 -0.699238 -0.180263
vn 0.495652 -0.816111 -0.297139
vn 0.688584 0.292866 -0.663386
vn -0.733968 0.432874 -0.523366
vn -0.649412 -0.353995 0.673017
vn 0.686325 -0.485468 0.541552
vn 0.525249 0.367006 -0.767737
vn -0.582659 0.476054 -0.658697
vn -0.624737 -0.334909 0.705365
vn 0.672522 -0.462594 0.577685
vn 0.607480 0.337354 -0.719138
vn -0.658107 0.461923 -0.594577
vn -0.563218 -0.283045 0.776319
vn 0.637063 -0.401183 0.658181
vn 0.659611 0.368575 -0.655031
vn -0.689850 0.501398 -0.522213
vn -0.653504 -0.489124 0.577659
vn 0.645767 -0.616998 0.449776
vn 0.678511 0.133991 -0.722267
vn -0.766323 0.276196 -0.580056
vn -0.824261 -0.561750 0.070928
vn 0.698140 -0.711599 -0.078914
vn 0.641938 -0.133433 -0.755057
vn -0.789116 0.007422 -0.614200
vn -0.869652 -0.056795 0.490387
vn 0.920323 -0.232974 0.314210
vn 0.925363 0.265498 -0.270582
vn -0.891166 0.444294 -0.091792
vn -0.890244 -0.216039 0.400989
vn 0.892120 -0.391465 0.225559
vn 0.847706 0.188729 -0.495759
vn -0.874772 0.358264 -0.326223
vn -0.858121 -0.245275 0.451076
vn 0.865246 -0.414893 0.281450
vn 0.843205 0.166738 -0.511081
vn -0.877649 0.336109 -0.341706
vn -0.771866 -0.340210 0.537103
vn 0.780544 -0.493006 0.384313
vn 0.801366 0.226583 -0.553599
vn -0.834057 0.387544 -0.392631
vn -0.762132 -0.125239 0.635194
vn 0.831648 -0.282039 0.478347
vn 0.831645 0.478331 -0.282075
vn -0.762111 0.635228 -0.125192
vn -0.387186 0.263209 0.883633
vn 0.593901 0.166633 0.787093
vn 0.593920 0.787072 0.166664
vn -0.387199 0.883626 0.263213
vn -0.818164 -0.342260 0.462024
vn 0.810198 -0.502521 0.301748
vn 0.747038 0.253472 -0.614562
vn -0.788364 0.404595 -0.463450
vn -0.790543 -0.386318 0.475185
vn 0.777683 -0.540643 0.320802
vn 0.786171 0.202915 -0.583748
vn -0.829816 0.361975 -0.424711
vn -0.810073 -0.253316 0.528784
vn 0.832432 -0.415050 0.367138
vn 0.832405 0.367184 -0.415063
vn -0.810031 0.528823 -0.253371
vn -0.810803 -0.291562 0.507533
vn 0.821691 -0.452233 0.346856
vn 0.742662 0.289610 -0.603804
vn -0.775108 0.438998 -0.454410
vn -0.678721 0.530443 0.507906
vn 0.853446 0.379615 0.357104
vn 0.685486 -0.514583 -0.515086
vn -0.858266 -0.362636 -0.363146
s 1
g polySurface71 polySurface90
usemtl openPBRSurface2SG
f 3805/7528/6715 3925/7529/6716 3952/7530/6717 3806/7531/6718
f 3807/7532/6719 3809/7533/6720 3810/7534/6721 3808/7535/6722
f 3926/7536/6723 3811/7537/6724 3812/7538/6725 3927/7539/6726
f 3811/7540/6724 3805/7541/6715 3806/7542/6718 3812/7543/6725
f 4302/7544/6727 4304/7545/6728 4303/7546/6729 4301/7547/6730
f 4107/7548/6731 4110/7549/6732 4109/7550/6733 4108/7551/6734
f 3806/7552/6718 3814/7553/6735 3813/7554/6736 3812/7555/6725
f 3812/7538/6725 3813/7556/6736 3928/7557/6737 3927/7539/6726
f 3810/7534/6721 3815/7558/6738 3816/7559/6739 3808/7535/6722
f 3951/7560/6740 3814/7561/6735 3806/7531/6718 3952/7530/6717
f 3814/7562/6735 3818/7563/6741 3817/7564/6742 3813/7565/6736
f 3813/7556/6736 3817/7566/6742 3929/7567/6743 3928/7557/6737
f 3815/7558/6738 3819/7568/6744 3820/7569/6745 3816/7559/6739
f 3950/7570/6746 3818/7571/6741 3814/7561/6735 3951/7560/6740
f 3818/7563/6741 3822/7572/6747 3821/7573/6748 3817/7564/6742
f 3817/7566/6742 3821/7574/6748 3930/7575/6749 3929/7567/6743
f 3854/7576/6750 3856/7577/6751 3855/7578/6752 3853/7579/6753
f 3949/7580/6754 3822/7581/6747 3818/7571/6741 3950/7570/6746
f 3822/7572/6747 3826/7582/6755 3825/7583/6756 3821/7573/6748
f 3821/7574/6748 3825/7584/6756 3931/7585/6757 3930/7575/6749
f 3823/7586/6758 3827/7587/6759 3828/7588/6760 3824/7589/6761
f 3948/7590/6762 3826/7591/6755 3822/7581/6747 3949/7580/6754
f 3826/7592/6755 3830/7593/6763 3829/7594/6764 3825/7595/6756
f 3825/7584/6756 3829/7596/6764 3932/7597/6765 3931/7585/6757
f 3827/7587/6759 3831/7598/6766 3832/7599/6767 3828/7588/6760
f 3947/7600/6768 3830/7601/6763 3826/7591/6755 3948/7590/6762
f 3830/7593/6763 3834/7602/6769 3833/7603/6770 3829/7594/6764
f 3829/7596/6764 3833/7604/6770 3933/7605/6771 3932/7597/6765
f 3831/7598/6766 3835/7606/6772 3836/7607/6773 3832/7599/6767
f 3946/7608/6774 3834/7609/6769 3830/7601/6763 3947/7600/6768
f 3834/7602/6769 3838/7610/6775 3837/7611/6776 3833/7603/6770
f 3833/7604/6770 3837/7612/6776 3934/7613/6777 3933/7605/6771
f 3835/7606/6772 3839/7614/6778 3840/7615/6779 3836/7607/6773
f 3945/7616/6780 3838/7617/6775 3834/7609/6769 3946/7608/6774
f 3838/7610/6775 3842/7618/6781 3841/7619/6782 3837/7611/6776
f 3837/7612/6776 3841/7620/6782 3935/7621/6783 3934/7613/6777
f 3839/7614/6778 3843/7622/6784 3844/7623/6785 3840/7615/6779
f 3944/7624/6786 3842/7625/6781 3838/7617/6775 3945/7616/6780
f 3842/7626/6781 3846/7627/6787 3845/7628/6788 3841/7629/6782
f 3841/7629/6782 3845/7628/6788 3936/7630/6789 3935/7631/6783
f 3843/7632/6784 3847/7633/6790 3848/7634/6791 3844/7635/6785
f 3943/7636/6792 3846/7627/6787 3842/7626/6781 3944/7637/6786
f 3846/7638/6787 3850/7639/6793 3849/7640/6794 3845/7641/6788
f 3845/7642/6788 3849/7643/6794 3937/7644/6795 3936/7645/6789
f 3847/7646/6790 3851/7647/6796 3852/7648/6797 3848/7649/6791
f 3942/7650/6798 3850/7651/6793 3846/7652/6787 3943/7653/6792
f 3862/7654/6799 3864/7655/6800 3863/7656/6801 3861/7657/6802
f 3820/7658/6745 3853/7659/6753 3855/7660/6752 3824/7661/6761
f 3885/7662/6803 3888/7663/6804 3887/7664/6805 3886/7665/6806
f 3823/7666/6758 3856/7667/6751 3854/7668/6750 3819/7669/6744
f 3819/7670/6744 3858/7671/6807 3857/7672/6808 3820/7673/6745
f 3820/7658/6745 3857/7674/6808 3859/7675/6809 3853/7659/6753
f 3853/7676/6753 3859/7677/6809 3860/7678/6810 3854/7679/6750
f 3854/7668/6750 3860/7680/6810 3858/7681/6807 3819/7669/6744
f 3858/7671/6807 3862/7682/6799 3861/7683/6802 3857/7672/6808
f 3857/7674/6808 3861/7684/6802 3863/7685/6801 3859/7675/6809
f 3859/7677/6809 3863/7656/6801 3864/7655/6800 3860/7678/6810
f 3860/7680/6810 3864/7686/6800 3862/7687/6799 3858/7681/6807
f 3824/7688/6761 3865/7689/6811 3866/7690/6812 3823/7691/6758
f 3823/7666/6758 3866/7692/6812 3867/7693/6813 3856/7667/6751
f 3856/7577/6751 3867/7694/6813 3868/7695/6814 3855/7578/6752
f 3855/7660/6752 3868/7696/6814 3865/7697/6811 3824/7661/6761
f 3865/7689/6811 3869/7698/6815 3870/7699/6816 3866/7690/6812
f 3866/7692/6812 3870/7700/6816 3871/7701/6817 3867/7693/6813
f 3867/7694/6813 3871/7702/6817 3872/7703/6818 3868/7695/6814
f 3868/7696/6814 3872/7704/6818 3869/7705/6815 3865/7697/6811
f 3869/7698/6815 3873/7706/6819 3874/7707/6820 3870/7699/6816
f 3870/7700/6816 3874/7708/6820 3875/7709/6821 3871/7701/6817
f 3871/7702/6817 3875/7710/6821 3876/7711/6822 3872/7703/6818
f 3872/7704/6818 3876/7712/6822 3873/7713/6819 3869/7705/6815
f 3873/7706/6819 3877/7714/6823 3878/7715/6824 3874/7707/6820
f 3874/7708/6820 3878/7716/6824 3879/7717/6825 3875/7709/6821
f 3875/7710/6821 3879/7718/6825 3880/7719/6826 3876/7711/6822
f 3876/7712/6822 3880/7720/6826 3877/7721/6823 3873/7713/6819
f 3877/7714/6823 3881/7722/6827 3882/7723/6828 3878/7715/6824
f 3878/7716/6824 3882/7724/6828 3883/7725/6829 3879/7717/6825
f 3879/7718/6825 3883/7726/6829 3884/7727/6830 3880/7719/6826
f 3880/7720/6826 3884/7728/6830 3881/7729/6827 3877/7721/6823
f 3881/7722/6827 3885/7662/6803 3886/7665/6806 3882/7723/6828
f 3882/7724/6828 3886/7730/6806 3887/7731/6805 3883/7725/6829
f 3883/7726/6829 3887/7732/6805 3888/7733/6804 3884/7727/6830
f 3884/7728/6830 3888/7734/6804 3885/7735/6803 3881/7729/6827
f 3850/7736/6793 3890/7737/6831 3889/7738/6832 3849/7739/6794
f 3849/7643/6794 3889/7740/6832 3938/7741/6833 3937/7644/6795
f 3851/7742/6796 3891/7743/6834 3892/7744/6835 3852/7745/6797
f 3941/7746/6836 3890/7747/6831 3850/7651/6793 3942/7650/6798
f 4310/7748/6837 4312/7749/6838 4311/7750/6839 4309/7751/6840
f 3889/7740/6832 3893/7752/6841 3939/7753/6842 3938/7741/6833
f 3891/7743/6834 3895/7754/6843 3896/7755/6844 3892/7744/6835
f 3940/7756/6845 3894/7757/6846 3890/7747/6831 3941/7746/6836
f 4314/7758/6847 4316/7759/6848 4315/7760/6849 4313/7761/6850
f 4313/7762/6850 4315/7763/6849 4318/7764/6851 4317/7765/6852
f 4317/7766/6852 4318/7767/6851 4320/7768/6853 4319/7769/6854
f 4319/7770/6854 4320/7771/6853 4316/7772/6848 4314/7773/6847
f 4316/7759/6848 4322/7774/6855 4321/7775/6856 4315/7760/6849
f 4315/7763/6849 4321/7776/6856 4323/7777/6857 4318/7764/6851
f 4318/7767/6851 4323/7778/6857 4324/7779/6858 4320/7768/6853
f 4320/7771/6853 4324/7780/6858 4322/7781/6855 4316/7772/6848
f 4322/7774/6855 4326/7782/6859 4325/7783/6860 4321/7775/6856
f 4321/7776/6856 4325/7784/6860 4327/7785/6861 4323/7777/6857
f 4323/7778/6857 4327/7786/6861 4328/7787/6862 4324/7779/6858
f 4324/7780/6858 4328/7788/6862 4326/7789/6859 4322/7781/6855
f 4326/7782/6859 4330/7790/6863 4329/7791/6864 4325/7783/6860
f 4325/7784/6860 4329/7792/6864 4331/7793/6865 4327/7785/6861
f 4327/7786/6861 4331/7794/6865 4332/7795/6866 4328/7787/6862
f 4328/7788/6862 4332/7796/6866 4330/7797/6863 4326/7789/6859
f 4330/7790/6863 4334/7798/6867 4333/7799/6868 4329/7791/6864
f 4329/7792/6864 4333/7800/6868 4335/7801/6869 4331/7793/6865
f 4331/7794/6865 4335/7802/6869 4336/7803/6870 4332/7795/6866
f 4332/7796/6866 4336/7804/6870 4334/7805/6867 4330/7797/6863
f 4334/7798/6867 4338/7806/6871 4337/7807/6872 4333/7799/6868
f 4333/7800/6868 4337/7808/6872 4339/7809/6873 4335/7801/6869
f 4335/7802/6869 4339/7810/6873 4340/7811/6874 4336/7803/6870
f 4336/7804/6870 4340/7812/6874 4338/7813/6871 4334/7805/6867
f 4338/7806/6871 4342/7814/6875 4341/7815/6876 4337/7807/6872
f 4337/7808/6872 4341/7816/6876 4343/7817/6877 4339/7809/6873
f 4339/7810/6873 4343/7818/6877 4344/7819/6878 4340/7811/6874
f 4340/7812/6874 4344/7820/6878 4342/7821/6875 4338/7813/6871
f 4342/7814/6875 4346/7822/6879 4345/7823/6880 4341/7815/6876
f 4341/7816/6876 4345/7824/6880 4347/7825/6881 4343/7817/6877
f 4343/7818/6877 4347/7826/6881 4348/7827/6882 4344/7819/6878
f 4344/7820/6878 4348/7828/6882 4346/7829/6879 4342/7821/6875
f 4346/7822/6879 4350/7830/6883 4349/7831/6884 4345/7823/6880
f 4345/7824/6880 4349/7832/6884 4351/7833/6885 4347/7825/6881
f 4347/7826/6881 4351/7834/6885 4352/7835/6886 4348/7827/6882
f 4348/7828/6882 4352/7836/6886 4350/7837/6883 4346/7829/6879
f 4350/7830/6883 4354/7838/6887 4353/7839/6888 4349/7831/6884
f 4349/7832/6884 4353/7840/6888 4355/7841/6889 4351/7833/6885
f 4351/7834/6885 4355/7842/6889 4356/7843/6890 4352/7835/6886
f 4352/7836/6886 4356/7844/6890 4354/7845/6887 4350/7837/6883
f 4354/7838/6887 4310/7846/6837 4309/7847/6840 4353/7839/6888
f 4353/7840/6888 4309/7848/6840 4311/7849/6839 4355/7841/6889
f 4355/7842/6889 4311/7750/6839 4312/7749/6838 4356/7843/6890
f 4356/7844/6890 4312/7850/6838 4310/7851/6837 4354/7845/6887
f 4111/7852/6891 4114/7853/6892 4113/7854/6893 4112/7855/6894
f 3809/7856/6720 3953/7857/6895 3980/7858/6896 3810/7859/6721
f 3979/7860/6897 3815/7861/6738 3810/7859/6721 3980/7858/6896
f 3978/7862/6898 3819/7669/6744 3815/7861/6738 3979/7860/6897
f 3977/7863/6899 3823/7666/6758 3819/7669/6744 3978/7862/6898
f 3976/7864/6900 3827/7865/6759 3823/7666/6758 3977/7863/6899
f 3975/7866/6901 3831/7867/6766 3827/7865/6759 3976/7864/6900
f 3974/7868/6902 3835/7869/6772 3831/7867/6766 3975/7866/6901
f 3973/7870/6903 3839/7871/6778 3835/7869/6772 3974/7868/6902
f 3972/7872/6904 3843/7873/6784 3839/7871/6778 3973/7870/6903
f 3971/7874/6905 3847/7633/6790 3843/7632/6784 3972/7875/6904
f 3970/7876/6906 3851/7877/6796 3847/7878/6790 3971/7879/6905
f 3969/7880/6907 3891/7881/6834 3851/7877/6796 3970/7876/6906
f 3968/7882/6908 3895/7883/6843 3891/7881/6834 3969/7880/6907
f 4033/7884/6909 4036/7885/6910 4035/7886/6911 4034/7887/6912
f 3892/7888/6835 3896/7889/6844 3967/7890/6913 3966/7891/6914
f 3852/7892/6797 3892/7888/6835 3966/7891/6914 3965/7893/6915
f 3848/7894/6791 3852/7892/6797 3965/7893/6915 3964/7895/6916
f 3844/7635/6785 3848/7634/6791 3964/7896/6916 3963/7897/6917
f 3840/7898/6779 3844/7899/6785 3963/7900/6917 3962/7901/6918
f 3836/7902/6773 3840/7898/6779 3962/7901/6918 3961/7903/6919
f 3832/7904/6767 3836/7902/6773 3961/7903/6919 3960/7905/6920
f 3828/7906/6760 3832/7904/6767 3960/7905/6920 3959/7907/6921
f 3824/7661/6761 3828/7906/6760 3959/7907/6921 3958/7908/6922
f 3820/7658/6745 3824/7661/6761 3958/7908/6922 3957/7909/6923
f 3816/7910/6739 3820/7658/6745 3957/7909/6923 3956/7911/6924
f 3808/7912/6722 3816/7910/6739 3956/7911/6924 3955/7913/6925
f 3954/7914/6926 3807/7915/6719 3808/7912/6722 3955/7913/6925
f 4110/7549/6732 4116/7916/6927 4115/7917/6928 4109/7550/6733
f 3898/7918/6929 3926/7536/6723 3927/7539/6726 3899/7919/6930
f 3928/7557/6737 3900/7920/6931 3899/7919/6930 3927/7539/6726
f 3929/7567/6743 3901/7921/6932 3900/7920/6931 3928/7557/6737
f 3930/7575/6749 3902/7922/6933 3901/7921/6932 3929/7567/6743
f 3931/7585/6757 3903/7923/6934 3902/7922/6933 3930/7575/6749
f 3932/7597/6765 3904/7924/6935 3903/7923/6934 3931/7585/6757
f 3933/7605/6771 3905/7925/6936 3904/7924/6935 3932/7597/6765
f 3934/7613/6777 3906/7926/6937 3905/7925/6936 3933/7605/6771
f 3935/7621/6783 3907/7927/6938 3906/7926/6937 3934/7613/6777
f 3936/7630/6789 3908/7928/6939 3907/7929/6938 3935/7631/6783
f 3937/7644/6795 3909/7930/6940 3908/7931/6939 3936/7645/6789
f 3938/7741/6833 3910/7932/6941 3909/7930/6940 3937/7644/6795
f 3939/7753/6842 3911/7933/6942 3910/7932/6941 3938/7741/6833
f 4234/7934/6943 4236/7935/6944 4235/7936/6945 4233/7937/6946
f 3912/7938/6947 3940/7756/6845 3941/7746/6836 3913/7939/6948
f 3913/7939/6948 3941/7746/6836 3942/7650/6798 3914/7940/6949
f 3914/7940/6949 3942/7650/6798 3943/7653/6792 3915/7941/6950
f 3915/7942/6950 3943/7636/6792 3944/7637/6786 3916/7943/6951
f 3916/7944/6951 3944/7624/6786 3945/7616/6780 3917/7945/6952
f 3917/7945/6952 3945/7616/6780 3946/7608/6774 3918/7946/6953
f 3918/7946/6953 3946/7608/6774 3947/7600/6768 3919/7947/6954
f 3919/7947/6954 3947/7600/6768 3948/7590/6762 3920/7948/6955
f 3920/7948/6955 3948/7590/6762 3949/7580/6754 3921/7949/6956
f 3921/7949/6956 3949/7580/6754 3950/7570/6746 3922/7950/6957
f 3922/7950/6957 3950/7570/6746 3951/7560/6740 3923/7951/6958
f 3923/7951/6958 3951/7560/6740 3952/7530/6717 3924/7952/6959
f 3925/7529/6716 3897/7953/6960 3924/7952/6959 3952/7530/6717
f 4116/7916/6927 4111/7852/6891 4112/7855/6894 4115/7917/6928
f 3897/7953/6960 3954/7914/6926 3955/7913/6925 3924/7952/6959
f 3956/7911/6924 3923/7951/6958 3924/7952/6959 3955/7913/6925
f 3957/7909/6923 3922/7950/6957 3923/7951/6958 3956/7911/6924
f 3958/7908/6922 3921/7949/6956 3922/7950/6957 3957/7909/6923
f 3959/7907/6921 3920/7948/6955 3921/7949/6956 3958/7908/6922
f 3960/7905/6920 3919/7947/6954 3920/7948/6955 3959/7907/6921
f 3961/7903/6919 3918/7946/6953 3919/7947/6954 3960/7905/6920
f 3962/7901/6918 3917/7945/6952 3918/7946/6953 3961/7903/6919
f 3963/7900/6917 3916/7944/6951 3917/7945/6952 3962/7901/6918
f 3964/7896/6916 3915/7942/6950 3916/7943/6951 3963/7897/6917
f 3965/7893/6915 3914/7940/6949 3915/7941/6950 3964/7895/6916
f 3966/7891/6914 3913/7939/6948 3914/7940/6949 3965/7893/6915
f 3967/7890/6913 3912/7938/6947 3913/7939/6948 3966/7891/6914
f 4178/7954/6961 4180/7955/6962 4179/7956/6963 4177/7957/6964
f 3911/7933/6942 3968/7882/6908 3969/7880/6907 3910/7932/6941
f 3910/7932/6941 3969/7880/6907 3970/7876/6906 3909/7930/6940
f 3909/7930/6940 3970/7876/6906 3971/7879/6905 3908/7931/6939
f 3908/7928/6939 3971/7874/6905 3972/7875/6904 3907/7929/6938
f 3907/7927/6938 3972/7872/6904 3973/7870/6903 3906/7926/6937
f 3906/7926/6937 3973/7870/6903 3974/7868/6902 3905/7925/6936
f 3905/7925/6936 3974/7868/6902 3975/7866/6901 3904/7924/6935
f 3904/7924/6935 3975/7866/6901 3976/7864/6900 3903/7923/6934
f 3903/7923/6934 3976/7864/6900 3977/7863/6899 3902/7922/6933
f 3902/7922/6933 3977/7863/6899 3978/7862/6898 3901/7921/6932
f 3901/7921/6932 3978/7862/6898 3979/7860/6897 3900/7920/6931
f 3900/7920/6931 3979/7860/6897 3980/7858/6896 3899/7919/6930
f 3953/7857/6895 3898/7918/6929 3899/7919/6930 3980/7858/6896
f 3967/7958/6913 3981/7959/6965 3982/7960/6966 3968/7961/6908
f 3968/7962/6908 3982/7963/6966 3983/7964/6967 3895/7965/6843
f 3895/7965/6843 3983/7964/6967 3984/7966/6968 3896/7967/6844
f 3896/7889/6844 3984/7968/6968 3981/7969/6965 3967/7890/6913
f 3981/7959/6965 3985/7970/6969 3986/7971/6970 3982/7960/6966
f 3982/7972/6966 3986/7973/6970 3987/7974/6971 3983/7975/6967
f 3983/7976/6967 3987/7977/6971 3988/7978/6972 3984/7979/6968
f 3984/7979/6968 3988/7978/6972 3985/7980/6969 3981/7981/6965
f 3985/7970/6969 3989/7982/6973 3990/7983/6974 3986/7971/6970
f 3986/7973/6970 3990/7984/6974 3991/7985/6975 3987/7974/6971
f 3987/7977/6971 3991/7986/6975 3992/7987/6976 3988/7978/6972
f 3988/7988/6972 3992/7989/6976 3989/7990/6973 3985/7991/6969
f 3989/7982/6973 3993/7992/6977 3994/7993/6978 3990/7983/6974
f 3990/7984/6974 3994/7994/6978 3995/7995/6979 3991/7985/6975
f 3991/7986/6975 3995/7996/6979 3996/7997/6980 3992/7987/6976
f 3992/7989/6976 3996/7998/6980 3993/7999/6977 3989/7990/6973
f 3993/7992/6977 3997/8000/6981 3998/8001/6982 3994/7993/6978
f 3994/7994/6978 3998/8002/6982 3999/8003/6983 3995/7995/6979
f 3995/8004/6979 3999/8005/6983 4000/8006/6984 3996/8007/6980
f 3996/7998/6980 4000/8008/6984 3997/8009/6981 3993/7999/6977
f 3997/8010/6981 4001/8011/6985 4002/8012/6986 3998/8013/6982
f 3998/8002/6982 4002/8014/6986 4003/8015/6987 3999/8003/6983
f 3999/8016/6983 4003/8017/6987 4004/8018/6988 4000/8019/6984
f 4000/8008/6984 4004/8020/6988 4001/8021/6985 3997/8009/6981
f 4001/8022/6985 4005/8023/6989 4006/8024/6990 4002/8025/6986
f 4002/8014/6986 4006/8026/6990 4007/8027/6991 4003/8015/6987
f 4003/8017/6987 4007/8028/6991 4008/8029/6992 4004/8018/6988
f 4004/8020/6988 4008/8030/6992 4005/8031/6989 4001/8021/6985
f 4005/8023/6989 4009/8032/6993 4010/8033/6994 4006/8024/6990
f 4006/8026/6990 4010/8034/6994 4011/8035/6995 4007/8027/6991
f 4007/8028/6991 4011/8036/6995 4012/8037/6996 4008/8029/6992
f 4008/8030/6992 4012/8038/6996 4009/8039/6993 4005/8031/6989
f 4009/8032/6993 4013/8040/6997 4014/8041/6998 4010/8033/6994
f 4010/8033/6994 4014/8041/6998 4015/8042/6999 4011/8043/6995
f 4011/8044/6995 4015/8045/6999 4016/8046/7000 4012/8047/6996
f 4012/8048/6996 4016/8049/7000 4013/8040/6997 4009/8032/6993
f 4013/8050/6997 4017/8051/7001 4018/8052/7002 4014/8053/6998
f 4014/8054/6998 4018/8055/7002 4019/8056/7003 4015/8057/6999
f 4015/8058/6999 4019/8059/7003 4020/8060/7004 4016/8061/7000
f 4016/8061/7000 4020/8060/7004 4017/8062/7001 4013/8063/6997
f 4017/8064/7001 4021/8065/7005 4022/8066/7006 4018/8067/7002
f 4018/8055/7002 4022/8068/7006 4023/8069/7007 4019/8056/7003
f 4019/8059/7003 4023/8070/7007 4024/8071/7008 4020/8060/7004
f 4020/8072/7004 4024/8073/7008 4021/8074/7005 4017/8075/7001
f 4021/8065/7005 4025/8076/7009 4026/8077/7010 4022/8066/7006
f 4022/8066/7006 4026/8077/7010 4027/8078/7011 4023/8079/7007
f 4023/8080/7007 4027/8081/7011 4028/8082/7012 4024/8083/7008
f 4024/8073/7008 4028/8084/7012 4025/8085/7009 4021/8074/7005
f 4025/8086/7009 4029/8087/7013 4030/8088/7014 4026/8089/7010
f 4026/8090/7010 4030/8091/7014 4031/8092/7015 4027/8093/7011
f 4027/8094/7011 4031/8095/7015 4032/8096/7016 4028/8097/7012
f 4028/8097/7012 4032/8096/7016 4029/8098/7013 4025/8099/7009
f 4029/8087/7013 4033/8100/6909 4034/8101/6912 4030/8088/7014
f 4030/8091/7014 4034/8102/6912 4035/8103/6911 4031/8092/7015
f 4031/8095/7015 4035/8104/6911 4036/8105/6910 4032/8096/7016
f 4032/8106/7016 4036/8107/6910 4033/8108/6909 4029/8109/7013
f 3811/7540/6724 4037/8110/7017 4038/8111/7018 3805/7541/6715
f 3805/7528/6715 4038/8112/7018 4039/8113/7019 3925/7529/6716
f 3926/7536/6723 4040/8114/7020 4037/8115/7017 3811/7537/6724
f 3954/7914/6926 4042/8116/7021 4043/8117/7022 3807/7915/6719
f 3807/7532/6719 4043/8118/7022 4044/8119/7023 3809/7533/6720
f 3809/7856/6720 4044/8120/7023 4041/8121/7024 3953/7857/6895
f 3925/7529/6716 4039/8113/7019 4045/8122/7025 3897/7953/6960
f 3898/7918/6929 4046/8123/7026 4040/8114/7020 3926/7536/6723
f 3897/7953/6960 4045/8122/7025 4042/8116/7021 3954/7914/6926
f 3953/7857/6895 4041/8121/7024 4046/8123/7026 3898/7918/6929
f 4037/8110/7017 4047/8124/7027 4048/8125/7028 4038/8111/7018
f 4038/8112/7018 4048/8126/7028 4049/8127/7029 4039/8113/7019
f 4040/8114/7020 4050/8128/7030 4047/8129/7027 4037/8115/7017
f 4042/8116/7021 4052/8130/7031 4053/8131/7032 4043/8117/7022
f 4043/8118/7022 4053/8132/7032 4054/8133/7033 4044/8119/7023
f 4044/8120/7023 4054/8134/7033 4051/8135/7034 4041/8121/7024
f 4039/8113/7019 4049/8127/7029 4055/8136/7035 4045/8122/7025
f 4046/8123/7026 4056/8137/7036 4050/8128/7030 4040/8114/7020
f 4045/8122/7025 4055/8136/7035 4052/8130/7031 4042/8116/7021
f 4041/8121/7024 4051/8135/7034 4056/8137/7036 4046/8123/7026
f 4047/8124/7027 4057/8138/7037 4058/8139/7038 4048/8125/7028
f 4048/8126/7028 4058/8140/7038 4059/8141/7039 4049/8127/7029
f 4050/8128/7030 4060/8142/7040 4057/8143/7037 4047/8129/7027
f 4052/8130/7031 4062/8144/7041 4063/8145/7042 4053/8131/7032
f 4053/8132/7032 4063/8146/7042 4064/8147/7043 4054/8133/7033
f 4054/8134/7033 4064/8148/7043 4061/8149/7044 4051/8135/7034
f 4049/8127/7029 4059/8141/7039 4065/8150/7045 4055/8136/7035
f 4056/8137/7036 4066/8151/7046 4060/8142/7040 4050/8128/7030
f 4055/8136/7035 4065/8150/7045 4062/8144/7041 4052/8130/7031
f 4051/8135/7034 4061/8149/7044 4066/8151/7046 4056/8137/7036
f 4057/8138/7037 4067/8152/7047 4068/8153/7048 4058/8139/7038
f 4058/8140/7038 4068/8154/7048 4069/8155/7049 4059/8141/7039
f 4060/8142/7040 4070/8156/7050 4067/8157/7047 4057/8143/7037
f 4062/8144/7041 4072/8158/7051 4073/8159/7052 4063/8145/7042
f 4063/8146/7042 4073/8160/7052 4074/8161/7053 4064/8147/7043
f 4064/8148/7043 4074/8162/7053 4071/8163/7054 4061/8149/7044
f 4059/8141/7039 4069/8155/7049 4075/8164/7055 4065/8150/7045
f 4066/8151/7046 4076/8165/7056 4070/8156/7050 4060/8142/7040
f 4065/8150/7045 4075/8164/7055 4072/8158/7051 4062/8144/7041
f 4061/8149/7044 4071/8163/7054 4076/8165/7056 4066/8151/7046
f 4067/8166/7047 4077/8167/7057 4078/8168/7058 4068/8169/7048
f 4068/8154/7048 4078/8170/7058 4079/8171/7059 4069/8155/7049
f 4070/8156/7050 4080/8172/7060 4077/8173/7057 4067/8157/7047
f 4072/8158/7051 4082/8174/7061 4083/8175/7062 4073/8159/7052
f 4073/8160/7052 4083/8176/7062 4084/8177/7063 4074/8161/7053
f 4074/8162/7053 4084/8178/7063 4081/8179/7064 4071/8163/7054
f 4069/8155/7049 4079/8171/7059 4085/8180/7065 4075/8164/7055
f 4076/8165/7056 4086/8181/7066 4080/8172/7060 4070/8156/7050
f 4075/8164/7055 4085/8180/7065 4082/8174/7061 4072/8158/7051
f 4071/8163/7054 4081/8179/7064 4086/8181/7066 4076/8165/7056
f 4077/8182/7057 4087/8183/7067 4088/8184/7068 4078/8185/7058
f 4078/8170/7058 4088/8186/7068 4089/8187/7069 4079/8171/7059
f 4080/8172/7060 4090/8188/7070 4087/8189/7067 4077/8173/7057
f 4082/8174/7061 4092/8190/7071 4093/8191/7072 4083/8175/7062
f 4083/8176/7062 4093/8192/7072 4094/8193/7073 4084/8177/7063
f 4084/8178/7063 4094/8194/7073 4091/8195/7074 4081/8179/7064
f 4079/8171/7059 4089/8187/7069 4095/8196/7075 4085/8180/7065
f 4086/8181/7066 4096/8197/7076 4090/8188/7070 4080/8172/7060
f 4085/8180/7065 4095/8196/7075 4092/8190/7071 4082/8174/7061
f 4081/8179/7064 4091/8195/7074 4096/8197/7076 4086/8181/7066
f 4087/8183/7067 4097/8198/7077 4098/8199/7078 4088/8184/7068
f 4088/8186/7068 4098/8200/7078 4099/8201/7079 4089/8187/7069
f 4090/8188/7070 4100/8202/7080 4097/8203/7077 4087/8189/7067
f 4092/8190/7071 4102/8204/7081 4103/8205/7082 4093/8191/7072
f 4093/8192/7072 4103/8206/7082 4104/8207/7083 4094/8193/7073
f 4094/8194/7073 4104/8208/7083 4101/8209/7084 4091/8195/7074
f 4089/8187/7069 4099/8201/7079 4105/8210/7085 4095/8196/7075
f 4096/8197/7076 4106/8211/7086 4100/8202/7080 4090/8188/7070
f 4095/8196/7075 4105/8210/7085 4102/8204/7081 4092/8190/7071
f 4091/8195/7074 4101/8209/7084 4106/8211/7086 4096/8197/7076
f 4097/8198/7077 4107/8212/6731 4108/8213/6734 4098/8199/7078
f 4098/8200/7078 4108/8214/6734 4109/8215/6733 4099/8201/7079
f 4100/8202/7080 4110/8216/6732 4107/8217/6731 4097/8203/7077
f 4102/8204/7081 4112/8218/6894 4113/8219/6893 4103/8205/7082
f 4103/8220/7082 4113/7854/6893 4114/7853/6892 4104/8221/7083
f 4104/8208/7083 4114/8222/6892 4111/8223/6891 4101/8209/7084
f 4099/8201/7079 4109/8215/6733 4115/8224/6928 4105/8210/7085
f 4106/8211/7086 4116/8225/6927 4110/8216/6732 4100/8202/7080
f 4105/8210/7085 4115/8224/6928 4112/8218/6894 4102/8204/7081
f 4101/8209/7084 4111/8223/6891 4116/8225/6927 4106/8211/7086
f 3912/8226/6947 4118/8227/7087 4117/8228/7088 3911/8229/6942
f 3911/8229/6942 4117/8228/7088 4119/8230/7089 3968/7961/6908
f 3968/7961/6908 4119/8230/7089 4120/8231/7090 3967/7958/6913
f 3967/7890/6913 4120/8232/7090 4118/8233/7087 3912/7938/6947
f 4118/8227/7087 4122/8234/7091 4121/8235/7092 4117/8228/7088
f 4117/8236/7088 4121/8237/7092 4123/8238/7093 4119/8239/7089
f 4119/8240/7089 4123/8241/7093 4124/8242/7094 4120/8243/7090
f 4120/8232/7090 4124/8244/7094 4122/8245/7091 4118/8233/7087
f 4122/8246/7091 4126/8247/7095 4125/8248/7096 4121/8249/7092
f 4121/8237/7092 4125/8250/7096 4127/8251/7097 4123/8238/7093
f 4123/8252/7093 4127/8253/7097 4128/8254/7098 4124/8255/7094
f 4124/8244/7094 4128/8256/7098 4126/8257/7095 4122/8245/7091
f 4126/8247/7095 4130/8258/7099 4129/8259/7100 4125/8248/7096
f 4125/8250/7096 4129/8260/7100 4131/8261/7101 4127/8251/7097
f 4127/8253/7097 4131/8262/7101 4132/8263/7102 4128/8254/7098
f 4128/8256/7098 4132/8264/7102 4130/8265/7099 4126/8257/7095
f 4130/8258/7099 4134/8266/7103 4133/8267/7104 4129/8259/7100
f 4129/8260/7100 4133/8268/7104 4135/8269/7105 4131/8261/7101
f 4131/8262/7101 4135/8270/7105 4136/8271/7106 4132/8263/7102
f 4132/8264/7102 4136/8272/7106 4134/8273/7103 4130/8265/7099
f 4134/8266/7103 4138/8274/7107 4137/8275/7108 4133/8267/7104
f 4133/8268/7104 4137/8276/7108 4139/8277/7109 4135/8269/7105
f 4135/8270/7105 4139/8278/7109 4140/8279/7110 4136/8271/7106
f 4136/8272/7106 4140/8280/7110 4138/8281/7107 4134/8273/7103
f 4138/8274/7107 4142/8282/7111 4141/8283/7112 4137/8275/7108
f 4137/8275/7108 4141/8283/7112 4143/8284/7113 4139/8285/7109
f 4139/8278/7109 4143/8286/7113 4144/8287/7114 4140/8279/7110
f 4140/8280/7110 4144/8288/7114 4142/8289/7111 4138/8281/7107
f 4142/8290/7111 4146/8291/7115 4145/8292/7116 4141/8293/7112
f 4141/8294/7112 4145/8295/7116 4147/8296/7117 4143/8297/7113
f 4143/8298/7113 4147/8299/7117 4148/8300/7118 4144/8301/7114
f 4144/8288/7114 4148/8302/7118 4146/8303/7115 4142/8289/7111
f 4146/8304/7115 4150/8305/7119 4149/8306/7120 4145/8307/7116
f 4145/8295/7116 4149/8308/7120 4151/8309/7121 4147/8296/7117
f 4147/8299/7117 4151/8310/7121 4152/8311/7122 4148/8300/7118
f 4148/8302/7118 4152/8312/7122 4150/8313/7119 4146/8303/7115
f 4150/8305/7119 4154/8314/7123 4153/8315/7124 4149/8306/7120
f 4149/8308/7120 4153/8316/7124 4155/8317/7125 4151/8309/7121
f 4151/8310/7121 4155/8318/7125 4156/8319/7126 4152/8311/7122
f 4152/8312/7122 4156/8320/7126 4154/8321/7123 4150/8313/7119
f 4154/8314/7123 4158/8322/7127 4157/8323/7128 4153/8315/7124
f 4153/8315/7124 4157/8323/7128 4159/8324/7129 4155/8325/7125
f 4155/8326/7125 4159/8327/7129 4160/8328/7130 4156/8329/7126
f 4156/8320/7126 4160/8330/7130 4158/8331/7127 4154/8321/7123
f 4158/8332/7127 4162/8333/7131 4161/8334/7132 4157/8335/7128
f 4157/8336/7128 4161/8337/7132 4163/8338/7133 4159/8339/7129
f 4159/8340/7129 4163/8341/7133 4164/8342/7134 4160/8343/7130
f 4160/8343/7130 4164/8342/7134 4162/8344/7131 4158/8345/7127
f 4162/8346/7131 4166/8347/7135 4165/8348/7136 4161/8349/7132
f 4161/8337/7132 4165/8350/7136 4167/8351/7137 4163/8338/7133
f 4163/8341/7133 4167/8352/7137 4168/8353/7138 4164/8342/7134
f 4164/8354/7134 4168/8355/7138 4166/8356/7135 4162/8357/7131
f 4166/8347/7135 4170/8358/7139 4169/8359/7140 4165/8348/7136
f 4165/8350/7136 4169/8360/7140 4171/8361/7141 4167/8351/7137
f 4167/8362/7137 4171/8363/7141 4172/8364/7142 4168/8365/7138
f 4168/8355/7138 4172/8366/7142 4170/8367/7139 4166/8356/7135
f 4170/8368/7139 4174/8369/7143 4173/8370/7144 4169/8371/7140
f 4169/8360/7140 4173/8372/7144 4175/8373/7145 4171/8361/7141
f 4171/8374/7141 4175/8375/7145 4176/8376/7146 4172/8377/7142
f 4172/8366/7142 4176/8378/7146 4174/8379/7143 4170/8367/7139
f 4174/8369/7143 4178/8380/6961 4177/8381/6964 4173/8370/7144
f 4173/8372/7144 4177/8382/6964 4179/8383/6963 4175/8373/7145
f 4175/8375/7145 4179/8384/6963 4180/8385/6962 4176/8376/7146
f 4176/8378/7146 4180/8386/6962 4178/8387/6961 4174/8379/7143
f 3940/8388/6845 4182/8389/7147 4181/8390/7148 3939/8391/6842
f 3939/7753/6842 4181/8392/7148 4183/8393/7149 3911/7933/6942
f 3911/8394/6942 4183/8395/7149 4184/8396/7150 3912/8397/6947
f 3912/7938/6947 4184/8398/7150 4182/8399/7147 3940/7756/6845
f 4182/8389/7147 4186/8400/7151 4185/8401/7152 4181/8390/7148
f 4181/8392/7148 4185/8402/7152 4187/8403/7153 4183/8393/7149
f 4183/8404/7149 4187/8405/7153 4188/8406/7154 4184/8407/7150
f 4184/8398/7150 4188/8408/7154 4186/8409/7151 4182/8399/7147
f 4186/8400/7151 4190/8410/7155 4189/8411/7156 4185/8401/7152
f 4185/8402/7152 4189/8412/7156 4191/8413/7157 4187/8403/7153
f 4187/8405/7153 4191/8414/7157 4192/8415/7158 4188/8406/7154
f 4188/8408/7154 4192/8416/7158 4190/8417/7155 4186/8409/7151
f 4190/8410/7155 4194/8418/7159 4193/8419/7160 4189/8411/7156
f 4189/8412/7156 4193/8420/7160 4195/8421/7161 4191/8413/7157
f 4191/8414/7157 4195/8422/7161 4196/8423/7162 4192/8415/7158
f 4192/8416/7158 4196/8424/7162 4194/8425/7159 4190/8417/7155
f 4194/8418/7159 4198/8426/7163 4197/8427/7164 4193/8419/7160
f 4193/8420/7160 4197/8428/7164 4199/8429/7165 4195/8421/7161
f 4195/8422/7161 4199/8430/7165 4200/8431/7166 4196/8423/7162
f 4196/8424/7162 4200/8432/7166 4198/8433/7163 4194/8425/7159
f 4198/8434/7163 4202/8435/7167 4201/8436/7168 4197/8437/7164
f 4197/8428/7164 4201/8438/7168 4203/8439/7169 4199/8429/7165
f 4199/8430/7165 4203/8440/7169 4204/8441/7170 4200/8431/7166
f 4200/8432/7166 4204/8442/7170 4202/8443/7167 4198/8433/7163
f 4202/8444/7167 4206/8445/7171 4205/8446/7172 4201/8447/7168
f 4201/8438/7168 4205/8448/7172 4207/8449/7173 4203/8439/7169
f 4203/8440/7169 4207/8450/7173 4208/8451/7174 4204/8441/7170
f 4204/8442/7170 4208/8452/7174 4206/8453/7171 4202/8443/7167
f 4206/8445/7171 4210/8454/7175 4209/8455/7176 4205/8446/7172
f 4205/8448/7172 4209/8456/7176 4211/8457/7177 4207/8449/7173
f 4207/8450/7173 4211/8458/7177 4212/8459/7178 4208/8451/7174
f 4208/8452/7174 4212/8460/7178 4210/8461/7175 4206/8453/7171
f 4210/8454/7175 4214/8462/7179 4213/8463/7180 4209/8455/7176
f 4209/8455/7176 4213/8463/7180 4215/8464/7181 4211/8465/7177
f 4211/8466/7177 4215/8467/7181 4216/8468/7182 4212/8469/7178
f 4212/8460/7178 4216/8470/7182 4214/8471/7179 4210/8461/7175
f 4214/8472/7179 4218/8473/7183 4217/8474/7184 4213/8475/7180
f 4213/8476/7180 4217/8477/7184 4219/8478/7185 4215/8479/7181
f 4215/8480/7181 4219/8481/7185 4220/8482/7186 4216/8483/7182
f 4216/8470/7182 4220/8484/7186 4218/8485/7183 4214/8471/7179
f 4218/8486/7183 4222/8487/7187 4221/8488/7188 4217/8489/7184
f 4217/8477/7184 4221/8490/7188 4223/8491/7189 4219/8478/7185
f 4219/8481/7185 4223/8492/7189 4224/8493/7190 4220/8482/7186
f 4220/8484/7186 4224/8494/7190 4222/8495/7187 4218/8485/7183
f 4222/8487/7187 4226/8496/7191 4225/8497/7192 4221/8488/7188
f 4221/8488/7188 4225/8497/7192 4227/8498/7193 4223/8499/7189
f 4223/8500/7189 4227/8501/7193 4228/8502/7194 4224/8503/7190
f 4224/8494/7190 4228/8504/7194 4226/8505/7191 4222/8495/7187
f 4226/8506/7191 4230/8507/7195 4229/8508/7196 4225/8509/7192
f 4225/8510/7192 4229/8511/7196 4231/8512/7197 4227/8513/7193
f 4227/8514/7193 4231/8515/7197 4232/8516/7198 4228/8517/7194
f 4228/8504/7194 4232/8518/7198 4230/8519/7195 4226/8505/7191
f 4230/8507/7195 4234/8520/6943 4233/8521/6946 4229/8508/7196
f 4229/8511/7196 4233/8522/6946 4235/8523/6945 4231/8512/7197
f 4231/8515/7197 4235/8524/6945 4236/8525/6944 4232/8516/7198
f 4232/8518/7198 4236/8526/6944 4234/8527/6943 4230/8519/7195
f 3894/8528/6846 4238/8529/7199 4237/8530/7200 3893/8531/6841
f 3893/7752/6841 4237/8532/7200 4239/8533/7201 3939/7753/6842
f 3939/8534/6842 4239/8535/7201 4240/8536/7202 3940/8537/6845
f 3940/7756/6845 4240/8538/7202 4238/8539/7199 3894/7757/6846
f 4238/8540/7199 4242/8541/7203 4241/8542/7204 4237/8543/7200
f 4237/8532/7200 4241/8544/7204 4243/8545/7205 4239/8533/7201
f 4239/8535/7201 4243/8546/7205 4244/8547/7206 4240/8536/7202
f 4240/8538/7202 4244/8548/7206 4242/8549/7203 4238/8539/7199
f 4242/8541/7203 4246/8550/7207 4245/8551/7208 4241/8542/7204
f 4241/8544/7204 4245/8552/7208 4247/8553/7209 4243/8545/7205
f 4243/8554/7205 4247/8555/7209 4248/8556/7210 4244/8557/7206
f 4244/8548/7206 4248/8558/7210 4246/8559/7207 4242/8549/7203
f 4246/8550/7207 4250/8560/7211 4249/8561/7212 4245/8551/7208
f 4245/8552/7208 4249/8562/7212 4251/8563/7213 4247/8553/7209
f 4247/8555/7209 4251/8564/7213 4252/8565/7214 4248/8556/7210
f 4248/8558/7210 4252/8566/7214 4250/8567/7211 4246/8559/7207
f 4250/8560/7211 4254/8568/7215 4253/8569/7216 4249/8561/7212
f 4249/8562/7212 4253/8570/7216 4255/8571/7217 4251/8563/7213
f 4251/8564/7213 4255/8572/7217 4256/8573/7218 4252/8565/7214
f 4252/8566/7214 4256/8574/7218 4254/8575/7215 4250/8567/7211
f 4254/8576/7215 4258/8577/7219 4257/8578/7220 4253/8579/7216
f 4253/8570/7216 4257/8580/7220 4259/8581/7221 4255/8571/7217
f 4255/8572/7217 4259/8582/7221 4260/8583/7222 4256/8573/7218
f 4256/8574/7218 4260/8584/7222 4258/8585/7219 4254/8575/7215
f 4258/8586/7219 4262/8587/7223 4261/8588/7224 4257/8589/7220
f 4257/8580/7220 4261/8590/7224 4263/8591/7225 4259/8581/7221
f 4259/8592/7221 4263/8593/7225 4264/8594/7226 4260/8595/7222
f 4260/8584/7222 4264/8596/7226 4262/8597/7223 4258/8585/7219
f 4262/8598/7223 4266/8599/7227 4265/8600/7228 4261/8601/7224
f 4261/8590/7224 4265/8602/7228 4267/8603/7229 4263/8591/7225
f 4263/8593/7225 4267/8604/7229 4268/8605/7230 4264/8594/7226
f 4264/8596/7226 4268/8606/7230 4266/8607/7227 4262/8597/7223
f 4266/8599/7227 4270/8608/7231 4269/8609/7232 4265/8600/7228
f 4265/8602/7228 4269/8610/7232 4271/8611/7233 4267/8603/7229
f 4267/8612/7229 4271/8613/7233 4272/8614/7234 4268/8615/7230
f 4268/8606/7230 4272/8616/7234 4270/8617/7231 4266/8607/7227
f 4270/8608/7231 4274/8618/7235 4273/8619/7236 4269/8609/7232
f 4269/8610/7232 4273/8620/7236 4275/8621/7237 4271/8611/7233
f 4271/8613/7233 4275/8622/7237 4276/8623/7238 4272/8614/7234
f 4272/8616/7234 4276/8624/7238 4274/8625/7235 4270/8617/7231
f 4274/8618/7235 4278/8626/7239 4277/8627/7240 4273/8619/7236
f 4273/8620/7236 4277/8628/7240 4279/8629/7241 4275/8621/7237
f 4275/8622/7237 4279/8630/7241 4280/8631/7242 4276/8623/7238
f 4276/8624/7238 4280/8632/7242 4278/8633/7239 4274/8625/7235
f 4278/8634/7239 4282/8635/7243 4281/8636/7244 4277/8637/7240
f 4277/8628/7240 4281/8638/7244 4283/8639/7245 4279/8629/7241
f 4279/8640/7241 4283/8641/7245 4284/8642/7246 4280/8643/7242
f 4280/8632/7242 4284/8644/7246 4282/8645/7243 4278/8633/7239
f 4282/8646/7243 4286/8647/7247 4285/8648/7248 4281/8649/7244
f 4281/8649/7244 4285/8648/7248 4287/8650/7249 4283/8651/7245
f 4283/8651/7245 4287/8650/7249 4288/8652/7250 4284/8653/7246
f 4284/8653/7246 4288/8652/7250 4286/8647/7247 4282/8646/7243
f 4286/8654/7247 4290/8655/7251 4289/8656/7252 4285/8657/7248
f 4285/8658/7248 4289/8659/7252 4291/8660/7253 4287/8661/7249
f 4287/8662/7249 4291/8663/7253 4292/8664/7254 4288/8665/7250
f 4288/8666/7250 4292/8667/7254 4290/8668/7251 4286/8669/7247
f 4290/8655/7251 4294/8670/7255 4293/8671/7256 4289/8656/7252
f 4289/8659/7252 4293/8672/7256 4295/8673/7257 4291/8660/7253
f 4291/8663/7253 4295/8674/7257 4296/8675/7258 4292/8664/7254
f 4292/8667/7254 4296/8676/7258 4294/8677/7255 4290/8668/7251
f 4294/8678/7255 4298/8679/7259 4297/8680/7260 4293/8681/7256
f 4293/8672/7256 4297/8682/7260 4299/8683/7261 4295/8673/7257
f 4295/8684/7257 4299/8685/7261 4300/8686/7262 4296/8687/7258
f 4296/8676/7258 4300/8688/7262 4298/8689/7259 4294/8677/7255
f 4298/8679/7259 4302/8690/6727 4301/8691/6730 4297/8680/7260
f 4297/8682/7260 4301/8692/6730 4303/8693/6729 4299/8683/7261
f 4299/8685/7261 4303/8694/6729 4304/8695/6728 4300/8686/7262
f 4300/8688/7262 4304/8696/6728 4302/8697/6727 4298/8689/7259
f 3890/7737/6831 4306/8698/7263 4305/8699/7264 3889/7738/6832
f 3889/8700/6832 4305/8701/7264 4307/8702/7265 3893/8531/6841
f 3893/8531/6841 4307/8702/7265 4308/8703/7266 3894/8528/6846
f 3894/7757/6846 4308/8704/7266 4306/8705/7263 3890/7747/6831
f 4306/8706/7263 4314/8707/6847 4313/8708/6850 4305/8709/7264
f 4305/8710/7264 4313/7762/6850 4317/7765/6852 4307/8711/7265
f 4307/8712/7265 4317/8713/6852 4319/8714/6854 4308/8715/7266
f 4308/8715/7266 4319/8714/6854 4314/8707/6847 4306/8706/7263
g default
v -13.342666 3.199479 0.448978
v -10.449625 3.199479 1.918362
v -7.837214 3.199479 3.370542
v -5.224813 3.199479 4.710917
v -2.612406 3.199479 4.710917
v 0.000000 3.199479 4.710917
v 2.612406 3.199479 4.710917
v 5.224813 3.199479 4.393273
v 7.837214 3.199479 3.563129
v 10.449625 3.199479 1.855750
v 13.307697 3.199479 0.580102
v -13.342666 3.199479 0.359182
v -10.449625 3.199479 1.534689
v -7.837214 3.199479 2.696434
v -5.224813 3.199479 3.768732
v -2.612406 3.199479 3.768732
v 0.000000 3.539518 3.768732
v 2.612406 3.539518 3.768732
v 5.224813 3.199479 3.514618
v 7.837214 3.199479 2.850501
v 10.449625 3.199479 1.484599
v 13.307697 3.199479 0.464081
v -13.342666 3.199479 0.269387
v -10.449625 3.760697 1.151017
v -7.837214 3.760697 2.022326
v -5.224813 4.070504 2.826552
v -2.612406 4.070504 2.826552
v 0.000000 4.663828 2.826552
v 2.612406 4.663828 2.826552
v 5.224813 3.199479 2.635967
v 7.837214 3.692434 2.137878
v 10.449625 3.692434 1.113451
v 13.307697 3.199479 0.348061
v -13.342666 3.199479 0.179591
v -10.449625 3.760697 0.767344
v -7.837214 3.760697 1.348217
v -5.224813 4.407529 1.884366
v -2.612406 4.407529 1.884366
v 0.000000 4.323790 1.884366
v 2.612406 4.323790 1.884366
v 5.224813 3.199479 1.757309
v 7.837214 3.692434 1.425250
v 10.449625 3.692434 0.742300
v 13.307697 3.199479 0.232040
v -13.342666 3.199479 0.089795
v -10.449625 3.199479 0.383672
v -7.837214 3.900471 0.674108
v -5.224813 4.237496 0.942183
v -2.612406 4.920524 0.942183
v 0.000000 5.226834 0.942183
v 2.612406 3.842815 0.942183
v 5.224813 3.835079 0.878654
v 7.837214 3.835079 0.712625
v 10.449625 3.199479 0.371150
v 13.307697 3.199479 0.116020
v -13.342666 3.199479 0.000000
v -10.449625 3.199479 0.000000
v -7.837214 3.900471 0.000000
v -5.224813 3.900471 0.000000
v -2.612406 4.583498 0.000000
v 0.000000 5.716007 0.000000
v 2.612406 4.331987 0.000000
v 5.224813 3.835079 0.000000
v 7.837214 3.835079 0.000000
v 10.449625 3.199479 0.000000
v 13.307697 3.199479 0.000000
v -13.342666 3.199479 -0.089795
v -10.449625 3.199479 -0.383672
v -7.837214 3.888854 -0.674108
v -5.224813 3.888854 -0.942183
v -2.612406 4.391224 -0.942183
v 0.000000 4.880397 -0.942183
v 2.612406 3.959481 -0.942183
v 5.224813 3.770836 -0.878654
v 7.837214 3.500007 -0.712625
v 10.449625 3.199479 -0.371150
v 13.307697 3.199479 -0.116020
v -13.342666 3.199479 -0.179591
v -10.449625 3.199479 -0.767344
v -7.837214 3.888854 -1.348217
v -5.224813 4.318097 -1.884366
v -2.612406 4.820467 -1.884366
v 0.000000 4.391224 -1.884366
v 2.612406 4.019433 -1.884366
v 5.224813 4.543300 -1.757309
v 7.837214 3.723346 -1.425250
v 10.449625 3.199479 -0.742300
v 13.307697 3.199479 -0.232040
v -13.342666 3.199479 -0.269387
v -10.449625 3.422737 -1.151017
v -7.837214 3.355957 -2.022326
v -5.224813 3.815497 -2.826552
v -2.612406 4.839955 -2.826552
v 0.000000 4.157159 -2.826552
v 2.612406 3.748603 -2.826552
v 5.224813 3.971942 -2.635967
v 7.837214 3.422819 -2.137878
v 10.449625 3.199479 -1.113451
v 13.307697 3.199479 -0.348061
v -13.342666 3.199479 -0.359182
v -10.449625 3.422737 -1.534689
v -7.837214 3.355957 -2.696434
v -5.224813 3.386254 -3.768732
v -2.612406 4.410713 -3.768732
v 0.000000 4.157159 -3.768732
v 2.612406 3.199479 -3.768732
v 5.224813 3.199479 -3.514618
v 7.837214 3.199479 -2.850501
v 10.449625 3.199479 -1.484599
v 13.307697 3.199479 -0.464081
v -13.342666 3.199479 -0.448978
v -10.449625 3.199479 -1.918362
v -7.837214 3.199479 -3.370542
v -5.224813 3.199479 -4.710917
v -2.612406 3.199479 -4.710917
v 0.000000 3.199479 -4.710917
v 2.612406 3.199479 -4.710917
v 5.224813 3.199479 -4.393273
v 7.837214 3.199479 -3.563129
v 10.449625 3.199479 -1.855750
v 13.307697 3.199479 -0.580102
vt 0.765596 0.539719
vt 0.737223 0.483855
vt 0.744632 0.483855
vt 0.767330 0.539719
vt 0.709182 0.433411
vt 0.722199 0.433411
vt 0.683300 0.382966
vt 0.701493 0.382966
vt 0.683300 0.332522
vt 0.701493 0.332522
vt 0.683300 0.282077
vt 0.701493 0.282077
vt 0.683300 0.231633
vt 0.701493 0.231633
vt 0.689434 0.181188
vt 0.706400 0.181188
vt 0.705463 0.130744
vt 0.719224 0.130744
vt 0.738432 0.080299
vt 0.745599 0.080299
vt 0.763064 0.025111
vt 0.765305 0.025111
vt 0.752040 0.483855
vt 0.769064 0.539719
vt 0.735216 0.433411
vt 0.719686 0.382966
vt 0.719686 0.332522
vt 0.719686 0.282077
vt 0.719686 0.231633
vt 0.723366 0.181188
vt 0.732984 0.130744
vt 0.752766 0.080299
vt 0.767545 0.025111
vt 0.759449 0.483855
vt 0.770798 0.539719
vt 0.748232 0.433411
vt 0.737880 0.382966
vt 0.737880 0.332522
vt 0.737880 0.282077
vt 0.737880 0.231633
vt 0.740333 0.181188
vt 0.746745 0.130744
vt 0.759932 0.080299
vt 0.769785 0.025111
vt 0.766857 0.483855
vt 0.772532 0.539719
vt 0.761249 0.433411
vt 0.756073 0.382966
vt 0.756073 0.332522
vt 0.756073 0.282077
vt 0.756073 0.231633
vt 0.757299 0.181188
vt 0.760505 0.130744
vt 0.767099 0.080299
vt 0.772026 0.025111
vt 0.774266 0.483855
vt 0.774266 0.539719
vt 0.774266 0.433411
vt 0.774266 0.382966
vt 0.774266 0.332522
vt 0.774266 0.282077
vt 0.774266 0.231633
vt 0.774266 0.181188
vt 0.774266 0.130744
vt 0.774266 0.080299
vt 0.774266 0.025111
vt 0.781674 0.483855
vt 0.776000 0.539719
vt 0.787283 0.433411
vt 0.792459 0.382966
vt 0.792459 0.332522
vt 0.792459 0.282077
vt 0.792459 0.231633
vt 0.791232 0.181188
vt 0.788026 0.130744
vt 0.781433 0.080299
vt 0.776506 0.025111
vt 0.789083 0.483855
vt 0.777734 0.539719
vt 0.800299 0.433411
vt 0.810652 0.382966
vt 0.810652 0.332522
vt 0.810652 0.282077
vt 0.810652 0.231633
vt 0.808199 0.181188
vt 0.801787 0.130744
vt 0.788599 0.080299
vt 0.778747 0.025111
vt 0.796492 0.483855
vt 0.779468 0.539719
vt 0.813316 0.433411
vt 0.828846 0.382966
vt 0.828846 0.332522
vt 0.828846 0.282077
vt 0.828846 0.231633
vt 0.825165 0.181188
vt 0.815547 0.130744
vt 0.795766 0.080299
vt 0.780987 0.025111
vt 0.803900 0.483855
vt 0.781202 0.539719
vt 0.826333 0.433411
vt 0.847039 0.382966
vt 0.847039 0.332522
vt 0.847039 0.282077
vt 0.847039 0.231633
vt 0.842132 0.181188
vt 0.829308 0.130744
vt 0.802933 0.080299
vt 0.783227 0.025111
vt 0.811309 0.483855
vt 0.782936 0.539719
vt 0.839350 0.433411
vt 0.865232 0.382966
vt 0.865232 0.332522
vt 0.865232 0.282077
vt 0.865232 0.231633
vt 0.859098 0.181188
vt 0.843068 0.130744
vt 0.810100 0.080299
vt 0.785467 0.025111
vn 0.000000 1.000000 0.000000
vn 0.000000 1.000000 0.000000
vn -0.200624 0.843978 0.497445
vn -0.251426 0.778657 0.574872
vn 0.000000 1.000000 0.000000
vn -0.178452 0.884169 0.431740
vn 0.000000 1.000000 0.000000
vn -0.064974 0.923251 0.378663
vn -0.032392 0.995432 0.089814
vn -0.052214 0.881044 0.470143
vn -0.031395 0.964788 0.261147
vn -0.051149 0.815236 0.576866
vn 0.038908 0.962587 0.268165
vn 0.102913 0.856684 0.505472
vn 0.051356 0.992364 0.112147
vn 0.123290 0.955019 0.269701
vn 0.000000 1.000000 0.000000
vn 0.052997 0.970635 0.234648
vn 0.000000 1.000000 0.000000
vn 0.198887 0.869710 0.451717
vn 0.000000 1.000000 0.000000
vn 0.204262 0.833325 0.513661
vn -0.204590 0.871435 0.445808
vn -0.281815 0.863973 0.417290
vn -0.236259 0.851625 0.467886
vn -0.120994 0.844536 0.521651
vn -0.060953 0.854764 0.515425
vn -0.059444 0.906277 0.418483
vn 0.183269 0.936378 0.299348
vn 0.184356 0.966113 0.180659
vn 0.030927 0.956324 0.290669
vn 0.188906 0.902862 0.386205
vn 0.240110 0.894104 0.378055
vn -0.048105 0.952602 -0.300393
vn -0.031425 0.831533 -0.554586
vn -0.135315 0.990618 -0.019109
vn -0.128799 0.973018 0.191432
vn -0.064178 0.949353 0.307586
vn 0.031304 0.988250 0.149605
vn 0.240015 0.968505 -0.066262
vn 0.125122 0.989421 0.073418
vn -0.056586 0.993006 0.103622
vn 0.045843 0.964924 -0.258495
vn 0.042957 0.870946 -0.489497
vn -0.098716 0.945942 -0.308948
vn 0.034187 0.874048 -0.484635
vn -0.131511 0.979745 -0.151010
vn -0.162065 0.981686 -0.100134
vn -0.171460 0.970318 0.170543
vn 0.114885 0.922338 0.368909
vn 0.254244 0.934203 0.250249
vn 0.071780 0.975513 0.207898
vn 0.044190 0.996485 0.071170
vn 0.095360 0.960651 -0.260877
vn -0.020960 0.902287 -0.430626
vn -0.176069 0.984371 -0.003614
vn 0.000000 1.000000 0.000000
vn -0.121036 0.990255 -0.068889
vn -0.138860 0.975631 -0.169891
vn -0.252860 0.939478 -0.231178
vn 0.090217 0.987316 -0.130646
vn 0.304809 0.952146 -0.022595
vn 0.076188 0.995786 -0.051053
vn 0.104718 0.985561 -0.133054
vn 0.146000 0.984016 -0.101969
vn 0.000000 1.000000 0.000000
vn -0.174712 0.984612 -0.003862
vn 0.000000 1.000000 0.000000
vn -0.115833 0.990957 0.067722
vn -0.120002 0.981564 0.148766
vn -0.183578 0.981835 -0.047951
vn 0.087244 0.930473 -0.355820
vn 0.176640 0.972666 -0.150726
vn 0.065379 0.986506 0.150108
vn 0.123498 0.988664 0.085389
vn 0.107668 0.993008 -0.048411
vn 0.000000 1.000000 0.000000
vn -0.140918 0.989985 0.008452
vn 0.034656 0.978907 0.201346
vn -0.190302 0.970280 -0.149475
vn -0.220249 0.974246 -0.048336
vn -0.069703 0.997536 0.007976
vn 0.149211 0.976126 -0.157845
vn 0.051268 0.989483 -0.135260
vn 0.064396 0.997924 -0.001126
vn 0.215612 0.976309 0.018251
vn 0.110737 0.993848 0.001996
vn 0.000000 1.000000 0.000000
vn -0.076354 0.995769 -0.051128
vn 0.016235 0.962826 0.269632
vn -0.174996 0.934752 -0.309216
vn -0.271628 0.894702 -0.354580
vn -0.067027 0.965808 -0.250445
vn 0.191724 0.957184 -0.216891
vn 0.077197 0.913272 -0.399968
vn 0.093567 0.858936 -0.503463
vn 0.222319 0.891955 -0.393689
vn 0.129006 0.977992 -0.163982
vn 0.000000 1.000000 0.000000
vn -0.089479 0.979495 -0.180511
vn -0.140339 0.974782 -0.173507
vn -0.128227 0.964755 -0.229793
vn -0.194718 0.900411 -0.389030
vn -0.078203 0.845162 -0.528759
vn 0.143903 0.866022 -0.478851
vn 0.105364 0.931509 -0.348122
vn 0.052394 0.948452 -0.312559
vn 0.099781 0.966737 -0.235508
vn 0.059662 0.994178 -0.089728
vn 0.000000 1.000000 0.000000
vn -0.171420 0.919650 -0.353355
vn -0.224016 0.881501 -0.415660
vn -0.115717 0.963590 -0.241049
vn -0.140418 0.870292 -0.472095
vn -0.053504 0.725245 -0.686408
vn 0.088856 0.766584 -0.635967
vn 0.093162 0.961559 -0.258311
vn 0.000000 1.000000 0.000000
vn 0.000000 1.000000 0.000000
vn 0.000000 1.000000 0.000000
vn 0.000000 1.000000 0.000000
s 1
g polySurface71 polySurface92
usemtl openPBRSurface8SG
f 4357/8716/7267 4358/8717/7268 4369/8718/7269 4368/8719/7270
f 4358/8717/7268 4359/8720/7271 4370/8721/7272 4369/8718/7269
f 4359/8720/7271 4360/8722/7273 4371/8723/7274 4370/8721/7272
f 4360/8722/7273 4361/8724/7275 4372/8725/7276 4371/8723/7274
f 4361/8724/7275 4362/8726/7277 4373/8727/7278 4372/8725/7276
f 4362/8726/7277 4363/8728/7279 4374/8729/7280 4373/8727/7278
f 4363/8728/7279 4364/8730/7281 4375/8731/7282 4374/8729/7280
f 4364/8730/7281 4365/8732/7283 4376/8733/7284 4375/8731/7282
f 4365/8732/7283 4366/8734/7285 4377/8735/7286 4376/8733/7284
f 4366/8734/7285 4367/8736/7287 4378/8737/7288 4377/8735/7286
f 4368/8719/7270 4369/8718/7269 4380/8738/7289 4379/8739/7290
f 4369/8718/7269 4370/8721/7272 4381/8740/7291 4380/8738/7289
f 4370/8721/7272 4371/8723/7274 4382/8741/7292 4381/8740/7291
f 4371/8723/7274 4372/8725/7276 4383/8742/7293 4382/8741/7292
f 4372/8725/7276 4373/8727/7278 4384/8743/7294 4383/8742/7293
f 4373/8727/7278 4374/8729/7280 4385/8744/7295 4384/8743/7294
f 4374/8729/7280 4375/8731/7282 4386/8745/7296 4385/8744/7295
f 4375/8731/7282 4376/8733/7284 4387/8746/7297 4386/8745/7296
f 4376/8733/7284 4377/8735/7286 4388/8747/7298 4387/8746/7297
f 4377/8735/7286 4378/8737/7288 4389/8748/7299 4388/8747/7298
f 4379/8739/7290 4380/8738/7289 4391/8749/7300 4390/8750/7301
f 4380/8738/7289 4381/8740/7291 4392/8751/7302 4391/8749/7300
f 4381/8740/7291 4382/8741/7292 4393/8752/7303 4392/8751/7302
f 4382/8741/7292 4383/8742/7293 4394/8753/7304 4393/8752/7303
f 4383/8742/7293 4384/8743/7294 4395/8754/7305 4394/8753/7304
f 4384/8743/7294 4385/8744/7295 4396/8755/7306 4395/8754/7305
f 4385/8744/7295 4386/8745/7296 4397/8756/7307 4396/8755/7306
f 4386/8745/7296 4387/8746/7297 4398/8757/7308 4397/8756/7307
f 4387/8746/7297 4388/8747/7298 4399/8758/7309 4398/8757/7308
f 4388/8747/7298 4389/8748/7299 4400/8759/7310 4399/8758/7309
f 4390/8750/7301 4391/8749/7300 4402/8760/7311 4401/8761/7312
f 4391/8749/7300 4392/8751/7302 4403/8762/7313 4402/8760/7311
f 4392/8751/7302 4393/8752/7303 4404/8763/7314 4403/8762/7313
f 4393/8752/7303 4394/8753/7304 4405/8764/7315 4404/8763/7314
f 4394/8753/7304 4395/8754/7305 4406/8765/7316 4405/8764/7315
f 4395/8754/7305 4396/8755/7306 4407/8766/7317 4406/8765/7316
f 4396/8755/7306 4397/8756/7307 4408/8767/7318 4407/8766/7317
f 4397/8756/7307 4398/8757/7308 4409/8768/7319 4408/8767/7318
f 4398/8757/7308 4399/8758/7309 4410/8769/7320 4409/8768/7319
f 4399/8758/7309 4400/8759/7310 4411/8770/7321 4410/8769/7320
f 4401/8761/7312 4402/8760/7311 4413/8771/7322 4412/8772/7323
f 4402/8760/7311 4403/8762/7313 4414/8773/7324 4413/8771/7322
f 4403/8762/7313 4404/8763/7314 4415/8774/7325 4414/8773/7324
f 4404/8763/7314 4405/8764/7315 4416/8775/7326 4415/8774/7325
f 4405/8764/7315 4406/8765/7316 4417/8776/7327 4416/8775/7326
f 4406/8765/7316 4407/8766/7317 4418/8777/7328 4417/8776/7327
f 4407/8766/7317 4408/8767/7318 4419/8778/7329 4418/8777/7328
f 4408/8767/7318 4409/8768/7319 4420/8779/7330 4419/8778/7329
f 4409/8768/7319 4410/8769/7320 4421/8780/7331 4420/8779/7330
f 4410/8769/7320 4411/8770/7321 4422/8781/7332 4421/8780/7331
f 4412/8772/7323 4413/8771/7322 4424/8782/7333 4423/8783/7334
f 4413/8771/7322 4414/8773/7324 4425/8784/7335 4424/8782/7333
f 4414/8773/7324 4415/8774/7325 4426/8785/7336 4425/8784/7335
f 4415/8774/7325 4416/8775/7326 4427/8786/7337 4426/8785/7336
f 4416/8775/7326 4417/8776/7327 4428/8787/7338 4427/8786/7337
f 4417/8776/7327 4418/8777/7328 4429/8788/7339 4428/8787/7338
f 4418/8777/7328 4419/8778/7329 4430/8789/7340 4429/8788/7339
f 4419/8778/7329 4420/8779/7330 4431/8790/7341 4430/8789/7340
f 4420/8779/7330 4421/8780/7331 4432/8791/7342 4431/8790/7341
f 4421/8780/7331 4422/8781/7332 4433/8792/7343 4432/8791/7342
f 4423/8783/7334 4424/8782/7333 4435/8793/7344 4434/8794/7345
f 4424/8782/7333 4425/8784/7335 4436/8795/7346 4435/8793/7344
f 4425/8784/7335 4426/8785/7336 4437/8796/7347 4436/8795/7346
f 4426/8785/7336 4427/8786/7337 4438/8797/7348 4437/8796/7347
f 4427/8786/7337 4428/8787/7338 4439/8798/7349 4438/8797/7348
f 4428/8787/7338 4429/8788/7339 4440/8799/7350 4439/8798/7349
f 4429/8788/7339 4430/8789/7340 4441/8800/7351 4440/8799/7350
f 4430/8789/7340 4431/8790/7341 4442/8801/7352 4441/8800/7351
f 4431/8790/7341 4432/8791/7342 4443/8802/7353 4442/8801/7352
f 4432/8791/7342 4433/8792/7343 4444/8803/7354 4443/8802/7353
f 4434/8794/7345 4435/8793/7344 4446/8804/7355 4445/8805/7356
f 4435/8793/7344 4436/8795/7346 4447/8806/7357 4446/8804/7355
f 4436/8795/7346 4437/8796/7347 4448/8807/7358 4447/8806/7357
f 4437/8796/7347 4438/8797/7348 4449/8808/7359 4448/8807/7358
f 4438/8797/7348 4439/8798/7349 4450/8809/7360 4449/8808/7359
f 4439/8798/7349 4440/8799/7350 4451/8810/7361 4450/8809/7360
f 4440/8799/7350 4441/8800/7351 4452/8811/7362 4451/8810/7361
f 4441/8800/7351 4442/8801/7352 4453/8812/7363 4452/8811/7362
f 4442/8801/7352 4443/8802/7353 4454/8813/7364 4453/8812/7363
f 4443/8802/7353 4444/8803/7354 4455/8814/7365 4454/8813/7364
f 4445/8805/7356 4446/8804/7355 4457/8815/7366 4456/8816/7367
f 4446/8804/7355 4447/8806/7357 4458/8817/7368 4457/8815/7366
f 4447/8806/7357 4448/8807/7358 4459/8818/7369 4458/8817/7368
f 4448/8807/7358 4449/8808/7359 4460/8819/7370 4459/8818/7369
f 4449/8808/7359 4450/8809/7360 4461/8820/7371 4460/8819/7370
f 4450/8809/7360 4451/8810/7361 4462/8821/7372 4461/8820/7371
f 4451/8810/7361 4452/8811/7362 4463/8822/7373 4462/8821/7372
f 4452/8811/7362 4453/8812/7363 4464/8823/7374 4463/8822/7373
f 4453/8812/7363 4454/8813/7364 4465/8824/7375 4464/8823/7374
f 4454/8813/7364 4455/8814/7365 4466/8825/7376 4465/8824/7375
f 4456/8816/7367 4457/8815/7366 4468/8826/7377 4467/8827/7378
f 4457/8815/7366 4458/8817/7368 4469/8828/7379 4468/8826/7377
f 4458/8817/7368 4459/8818/7369 4470/8829/7380 4469/8828/7379
f 4459/8818/7369 4460/8819/7370 4471/8830/7381 4470/8829/7380
f 4460/8819/7370 4461/8820/7371 4472/8831/7382 4471/8830/7381
f 4461/8820/7371 4462/8821/7372 4473/8832/7383 4472/8831/7382
f 4462/8821/7372 4463/8822/7373 4474/8833/7384 4473/8832/7383
f 4463/8822/7373 4464/8823/7374 4475/8834/7385 4474/8833/7384
f 4464/8823/7374 4465/8824/7375 4476/8835/7386 4475/8834/7385
f 4465/8824/7375 4466/8825/7376 4477/8836/7387 4476/8835/7386
g default
v 16.509418 7.872724 0.313963
v 16.505875 7.872724 0.307006
v 16.500353 7.872724 0.301486
v 16.493397 7.872724 0.297941
v 16.485685 7.872724 0.296720
v 16.477974 7.872724 0.297941
v 16.471018 7.872724 0.301486
v 16.465496 7.872724 0.307006
v 16.461952 7.872724 0.313963
v 16.460732 7.872724 0.321674
v 16.461952 7.872724 0.329385
v 16.465496 7.872724 0.336342
v 16.471018 7.872724 0.341863
v 16.477974 7.872724 0.345407
v 16.485685 7.872724 0.346628
v 16.493397 7.872724 0.345407
v 16.500353 7.872724 0.341863
v 16.505875 7.872724 0.336342
v 16.509418 7.872724 0.329385
v 16.510639 7.872724 0.321674
v 16.532566 7.878567 0.306441
v 16.525564 7.878567 0.292700
v 16.514660 7.878567 0.281794
v 16.500917 7.878567 0.274793
v 16.485685 7.878567 0.272380
v 16.470453 7.878567 0.274793
v 16.456711 7.878567 0.281794
v 16.445807 7.878567 0.292700
v 16.438805 7.878567 0.306441
v 16.436392 7.878567 0.321674
v 16.438805 7.878567 0.336907
v 16.445807 7.878567 0.350648
v 16.456711 7.878567 0.361554
v 16.470453 7.878567 0.368556
v 16.485685 7.878567 0.370968
v 16.500917 7.878567 0.368556
v 16.514660 7.878567 0.361554
v 16.525564 7.878567 0.350648
v 16.532566 7.878567 0.336907
v 16.534979 7.878567 0.321674
v 16.554562 7.888146 0.299295
v 16.544275 7.888146 0.279107
v 16.528254 7.888146 0.263085
v 16.508064 7.888146 0.252799
v 16.485685 7.888146 0.249254
v 16.463306 7.888146 0.252799
v 16.443117 7.888146 0.263085
v 16.427095 7.888146 0.279107
v 16.416809 7.888146 0.299295
v 16.413265 7.888146 0.321674
v 16.416809 7.888146 0.344053
v 16.427095 7.888146 0.364242
v 16.443117 7.888146 0.380263
v 16.463306 7.888146 0.390550
v 16.485685 7.888146 0.394094
v 16.508064 7.888146 0.390550
v 16.528254 7.888146 0.380263
v 16.544275 7.888146 0.364242
v 16.554562 7.888146 0.344053
v 16.558105 7.888146 0.321674
v 16.574860 7.901225 0.292700
v 16.561541 7.901225 0.266562
v 16.540798 7.901225 0.245818
v 16.514660 7.901225 0.232500
v 16.485685 7.901225 0.227911
v 16.456711 7.901225 0.232500
v 16.430573 7.901225 0.245818
v 16.409830 7.901225 0.266562
v 16.396511 7.901225 0.292700
v 16.391922 7.901225 0.321674
v 16.396511 7.901225 0.350648
v 16.409830 7.901225 0.376787
v 16.430573 7.901225 0.397530
v 16.456711 7.901225 0.410848
v 16.485685 7.901225 0.415437
v 16.514660 7.901225 0.410848
v 16.540798 7.901225 0.397530
v 16.561541 7.901225 0.376787
v 16.574860 7.901225 0.350648
v 16.579449 7.901225 0.321674
v 16.592962 7.917481 0.286818
v 16.576941 7.917481 0.255374
v 16.551985 7.917481 0.230420
v 16.520542 7.917481 0.214398
v 16.485685 7.917481 0.208877
v 16.450829 7.917481 0.214398
v 16.419386 7.917481 0.230420
v 16.394430 7.917481 0.255374
v 16.378408 7.917481 0.286818
v 16.372889 7.917481 0.321674
v 16.378408 7.917481 0.356530
v 16.394430 7.917481 0.387974
v 16.419386 7.917481 0.412929
v 16.450829 7.917481 0.428950
v 16.485685 7.917481 0.434471
v 16.520542 7.917481 0.428950
v 16.551985 7.917481 0.412929
v 16.576941 7.917481 0.387974
v 16.592962 7.917481 0.356530
v 16.598482 7.917481 0.321674
v 16.608423 7.936515 0.281794
v 16.590092 7.936515 0.245818
v 16.561541 7.936515 0.217268
v 16.525564 7.936515 0.198937
v 16.485685 7.936515 0.192621
v 16.445807 7.936515 0.198937
v 16.409830 7.936515 0.217268
v 16.381279 7.936515 0.245818
v 16.362947 7.936515 0.281794
v 16.356632 7.936515 0.321674
v 16.362947 7.936515 0.361554
v 16.381279 7.936515 0.397530
v 16.409830 7.936515 0.426081
v 16.445807 7.936515 0.444411
v 16.485685 7.936515 0.450728
v 16.525564 7.936515 0.444411
v 16.561541 7.936515 0.426081
v 16.590092 7.936515 0.397530
v 16.608423 7.936515 0.361554
v 16.614738 7.936515 0.321674
v 16.620861 7.957858 0.277753
v 16.600674 7.957858 0.238131
v 16.569229 7.957858 0.206687
v 16.529606 7.957858 0.186498
v 16.485685 7.957858 0.179542
v 16.441765 7.957858 0.186498
v 16.402142 7.957858 0.206687
v 16.370697 7.957858 0.238131
v 16.350510 7.957858 0.277753
v 16.343554 7.957858 0.321674
v 16.350510 7.957858 0.365595
v 16.370697 7.957858 0.405217
v 16.402142 7.957858 0.436662
v 16.441765 7.957858 0.456850
v 16.485685 7.957858 0.463806
v 16.529606 7.957858 0.456850
v 16.569229 7.957858 0.436662
v 16.600674 7.957858 0.405217
v 16.620861 7.957858 0.365595
v 16.627817 7.957858 0.321674
v 16.629972 7.980984 0.274793
v 16.608423 7.980984 0.232500
v 16.574860 7.980984 0.198937
v 16.532566 7.980984 0.177388
v 16.485685 7.980984 0.169963
v 16.438805 7.980984 0.177388
v 16.396511 7.980984 0.198937
v 16.362947 7.980984 0.232500
v 16.341400 7.980984 0.274793
v 16.333975 7.980984 0.321674
v 16.341400 7.980984 0.368556
v 16.362947 7.980984 0.410848
v 16.396511 7.980984 0.444411
v 16.438805 7.980984 0.465960
v 16.485685 7.980984 0.473386
v 16.532566 7.980984 0.465960
v 16.574860 7.980984 0.444411
v 16.608423 7.980984 0.410848
v 16.629971 7.980984 0.368556
v 16.637396 7.980984 0.321674
v 16.635529 8.005324 0.272987
v 16.613150 8.005324 0.229066
v 16.578295 8.005324 0.194209
v 16.534372 8.005324 0.171831
v 16.485685 8.005324 0.164119
v 16.436998 8.005324 0.171831
v 16.393076 8.005324 0.194210
v 16.358221 8.005324 0.229066
v 16.335842 8.005324 0.272987
v 16.328131 8.005324 0.321674
v 16.335842 8.005324 0.370361
v 16.358221 8.005324 0.414283
v 16.393078 8.005324 0.449139
v 16.436998 8.005324 0.471518
v 16.485685 8.005324 0.479229
v 16.534372 8.005324 0.471518
v 16.578293 8.005324 0.449139
v 16.613150 8.005324 0.414283
v 16.635529 8.005324 0.370361
v 16.643240 8.005324 0.321674
v 16.637398 8.030278 0.272380
v 16.614738 8.030278 0.227911
v 16.579449 8.030278 0.192621
v 16.534979 8.030278 0.169963
v 16.485685 8.030278 0.162155
v 16.436392 8.030278 0.169963
v 16.391922 8.030278 0.192621
v 16.356632 8.030278 0.227911
v 16.333975 8.030278 0.272380
v 16.326166 8.030278 0.321674
v 16.333975 8.030278 0.370968
v 16.356632 8.030278 0.415437
v 16.391922 8.030278 0.450728
v 16.436392 8.030278 0.473386
v 16.485685 8.030278 0.481193
v 16.534979 8.030278 0.473386
v 16.579449 8.030278 0.450728
v 16.614738 8.030278 0.415437
v 16.637396 8.030278 0.370968
v 16.645205 8.030278 0.321674
v 16.635529 8.055232 0.272987
v 16.613150 8.055232 0.229066
v 16.578295 8.055232 0.194209
v 16.534372 8.055232 0.171831
v 16.485685 8.055232 0.164119
v 16.436998 8.055232 0.171831
v 16.393076 8.055232 0.194210
v 16.358221 8.055232 0.229066
v 16.335842 8.055232 0.272987
v 16.328131 8.055232 0.321674
v 16.335842 8.055232 0.370361
v 16.358221 8.055232 0.414283
v 16.393078 8.055232 0.449139
v 16.436998 8.055232 0.471518
v 16.485685 8.055232 0.479229
v 16.534372 8.055232 0.471518
v 16.578293 8.055232 0.449139
v 16.613150 8.055232 0.414283
v 16.635529 8.055232 0.370361
v 16.643240 8.055232 0.321674
v 16.629972 8.079573 0.274793
v 16.608423 8.079573 0.232500
v 16.574860 8.079573 0.198937
v 16.532566 8.079573 0.177388
v 16.485685 8.079573 0.169963
v 16.438805 8.079573 0.177388
v 16.396511 8.079573 0.198937
v 16.362947 8.079573 0.232500
v 16.341400 8.079573 0.274793
v 16.333975 8.079573 0.321674
v 16.341400 8.079573 0.368556
v 16.362947 8.079573 0.410848
v 16.396511 8.079573 0.444411
v 16.438805 8.079573 0.465960
v 16.485685 8.079573 0.473386
v 16.532566 8.079573 0.465960
v 16.574860 8.079573 0.444411
v 16.608423 8.079573 0.410848
v 16.629971 8.079573 0.368556
v 16.637396 8.079573 0.321674
v 16.620861 8.102698 0.277753
v 16.600674 8.102698 0.238131
v 16.569229 8.102698 0.206687
v 16.529606 8.102698 0.186498
v 16.485685 8.102698 0.179542
v 16.441765 8.102698 0.186498
v 16.402142 8.102698 0.206687
v 16.370697 8.102698 0.238131
v 16.350510 8.102698 0.277753
v 16.343554 8.102698 0.321674
v 16.350510 8.102698 0.365595
v 16.370697 8.102698 0.405217
v 16.402142 8.102698 0.436662
v 16.441765 8.102698 0.456850
v 16.485685 8.102698 0.463806
v 16.529606 8.102698 0.456850
v 16.569229 8.102698 0.436662
v 16.600674 8.102698 0.405217
v 16.620861 8.102698 0.365595
v 16.627817 8.102698 0.321674
v 16.608423 8.124041 0.281794
v 16.590092 8.124041 0.245818
v 16.561541 8.124041 0.217268
v 16.525564 8.124041 0.198937
v 16.485685 8.124041 0.192621
v 16.445807 8.124041 0.198937
v 16.409830 8.124041 0.217268
v 16.381279 8.124041 0.245818
v 16.362947 8.124041 0.281794
v 16.356632 8.124041 0.321674
v 16.362947 8.124041 0.361554
v 16.381279 8.124041 0.397530
v 16.409830 8.124041 0.426081
v 16.445807 8.124041 0.444411
v 16.485685 8.124041 0.450728
v 16.525564 8.124041 0.444411
v 16.561541 8.124041 0.426081
v 16.590092 8.124041 0.397530
v 16.608423 8.124041 0.361554
v 16.614738 8.124041 0.321674
v 16.592962 8.143075 0.286818
v 16.576941 8.143075 0.255374
v 16.551985 8.143075 0.230420
v 16.520542 8.143075 0.214398
v 16.485685 8.143075 0.208877
v 16.450829 8.143075 0.214398
v 16.419386 8.143075 0.230420
v 16.394430 8.143075 0.255374
v 16.378408 8.143075 0.286818
v 16.372889 8.143075 0.321674
v 16.378408 8.143075 0.356530
v 16.394430 8.143075 0.387974
v 16.419386 8.143075 0.412929
v 16.450829 8.143075 0.428950
v 16.485685 8.143075 0.434471
v 16.520542 8.143075 0.428950
v 16.551985 8.143075 0.412929
v 16.576941 8.143075 0.387974
v 16.592962 8.143075 0.356530
v 16.598482 8.143075 0.321674
v 16.574860 8.159331 0.292700
v 16.561541 8.159331 0.266562
v 16.540798 8.159331 0.245818
v 16.514660 8.159331 0.232500
v 16.485685 8.159331 0.227911
v 16.456711 8.159331 0.232500
v 16.430573 8.159331 0.245818
v 16.409830 8.159331 0.266562
v 16.396511 8.159331 0.292700
v 16.391922 8.159331 0.321674
v 16.396511 8.159331 0.350648
v 16.409830 8.159331 0.376787
v 16.430573 8.159331 0.397530
v 16.456711 8.159331 0.410848
v 16.485685 8.159331 0.415437
v 16.514660 8.159331 0.410848
v 16.540798 8.159331 0.397530
v 16.561541 8.159331 0.376787
v 16.574860 8.159331 0.350648
v 16.579449 8.159331 0.321674
v 16.554562 8.172411 0.299295
v 16.544275 8.172411 0.279107
v 16.528254 8.172411 0.263085
v 16.508064 8.172411 0.252799
v 16.485685 8.172411 0.249254
v 16.463306 8.172411 0.252799
v 16.443117 8.172411 0.263085
v 16.427095 8.172411 0.279107
v 16.416809 8.172411 0.299295
v 16.413265 8.172411 0.321674
v 16.416809 8.172411 0.344053
v 16.427095 8.172411 0.364242
v 16.443117 8.172411 0.380263
v 16.463306 8.172411 0.390550
v 16.485685 8.172411 0.394094
v 16.508064 8.172411 0.390550
v 16.528254 8.172411 0.380263
v 16.544275 8.172411 0.364242
v 16.554562 8.172411 0.344053
v 16.558105 8.172411 0.321674
v 16.532566 8.181990 0.306441
v 16.525564 8.181990 0.292700
v 16.514660 8.181990 0.281794
v 16.500917 8.181990 0.274793
v 16.485685 8.181990 0.272380
v 16.470453 8.181990 0.274793
v 16.456711 8.181990 0.281794
v 16.445807 8.181990 0.292700
v 16.438805 8.181990 0.306441
v 16.436392 8.181990 0.321674
v 16.438805 8.181990 0.336907
v 16.445807 8.181990 0.350648
v 16.456711 8.181990 0.361554
v 16.470453 8.181990 0.368556
v 16.485685 8.181990 0.370968
v 16.500917 8.181990 0.368556
v 16.514660 8.181990 0.361554
v 16.525564 8.181990 0.350648
v 16.532566 8.181990 0.336907
v 16.534979 8.181990 0.321674
v 16.509418 8.187833 0.313963
v 16.505875 8.187833 0.307006
v 16.500353 8.187833 0.301486
v 16.493397 8.187833 0.297941
v 16.485685 8.187833 0.296720
v 16.477974 8.187833 0.297941
v 16.471018 8.187833 0.301486
v 16.465496 8.187833 0.307006
v 16.461952 8.187833 0.313963
v 16.460732 8.187833 0.321674
v 16.461952 8.187833 0.329385
v 16.465496 8.187833 0.336342
v 16.471018 8.187833 0.341863
v 16.477974 8.187833 0.345407
v 16.485685 8.187833 0.346628
v 16.493397 8.187833 0.345407
v 16.500353 8.187833 0.341863
v 16.505875 8.187833 0.336342
v 16.509418 8.187833 0.329385
v 16.510639 8.187833 0.321674
v 16.485685 7.870759 0.321674
v 16.485685 8.189797 0.321674
vt 0.920886 0.007642
vt 0.920813 0.007500
vt 0.921216 0.007207
vt 0.921359 0.007488
vt 0.920700 0.007387
vt 0.920993 0.006985
vt 0.920558 0.007315
vt 0.920712 0.006841
vt 0.920400 0.007290
vt 0.920400 0.006792
vt 0.920243 0.007315
vt 0.920089 0.006841
vt 0.920100 0.007387
vt 0.919808 0.006985
vt 0.919987 0.007500
vt 0.919585 0.007207
vt 0.919915 0.007642
vt 0.919442 0.007488
vt 0.919890 0.007800
vt 0.919392 0.007800
vt 0.919915 0.007957
vt 0.919442 0.008111
vt 0.919987 0.008100
vt 0.919585 0.008392
vt 0.920100 0.008213
vt 0.919808 0.008615
vt 0.920243 0.008285
vt 0.920089 0.008758
vt 0.920400 0.008310
vt 0.920400 0.008808
vt 0.920558 0.008285
vt 0.920712 0.008758
vt 0.920700 0.008213
vt 0.920993 0.008615
vt 0.920813 0.008100
vt 0.921216 0.008392
vt 0.920886 0.007957
vt 0.921359 0.008111
vt 0.920910 0.007800
vt 0.921408 0.007800
vt 0.921598 0.006930
vt 0.921809 0.007342
vt 0.921271 0.006602
vt 0.920858 0.006392
vt 0.920400 0.006319
vt 0.919943 0.006392
vt 0.919530 0.006602
vt 0.919202 0.006930
vt 0.918992 0.007342
vt 0.918920 0.007800
vt 0.918992 0.008258
vt 0.919202 0.008670
vt 0.919530 0.008998
vt 0.919943 0.009208
vt 0.920400 0.009280
vt 0.920858 0.009208
vt 0.921271 0.008998
vt 0.921598 0.008670
vt 0.921809 0.008258
vt 0.921881 0.007800
vt 0.921951 0.006673
vt 0.922224 0.007207
vt 0.921527 0.006249
vt 0.920993 0.005977
vt 0.920400 0.005883
vt 0.919808 0.005977
vt 0.919273 0.006249
vt 0.918849 0.006673
vt 0.918577 0.007207
vt 0.433473 0.004896
vt 0.433936 0.004896
vt 0.433936 0.005167
vt 0.433336 0.005167
vt 0.434400 0.004896
vt 0.434536 0.005167
vt 0.918849 0.008927
vt 0.918577 0.008392
vt 0.919273 0.009351
vt 0.919808 0.009623
vt 0.920400 0.009717
vt 0.920993 0.009623
vt 0.921527 0.009351
vt 0.921951 0.008927
vt 0.922224 0.008392
vt 0.243045 0.004896
vt 0.243508 0.004896
vt 0.243508 0.005167
vt 0.242908 0.005167
vt 0.243972 0.004896
vt 0.244109 0.005167
vt 0.244650 0.005167
vt 0.244882 0.005504
vt 0.244230 0.005504
vt 0.921756 0.005934
vt 0.922266 0.006444
vt 0.921113 0.005606
vt 0.920400 0.005494
vt 0.919688 0.005606
vt 0.919045 0.005934
vt 0.918534 0.006444
vt 0.432795 0.005167
vt 0.433214 0.005504
vt 0.432563 0.005504
vt 0.433936 0.005504
vt 0.434658 0.005504
vt 0.435078 0.005167
vt 0.435310 0.005504
vt 0.919045 0.009666
vt 0.918534 0.009155
vt 0.919688 0.009993
vt 0.920400 0.010106
vt 0.921113 0.009993
vt 0.921756 0.009666
vt 0.922266 0.009155
vt 0.242367 0.005167
vt 0.242786 0.005504
vt 0.242135 0.005504
vt 0.243508 0.005504
vt 0.245080 0.005898
vt 0.244334 0.005898
vt 0.245399 0.005504
vt 0.245671 0.005898
vt 0.921216 0.005291
vt 0.921951 0.005665
vt 0.920400 0.005161
vt 0.919585 0.005291
vt 0.918849 0.005665
vt 0.432046 0.005504
vt 0.432365 0.005898
vt 0.431774 0.005898
vt 0.433110 0.005898
vt 0.433936 0.005898
vt 0.434762 0.005898
vt 0.435507 0.005898
vt 0.435826 0.005504
vt 0.436099 0.005898
vt 0.919585 0.010309
vt 0.918849 0.009935
vt 0.920400 0.010439
vt 0.921216 0.010309
vt 0.921951 0.009935
vt 0.241618 0.005504
vt 0.241937 0.005898
vt 0.241346 0.005898
vt 0.242682 0.005898
vt 0.243508 0.005898
vt 0.245239 0.006340
vt 0.244418 0.006340
vt 0.245890 0.006340
vt 0.921298 0.005036
vt 0.922108 0.005449
vt 0.920400 0.004894
vt 0.919502 0.005036
vt 0.918692 0.005449
vt 0.432206 0.006340
vt 0.431554 0.006340
vt 0.433027 0.006340
vt 0.433936 0.006340
vt 0.434846 0.006340
vt 0.435667 0.006340
vt 0.436318 0.006340
vt 0.919502 0.010564
vt 0.918692 0.010151
vt 0.920400 0.010706
vt 0.921298 0.010564
vt 0.922108 0.010151
vt 0.241778 0.006340
vt 0.241127 0.006340
vt 0.242599 0.006340
vt 0.243508 0.006340
vt 0.245355 0.006819
vt 0.244479 0.006819
vt 0.246051 0.006819
vt 0.025153 0.005089
vt 0.025153 0.005841
vt 0.024714 0.005785
vt 0.024714 0.004983
vt 0.025153 0.006675
vt 0.024714 0.006675
vt 0.025153 0.007509
vt 0.024714 0.007565
vt 0.025153 0.008261
vt 0.024714 0.008368
vt 0.432089 0.006820
vt 0.431394 0.006820
vt 0.432965 0.006820
vt 0.433936 0.006820
vt 0.434907 0.006820
vt 0.435783 0.006820
vt 0.436479 0.006820
vt 0.319247 0.008261
vt 0.319247 0.007509
vt 0.319686 0.007565
vt 0.319686 0.008368
vt 0.319247 0.006675
vt 0.319686 0.006675
vt 0.319247 0.005841
vt 0.319686 0.005785
vt 0.319247 0.005089
vt 0.319686 0.004982
vt 0.241661 0.006819
vt 0.240966 0.006819
vt 0.242537 0.006819
vt 0.243508 0.006819
vt 0.245427 0.007324
vt 0.244517 0.007324
vt 0.246149 0.007324
vt 0.024252 0.005751
vt 0.024252 0.004917
vt 0.024252 0.006675
vt 0.024252 0.007599
vt 0.024252 0.008433
vt 0.432018 0.007324
vt 0.431296 0.007324
vt 0.432928 0.007324
vt 0.433936 0.007324
vt 0.434945 0.007324
vt 0.435854 0.007324
vt 0.436576 0.007324
vt 0.320148 0.007599
vt 0.320148 0.008433
vt 0.320148 0.006675
vt 0.320148 0.005751
vt 0.320148 0.004917
vt 0.241590 0.007324
vt 0.240868 0.007324
vt 0.242500 0.007324
vt 0.243508 0.007324
vt 0.245450 0.007841
vt 0.244529 0.007841
vt 0.246181 0.007841
vt 0.023778 0.005739
vt 0.023778 0.004896
vt 0.023778 0.006675
vt 0.023778 0.007611
vt 0.023778 0.008455
vt 0.431994 0.007841
vt 0.431263 0.007841
vt 0.432915 0.007841
vt 0.433936 0.007841
vt 0.434957 0.007841
vt 0.435878 0.007841
vt 0.436609 0.007841
vt 0.320621 0.007611
vt 0.320621 0.008455
vt 0.320621 0.006675
vt 0.320621 0.005740
vt 0.320621 0.004896
vt 0.241566 0.007841
vt 0.240835 0.007841
vt 0.242487 0.007841
vt 0.243508 0.007841
vt 0.245427 0.008357
vt 0.244517 0.008357
vt 0.246149 0.008357
vt 0.023304 0.005751
vt 0.023304 0.004917
vt 0.023304 0.006675
vt 0.023304 0.007599
vt 0.023304 0.008433
vt 0.432018 0.008357
vt 0.431296 0.008357
vt 0.432928 0.008357
vt 0.433936 0.008357
vt 0.434945 0.008357
vt 0.435854 0.008357
vt 0.436576 0.008357
vt 0.321095 0.007599
vt 0.321095 0.008433
vt 0.321095 0.006675
vt 0.321095 0.005751
vt 0.321095 0.004917
vt 0.241590 0.008357
vt 0.240868 0.008357
vt 0.242500 0.008357
vt 0.243508 0.008357
vt 0.245355 0.008862
vt 0.244479 0.008862
vt 0.246051 0.008862
vt 0.022842 0.005785
vt 0.022842 0.004983
vt 0.022842 0.006675
vt 0.022842 0.007565
vt 0.022842 0.008368
vt 0.432089 0.008862
vt 0.431394 0.008862
vt 0.432965 0.008862
vt 0.433936 0.008862
vt 0.434907 0.008862
vt 0.435783 0.008862
vt 0.436479 0.008862
vt 0.321557 0.007565
vt 0.321557 0.008368
vt 0.321557 0.006675
vt 0.321557 0.005785
vt 0.321557 0.004982
vt 0.241661 0.008862
vt 0.240966 0.008862
vt 0.242537 0.008862
vt 0.243508 0.008862
vt 0.245239 0.009340
vt 0.244418 0.009340
vt 0.245890 0.009340
vt 0.022403 0.005841
vt 0.022403 0.005089
vt 0.022403 0.006675
vt 0.022403 0.007509
vt 0.022403 0.008261
vt 0.432206 0.009341
vt 0.431554 0.009341
vt 0.433027 0.009341
vt 0.433936 0.009341
vt 0.434846 0.009341
vt 0.435667 0.009341
vt 0.436318 0.009341
vt 0.321996 0.007509
vt 0.321996 0.008261
vt 0.321996 0.006675
vt 0.321996 0.005841
vt 0.321996 0.005089
vt 0.241778 0.009340
vt 0.241127 0.009340
vt 0.242599 0.009340
vt 0.243508 0.009340
vt 0.245080 0.009783
vt 0.244334 0.009783
vt 0.245671 0.009783
vt 0.849298 0.010151
vt 0.848488 0.010564
vt 0.848405 0.010309
vt 0.849141 0.009935
vt 0.847590 0.010706
vt 0.847590 0.010438
vt 0.846692 0.010564
vt 0.846774 0.010309
vt 0.845881 0.010151
vt 0.846039 0.009935
vt 0.432365 0.009783
vt 0.431774 0.009783
vt 0.433110 0.009783
vt 0.433936 0.009783
vt 0.434762 0.009783
vt 0.435507 0.009783
vt 0.436099 0.009783
vt 0.845881 0.005449
vt 0.846692 0.005036
vt 0.846774 0.005290
vt 0.846039 0.005665
vt 0.847590 0.004894
vt 0.847590 0.005161
vt 0.848488 0.005036
vt 0.848405 0.005290
vt 0.849298 0.005449
vt 0.849141 0.005665
vt 0.241937 0.009783
vt 0.241346 0.009783
vt 0.242682 0.009783
vt 0.243508 0.009783
vt 0.244882 0.010177
vt 0.244230 0.010177
vt 0.245399 0.010177
vt 0.848302 0.009993
vt 0.848945 0.009666
vt 0.847590 0.010106
vt 0.846877 0.009993
vt 0.846234 0.009666
vt 0.432563 0.010177
vt 0.432046 0.010177
vt 0.433214 0.010177
vt 0.433936 0.010177
vt 0.434658 0.010177
vt 0.435310 0.010177
vt 0.435826 0.010177
vt 0.846877 0.005607
vt 0.846234 0.005934
vt 0.847590 0.005494
vt 0.848302 0.005607
vt 0.848945 0.005934
vt 0.242135 0.010177
vt 0.241618 0.010177
vt 0.242786 0.010177
vt 0.243508 0.010177
vt 0.244650 0.010514
vt 0.244109 0.010514
vt 0.849455 0.009156
vt 0.848716 0.009351
vt 0.849141 0.008927
vt 0.848182 0.009623
vt 0.847590 0.009717
vt 0.846997 0.009623
vt 0.846463 0.009351
vt 0.845724 0.009156
vt 0.846039 0.008927
vt 0.433336 0.010514
vt 0.432795 0.010514
vt 0.433936 0.010514
vt 0.434536 0.010514
vt 0.435078 0.010514
vt 0.845724 0.006444
vt 0.846463 0.006249
vt 0.846039 0.006673
vt 0.846997 0.005976
vt 0.847590 0.005883
vt 0.848182 0.005976
vt 0.848716 0.006249
vt 0.849455 0.006444
vt 0.849141 0.006673
vt 0.242908 0.010514
vt 0.242367 0.010514
vt 0.243508 0.010514
vt 0.849413 0.008392
vt 0.848788 0.008670
vt 0.848998 0.008257
vt 0.848460 0.008998
vt 0.848047 0.009208
vt 0.847590 0.009281
vt 0.847132 0.009208
vt 0.846719 0.008998
vt 0.846392 0.008670
vt 0.845766 0.008392
vt 0.846181 0.008257
vt 0.433936 0.010785
vt 0.433473 0.010785
vt 0.434400 0.010785
vt 0.845766 0.007207
vt 0.846392 0.006930
vt 0.846181 0.007342
vt 0.846719 0.006602
vt 0.847132 0.006392
vt 0.847590 0.006319
vt 0.848047 0.006392
vt 0.848460 0.006602
vt 0.848788 0.006930
vt 0.849413 0.007207
vt 0.848998 0.007342
vt 0.243508 0.010785
vt 0.243045 0.010785
vt 0.243972 0.010785
vt 0.848405 0.008392
vt 0.848548 0.008111
vt 0.848182 0.008615
vt 0.847901 0.008758
vt 0.847590 0.008808
vt 0.847278 0.008758
vt 0.846997 0.008615
vt 0.846774 0.008392
vt 0.846631 0.008111
vt 0.846109 0.007800
vt 0.846582 0.007800
vt 0.846631 0.007488
vt 0.846774 0.007207
vt 0.846997 0.006984
vt 0.847278 0.006841
vt 0.847590 0.006792
vt 0.847901 0.006841
vt 0.848182 0.006984
vt 0.848405 0.007207
vt 0.848548 0.007488
vt 0.849070 0.007800
vt 0.848597 0.007800
vt 0.848002 0.008100
vt 0.848075 0.007958
vt 0.847889 0.008213
vt 0.847747 0.008285
vt 0.847590 0.008310
vt 0.847432 0.008285
vt 0.847290 0.008213
vt 0.847177 0.008100
vt 0.847104 0.007958
vt 0.847079 0.007800
vt 0.847104 0.007642
vt 0.847177 0.007500
vt 0.847290 0.007387
vt 0.847432 0.007315
vt 0.847590 0.007290
vt 0.847747 0.007315
vt 0.847889 0.007387
vt 0.848002 0.007500
vt 0.848075 0.007642
vt 0.848100 0.007800
vt 0.920400 0.007800
vt 0.847590 0.007800
vn 0.190573 -0.979720 -0.061894
vn 0.162106 -0.979719 -0.117779
vn 0.269864 -0.942726 -0.196067
vn 0.317242 -0.942728 -0.103062
vn 0.117758 -0.979723 -0.162096
vn 0.196071 -0.942723 -0.269868
vn 0.061911 -0.979723 -0.190552
vn 0.103079 -0.942723 -0.317251
vn -0.000000 -0.979720 -0.200373
vn -0.000000 -0.942723 -0.333577
vn -0.061912 -0.979724 -0.190547
vn -0.103076 -0.942726 -0.317244
vn -0.117762 -0.979722 -0.162105
vn -0.196068 -0.942723 -0.269870
vn -0.162113 -0.979716 -0.117796
vn -0.269870 -0.942724 -0.196066
vn -0.190567 -0.979720 -0.061908
vn -0.317246 -0.942726 -0.103065
vn -0.200352 -0.979724 -0.000016
vn -0.333577 -0.942723 -0.000010
vn -0.190571 -0.979720 0.061894
vn -0.317243 -0.942728 0.103062
vn -0.162110 -0.979718 0.117781
vn -0.269863 -0.942726 0.196067
vn -0.117756 -0.979724 0.162094
vn -0.196064 -0.942728 0.269856
vn -0.061911 -0.979723 0.190550
vn -0.103074 -0.942728 0.317238
vn 0.000001 -0.979720 0.200372
vn 0.000000 -0.942720 0.333584
vn 0.061911 -0.979724 0.190546
vn 0.103075 -0.942726 0.317244
vn 0.117761 -0.979722 0.162105
vn 0.196070 -0.942723 0.269872
vn 0.162107 -0.979718 0.117791
vn 0.269871 -0.942723 0.196067
vn 0.190569 -0.979720 0.061909
vn 0.317240 -0.942729 0.103062
vn 0.200370 -0.979720 0.000017
vn 0.333575 -0.942724 0.000010
vn 0.380844 -0.882265 -0.276707
vn 0.447700 -0.882273 -0.145460
vn 0.276694 -0.882270 -0.380841
vn 0.145467 -0.882269 -0.447706
vn 0.000001 -0.882270 -0.470743
vn -0.145463 -0.882276 -0.447694
vn -0.276694 -0.882271 -0.380840
vn -0.380852 -0.882265 -0.276696
vn -0.447714 -0.882266 -0.145460
vn -0.470748 -0.882268 -0.000006
vn -0.447707 -0.882269 0.145463
vn -0.380842 -0.882267 0.276703
vn -0.276694 -0.882269 0.380843
vn -0.145466 -0.882271 0.447702
vn 0.000000 -0.882267 0.470749
vn 0.145468 -0.882268 0.447707
vn 0.276698 -0.882267 0.380846
vn 0.380850 -0.882265 0.276697
vn 0.447700 -0.882274 0.145453
vn 0.470727 -0.882279 0.000006
vn 0.485135 -0.800249 -0.352486
vn 0.570305 -0.800260 -0.185299
vn 0.352483 -0.800241 -0.485149
vn 0.185308 -0.800246 -0.570322
vn 0.000001 -0.800251 -0.599665
vn -0.185306 -0.800250 -0.570317
vn -0.352482 -0.800243 -0.485147
vn -0.485144 -0.800244 -0.352483
vn -0.570318 -0.800250 -0.185303
vn -0.599661 -0.800254 0.000000
vn -0.570318 -0.800249 0.185306
vn -0.485139 -0.800247 0.352483
vn -0.352482 -0.800240 0.485152
vn -0.185310 -0.800246 0.570321
vn 0.000000 -0.800251 0.599665
vn 0.185311 -0.800237 0.570334
vn 0.352485 -0.800237 0.485154
vn 0.485139 -0.800248 0.352480
vn 0.570318 -0.800251 0.185300
vn 0.599661 -0.800254 -0.000000
vn 0.578698 -0.698800 -0.420461
vn 0.680304 -0.698804 -0.221043
vn 0.420466 -0.698778 -0.578720
vn 0.221055 -0.698786 -0.680318
vn -0.000000 -0.698785 -0.715331
vn -0.221052 -0.698784 -0.680321
vn -0.420463 -0.698788 -0.578712
vn -0.578700 -0.698800 -0.420458
vn -0.680310 -0.698799 -0.221042
vn -0.715337 -0.698780 0.000002
vn -0.680320 -0.698786 0.221051
vn -0.578705 -0.698794 0.420461
vn -0.420458 -0.698790 0.578713
vn -0.221056 -0.698784 0.680320
vn 0.000001 -0.698776 0.715341
vn 0.221054 -0.698771 0.680334
vn 0.420461 -0.698788 0.578713
vn 0.578697 -0.698806 0.420452
vn 0.680315 -0.698792 0.221044
vn 0.715344 -0.698772 -0.000003
vn 0.658807 -0.580392 -0.478663
vn 0.774476 -0.580402 -0.251637
vn 0.478647 -0.580393 -0.658818
vn 0.251640 -0.580400 -0.774476
vn -0.000001 -0.580396 -0.814334
vn -0.251641 -0.580399 -0.774477
vn -0.478643 -0.580408 -0.658808
vn -0.658803 -0.580402 -0.478657
vn -0.774480 -0.580398 -0.251632
vn -0.814330 -0.580403 0.000003
vn -0.774477 -0.580400 0.251638
vn -0.658798 -0.580408 0.478656
vn -0.478640 -0.580408 0.658810
vn -0.251642 -0.580390 0.774483
vn 0.000001 -0.580387 0.814341
vn 0.251640 -0.580397 0.774478
vn 0.478640 -0.580415 0.658804
vn 0.658797 -0.580412 0.478652
vn 0.774473 -0.580409 0.251631
vn 0.814324 -0.580410 -0.000004
vn 0.723299 -0.447977 -0.525504
vn 0.850285 -0.447990 -0.276262
vn 0.525495 -0.447986 -0.723300
vn 0.276270 -0.447993 -0.850281
vn -0.000001 -0.447989 -0.894039
vn -0.276273 -0.447994 -0.850279
vn -0.525495 -0.448001 -0.723291
vn -0.723292 -0.448000 -0.525495
vn -0.850288 -0.447984 -0.276262
vn -0.894047 -0.447973 0.000001
vn -0.850287 -0.447986 0.276261
vn -0.723294 -0.447991 0.525499
vn -0.525497 -0.447981 0.723302
vn -0.276272 -0.447979 0.850287
vn 0.000000 -0.447987 0.894040
vn 0.276273 -0.447996 0.850278
vn 0.525495 -0.448000 0.723292
vn 0.723294 -0.447993 0.525497
vn 0.850290 -0.447980 0.276263
vn 0.894042 -0.447984 0.000002
vn 0.770525 -0.304794 -0.559814
vn 0.905809 -0.304786 -0.294303
vn 0.559812 -0.304794 -0.770527
vn 0.294312 -0.304790 -0.905806
vn -0.000000 -0.304794 -0.952418
vn -0.294313 -0.304791 -0.905805
vn -0.559815 -0.304787 -0.770527
vn -0.770532 -0.304785 -0.559810
vn -0.905808 -0.304790 -0.294304
vn -0.952415 -0.304803 -0.000000
vn -0.905804 -0.304803 0.294302
vn -0.770528 -0.304791 0.559811
vn -0.559817 -0.304775 0.770530
vn -0.294314 -0.304783 0.905807
vn 0.000000 -0.304795 0.952418
vn 0.294314 -0.304787 0.905806
vn 0.559815 -0.304788 0.770527
vn 0.770528 -0.304796 0.559810
vn 0.905807 -0.304794 0.294304
vn 0.952421 -0.304787 0.000009
vn 0.799337 -0.154247 -0.580748
vn 0.939674 -0.154249 -0.305320
vn 0.580752 -0.154241 -0.799335
vn 0.305318 -0.154242 -0.939676
vn 0.000000 -0.154254 -0.988031
vn -0.305317 -0.154241 -0.939676
vn -0.580749 -0.154247 -0.799336
vn -0.799342 -0.154248 -0.580741
vn -0.939676 -0.154249 -0.305312
vn -0.988028 -0.154272 0.000000
vn -0.939675 -0.154255 0.305315
vn -0.799338 -0.154245 0.580748
vn -0.580747 -0.154244 0.799338
vn -0.305322 -0.154249 0.939673
vn -0.000000 -0.154256 0.988031
vn 0.305319 -0.154242 0.939676
vn 0.580743 -0.154239 0.799342
vn 0.799336 -0.154250 0.580748
vn 0.939674 -0.154267 0.305311
vn 0.988030 -0.154264 0.000009
vn 0.809018 -0.000000 -0.587784
vn 0.951056 -0.000000 -0.309019
vn 0.587782 -0.000000 -0.809019
vn 0.309012 -0.000001 -0.951058
vn -0.000000 -0.000000 -1.000000
vn -0.309013 0.000000 -0.951058
vn -0.587784 0.000000 -0.809018
vn -0.809023 0.000000 -0.587777
vn -0.951055 -0.000000 -0.309022
vn -1.000000 0.000000 0.000001
vn -0.951055 0.000000 0.309022
vn -0.809019 -0.000000 0.587782
vn -0.587791 -0.000000 0.809013
vn -0.309017 -0.000002 0.951057
vn 0.000000 -0.000000 1.000000
vn 0.309016 0.000002 0.951057
vn 0.587790 0.000000 0.809013
vn 0.809020 0.000000 0.587782
vn 0.951055 -0.000000 0.309022
vn 1.000000 -0.000000 0.000009
vn 0.799336 0.154246 -0.580750
vn 0.939674 0.154248 -0.305319
vn 0.580751 0.154239 -0.799336
vn 0.305320 0.154242 -0.939675
vn -0.000000 0.154257 -0.988031
vn -0.305323 0.154244 -0.939674
vn -0.580755 0.154241 -0.799333
vn -0.799343 0.154240 -0.580742
vn -0.939675 0.154247 -0.305317
vn -0.988029 0.154271 0.000000
vn -0.939674 0.154254 0.305316
vn -0.799338 0.154244 0.580747
vn -0.580747 0.154243 0.799338
vn -0.305324 0.154245 0.939673
vn 0.000000 0.154256 0.988031
vn 0.305325 0.154245 0.939673
vn 0.580748 0.154245 0.799338
vn 0.799337 0.154254 0.580747
vn 0.939672 0.154265 0.305316
vn 0.988030 0.154263 0.000011
vn 0.770527 0.304795 -0.559811
vn 0.905810 0.304786 -0.294302
vn 0.559814 0.304796 -0.770524
vn 0.294314 0.304789 -0.905805
vn -0.000000 0.304796 -0.952418
vn -0.294316 0.304792 -0.905804
vn -0.559816 0.304785 -0.770527
vn -0.770534 0.304785 -0.559807
vn -0.905808 0.304790 -0.294304
vn -0.952415 0.304803 -0.000002
vn -0.905805 0.304802 0.294301
vn -0.770529 0.304791 0.559811
vn -0.559818 0.304776 0.770529
vn -0.294316 0.304783 0.905806
vn 0.000000 0.304798 0.952417
vn 0.294316 0.304791 0.905804
vn 0.559813 0.304796 0.770525
vn 0.770525 0.304801 0.559810
vn 0.905807 0.304794 0.294304
vn 0.952421 0.304787 0.000010
vn 0.723293 0.447989 -0.525503
vn 0.850282 0.447998 -0.276258
vn 0.525490 0.448000 -0.723295
vn 0.276269 0.448002 -0.850276
vn 0.000001 0.447997 -0.894035
vn -0.276271 0.448001 -0.850276
vn -0.525489 0.448011 -0.723289
vn -0.723280 0.448022 -0.525492
vn -0.850280 0.448000 -0.276261
vn -0.894043 0.447980 -0.000004
vn -0.850283 0.447995 0.276260
vn -0.723290 0.447998 0.525499
vn -0.525492 0.447993 0.723299
vn -0.276271 0.447994 0.850280
vn 0.000000 0.447992 0.894038
vn 0.276269 0.448007 0.850273
vn 0.525489 0.448014 0.723288
vn 0.723290 0.448000 0.525497
vn 0.850285 0.447987 0.276265
vn 0.894038 0.447991 0.000006
vn 0.658799 0.580402 -0.478662
vn 0.774475 0.580403 -0.251635
vn 0.478641 0.580408 -0.658809
vn 0.251638 0.580400 -0.774477
vn 0.000001 0.580389 -0.814339
vn -0.251637 0.580409 -0.774471
vn -0.478643 0.580412 -0.658804
vn -0.658796 0.580409 -0.478657
vn -0.774471 0.580410 -0.251632
vn -0.814329 0.580404 -0.000002
vn -0.774474 0.580405 0.251635
vn -0.658796 0.580407 0.478660
vn -0.478637 0.580414 0.658806
vn -0.251639 0.580401 0.774475
vn 0.000000 0.580379 0.814347
vn 0.251636 0.580404 0.774474
vn 0.478638 0.580423 0.658798
vn 0.658798 0.580409 0.478655
vn 0.774471 0.580409 0.251634
vn 0.814324 0.580411 0.000002
vn 0.578695 0.698802 -0.420462
vn 0.680310 0.698794 -0.221054
vn 0.420461 0.698785 -0.578716
vn 0.221056 0.698779 -0.680325
vn 0.000000 0.698780 -0.715337
vn -0.221050 0.698794 -0.680312
vn -0.420461 0.698788 -0.578712
vn -0.578704 0.698792 -0.420466
vn -0.680310 0.698796 -0.221049
vn -0.715338 0.698778 0.000000
vn -0.680312 0.698793 0.221054
vn -0.578702 0.698792 0.420468
vn -0.420461 0.698784 0.578717
vn -0.221055 0.698786 0.680318
vn -0.000000 0.698779 0.715338
vn 0.221055 0.698781 0.680323
vn 0.420462 0.698786 0.578714
vn 0.578703 0.698794 0.420463
vn 0.680318 0.698787 0.221053
vn 0.715349 0.698767 0.000000
vn 0.485142 0.800244 -0.352486
vn 0.570319 0.800246 -0.185319
vn 0.352484 0.800249 -0.485137
vn 0.185311 0.800250 -0.570316
vn 0.000000 0.800254 -0.599661
vn -0.185305 0.800259 -0.570305
vn -0.352482 0.800250 -0.485137
vn -0.485145 0.800241 -0.352489
vn -0.570320 0.800246 -0.185315
vn -0.599664 0.800252 0.000005
vn -0.570316 0.800247 0.185319
vn -0.485143 0.800243 0.352487
vn -0.352488 0.800242 0.485144
vn -0.185311 0.800253 0.570311
vn -0.000001 0.800259 0.599655
vn 0.185313 0.800245 0.570322
vn 0.352489 0.800238 0.485150
vn 0.485147 0.800241 0.352488
vn 0.570324 0.800242 0.185318
vn 0.599669 0.800248 -0.000004
vn 0.380856 0.882258 -0.276712
vn 0.447714 0.882263 -0.145479
vn 0.276701 0.882267 -0.380844
vn 0.145471 0.882263 -0.447716
vn -0.000000 0.882260 -0.470763
vn -0.145466 0.882270 -0.447705
vn -0.276700 0.882267 -0.380844
vn -0.380859 0.882257 -0.276711
vn -0.447723 0.882259 -0.145476
vn -0.470761 0.882261 0.000008
vn -0.447722 0.882258 0.145483
vn -0.380856 0.882258 0.276711
vn -0.276701 0.882266 0.380845
vn -0.145470 0.882267 0.447710
vn -0.000000 0.882257 0.470768
vn 0.145472 0.882261 0.447720
vn 0.276706 0.882262 0.380852
vn 0.380859 0.882258 0.276710
vn 0.447709 0.882267 0.145473
vn 0.470740 0.882272 -0.000007
vn 0.269854 0.942728 -0.196069
vn 0.317227 0.942732 -0.103071
vn 0.196068 0.942721 -0.269878
vn 0.103078 0.942726 -0.317242
vn -0.000000 0.942729 -0.333559
vn -0.103070 0.942733 -0.317225
vn -0.196058 0.942728 -0.269862
vn -0.269855 0.942729 -0.196064
vn -0.317228 0.942732 -0.103072
vn -0.333562 0.942728 0.000000
vn -0.317232 0.942730 0.103073
vn -0.269857 0.942727 0.196069
vn -0.196061 0.942725 0.269870
vn -0.103074 0.942730 0.317233
vn -0.000000 0.942727 0.333566
vn 0.103073 0.942730 0.317233
vn 0.196064 0.942725 0.269869
vn 0.269858 0.942727 0.196067
vn 0.317226 0.942732 0.103071
vn 0.333561 0.942729 -0.000000
vn 0.162106 0.979719 -0.117778
vn 0.190571 0.979720 -0.061891
vn 0.117765 0.979722 -0.162097
vn 0.061916 0.979723 -0.190548
vn -0.000001 0.979723 -0.200357
vn -0.061913 0.979724 -0.190547
vn -0.117763 0.979720 -0.162111
vn -0.162111 0.979717 -0.117791
vn -0.190567 0.979721 -0.061889
vn -0.200352 0.979724 -0.000000
vn -0.190567 0.979721 0.061890
vn -0.162108 0.979719 0.117779
vn -0.117759 0.979725 0.162087
vn -0.061912 0.979725 0.190539
vn 0.000001 0.979723 0.200357
vn 0.061912 0.979724 0.190546
vn 0.117764 0.979720 0.162112
vn 0.162110 0.979717 0.117790
vn 0.190573 0.979720 0.061891
vn 0.200370 0.979720 0.000000
vn -0.000000 -1.000000 0.000001
vn -0.000000 1.000000 -0.000001
s 1
g polySurface71 polySurface99
usemtl openPBRSurface7SG
f 4478/8837/7388 4479/8838/7389 4499/8839/7390 4498/8840/7391
f 4479/8838/7389 4480/8841/7392 4500/8842/7393 4499/8839/7390
f 4480/8841/7392 4481/8843/7394 4501/8844/7395 4500/8842/7393
f 4481/8843/7394 4482/8845/7396 4502/8846/7397 4501/8844/7395
f 4482/8845/7396 4483/8847/7398 4503/8848/7399 4502/8846/7397
f 4483/8847/7398 4484/8849/7400 4504/8850/7401 4503/8848/7399
f 4484/8849/7400 4485/8851/7402 4505/8852/7403 4504/8850/7401
f 4485/8851/7402 4486/8853/7404 4506/8854/7405 4505/8852/7403
f 4486/8853/7404 4487/8855/7406 4507/8856/7407 4506/8854/7405
f 4487/8855/7406 4488/8857/7408 4508/8858/7409 4507/8856/7407
f 4488/8857/7408 4489/8859/7410 4509/8860/7411 4508/8858/7409
f 4489/8859/7410 4490/8861/7412 4510/8862/7413 4509/8860/7411
f 4490/8861/7412 4491/8863/7414 4511/8864/7415 4510/8862/7413
f 4491/8863/7414 4492/8865/7416 4512/8866/7417 4511/8864/7415
f 4492/8865/7416 4493/8867/7418 4513/8868/7419 4512/8866/7417
f 4493/8867/7418 4494/8869/7420 4514/8870/7421 4513/8868/7419
f 4494/8869/7420 4495/8871/7422 4515/8872/7423 4514/8870/7421
f 4495/8871/7422 4496/8873/7424 4516/8874/7425 4515/8872/7423
f 4496/8873/7424 4497/8875/7426 4517/8876/7427 4516/8874/7425
f 4497/8875/7426 4478/8837/7388 4498/8840/7391 4517/8876/7427
f 4498/8840/7391 4499/8839/7390 4519/8877/7428 4518/8878/7429
f 4499/8839/7390 4500/8842/7393 4520/8879/7430 4519/8877/7428
f 4500/8842/7393 4501/8844/7395 4521/8880/7431 4520/8879/7430
f 4501/8844/7395 4502/8846/7397 4522/8881/7432 4521/8880/7431
f 4502/8846/7397 4503/8848/7399 4523/8882/7433 4522/8881/7432
f 4503/8848/7399 4504/8850/7401 4524/8883/7434 4523/8882/7433
f 4504/8850/7401 4505/8852/7403 4525/8884/7435 4524/8883/7434
f 4505/8852/7403 4506/8854/7405 4526/8885/7436 4525/8884/7435
f 4506/8854/7405 4507/8856/7407 4527/8886/7437 4526/8885/7436
f 4507/8856/7407 4508/8858/7409 4528/8887/7438 4527/8886/7437
f 4508/8858/7409 4509/8860/7411 4529/8888/7439 4528/8887/7438
f 4509/8860/7411 4510/8862/7413 4530/8889/7440 4529/8888/7439
f 4510/8862/7413 4511/8864/7415 4531/8890/7441 4530/8889/7440
f 4511/8864/7415 4512/8866/7417 4532/8891/7442 4531/8890/7441
f 4512/8866/7417 4513/8868/7419 4533/8892/7443 4532/8891/7442
f 4513/8868/7419 4514/8870/7421 4534/8893/7444 4533/8892/7443
f 4514/8870/7421 4515/8872/7423 4535/8894/7445 4534/8893/7444
f 4515/8872/7423 4516/8874/7425 4536/8895/7446 4535/8894/7445
f 4516/8874/7425 4517/8876/7427 4537/8896/7447 4536/8895/7446
f 4517/8876/7427 4498/8840/7391 4518/8878/7429 4537/8896/7447
f 4518/8878/7429 4519/8877/7428 4539/8897/7448 4538/8898/7449
f 4519/8877/7428 4520/8879/7430 4540/8899/7450 4539/8897/7448
f 4520/8879/7430 4521/8880/7431 4541/8900/7451 4540/8899/7450
f 4521/8880/7431 4522/8881/7432 4542/8901/7452 4541/8900/7451
f 4522/8881/7432 4523/8882/7433 4543/8902/7453 4542/8901/7452
f 4523/8882/7433 4524/8883/7434 4544/8903/7454 4543/8902/7453
f 4524/8883/7434 4525/8884/7435 4545/8904/7455 4544/8903/7454
f 4525/8884/7435 4526/8885/7436 4546/8905/7456 4545/8904/7455
f 4526/8906/7436 4527/8907/7437 4547/8908/7457 4546/8909/7456
f 4527/8907/7437 4528/8910/7438 4548/8911/7458 4547/8908/7457
f 4528/8887/7438 4529/8888/7439 4549/8912/7459 4548/8913/7458
f 4529/8888/7439 4530/8889/7440 4550/8914/7460 4549/8912/7459
f 4530/8889/7440 4531/8890/7441 4551/8915/7461 4550/8914/7460
f 4531/8890/7441 4532/8891/7442 4552/8916/7462 4551/8915/7461
f 4532/8891/7442 4533/8892/7443 4553/8917/7463 4552/8916/7462
f 4533/8892/7443 4534/8893/7444 4554/8918/7464 4553/8917/7463
f 4534/8893/7444 4535/8894/7445 4555/8919/7465 4554/8918/7464
f 4535/8894/7445 4536/8895/7446 4556/8920/7466 4555/8919/7465
f 4536/8921/7446 4537/8922/7447 4557/8923/7467 4556/8924/7466
f 4537/8922/7447 4518/8925/7429 4538/8926/7449 4557/8923/7467
f 4538/8926/7449 4539/8927/7448 4559/8928/7468 4558/8929/7469
f 4539/8897/7448 4540/8899/7450 4560/8930/7470 4559/8931/7468
f 4540/8899/7450 4541/8900/7451 4561/8932/7471 4560/8930/7470
f 4541/8900/7451 4542/8901/7452 4562/8933/7472 4561/8932/7471
f 4542/8901/7452 4543/8902/7453 4563/8934/7473 4562/8933/7472
f 4543/8902/7453 4544/8903/7454 4564/8935/7474 4563/8934/7473
f 4544/8903/7454 4545/8904/7455 4565/8936/7475 4564/8935/7474
f 4545/8937/7455 4546/8909/7456 4566/8938/7476 4565/8939/7475
f 4546/8909/7456 4547/8908/7457 4567/8940/7477 4566/8938/7476
f 4547/8908/7457 4548/8911/7458 4568/8941/7478 4567/8940/7477
f 4548/8911/7458 4549/8942/7459 4569/8943/7479 4568/8941/7478
f 4549/8912/7459 4550/8914/7460 4570/8944/7480 4569/8945/7479
f 4550/8914/7460 4551/8915/7461 4571/8946/7481 4570/8944/7480
f 4551/8915/7461 4552/8916/7462 4572/8947/7482 4571/8946/7481
f 4552/8916/7462 4553/8917/7463 4573/8948/7483 4572/8947/7482
f 4553/8917/7463 4554/8918/7464 4574/8949/7484 4573/8948/7483
f 4554/8918/7464 4555/8919/7465 4575/8950/7485 4574/8949/7484
f 4555/8951/7465 4556/8924/7466 4576/8952/7486 4575/8953/7485
f 4556/8924/7466 4557/8923/7467 4577/8954/7487 4576/8952/7486
f 4557/8923/7467 4538/8926/7449 4558/8929/7469 4577/8954/7487
f 4558/8929/7469 4559/8928/7468 4579/8955/7488 4578/8956/7489
f 4559/8928/7468 4560/8957/7470 4580/8958/7490 4579/8955/7488
f 4560/8930/7470 4561/8932/7471 4581/8959/7491 4580/8960/7490
f 4561/8932/7471 4562/8933/7472 4582/8961/7492 4581/8959/7491
f 4562/8933/7472 4563/8934/7473 4583/8962/7493 4582/8961/7492
f 4563/8934/7473 4564/8935/7474 4584/8963/7494 4583/8962/7493
f 4564/8964/7474 4565/8939/7475 4585/8965/7495 4584/8966/7494
f 4565/8939/7475 4566/8938/7476 4586/8967/7496 4585/8965/7495
f 4566/8938/7476 4567/8940/7477 4587/8968/7497 4586/8967/7496
f 4567/8940/7477 4568/8941/7478 4588/8969/7498 4587/8968/7497
f 4568/8941/7478 4569/8943/7479 4589/8970/7499 4588/8969/7498
f 4569/8943/7479 4570/8971/7480 4590/8972/7500 4589/8970/7499
f 4570/8944/7480 4571/8946/7481 4591/8973/7501 4590/8974/7500
f 4571/8946/7481 4572/8947/7482 4592/8975/7502 4591/8973/7501
f 4572/8947/7482 4573/8948/7483 4593/8976/7503 4592/8975/7502
f 4573/8948/7483 4574/8949/7484 4594/8977/7504 4593/8976/7503
f 4574/8978/7484 4575/8953/7485 4595/8979/7505 4594/8980/7504
f 4575/8953/7485 4576/8952/7486 4596/8981/7506 4595/8979/7505
f 4576/8952/7486 4577/8954/7487 4597/8982/7507 4596/8981/7506
f 4577/8954/7487 4558/8929/7469 4578/8956/7489 4597/8982/7507
f 4578/8956/7489 4579/8955/7488 4599/8983/7508 4598/8984/7509
f 4579/8955/7488 4580/8958/7490 4600/8985/7510 4599/8983/7508
f 4580/8960/7490 4581/8959/7491 4601/8986/7511 4600/8987/7510
f 4581/8959/7491 4582/8961/7492 4602/8988/7512 4601/8986/7511
f 4582/8961/7492 4583/8962/7493 4603/8989/7513 4602/8988/7512
f 4583/8962/7493 4584/8963/7494 4604/8990/7514 4603/8989/7513
f 4584/8966/7494 4585/8965/7495 4605/8991/7515 4604/8992/7514
f 4585/8965/7495 4586/8967/7496 4606/8993/7516 4605/8991/7515
f 4586/8967/7496 4587/8968/7497 4607/8994/7517 4606/8993/7516
f 4587/8968/7497 4588/8969/7498 4608/8995/7518 4607/8994/7517
f 4588/8969/7498 4589/8970/7499 4609/8996/7519 4608/8995/7518
f 4589/8970/7499 4590/8972/7500 4610/8997/7520 4609/8996/7519
f 4590/8974/7500 4591/8973/7501 4611/8998/7521 4610/8999/7520
f 4591/8973/7501 4592/8975/7502 4612/9000/7522 4611/8998/7521
f 4592/8975/7502 4593/8976/7503 4613/9001/7523 4612/9000/7522
f 4593/8976/7503 4594/8977/7504 4614/9002/7524 4613/9001/7523
f 4594/8980/7504 4595/8979/7505 4615/9003/7525 4614/9004/7524
f 4595/8979/7505 4596/8981/7506 4616/9005/7526 4615/9003/7525
f 4596/8981/7506 4597/8982/7507 4617/9006/7527 4616/9005/7526
f 4597/8982/7507 4578/8956/7489 4598/8984/7509 4617/9006/7527
f 4598/8984/7509 4599/8983/7508 4619/9007/7528 4618/9008/7529
f 4599/8983/7508 4600/8985/7510 4620/9009/7530 4619/9007/7528
f 4600/9010/7510 4601/9011/7511 4621/9012/7531 4620/9013/7530
f 4601/9011/7511 4602/9014/7512 4622/9015/7532 4621/9012/7531
f 4602/9014/7512 4603/9016/7513 4623/9017/7533 4622/9015/7532
f 4603/9016/7513 4604/9018/7514 4624/9019/7534 4623/9017/7533
f 4604/8992/7514 4605/8991/7515 4625/9020/7535 4624/9021/7534
f 4605/8991/7515 4606/8993/7516 4626/9022/7536 4625/9020/7535
f 4606/8993/7516 4607/8994/7517 4627/9023/7537 4626/9022/7536
f 4607/8994/7517 4608/8995/7518 4628/9024/7538 4627/9023/7537
f 4608/8995/7518 4609/8996/7519 4629/9025/7539 4628/9024/7538
f 4609/8996/7519 4610/8997/7520 4630/9026/7540 4629/9025/7539
f 4610/9027/7520 4611/9028/7521 4631/9029/7541 4630/9030/7540
f 4611/9028/7521 4612/9031/7522 4632/9032/7542 4631/9029/7541
f 4612/9031/7522 4613/9033/7523 4633/9034/7543 4632/9032/7542
f 4613/9033/7523 4614/9035/7524 4634/9036/7544 4633/9034/7543
f 4614/9004/7524 4615/9003/7525 4635/9037/7545 4634/9038/7544
f 4615/9003/7525 4616/9005/7526 4636/9039/7546 4635/9037/7545
f 4616/9005/7526 4617/9006/7527 4637/9040/7547 4636/9039/7546
f 4617/9006/7527 4598/8984/7509 4618/9008/7529 4637/9040/7547
f 4618/9008/7529 4619/9007/7528 4639/9041/7548 4638/9042/7549
f 4619/9007/7528 4620/9009/7530 4640/9043/7550 4639/9041/7548
f 4620/9013/7530 4621/9012/7531 4641/9044/7551 4640/9045/7550
f 4621/9012/7531 4622/9015/7532 4642/9046/7552 4641/9044/7551
f 4622/9015/7532 4623/9017/7533 4643/9047/7553 4642/9046/7552
f 4623/9017/7533 4624/9019/7534 4644/9048/7554 4643/9047/7553
f 4624/9021/7534 4625/9020/7535 4645/9049/7555 4644/9050/7554
f 4625/9020/7535 4626/9022/7536 4646/9051/7556 4645/9049/7555
f 4626/9022/7536 4627/9023/7537 4647/9052/7557 4646/9051/7556
f 4627/9023/7537 4628/9024/7538 4648/9053/7558 4647/9052/7557
f 4628/9024/7538 4629/9025/7539 4649/9054/7559 4648/9053/7558
f 4629/9025/7539 4630/9026/7540 4650/9055/7560 4649/9054/7559
f 4630/9030/7540 4631/9029/7541 4651/9056/7561 4650/9057/7560
f 4631/9029/7541 4632/9032/7542 4652/9058/7562 4651/9056/7561
f 4632/9032/7542 4633/9034/7543 4653/9059/7563 4652/9058/7562
f 4633/9034/7543 4634/9036/7544 4654/9060/7564 4653/9059/7563
f 4634/9038/7544 4635/9037/7545 4655/9061/7565 4654/9062/7564
f 4635/9037/7545 4636/9039/7546 4656/9063/7566 4655/9061/7565
f 4636/9039/7546 4637/9040/7547 4657/9064/7567 4656/9063/7566
f 4637/9040/7547 4618/9008/7529 4638/9042/7549 4657/9064/7567
f 4638/9042/7549 4639/9041/7548 4659/9065/7568 4658/9066/7569
f 4639/9041/7548 4640/9043/7550 4660/9067/7570 4659/9065/7568
f 4640/9045/7550 4641/9044/7551 4661/9068/7571 4660/9069/7570
f 4641/9044/7551 4642/9046/7552 4662/9070/7572 4661/9068/7571
f 4642/9046/7552 4643/9047/7553 4663/9071/7573 4662/9070/7572
f 4643/9047/7553 4644/9048/7554 4664/9072/7574 4663/9071/7573
f 4644/9050/7554 4645/9049/7555 4665/9073/7575 4664/9074/7574
f 4645/9049/7555 4646/9051/7556 4666/9075/7576 4665/9073/7575
f 4646/9051/7556 4647/9052/7557 4667/9076/7577 4666/9075/7576
f 4647/9052/7557 4648/9053/7558 4668/9077/7578 4667/9076/7577
f 4648/9053/7558 4649/9054/7559 4669/9078/7579 4668/9077/7578
f 4649/9054/7559 4650/9055/7560 4670/9079/7580 4669/9078/7579
f 4650/9057/7560 4651/9056/7561 4671/9080/7581 4670/9081/7580
f 4651/9056/7561 4652/9058/7562 4672/9082/7582 4671/9080/7581
f 4652/9058/7562 4653/9059/7563 4673/9083/7583 4672/9082/7582
f 4653/9059/7563 4654/9060/7564 4674/9084/7584 4673/9083/7583
f 4654/9062/7564 4655/9061/7565 4675/9085/7585 4674/9086/7584
f 4655/9061/7565 4656/9063/7566 4676/9087/7586 4675/9085/7585
f 4656/9063/7566 4657/9064/7567 4677/9088/7587 4676/9087/7586
f 4657/9064/7567 4638/9042/7549 4658/9066/7569 4677/9088/7587
f 4658/9066/7569 4659/9065/7568 4679/9089/7588 4678/9090/7589
f 4659/9065/7568 4660/9067/7570 4680/9091/7590 4679/9089/7588
f 4660/9069/7570 4661/9068/7571 4681/9092/7591 4680/9093/7590
f 4661/9068/7571 4662/9070/7572 4682/9094/7592 4681/9092/7591
f 4662/9070/7572 4663/9071/7573 4683/9095/7593 4682/9094/7592
f 4663/9071/7573 4664/9072/7574 4684/9096/7594 4683/9095/7593
f 4664/9074/7574 4665/9073/7575 4685/9097/7595 4684/9098/7594
f 4665/9073/7575 4666/9075/7576 4686/9099/7596 4685/9097/7595
f 4666/9075/7576 4667/9076/7577 4687/9100/7597 4686/9099/7596
f 4667/9076/7577 4668/9077/7578 4688/9101/7598 4687/9100/7597
f 4668/9077/7578 4669/9078/7579 4689/9102/7599 4688/9101/7598
f 4669/9078/7579 4670/9079/7580 4690/9103/7600 4689/9102/7599
f 4670/9081/7580 4671/9080/7581 4691/9104/7601 4690/9105/7600
f 4671/9080/7581 4672/9082/7582 4692/9106/7602 4691/9104/7601
f 4672/9082/7582 4673/9083/7583 4693/9107/7603 4692/9106/7602
f 4673/9083/7583 4674/9084/7584 4694/9108/7604 4693/9107/7603
f 4674/9086/7584 4675/9085/7585 4695/9109/7605 4694/9110/7604
f 4675/9085/7585 4676/9087/7586 4696/9111/7606 4695/9109/7605
f 4676/9087/7586 4677/9088/7587 4697/9112/7607 4696/9111/7606
f 4677/9088/7587 4658/9066/7569 4678/9090/7589 4697/9112/7607
f 4678/9090/7589 4679/9089/7588 4699/9113/7608 4698/9114/7609
f 4679/9089/7588 4680/9091/7590 4700/9115/7610 4699/9113/7608
f 4680/9093/7590 4681/9092/7591 4701/9116/7611 4700/9117/7610
f 4681/9092/7591 4682/9094/7592 4702/9118/7612 4701/9116/7611
f 4682/9094/7592 4683/9095/7593 4703/9119/7613 4702/9118/7612
f 4683/9095/7593 4684/9096/7594 4704/9120/7614 4703/9119/7613
f 4684/9098/7594 4685/9097/7595 4705/9121/7615 4704/9122/7614
f 4685/9097/7595 4686/9099/7596 4706/9123/7616 4705/9121/7615
f 4686/9099/7596 4687/9100/7597 4707/9124/7617 4706/9123/7616
f 4687/9100/7597 4688/9101/7598 4708/9125/7618 4707/9124/7617
f 4688/9101/7598 4689/9102/7599 4709/9126/7619 4708/9125/7618
f 4689/9102/7599 4690/9103/7600 4710/9127/7620 4709/9126/7619
f 4690/9105/7600 4691/9104/7601 4711/9128/7621 4710/9129/7620
f 4691/9104/7601 4692/9106/7602 4712/9130/7622 4711/9128/7621
f 4692/9106/7602 4693/9107/7603 4713/9131/7623 4712/9130/7622
f 4693/9107/7603 4694/9108/7604 4714/9132/7624 4713/9131/7623
f 4694/9110/7604 4695/9109/7605 4715/9133/7625 4714/9134/7624
f 4695/9109/7605 4696/9111/7606 4716/9135/7626 4715/9133/7625
f 4696/9111/7606 4697/9112/7607 4717/9136/7627 4716/9135/7626
f 4697/9112/7607 4678/9090/7589 4698/9114/7609 4717/9136/7627
f 4698/9114/7609 4699/9113/7608 4719/9137/7628 4718/9138/7629
f 4699/9113/7608 4700/9115/7610 4720/9139/7630 4719/9137/7628
f 4700/9117/7610 4701/9116/7611 4721/9140/7631 4720/9141/7630
f 4701/9116/7611 4702/9118/7612 4722/9142/7632 4721/9140/7631
f 4702/9118/7612 4703/9119/7613 4723/9143/7633 4722/9142/7632
f 4703/9119/7613 4704/9120/7614 4724/9144/7634 4723/9143/7633
f 4704/9122/7614 4705/9121/7615 4725/9145/7635 4724/9146/7634
f 4705/9121/7615 4706/9123/7616 4726/9147/7636 4725/9145/7635
f 4706/9123/7616 4707/9124/7617 4727/9148/7637 4726/9147/7636
f 4707/9124/7617 4708/9125/7618 4728/9149/7638 4727/9148/7637
f 4708/9125/7618 4709/9126/7619 4729/9150/7639 4728/9149/7638
f 4709/9126/7619 4710/9127/7620 4730/9151/7640 4729/9150/7639
f 4710/9129/7620 4711/9128/7621 4731/9152/7641 4730/9153/7640
f 4711/9128/7621 4712/9130/7622 4732/9154/7642 4731/9152/7641
f 4712/9130/7622 4713/9131/7623 4733/9155/7643 4732/9154/7642
f 4713/9131/7623 4714/9132/7624 4734/9156/7644 4733/9155/7643
f 4714/9134/7624 4715/9133/7625 4735/9157/7645 4734/9158/7644
f 4715/9133/7625 4716/9135/7626 4736/9159/7646 4735/9157/7645
f 4716/9135/7626 4717/9136/7627 4737/9160/7647 4736/9159/7646
f 4717/9136/7627 4698/9114/7609 4718/9138/7629 4737/9160/7647
f 4718/9138/7629 4719/9137/7628 4739/9161/7648 4738/9162/7649
f 4719/9137/7628 4720/9139/7630 4740/9163/7650 4739/9161/7648
f 4720/9164/7630 4721/9165/7631 4741/9166/7651 4740/9167/7650
f 4721/9165/7631 4722/9168/7632 4742/9169/7652 4741/9166/7651
f 4722/9168/7632 4723/9170/7633 4743/9171/7653 4742/9169/7652
f 4723/9170/7633 4724/9172/7634 4744/9173/7654 4743/9171/7653
f 4724/9146/7634 4725/9145/7635 4745/9174/7655 4744/9175/7654
f 4725/9145/7635 4726/9147/7636 4746/9176/7656 4745/9174/7655
f 4726/9147/7636 4727/9148/7637 4747/9177/7657 4746/9176/7656
f 4727/9148/7637 4728/9149/7638 4748/9178/7658 4747/9177/7657
f 4728/9149/7638 4729/9150/7639 4749/9179/7659 4748/9178/7658
f 4729/9150/7639 4730/9151/7640 4750/9180/7660 4749/9179/7659
f 4730/9181/7640 4731/9182/7641 4751/9183/7661 4750/9184/7660
f 4731/9182/7641 4732/9185/7642 4752/9186/7662 4751/9183/7661
f 4732/9185/7642 4733/9187/7643 4753/9188/7663 4752/9186/7662
f 4733/9187/7643 4734/9189/7644 4754/9190/7664 4753/9188/7663
f 4734/9158/7644 4735/9157/7645 4755/9191/7665 4754/9192/7664
f 4735/9157/7645 4736/9159/7646 4756/9193/7666 4755/9191/7665
f 4736/9159/7646 4737/9160/7647 4757/9194/7667 4756/9193/7666
f 4737/9160/7647 4718/9138/7629 4738/9162/7649 4757/9194/7667
f 4738/9162/7649 4739/9161/7648 4759/9195/7668 4758/9196/7669
f 4739/9161/7648 4740/9163/7650 4760/9197/7670 4759/9195/7668
f 4740/9167/7650 4741/9166/7651 4761/9198/7671 4760/9199/7670
f 4741/9166/7651 4742/9169/7652 4762/9200/7672 4761/9198/7671
f 4742/9169/7652 4743/9171/7653 4763/9201/7673 4762/9200/7672
f 4743/9171/7653 4744/9173/7654 4764/9202/7674 4763/9201/7673
f 4744/9175/7654 4745/9174/7655 4765/9203/7675 4764/9204/7674
f 4745/9174/7655 4746/9176/7656 4766/9205/7676 4765/9203/7675
f 4746/9176/7656 4747/9177/7657 4767/9206/7677 4766/9205/7676
f 4747/9177/7657 4748/9178/7658 4768/9207/7678 4767/9206/7677
f 4748/9178/7658 4749/9179/7659 4769/9208/7679 4768/9207/7678
f 4749/9179/7659 4750/9180/7660 4770/9209/7680 4769/9208/7679
f 4750/9184/7660 4751/9183/7661 4771/9210/7681 4770/9211/7680
f 4751/9183/7661 4752/9186/7662 4772/9212/7682 4771/9210/7681
f 4752/9186/7662 4753/9188/7663 4773/9213/7683 4772/9212/7682
f 4753/9188/7663 4754/9190/7664 4774/9214/7684 4773/9213/7683
f 4754/9192/7664 4755/9191/7665 4775/9215/7685 4774/9216/7684
f 4755/9191/7665 4756/9193/7666 4776/9217/7686 4775/9215/7685
f 4756/9193/7666 4757/9194/7667 4777/9218/7687 4776/9217/7686
f 4757/9194/7667 4738/9162/7649 4758/9196/7669 4777/9218/7687
f 4758/9196/7669 4759/9195/7668 4779/9219/7688 4778/9220/7689
f 4759/9221/7668 4760/9199/7670 4780/9222/7690 4779/9223/7688
f 4760/9199/7670 4761/9198/7671 4781/9224/7691 4780/9222/7690
f 4761/9198/7671 4762/9200/7672 4782/9225/7692 4781/9224/7691
f 4762/9200/7672 4763/9201/7673 4783/9226/7693 4782/9225/7692
f 4763/9201/7673 4764/9202/7674 4784/9227/7694 4783/9226/7693
f 4764/9202/7674 4765/9228/7675 4785/9229/7695 4784/9227/7694
f 4765/9203/7675 4766/9205/7676 4786/9230/7696 4785/9231/7695
f 4766/9205/7676 4767/9206/7677 4787/9232/7697 4786/9230/7696
f 4767/9206/7677 4768/9207/7678 4788/9233/7698 4787/9232/7697
f 4768/9207/7678 4769/9208/7679 4789/9234/7699 4788/9233/7698
f 4769/9235/7679 4770/9211/7680 4790/9236/7700 4789/9237/7699
f 4770/9211/7680 4771/9210/7681 4791/9238/7701 4790/9236/7700
f 4771/9210/7681 4772/9212/7682 4792/9239/7702 4791/9238/7701
f 4772/9212/7682 4773/9213/7683 4793/9240/7703 4792/9239/7702
f 4773/9213/7683 4774/9214/7684 4794/9241/7704 4793/9240/7703
f 4774/9214/7684 4775/9242/7685 4795/9243/7705 4794/9241/7704
f 4775/9215/7685 4776/9217/7686 4796/9244/7706 4795/9245/7705
f 4776/9217/7686 4777/9218/7687 4797/9246/7707 4796/9244/7706
f 4777/9218/7687 4758/9196/7669 4778/9220/7689 4797/9246/7707
f 4778/9247/7689 4779/9223/7688 4799/9248/7708 4798/9249/7709
f 4779/9223/7688 4780/9222/7690 4800/9250/7710 4799/9248/7708
f 4780/9222/7690 4781/9224/7691 4801/9251/7711 4800/9250/7710
f 4781/9224/7691 4782/9225/7692 4802/9252/7712 4801/9251/7711
f 4782/9225/7692 4783/9226/7693 4803/9253/7713 4802/9252/7712
f 4783/9226/7693 4784/9227/7694 4804/9254/7714 4803/9253/7713
f 4784/9227/7694 4785/9229/7695 4805/9255/7715 4804/9254/7714
f 4785/9229/7695 4786/9256/7696 4806/9257/7716 4805/9255/7715
f 4786/9230/7696 4787/9232/7697 4807/9258/7717 4806/9259/7716
f 4787/9232/7697 4788/9233/7698 4808/9260/7718 4807/9258/7717
f 4788/9261/7698 4789/9237/7699 4809/9262/7719 4808/9263/7718
f 4789/9237/7699 4790/9236/7700 4810/9264/7720 4809/9262/7719
f 4790/9236/7700 4791/9238/7701 4811/9265/7721 4810/9264/7720
f 4791/9238/7701 4792/9239/7702 4812/9266/7722 4811/9265/7721
f 4792/9239/7702 4793/9240/7703 4813/9267/7723 4812/9266/7722
f 4793/9240/7703 4794/9241/7704 4814/9268/7724 4813/9267/7723
f 4794/9241/7704 4795/9243/7705 4815/9269/7725 4814/9268/7724
f 4795/9243/7705 4796/9270/7706 4816/9271/7726 4815/9269/7725
f 4796/9244/7706 4797/9246/7707 4817/9272/7727 4816/9273/7726
f 4797/9246/7707 4778/9220/7689 4798/9274/7709 4817/9272/7727
f 4798/9249/7709 4799/9248/7708 4819/9275/7728 4818/9276/7729
f 4799/9248/7708 4800/9250/7710 4820/9277/7730 4819/9275/7728
f 4800/9250/7710 4801/9251/7711 4821/9278/7731 4820/9277/7730
f 4801/9251/7711 4802/9252/7712 4822/9279/7732 4821/9278/7731
f 4802/9252/7712 4803/9253/7713 4823/9280/7733 4822/9279/7732
f 4803/9253/7713 4804/9254/7714 4824/9281/7734 4823/9280/7733
f 4804/9254/7714 4805/9255/7715 4825/9282/7735 4824/9281/7734
f 4805/9255/7715 4806/9257/7716 4826/9283/7736 4825/9282/7735
f 4806/9257/7716 4807/9284/7717 4827/9285/7737 4826/9283/7736
f 4807/9284/7717 4808/9263/7718 4828/9286/7738 4827/9285/7737
f 4808/9263/7718 4809/9262/7719 4829/9287/7739 4828/9286/7738
f 4809/9262/7719 4810/9264/7720 4830/9288/7740 4829/9287/7739
f 4810/9264/7720 4811/9265/7721 4831/9289/7741 4830/9288/7740
f 4811/9265/7721 4812/9266/7722 4832/9290/7742 4831/9289/7741
f 4812/9266/7722 4813/9267/7723 4833/9291/7743 4832/9290/7742
f 4813/9267/7723 4814/9268/7724 4834/9292/7744 4833/9291/7743
f 4814/9268/7724 4815/9269/7725 4835/9293/7745 4834/9292/7744
f 4815/9269/7725 4816/9271/7726 4836/9294/7746 4835/9293/7745
f 4816/9271/7726 4817/9295/7727 4837/9296/7747 4836/9294/7746
f 4817/9295/7727 4798/9249/7709 4818/9276/7729 4837/9296/7747
f 4818/9276/7729 4819/9275/7728 4839/9297/7748 4838/9298/7749
f 4819/9275/7728 4820/9277/7730 4840/9299/7750 4839/9297/7748
f 4820/9277/7730 4821/9278/7731 4841/9300/7751 4840/9299/7750
f 4821/9278/7731 4822/9279/7732 4842/9301/7752 4841/9300/7751
f 4822/9279/7732 4823/9280/7733 4843/9302/7753 4842/9301/7752
f 4823/9280/7733 4824/9281/7734 4844/9303/7754 4843/9302/7753
f 4824/9281/7734 4825/9282/7735 4845/9304/7755 4844/9303/7754
f 4825/9282/7735 4826/9283/7736 4846/9305/7756 4845/9304/7755
f 4826/9283/7736 4827/9285/7737 4847/9306/7757 4846/9305/7756
f 4827/9285/7737 4828/9286/7738 4848/9307/7758 4847/9306/7757
f 4828/9286/7738 4829/9287/7739 4849/9308/7759 4848/9307/7758
f 4829/9287/7739 4830/9288/7740 4850/9309/7760 4849/9308/7759
f 4830/9288/7740 4831/9289/7741 4851/9310/7761 4850/9309/7760
f 4831/9289/7741 4832/9290/7742 4852/9311/7762 4851/9310/7761
f 4832/9290/7742 4833/9291/7743 4853/9312/7763 4852/9311/7762
f 4833/9291/7743 4834/9292/7744 4854/9313/7764 4853/9312/7763
f 4834/9292/7744 4835/9293/7745 4855/9314/7765 4854/9313/7764
f 4835/9293/7745 4836/9294/7746 4856/9315/7766 4855/9314/7765
f 4836/9294/7746 4837/9296/7747 4857/9316/7767 4856/9315/7766
f 4837/9296/7747 4818/9276/7729 4838/9298/7749 4857/9316/7767
f 4479/8838/7389 4478/8837/7388 4858/9317/7768
f 4480/8841/7392 4479/8838/7389 4858/9317/7768
f 4481/8843/7394 4480/8841/7392 4858/9317/7768
f 4482/8845/7396 4481/8843/7394 4858/9317/7768
f 4483/8847/7398 4482/8845/7396 4858/9317/7768
f 4484/8849/7400 4483/8847/7398 4858/9317/7768
f 4485/8851/7402 4484/8849/7400 4858/9317/7768
f 4486/8853/7404 4485/8851/7402 4858/9317/7768
f 4487/8855/7406 4486/8853/7404 4858/9317/7768
f 4488/8857/7408 4487/8855/7406 4858/9317/7768
f 4489/8859/7410 4488/8857/7408 4858/9317/7768
f 4490/8861/7412 4489/8859/7410 4858/9317/7768
f 4491/8863/7414 4490/8861/7412 4858/9317/7768
f 4492/8865/7416 4491/8863/7414 4858/9317/7768
f 4493/8867/7418 4492/8865/7416 4858/9317/7768
f 4494/8869/7420 4493/8867/7418 4858/9317/7768
f 4495/8871/7422 4494/8869/7420 4858/9317/7768
f 4496/8873/7424 4495/8871/7422 4858/9317/7768
f 4497/8875/7426 4496/8873/7424 4858/9317/7768
f 4478/8837/7388 4497/8875/7426 4858/9317/7768
f 4838/9298/7749 4839/9297/7748 4859/9318/7769
f 4839/9297/7748 4840/9299/7750 4859/9318/7769
f 4840/9299/7750 4841/9300/7751 4859/9318/7769
f 4841/9300/7751 4842/9301/7752 4859/9318/7769
f 4842/9301/7752 4843/9302/7753 4859/9318/7769
f 4843/9302/7753 4844/9303/7754 4859/9318/7769
f 4844/9303/7754 4845/9304/7755 4859/9318/7769
f 4845/9304/7755 4846/9305/7756 4859/9318/7769
f 4846/9305/7756 4847/9306/7757 4859/9318/7769
f 4847/9306/7757 4848/9307/7758 4859/9318/7769
f 4848/9307/7758 4849/9308/7759 4859/9318/7769
f 4849/9308/7759 4850/9309/7760 4859/9318/7769
f 4850/9309/7760 4851/9310/7761 4859/9318/7769
f 4851/9310/7761 4852/9311/7762 4859/9318/7769
f 4852/9311/7762 4853/9312/7763 4859/9318/7769
f 4853/9312/7763 4854/9313/7764 4859/9318/7769
f 4854/9313/7764 4855/9314/7765 4859/9318/7769
f 4855/9314/7765 4856/9315/7766 4859/9318/7769
f 4856/9315/7766 4857/9316/7767 4859/9318/7769
f 4857/9316/7767 4838/9298/7749 4859/9318/7769
