# This file uses centimeters as units for non-parametric coordinates.

mtllib Draugr_Ship_01_v08.mtl
g default
v 16.509418 7.872724 -0.329385
v 16.505875 7.872724 -0.336342
v 16.500353 7.872724 -0.341863
v 16.493397 7.872724 -0.345407
v 16.485685 7.872724 -0.346628
v 16.477974 7.872724 -0.345407
v 16.471018 7.872724 -0.341863
v 16.465496 7.872724 -0.336342
v 16.461952 7.872724 -0.329385
v 16.460732 7.872724 -0.321674
v 16.461952 7.872724 -0.313963
v 16.465496 7.872724 -0.307006
v 16.471018 7.872724 -0.301486
v 16.477974 7.872724 -0.297941
v 16.485685 7.872724 -0.296720
v 16.493397 7.872724 -0.297941
v 16.500353 7.872724 -0.301486
v 16.505875 7.872724 -0.307006
v 16.509418 7.872724 -0.313963
v 16.510639 7.872724 -0.321674
v 16.532566 7.878567 -0.336907
v 16.525564 7.878567 -0.350648
v 16.514660 7.878567 -0.361554
v 16.500917 7.878567 -0.368556
v 16.485685 7.878567 -0.370968
v 16.470453 7.878567 -0.368556
v 16.456711 7.878567 -0.361554
v 16.445807 7.878567 -0.350648
v 16.438805 7.878567 -0.336907
v 16.436392 7.878567 -0.321674
v 16.438805 7.878567 -0.306441
v 16.445807 7.878567 -0.292700
v 16.456711 7.878567 -0.281794
v 16.470453 7.878567 -0.274793
v 16.485685 7.878567 -0.272380
v 16.500917 7.878567 -0.274793
v 16.514660 7.878567 -0.281794
v 16.525564 7.878567 -0.292700
v 16.532566 7.878567 -0.306441
v 16.534979 7.878567 -0.321674
v 16.554562 7.888146 -0.344053
v 16.544275 7.888146 -0.364242
v 16.528254 7.888146 -0.380263
v 16.508064 7.888146 -0.390550
v 16.485685 7.888146 -0.394094
v 16.463306 7.888146 -0.390550
v 16.443117 7.888146 -0.380263
v 16.427095 7.888146 -0.364242
v 16.416809 7.888146 -0.344053
v 16.413265 7.888146 -0.321674
v 16.416809 7.888146 -0.299295
v 16.427095 7.888146 -0.279107
v 16.443117 7.888146 -0.263085
v 16.463306 7.888146 -0.252799
v 16.485685 7.888146 -0.249254
v 16.508064 7.888146 -0.252799
v 16.528254 7.888146 -0.263085
v 16.544275 7.888146 -0.279107
v 16.554562 7.888146 -0.299295
v 16.558105 7.888146 -0.321674
v 16.574860 7.901225 -0.350648
v 16.561541 7.901225 -0.376787
v 16.540798 7.901225 -0.397530
v 16.514660 7.901225 -0.410848
v 16.485685 7.901225 -0.415437
v 16.456711 7.901225 -0.410848
v 16.430573 7.901225 -0.397530
v 16.409830 7.901225 -0.376787
v 16.396511 7.901225 -0.350648
v 16.391922 7.901225 -0.321674
v 16.396511 7.901225 -0.292700
v 16.409830 7.901225 -0.266562
v 16.430573 7.901225 -0.245818
v 16.456711 7.901225 -0.232500
v 16.485685 7.901225 -0.227911
v 16.514660 7.901225 -0.232500
v 16.540798 7.901225 -0.245818
v 16.561541 7.901225 -0.266562
v 16.574860 7.901225 -0.292700
v 16.579449 7.901225 -0.321674
v 16.592962 7.917481 -0.356530
v 16.576941 7.917481 -0.387975
v 16.551985 7.917481 -0.412929
v 16.520542 7.917481 -0.428950
v 16.485685 7.917481 -0.434471
v 16.450829 7.917481 -0.428950
v 16.419386 7.917481 -0.412929
v 16.394430 7.917481 -0.387975
v 16.378408 7.917481 -0.356530
v 16.372889 7.917481 -0.321674
v 16.378408 7.917481 -0.286818
v 16.394430 7.917481 -0.255374
v 16.419386 7.917481 -0.230420
v 16.450829 7.917481 -0.214398
v 16.485685 7.917481 -0.208877
v 16.520542 7.917481 -0.214398
v 16.551985 7.917481 -0.230420
v 16.576941 7.917481 -0.255374
v 16.592962 7.917481 -0.286818
v 16.598482 7.917481 -0.321674
v 16.608423 7.936515 -0.361554
v 16.590092 7.936515 -0.397530
v 16.561541 7.936515 -0.426081
v 16.525564 7.936515 -0.444411
v 16.485685 7.936515 -0.450728
v 16.445807 7.936515 -0.444411
v 16.409830 7.936515 -0.426081
v 16.381279 7.936515 -0.397530
v 16.362947 7.936515 -0.361554
v 16.356632 7.936515 -0.321674
v 16.362947 7.936515 -0.281794
v 16.381279 7.936515 -0.245818
v 16.409830 7.936515 -0.217268
v 16.445807 7.936515 -0.198937
v 16.485685 7.936515 -0.192621
v 16.525564 7.936515 -0.198937
v 16.561541 7.936515 -0.217268
v 16.590092 7.936515 -0.245818
v 16.608423 7.936515 -0.281794
v 16.614738 7.936515 -0.321674
v 16.620861 7.957858 -0.365595
v 16.600674 7.957858 -0.405217
v 16.569229 7.957858 -0.436662
v 16.529606 7.957858 -0.456850
v 16.485685 7.957858 -0.463807
v 16.441765 7.957858 -0.456850
v 16.402142 7.957858 -0.436662
v 16.370697 7.957858 -0.405217
v 16.350510 7.957858 -0.365595
v 16.343554 7.957858 -0.321674
v 16.350510 7.957858 -0.277753
v 16.370697 7.957858 -0.238131
v 16.402142 7.957858 -0.206687
v 16.441765 7.957858 -0.186498
v 16.485685 7.957858 -0.179542
v 16.529606 7.957858 -0.186498
v 16.569229 7.957858 -0.206687
v 16.600674 7.957858 -0.238131
v 16.620861 7.957858 -0.277753
v 16.627817 7.957858 -0.321674
v 16.629972 7.980984 -0.368556
v 16.608423 7.980984 -0.410848
v 16.574860 7.980984 -0.444411
v 16.532566 7.980984 -0.465960
v 16.485685 7.980984 -0.473386
v 16.438805 7.980984 -0.465960
v 16.396511 7.980984 -0.444411
v 16.362947 7.980984 -0.410848
v 16.341400 7.980984 -0.368556
v 16.333975 7.980984 -0.321674
v 16.341400 7.980984 -0.274793
v 16.362947 7.980984 -0.232500
v 16.396511 7.980984 -0.198937
v 16.438805 7.980984 -0.177388
v 16.485685 7.980984 -0.169963
v 16.532566 7.980984 -0.177388
v 16.574860 7.980984 -0.198937
v 16.608423 7.980984 -0.232500
v 16.629971 7.980984 -0.274793
v 16.637396 7.980984 -0.321674
v 16.635529 8.005324 -0.370361
v 16.613150 8.005324 -0.414283
v 16.578295 8.005324 -0.449139
v 16.534372 8.005324 -0.471518
v 16.485685 8.005324 -0.479229
v 16.436998 8.005324 -0.471518
v 16.393076 8.005324 -0.449139
v 16.358221 8.005324 -0.414283
v 16.335842 8.005324 -0.370361
v 16.328131 8.005324 -0.321674
v 16.335842 8.005324 -0.272987
v 16.358221 8.005324 -0.229066
v 16.393078 8.005324 -0.194210
v 16.436998 8.005324 -0.171831
v 16.485685 8.005324 -0.164119
v 16.534372 8.005324 -0.171831
v 16.578293 8.005324 -0.194210
v 16.613150 8.005324 -0.229066
v 16.635529 8.005324 -0.272987
v 16.643240 8.005324 -0.321674
v 16.637398 8.030278 -0.370968
v 16.614738 8.030278 -0.415437
v 16.579449 8.030278 -0.450728
v 16.534979 8.030278 -0.473386
v 16.485685 8.030278 -0.481193
v 16.436392 8.030278 -0.473386
v 16.391922 8.030278 -0.450728
v 16.356632 8.030278 -0.415437
v 16.333975 8.030278 -0.370968
v 16.326166 8.030278 -0.321674
v 16.333975 8.030278 -0.272380
v 16.356632 8.030278 -0.227911
v 16.391922 8.030278 -0.192621
v 16.436392 8.030278 -0.169963
v 16.485685 8.030278 -0.162155
v 16.534979 8.030278 -0.169963
v 16.579449 8.030278 -0.192621
v 16.614738 8.030278 -0.227911
v 16.637396 8.030278 -0.272380
v 16.645205 8.030278 -0.321674
v 16.635529 8.055232 -0.370361
v 16.613150 8.055232 -0.414283
v 16.578295 8.055232 -0.449139
v 16.534372 8.055232 -0.471518
v 16.485685 8.055232 -0.479229
v 16.436998 8.055232 -0.471518
v 16.393076 8.055232 -0.449139
v 16.358221 8.055232 -0.414283
v 16.335842 8.055232 -0.370361
v 16.328131 8.055232 -0.321674
v 16.335842 8.055232 -0.272987
v 16.358221 8.055232 -0.229066
v 16.393078 8.055232 -0.194210
v 16.436998 8.055232 -0.171831
v 16.485685 8.055232 -0.164119
v 16.534372 8.055232 -0.171831
v 16.578293 8.055232 -0.194210
v 16.613150 8.055232 -0.229066
v 16.635529 8.055232 -0.272987
v 16.643240 8.055232 -0.321674
v 16.629972 8.079573 -0.368556
v 16.608423 8.079573 -0.410848
v 16.574860 8.079573 -0.444411
v 16.532566 8.079573 -0.465960
v 16.485685 8.079573 -0.473386
v 16.438805 8.079573 -0.465960
v 16.396511 8.079573 -0.444411
v 16.362947 8.079573 -0.410848
v 16.341400 8.079573 -0.368556
v 16.333975 8.079573 -0.321674
v 16.341400 8.079573 -0.274793
v 16.362947 8.079573 -0.232500
v 16.396511 8.079573 -0.198937
v 16.438805 8.079573 -0.177388
v 16.485685 8.079573 -0.169963
v 16.532566 8.079573 -0.177388
v 16.574860 8.079573 -0.198937
v 16.608423 8.079573 -0.232500
v 16.629971 8.079573 -0.274793
v 16.637396 8.079573 -0.321674
v 16.620861 8.102698 -0.365595
v 16.600674 8.102698 -0.405217
v 16.569229 8.102698 -0.436662
v 16.529606 8.102698 -0.456850
v 16.485685 8.102698 -0.463807
v 16.441765 8.102698 -0.456850
v 16.402142 8.102698 -0.436662
v 16.370697 8.102698 -0.405217
v 16.350510 8.102698 -0.365595
v 16.343554 8.102698 -0.321674
v 16.350510 8.102698 -0.277753
v 16.370697 8.102698 -0.238131
v 16.402142 8.102698 -0.206687
v 16.441765 8.102698 -0.186498
v 16.485685 8.102698 -0.179542
v 16.529606 8.102698 -0.186498
v 16.569229 8.102698 -0.206687
v 16.600674 8.102698 -0.238131
v 16.620861 8.102698 -0.277753
v 16.627817 8.102698 -0.321674
v 16.608423 8.124041 -0.361554
v 16.590092 8.124041 -0.397530
v 16.561541 8.124041 -0.426081
v 16.525564 8.124041 -0.444411
v 16.485685 8.124041 -0.450728
v 16.445807 8.124041 -0.444411
v 16.409830 8.124041 -0.426081
v 16.381279 8.124041 -0.397530
v 16.362947 8.124041 -0.361554
v 16.356632 8.124041 -0.321674
v 16.362947 8.124041 -0.281794
v 16.381279 8.124041 -0.245818
v 16.409830 8.124041 -0.217268
v 16.445807 8.124041 -0.198937
v 16.485685 8.124041 -0.192621
v 16.525564 8.124041 -0.198937
v 16.561541 8.124041 -0.217268
v 16.590092 8.124041 -0.245818
v 16.608423 8.124041 -0.281794
v 16.614738 8.124041 -0.321674
v 16.592962 8.143075 -0.356530
v 16.576941 8.143075 -0.387975
v 16.551985 8.143075 -0.412929
v 16.520542 8.143075 -0.428950
v 16.485685 8.143075 -0.434471
v 16.450829 8.143075 -0.428950
v 16.419386 8.143075 -0.412929
v 16.394430 8.143075 -0.387975
v 16.378408 8.143075 -0.356530
v 16.372889 8.143075 -0.321674
v 16.378408 8.143075 -0.286818
v 16.394430 8.143075 -0.255374
v 16.419386 8.143075 -0.230420
v 16.450829 8.143075 -0.214398
v 16.485685 8.143075 -0.208877
v 16.520542 8.143075 -0.214398
v 16.551985 8.143075 -0.230420
v 16.576941 8.143075 -0.255374
v 16.592962 8.143075 -0.286818
v 16.598482 8.143075 -0.321674
v 16.574860 8.159331 -0.350648
v 16.561541 8.159331 -0.376787
v 16.540798 8.159331 -0.397530
v 16.514660 8.159331 -0.410848
v 16.485685 8.159331 -0.415437
v 16.456711 8.159331 -0.410848
v 16.430573 8.159331 -0.397530
v 16.409830 8.159331 -0.376787
v 16.396511 8.159331 -0.350648
v 16.391922 8.159331 -0.321674
v 16.396511 8.159331 -0.292700
v 16.409830 8.159331 -0.266562
v 16.430573 8.159331 -0.245818
v 16.456711 8.159331 -0.232500
v 16.485685 8.159331 -0.227911
v 16.514660 8.159331 -0.232500
v 16.540798 8.159331 -0.245818
v 16.561541 8.159331 -0.266562
v 16.574860 8.159331 -0.292700
v 16.579449 8.159331 -0.321674
v 16.554562 8.172411 -0.344053
v 16.544275 8.172411 -0.364242
v 16.528254 8.172411 -0.380263
v 16.508064 8.172411 -0.390550
v 16.485685 8.172411 -0.394094
v 16.463306 8.172411 -0.390550
v 16.443117 8.172411 -0.380263
v 16.427095 8.172411 -0.364242
v 16.416809 8.172411 -0.344053
v 16.413265 8.172411 -0.321674
v 16.416809 8.172411 -0.299295
v 16.427095 8.172411 -0.279107
v 16.443117 8.172411 -0.263085
v 16.463306 8.172411 -0.252799
v 16.485685 8.172411 -0.249254
v 16.508064 8.172411 -0.252799
v 16.528254 8.172411 -0.263085
v 16.544275 8.172411 -0.279107
v 16.554562 8.172411 -0.299295
v 16.558105 8.172411 -0.321674
v 16.532566 8.181990 -0.336907
v 16.525564 8.181990 -0.350648
v 16.514660 8.181990 -0.361554
v 16.500917 8.181990 -0.368556
v 16.485685 8.181990 -0.370968
v 16.470453 8.181990 -0.368556
v 16.456711 8.181990 -0.361554
v 16.445807 8.181990 -0.350648
v 16.438805 8.181990 -0.336907
v 16.436392 8.181990 -0.321674
v 16.438805 8.181990 -0.306441
v 16.445807 8.181990 -0.292700
v 16.456711 8.181990 -0.281794
v 16.470453 8.181990 -0.274793
v 16.485685 8.181990 -0.272380
v 16.500917 8.181990 -0.274793
v 16.514660 8.181990 -0.281794
v 16.525564 8.181990 -0.292700
v 16.532566 8.181990 -0.306441
v 16.534979 8.181990 -0.321674
v 16.509418 8.187833 -0.329385
v 16.505875 8.187833 -0.336342
v 16.500353 8.187833 -0.341863
v 16.493397 8.187833 -0.345407
v 16.485685 8.187833 -0.346628
v 16.477974 8.187833 -0.345407
v 16.471018 8.187833 -0.341863
v 16.465496 8.187833 -0.336342
v 16.461952 8.187833 -0.329385
v 16.460732 8.187833 -0.321674
v 16.461952 8.187833 -0.313963
v 16.465496 8.187833 -0.307006
v 16.471018 8.187833 -0.301486
v 16.477974 8.187833 -0.297941
v 16.485685 8.187833 -0.296720
v 16.493397 8.187833 -0.297941
v 16.500353 8.187833 -0.301486
v 16.505875 8.187833 -0.307006
v 16.509418 8.187833 -0.313963
v 16.510639 8.187833 -0.321674
v 16.485685 7.870759 -0.321674
v 16.485685 8.189797 -0.321674
v 10.754581 2.950115 2.653751
v 9.851331 2.515238 3.188912
v 8.948079 2.950115 3.724072
v 8.573940 4.000000 3.945743
v 8.948079 5.049885 3.724072
v 9.851331 5.484762 3.188912
v 10.754581 5.049885 2.653751
v 11.128720 4.000000 2.432081
v 10.695920 2.950115 2.554741
v 9.792668 2.515238 3.089902
v 8.889418 2.950115 3.625062
v 8.515279 4.000000 3.846733
v 8.889418 5.049885 3.625062
v 9.792668 5.484762 3.089902
v 10.695920 5.049885 2.554741
v 11.070059 4.000000 2.333071
v 9.851331 4.000000 3.188912
v 9.792668 4.000000 3.089902
v 10.838097 2.856094 2.610259
v 9.853957 2.382273 3.193345
v 9.790042 2.382273 3.085469
v 10.774182 2.856094 2.502383
v 8.869817 2.856094 3.776431
v 8.805902 2.856094 3.668554
v 8.462173 4.000000 4.017952
v 8.398258 4.000000 3.910076
v 8.869817 5.143906 3.776431
v 8.805902 5.143906 3.668554
v 9.853957 5.617727 3.193345
v 9.790042 5.617727 3.085469
v 10.838097 5.143906 2.610259
v 10.774182 5.143906 2.502383
v 11.245741 4.000000 2.368737
v 11.181827 4.000000 2.260860
v 10.771956 2.950115 2.683077
v 9.868706 2.515238 3.218238
v 9.871332 2.382273 3.222671
v 10.855473 2.856094 2.639585
v 8.965455 2.950115 3.753398
v 8.887192 2.856094 3.805757
v 8.591316 4.000000 3.975069
v 8.479548 4.000000 4.047279
v 8.965455 5.049885 3.753398
v 8.887192 5.143906 3.805757
v 9.868706 5.484762 3.218238
v 9.871332 5.617727 3.222671
v 10.771956 5.049885 2.683077
v 10.855473 5.143906 2.639585
v 11.146095 4.000000 2.461407
v 11.263117 4.000000 2.398063
v 10.678544 2.950115 2.525415
v 9.775293 2.515238 3.060576
v 10.756807 2.856094 2.473057
v 9.772667 2.382273 3.056143
v 8.872043 2.950115 3.595736
v 8.788527 2.856094 3.639228
v 8.497904 4.000000 3.817407
v 8.380882 4.000000 3.880750
v 8.872043 5.049885 3.595736
v 8.788527 5.143906 3.639228
v 9.775293 5.484762 3.060576
v 9.772667 5.617727 3.056143
v 10.678544 5.049885 2.525415
v 10.756807 5.143906 2.473057
v 11.052683 4.000000 2.303745
v 11.164452 4.000000 2.231534
v 1.049885 2.950115 6.194427
v 0.000000 2.515238 6.194427
v -1.049885 2.950115 6.194427
v -1.484762 4.000000 6.194427
v -1.049885 5.049885 6.194427
v 0.000000 5.484762 6.194427
v 1.049885 5.049885 6.194427
v 1.484762 4.000000 6.194427
v 1.049885 2.950115 6.079343
v 0.000000 2.515238 6.079343
v -1.049885 2.950115 6.079343
v -1.484762 4.000000 6.079343
v -1.049885 5.049885 6.079343
v 0.000000 5.484762 6.079343
v 1.049885 5.049885 6.079343
v 1.484762 4.000000 6.079343
v 0.000000 4.000000 6.194427
v 0.000000 4.000000 6.079343
v 1.143906 2.856094 6.199580
v -0.000000 2.382273 6.199580
v -0.000000 2.382273 6.074191
v 1.143906 2.856094 6.074191
v -1.143906 2.856094 6.199580
v -1.143906 2.856094 6.074191
v -1.617727 4.000000 6.199580
v -1.617727 4.000000 6.074191
v -1.143906 5.143906 6.199580
v -1.143906 5.143906 6.074191
v -0.000000 5.617727 6.199580
v -0.000000 5.617727 6.074191
v 1.143906 5.143906 6.199580
v 1.143906 5.143906 6.074191
v 1.617728 4.000000 6.199580
v 1.617728 4.000000 6.074191
v 1.049885 2.950115 6.228514
v 0.000000 2.515238 6.228514
v -0.000000 2.382273 6.233666
v 1.143906 2.856094 6.233666
v -1.049885 2.950115 6.228514
v -1.143906 2.856094 6.233666
v -1.484762 4.000000 6.228514
v -1.617727 4.000000 6.233666
v -1.049885 5.049885 6.228514
v -1.143906 5.143906 6.233666
v 0.000000 5.484762 6.228514
v -0.000000 5.617727 6.233666
v 1.049885 5.049885 6.228514
v 1.143906 5.143906 6.233666
v 1.484762 4.000000 6.228514
v 1.617728 4.000000 6.233666
v 1.049885 2.950115 6.045257
v 0.000000 2.515238 6.045257
v 1.143906 2.856094 6.040104
v -0.000000 2.382273 6.040104
v -1.049885 2.950115 6.045257
v -1.143906 2.856094 6.040104
v -1.484762 4.000000 6.045257
v -1.617727 4.000000 6.040104
v -1.049885 5.049885 6.045257
v -1.143906 5.143906 6.040104
v 0.000000 5.484762 6.045257
v -0.000000 5.617727 6.040104
v 1.049885 5.049885 6.045257
v 1.143906 5.143906 6.040104
v 1.484762 4.000000 6.045257
v 1.617728 4.000000 6.040104
v -8.888941 2.950115 -3.606446
v -9.792194 2.515238 -3.071289
v -10.695447 2.950115 -2.536132
v -11.069586 4.000000 -2.314462
v -10.695447 5.049885 -2.536132
v -9.792194 5.484762 -3.071289
v -8.888941 5.049885 -3.606446
v -8.514801 4.000000 -3.828115
v -8.947602 2.950115 -3.705456
v -9.850855 2.515238 -3.170299
v -10.754108 2.950115 -2.635142
v -11.128248 4.000000 -2.413473
v -10.754108 5.049885 -2.635142
v -9.850855 5.484762 -3.170299
v -8.947602 5.049885 -3.705456
v -8.573462 4.000000 -3.927125
v -9.792194 4.000000 -3.071289
v -9.850855 4.000000 -3.170299
v -8.805426 2.856094 -3.649938
v -9.789567 2.382273 -3.066856
v -9.853482 2.382273 -3.174732
v -8.869340 2.856094 -3.757814
v -10.773709 2.856094 -2.483773
v -10.837624 2.856094 -2.591650
v -11.181355 4.000000 -2.242253
v -11.245269 4.000000 -2.350129
v -10.773709 5.143906 -2.483773
v -10.837624 5.143906 -2.591650
v -9.789567 5.617727 -3.066856
v -9.853482 5.617727 -3.174732
v -8.805426 5.143906 -3.649938
v -8.869340 5.143906 -3.757814
v -8.397779 4.000000 -3.891459
v -8.461695 4.000000 -3.999335
v -8.871566 2.950115 -3.577120
v -9.774818 2.515238 -3.041963
v -9.772192 2.382273 -3.037529
v -8.788050 2.856094 -3.620612
v -10.678072 2.950115 -2.506805
v -10.756334 2.856094 -2.454447
v -11.052212 4.000000 -2.285136
v -11.163980 4.000000 -2.212926
v -10.678072 5.049885 -2.506805
v -10.756334 5.143906 -2.454447
v -9.774818 5.484762 -3.041963
v -9.772192 5.617727 -3.037529
v -8.871566 5.049885 -3.577120
v -8.788050 5.143906 -3.620612
v -8.497426 4.000000 -3.798789
v -8.380405 4.000000 -3.862132
v -8.964977 2.950115 -3.734782
v -9.868231 2.515238 -3.199625
v -8.886715 2.856094 -3.787140
v -9.870857 2.382273 -3.204058
v -10.771483 2.950115 -2.664468
v -10.855000 2.856094 -2.620976
v -11.145622 4.000000 -2.442799
v -11.262644 4.000000 -2.379455
v -10.771483 5.049885 -2.664468
v -10.855000 5.143906 -2.620976
v -9.868231 5.484762 -3.199625
v -9.870857 5.617727 -3.204058
v -8.964977 5.049885 -3.734782
v -8.886715 5.143906 -3.787141
v -8.590837 4.000000 -3.956451
v -8.479070 4.000000 -4.028661
v -7.711019 4.458152 -3.876623
v -7.628001 4.583874 -4.109081
v -7.857888 4.970991 -3.722793
v -7.759124 5.041731 -3.971743
v -7.600715 5.010658 -3.609497
v -7.501952 5.081398 -3.858446
v -7.453846 4.497818 -3.763326
v -7.370828 4.623539 -3.995784
v -7.423946 4.731884 -4.053788
v -7.579366 4.707911 -4.122258
v -7.503189 5.008584 -3.970789
v -7.658608 4.984613 -4.039259
v -7.287006 4.633126 -4.104629
v -7.543442 4.633126 -4.104629
v -7.287006 4.947469 -4.418972
v -7.543442 4.947469 -4.418972
v -7.322052 4.439268 -4.336271
v -7.508396 4.439268 -4.336271
v -7.322052 4.667690 -4.564693
v -7.508396 4.667690 -4.564693
v -7.322052 3.803963 -4.694775
v -7.508396 3.803963 -4.694775
v -7.322052 4.032385 -4.923197
v -7.508396 4.032385 -4.923197
v -7.322052 2.660171 -5.462356
v -7.508396 2.660171 -5.462356
v -7.322052 2.888593 -5.690779
v -7.508396 2.888593 -5.690779
v -7.322052 1.723998 -6.317266
v -7.508396 1.723998 -6.317266
v -7.322052 1.975186 -6.568455
v -7.508396 1.975186 -6.568455
v -7.322052 1.160923 -6.788885
v -7.508396 1.160923 -6.788885
v -7.322052 1.503565 -7.131528
v -7.508396 1.503565 -7.131528
v -7.365592 1.201527 -6.908405
v -7.464856 1.201527 -6.908405
v -7.365592 1.384045 -7.090922
v -7.464856 1.384045 -7.090922
v -7.263982 0.987016 -6.749245
v -7.566465 0.987016 -6.749245
v -7.297100 1.515458 -7.333185
v -7.596694 1.544945 -7.303698
v -7.336808 0.908707 -6.907333
v -7.593430 0.933965 -6.882074
v -7.336808 1.385118 -7.383742
v -7.593430 1.410376 -7.358484
v -7.543442 5.233167 -4.704670
v -7.287006 5.233167 -4.704670
v -7.508396 4.953388 -4.850391
v -7.322052 4.953388 -4.850391
v -7.543442 5.165961 -4.338048
v -7.287006 5.165961 -4.338048
v -7.543442 5.386138 -4.558225
v -7.287006 5.386138 -4.558225
v -7.543442 5.452411 -4.054941
v -7.287006 5.452411 -4.054941
v -7.543442 5.559508 -4.162038
v -7.287006 5.559508 -4.162038
v -7.508396 4.273774 -5.052937
v -7.322052 4.273774 -5.052937
v -7.322052 4.506145 -5.285308
v -7.508396 4.506145 -5.285308
v -7.508396 3.679517 -5.498882
v -7.322052 3.679517 -5.498882
v -7.322052 3.858309 -5.677675
v -7.508396 3.858309 -5.677675
v -7.508396 3.071709 -5.949203
v -7.322052 3.071709 -5.949203
v -7.322052 3.250500 -6.127995
v -7.508396 3.250500 -6.127995
v -7.508396 2.130509 -6.788963
v -7.322052 2.130509 -6.788963
v -7.322052 2.248445 -6.906901
v -7.508396 2.248445 -6.906901
v -7.526000 1.576294 -7.137384
v -7.304448 1.576294 -7.137384
v -7.322052 1.731779 -7.313684
v -7.508396 1.731779 -7.313684
v -7.526000 1.590057 -7.413121
v -7.304448 1.590057 -7.413121
v -7.322052 1.639384 -7.441632
v -7.508396 1.639384 -7.441632
v -7.346096 0.635868 -6.725753
v -7.601660 0.661022 -6.700600
v -7.346096 1.497250 -7.587133
v -7.601660 1.522403 -7.561980
v -7.387268 0.481963 -6.990165
v -7.642832 0.507117 -6.965010
v -7.387268 1.343345 -7.851543
v -7.642832 1.368499 -7.826392
v -7.784453 4.714572 -3.799709
v -7.527280 4.754238 -3.686411
v -7.436390 4.852469 -3.927115
v -7.463568 4.870233 -4.012289
v -7.287006 4.790297 -4.261800
v -7.322052 4.553479 -4.450482
v -7.322052 3.918174 -4.808985
v -7.322052 2.774382 -5.576567
v -7.322052 1.849592 -6.442859
v -7.322052 1.332244 -6.960206
v -7.365592 1.292786 -6.999666
v -7.263982 1.265111 -7.027340
v -7.336808 1.146913 -7.145540
v -7.346096 1.100466 -7.190353
v -7.387268 0.946562 -7.454759
v -7.642832 0.971715 -7.429607
v -7.601660 1.125620 -7.165199
v -7.593430 1.172170 -7.120281
v -7.566465 1.265111 -7.027340
v -7.464856 1.292786 -6.999666
v -7.508396 1.332244 -6.960206
v -7.508396 1.849592 -6.442859
v -7.508396 2.774382 -5.576567
v -7.508396 3.918174 -4.808985
v -7.508396 4.553479 -4.450482
v -7.543442 4.790297 -4.261800
v -7.618988 4.846262 -4.080759
v -7.693563 4.812803 -4.040412
v -7.747736 4.586362 -3.838166
v -7.490563 4.626029 -3.724869
v -7.403609 4.738003 -3.961449
v -7.443757 4.801058 -4.033039
v -7.287006 4.711711 -4.183214
v -7.322052 4.496373 -4.393376
v -7.322052 3.861068 -4.751880
v -7.322052 2.717277 -5.519463
v -7.322052 1.786795 -6.380061
v -7.322052 1.246583 -6.874547
v -7.365592 1.247157 -6.954036
v -7.263982 1.126064 -6.888292
v -7.336808 1.027810 -7.026437
v -7.346096 0.902074 -6.991960
v -7.387268 0.748169 -7.256371
v -7.642832 0.773324 -7.231218
v -7.601660 0.927228 -6.966805
v -7.593430 1.053067 -7.001178
v -7.566465 1.126064 -6.888292
v -7.464856 1.247157 -6.954036
v -7.508396 1.246583 -6.874547
v -7.508396 1.786795 -6.380061
v -7.508396 2.717277 -5.519463
v -7.508396 3.861068 -4.751880
v -7.508396 4.496373 -4.393376
v -7.543442 4.711711 -4.183214
v -7.599176 4.777086 -4.101509
v -7.660782 4.698338 -4.074747
v -7.563997 4.882447 -3.647955
v -7.821170 4.842781 -3.761251
v -7.726343 4.927266 -4.006078
v -7.638798 4.915437 -4.060009
v -7.543442 4.868883 -4.340386
v -7.508396 4.610584 -4.507587
v -7.508396 3.975280 -4.866092
v -7.508396 2.831488 -5.633673
v -7.508396 1.912389 -6.505656
v -7.508396 1.417904 -7.045867
v -7.464856 1.338415 -7.045295
v -7.566465 1.404159 -7.166387
v -7.593430 1.291273 -7.239383
v -7.601660 1.324011 -7.363590
v -7.642832 1.170107 -7.627997
v -7.387268 1.144953 -7.653152
v -7.346096 1.298858 -7.388744
v -7.336808 1.266015 -7.264642
v -7.263982 1.404159 -7.166387
v -7.365592 1.338415 -7.045295
v -7.322052 1.417904 -7.045867
v -7.322052 1.912389 -6.505656
v -7.322052 2.831488 -5.633673
v -7.322052 3.975280 -4.866092
v -7.322052 4.610584 -4.507587
v -7.287006 4.868883 -4.340386
v -7.483378 4.939409 -3.991539
v -7.469171 4.966932 -3.892780
v -7.567820 1.136776 -7.677492
v -7.475423 1.127682 -7.686586
v -7.475423 1.199408 -7.758310
v -7.567820 1.208502 -7.749219
v -7.650686 1.132787 -7.716960
v -7.404099 1.108516 -7.741230
v -7.404099 1.270618 -7.903333
v -7.650686 1.294888 -7.879062
v -7.693431 0.869088 -8.281021
v -7.522825 0.852296 -8.297815
v -7.522825 0.964449 -8.409966
v -7.693431 0.981241 -8.393175
v -7.749643 0.642724 -8.625777
v -7.579037 0.625932 -8.642569
v -7.579037 0.738086 -8.754722
v -7.749643 0.754878 -8.737934
v -7.722154 0.623088 -8.691735
v -7.622010 0.613231 -8.701590
v -7.622010 0.679065 -8.767426
v -7.722154 0.688921 -8.757570
v -7.756275 0.564355 -8.673483
v -7.593181 0.548303 -8.689539
v -7.593181 0.691121 -8.832352
v -7.756275 0.707173 -8.816298
v -7.807221 0.364801 -8.991557
v -7.644128 0.348749 -9.007607
v -7.644128 0.431015 -9.089877
v -7.807221 0.447068 -9.073824
v -7.861987 0.165828 -9.213541
v -7.672732 0.147202 -9.232172
v -7.672732 0.239373 -9.324343
v -7.861987 0.258000 -9.305716
v -7.805476 0.166262 -9.258337
v -7.735665 0.159390 -9.265207
v -7.735665 0.206333 -9.312155
v -7.805476 0.213204 -9.305279
v -7.864885 0.132831 -9.249424
v -7.683248 0.114954 -9.267300
v -7.683248 0.204241 -9.356590
v -7.864885 0.222118 -9.338714
v -7.876672 -0.128250 -9.542253
v -7.778872 -0.137877 -9.551877
v -7.778872 -0.080335 -9.609422
v -7.876672 -0.070709 -9.599791
v -7.858538 -0.130100 -9.558928
v -7.799894 -0.135872 -9.564699
v -7.799894 -0.093158 -9.607412
v -7.858538 -0.087386 -9.601645
v -7.885007 -0.147319 -9.557651
v -7.777510 -0.157899 -9.568228
v -7.777510 -0.096685 -9.629442
v -7.885007 -0.086106 -9.618864
v -7.883633 -0.354475 -9.770310
v -7.859898 -0.356811 -9.772648
v -7.859898 -0.327315 -9.802141
v -7.883633 -0.324979 -9.799807
v -7.559153 4.549052 -3.542228
v -7.816325 4.509387 -3.655524
v -7.841609 4.597673 -3.629042
v -7.584436 4.637339 -3.515745
v -7.635005 4.813914 -3.462780
v -7.892178 4.774249 -3.576078
v -7.917461 4.862536 -3.549595
v -7.660289 4.902202 -3.436298
v -7.866893 4.685962 -3.602560
v -7.609721 4.725628 -3.489262
v -7.724670 4.318244 -3.085710
v -7.981843 4.278578 -3.199007
v -8.004609 4.358071 -3.175162
v -7.747436 4.397738 -3.061866
v -7.792968 4.556725 -3.014176
v -8.050140 4.517058 -3.127473
v -8.072906 4.596553 -3.103628
v -7.815734 4.636220 -2.990332
v -8.027375 4.437566 -3.151318
v -7.770202 4.477232 -3.038021
v -8.099523 3.541166 -1.962770
v -8.356695 3.501499 -2.076067
v -8.385339 3.601514 -2.046068
v -8.128166 3.641182 -1.932767
v -8.185452 3.841213 -1.872770
v -8.442625 3.801548 -1.986068
v -8.471268 3.901567 -1.956064
v -8.214095 3.941229 -1.842769
v -8.413981 3.701530 -2.016067
v -8.156809 3.741200 -1.902768
v -8.662151 2.279130 -0.243812
v -8.919325 2.239460 -0.357111
v -8.950178 2.347202 -0.324794
v -8.693006 2.386867 -0.211495
v -8.754713 2.602338 -0.146864
v -9.011886 2.562673 -0.260157
v -9.042740 2.670408 -0.227845
v -8.785568 2.710077 -0.114548
v -8.981032 2.454936 -0.292479
v -8.723860 2.494602 -0.179180
v -8.686735 1.961759 -0.076894
v -8.943908 1.922089 -0.190192
v -8.992112 2.090415 -0.139695
v -8.734940 2.130079 -0.026405
v -8.831348 2.466717 0.074571
v -9.088521 2.427055 -0.038722
v -9.136726 2.595374 0.011763
v -8.879554 2.635044 0.125061
v -9.040317 2.258732 -0.089214
v -8.783144 2.298401 0.024084
v -8.751093 1.833878 0.113974
v -9.008266 1.794207 0.000675
v -9.062850 1.984804 0.057846
v -8.805676 2.024463 0.171138
v -8.914843 2.405651 0.285479
v -9.172015 2.365984 0.172179
v -9.226599 2.556578 0.229346
v -8.969426 2.596241 0.342641
v -9.117432 2.175396 0.115012
v -8.860259 2.215056 0.228306
v -8.863045 1.926532 0.335646
v -9.120217 1.886864 0.222347
v -9.157948 2.018608 0.261865
v -8.900776 2.058274 0.375161
v -8.976237 2.321776 0.454199
v -9.233409 2.282106 0.340899
v -9.271142 2.413857 0.380416
v -9.013968 2.453525 0.493714
v -9.195680 2.150364 0.301393
v -8.938506 2.190027 0.414681
v -8.926517 2.015286 0.448652
v -9.183689 1.975618 0.335352
v -9.195947 2.110714 0.315879
v -8.938774 2.150379 0.429177
v -8.955991 2.210491 0.447204
v -9.213163 2.170834 0.333915
v -9.265790 2.262293 0.421339
v -9.008618 2.301961 0.534636
v -9.204556 2.140765 0.324889
v -8.947383 2.180436 0.438188
v -7.465699 0.926337 -7.477499
v -7.575679 0.937162 -7.466671
v -7.465699 1.011714 -7.562874
v -7.575679 1.022538 -7.552047
v -7.475657 0.888608 -7.540949
v -7.585638 0.899433 -7.530123
v -7.477164 1.056736 -7.724380
v -7.587144 1.067561 -7.713553
v -7.501025 0.778707 -7.688786
v -7.611005 0.789532 -7.677959
v -7.501025 0.900473 -7.810551
v -7.611005 0.911297 -7.799725
v -7.557185 0.560847 -8.041518
v -7.667166 0.571673 -8.030689
v -7.557185 0.642408 -8.123079
v -7.667166 0.653233 -8.112252
v -7.625058 0.207687 -8.377945
v -7.735038 0.218512 -8.367123
v -7.625058 0.345759 -8.516015
v -7.735038 0.356584 -8.505194
v -7.631430 0.060135 -8.536003
v -7.787924 0.075538 -8.520601
v -7.631430 0.187699 -8.663566
v -7.787924 0.203102 -8.648166
v -7.692128 0.083029 -8.584343
v -7.734447 0.087193 -8.580178
v -7.692128 0.139360 -8.640673
v -7.734447 0.143525 -8.636511
v -7.662044 0.005048 -8.567930
v -7.775276 0.016193 -8.556789
v -7.662044 0.155769 -8.718656
v -7.775276 0.166914 -8.707512
v -7.723300 -0.250795 -8.934460
v -7.836533 -0.239651 -8.923315
v -7.723300 -0.145764 -9.039491
v -7.836533 -0.134619 -9.028345
v -7.779453 -0.513877 -9.241892
v -7.892684 -0.502733 -9.230749
v -7.779453 -0.453195 -9.302572
v -7.892684 -0.442050 -9.291428
v -7.808956 -0.509592 -9.266521
v -7.868233 -0.503758 -9.260687
v -7.808956 -0.477825 -9.298291
v -7.868233 -0.471992 -9.292458
v -7.776303 -0.546850 -9.265677
v -7.906676 -0.534018 -9.252846
v -7.776303 -0.476980 -9.335548
v -7.906676 -0.464148 -9.322718
v -7.865506 -0.872591 -9.615318
v -7.951284 -0.864148 -9.606874
v -7.865506 -0.826621 -9.661289
v -7.951284 -0.818178 -9.652849
v -7.877832 -0.877498 -9.631052
v -7.943413 -0.871044 -9.624594
v -7.877832 -0.842353 -9.666196
v -7.943413 -0.835897 -9.659740
v -7.863647 -0.902795 -9.638083
v -7.963302 -0.892987 -9.628281
v -7.863647 -0.849389 -9.691491
v -7.963302 -0.839581 -9.681684
v -7.935855 -1.151178 -9.863390
v -7.985309 -1.146311 -9.858522
v -7.935855 -1.124676 -9.889894
v -7.985309 -1.119809 -9.885024
v -7.447628 0.737044 -7.328070
v -7.600761 0.752116 -7.313000
v -7.447628 0.855920 -7.446948
v -7.600761 0.870992 -7.431876
v -7.459881 0.658722 -7.374241
v -7.613014 0.673794 -7.359166
v -7.459881 0.859462 -7.574978
v -7.613014 0.874535 -7.559905
v -7.537271 0.326245 -7.828044
v -7.690403 0.341316 -7.812972
v -7.537271 0.417730 -7.919528
v -7.690403 0.432802 -7.904456
v -7.612707 -0.104896 -8.163335
v -7.765839 -0.089824 -8.148260
v -7.612707 0.035366 -8.303596
v -7.765839 0.050437 -8.288525
v -7.639039 -0.221836 -8.313936
v -7.792171 -0.206764 -8.298869
v -7.639039 -0.122081 -8.413692
v -7.792171 -0.107009 -8.398621
v -7.657958 -0.271300 -8.314622
v -7.783657 -0.258928 -8.302254
v -7.657958 -0.125695 -8.460231
v -7.783657 -0.113323 -8.447859
v -7.723616 -0.486877 -8.561907
v -7.809875 -0.478387 -8.553420
v -7.723616 -0.386957 -8.661831
v -7.809875 -0.378468 -8.653342
v -7.791959 -0.909657 -8.926561
v -7.896190 -0.899398 -8.916302
v -7.791959 -0.788918 -9.047295
v -7.896190 -0.778660 -9.037039
v -7.829230 -0.884694 -8.979944
v -7.865824 -0.881092 -8.976340
v -7.829230 -0.842304 -9.022331
v -7.865824 -0.838703 -9.018728
v -7.809855 -0.960913 -8.981157
v -7.899415 -0.952098 -8.972342
v -7.809855 -0.857167 -9.084904
v -7.899415 -0.848351 -9.076087
v -7.890072 -1.307744 -9.350176
v -7.960483 -1.300815 -9.343245
v -7.890072 -1.226186 -9.431732
v -7.960483 -1.219256 -9.424805
v -7.911681 -1.292970 -9.380929
v -7.942782 -1.289908 -9.377864
v -7.911681 -1.256941 -9.416956
v -7.942782 -1.253880 -9.413898
v -7.899723 -1.327925 -9.380899
v -7.961029 -1.321891 -9.374863
v -7.899723 -1.256910 -9.451912
v -7.961029 -1.250876 -9.445875
v -7.963814 -1.540991 -9.635101
v -7.989608 -1.538452 -9.632560
v -7.963814 -1.511109 -9.664979
v -7.989608 -1.508571 -9.662444
v -7.448187 0.567668 -7.180545
v -7.604443 0.583047 -7.165164
v -7.448187 0.688967 -7.301846
v -7.604443 0.704347 -7.286463
v -7.437189 0.510974 -7.207886
v -7.631252 0.530075 -7.188787
v -7.437189 0.661623 -7.358537
v -7.631252 0.680723 -7.339437
v -7.496329 0.170311 -7.468091
v -7.690392 0.189412 -7.448993
v -7.496329 0.253661 -7.551440
v -7.690392 0.272762 -7.532341
v -7.578619 -0.378416 -7.755435
v -7.772682 -0.359315 -7.736334
v -7.578619 -0.235156 -7.898695
v -7.772682 -0.216055 -7.879595
v -7.593797 -0.503564 -7.784499
v -7.787860 -0.484464 -7.765398
v -7.593797 -0.317236 -7.970827
v -7.787860 -0.298136 -7.951723
v -7.668182 -0.501503 -7.901290
v -7.738457 -0.494586 -7.894376
v -7.668182 -0.434030 -7.968763
v -7.738457 -0.427114 -7.961848
v -7.660047 -0.585011 -7.871454
v -7.756648 -0.575504 -7.861947
v -7.660047 -0.432183 -8.024284
v -7.756648 -0.422676 -8.014776
v -7.682335 -0.713516 -7.969405
v -7.778937 -0.704008 -7.959899
v -7.682335 -0.530132 -8.152788
v -7.778937 -0.520624 -8.143278
v -7.718307 -0.885633 -8.162765
v -7.814909 -0.876125 -8.153257
v -7.718307 -0.788753 -8.259647
v -7.814909 -0.779244 -8.250136
v -7.765477 -1.158251 -8.369402
v -7.862080 -1.148744 -8.359896
v -7.765477 -1.063642 -8.464012
v -7.862080 -1.054134 -8.454502
v -7.788414 -1.163279 -8.409896
v -7.848805 -1.157334 -8.403946
v -7.788414 -1.104133 -8.469038
v -7.848805 -1.098189 -8.463099
v -7.766878 -1.220405 -8.414047
v -7.881354 -1.209137 -8.402782
v -7.766878 -1.108288 -8.526163
v -7.881354 -1.097020 -8.514898
v -7.766878 -1.220405 -8.414047
v -7.881354 -1.209137 -8.402782
v -7.766878 -1.108288 -8.526163
v -7.881354 -1.097020 -8.514898
v -7.848881 -1.526389 -8.703451
v -7.917440 -1.519641 -8.696695
v -7.848881 -1.459243 -8.770591
v -7.917440 -1.452494 -8.763842
v -7.866666 -1.526971 -8.732582
v -7.906073 -1.523092 -8.728706
v -7.866666 -1.488377 -8.771173
v -7.906073 -1.484498 -8.767295
v -7.853765 -1.563256 -8.736475
v -7.926242 -1.556123 -8.729343
v -7.853765 -1.492272 -8.807465
v -7.926242 -1.485138 -8.800327
v -7.908020 -1.757321 -8.910257
v -7.945082 -1.753673 -8.906604
v -7.908020 -1.721022 -8.946554
v -7.945082 -1.717374 -8.942907
v -7.399627 0.591647 -6.747921
v -7.562984 0.607725 -6.731841
v -7.425944 0.493270 -6.916932
v -7.589302 0.509349 -6.900853
v -7.705068 -1.192606 -7.421132
v -7.743708 -1.188804 -7.417331
v -7.706127 -1.172556 -7.451941
v -7.744765 -1.168753 -7.448138
v -7.346096 0.596529 -6.686414
v -7.601660 0.621682 -6.661261
v -7.403039 0.167138 -6.835573
v -7.658604 0.192292 -6.810420
v -7.387268 0.442624 -6.950823
v -7.425275 0.054177 -6.948538
v -7.642832 0.467777 -6.925670
v -7.680840 0.079330 -6.923384
v -7.487909 -0.174245 -6.884901
v -7.652408 -0.158054 -6.868711
v -7.503633 -0.173475 -7.045423
v -7.668131 -0.157284 -7.029232
v -7.484686 -0.191640 -6.881322
v -7.658175 -0.174565 -6.864247
v -7.501269 -0.190828 -7.050615
v -7.674757 -0.173753 -7.033538
v -7.481917 -0.268164 -6.881598
v -7.675671 -0.249094 -6.862531
v -7.500437 -0.267256 -7.070669
v -7.694190 -0.248186 -7.051600
v -7.505394 -0.289115 -6.898493
v -7.660393 -0.273860 -6.883237
v -7.520210 -0.288390 -7.049743
v -7.675209 -0.273135 -7.034488
v -7.487313 -0.328858 -6.880876
v -7.682059 -0.309690 -6.861709
v -7.505927 -0.327941 -7.070908
v -7.700673 -0.308774 -7.051739
v -7.556574 -0.567987 -7.039359
v -7.692215 -0.554637 -7.026009
v -7.565651 -0.575414 -7.124151
v -7.701291 -0.562063 -7.110803
v -7.601175 -0.816991 -7.160979
v -7.720880 -0.805209 -7.149199
v -7.608109 -0.779942 -7.268480
v -7.727814 -0.768159 -7.256697
v -7.611411 -0.871569 -7.173045
v -7.724908 -0.872039 -7.167690
v -7.616120 -0.823675 -7.268720
v -7.729617 -0.824144 -7.263366
v -7.605899 -0.935404 -7.199178
v -7.746576 -0.921558 -7.185330
v -7.609753 -0.862404 -7.311333
v -7.750430 -0.848558 -7.297484
v 0.230031 20.815870 -9.973990
v 0.000000 20.911152 -9.973990
v -0.230031 20.815870 -9.973990
v -0.325312 20.585840 -9.973990
v -0.230031 20.355810 -9.973990
v 0.000000 20.260529 -9.973990
v 0.230031 20.355810 -9.973990
v 0.325312 20.585840 -9.973990
v 0.230031 20.815870 9.973990
v 0.000000 20.911152 9.973990
v -0.230031 20.815870 9.973990
v -0.325312 20.585840 9.973990
v -0.230031 20.355810 9.973990
v 0.000000 20.260529 9.973990
v 0.230031 20.355810 9.973990
v 0.325312 20.585840 9.973990
v 0.000000 20.585840 -9.973990
v 0.000000 20.585840 9.973990
v -13.342666 3.199479 0.448978
v -10.449625 3.199479 1.918362
v -7.837214 3.199479 3.370542
v -5.224813 3.199479 4.710917
v -2.612406 3.199479 4.710917
v 0.000000 3.199479 4.710917
v 2.612406 3.199479 4.710917
v 5.224813 3.199479 4.393273
v 7.837214 3.199479 3.563129
v 10.449625 3.199479 1.855750
v 13.307697 3.199479 0.580102
v -13.342666 3.199479 0.359182
v -10.449625 3.199479 1.534689
v -7.837214 3.199479 2.696434
v -5.224813 3.199479 3.768732
v -2.612406 3.199479 3.768732
v 0.000000 3.539518 3.768732
v 2.612406 3.539518 3.768732
v 5.224813 3.199479 3.514618
v 7.837214 3.199479 2.850501
v 10.449625 3.199479 1.484599
v 13.307697 3.199479 0.464081
v -13.342666 3.199479 0.269387
v -10.449625 3.760697 1.151017
v -7.837214 3.760697 2.022326
v -5.224813 4.070504 2.826552
v -2.612406 4.070504 2.826552
v 0.000000 4.663828 2.826552
v 2.612406 4.663828 2.826552
v 5.224813 3.199479 2.635967
v 7.837214 3.692434 2.137878
v 10.449625 3.692434 1.113451
v 13.307697 3.199479 0.348061
v -13.342666 3.199479 0.179591
v -10.449625 3.760697 0.767344
v -7.837214 3.760697 1.348217
v -5.224813 4.407529 1.884366
v -2.612406 4.407529 1.884366
v 0.000000 4.323790 1.884366
v 2.612406 4.323790 1.884366
v 5.224813 3.199479 1.757309
v 7.837214 3.692434 1.425250
v 10.449625 3.692434 0.742300
v 13.307697 3.199479 0.232040
v -13.342666 3.199479 0.089795
v -10.449625 3.199479 0.383672
v -7.837214 3.900471 0.674108
v -5.224813 4.237496 0.942183
v -2.612406 4.920524 0.942183
v 0.000000 5.226834 0.942183
v 2.612406 3.842815 0.942183
v 5.224813 3.835079 0.878654
v 7.837214 3.835079 0.712625
v 10.449625 3.199479 0.371150
v 13.307697 3.199479 0.116020
v -13.342666 3.199479 0.000000
v -10.449625 3.199479 0.000000
v -7.837214 3.900471 0.000000
v -5.224813 3.900471 0.000000
v -2.612406 4.583498 0.000000
v 0.000000 5.716007 0.000000
v 2.612406 4.331987 0.000000
v 5.224813 3.835079 0.000000
v 7.837214 3.835079 0.000000
v 10.449625 3.199479 0.000000
v 13.307697 3.199479 0.000000
v -13.342666 3.199479 -0.089795
v -10.449625 3.199479 -0.383672
v -7.837214 3.888854 -0.674108
v -5.224813 3.888854 -0.942183
v -2.612406 4.391224 -0.942183
v 0.000000 4.880397 -0.942183
v 2.612406 3.959481 -0.942183
v 5.224813 3.770836 -0.878654
v 7.837214 3.500007 -0.712625
v 10.449625 3.199479 -0.371150
v 13.307697 3.199479 -0.116020
v -13.342666 3.199479 -0.179591
v -10.449625 3.199479 -0.767344
v -7.837214 3.888854 -1.348217
v -5.224813 4.318097 -1.884366
v -2.612406 4.820467 -1.884366
v 0.000000 4.391224 -1.884366
v 2.612406 4.019433 -1.884366
v 5.224813 4.543300 -1.757309
v 7.837214 3.723346 -1.425250
v 10.449625 3.199479 -0.742300
v 13.307697 3.199479 -0.232040
v -13.342666 3.199479 -0.269387
v -10.449625 3.422737 -1.151017
v -7.837214 3.355957 -2.022326
v -5.224813 3.815497 -2.826552
v -2.612406 4.839955 -2.826552
v 0.000000 4.157159 -2.826552
v 2.612406 3.748603 -2.826552
v 5.224813 3.971942 -2.635967
v 7.837214 3.422819 -2.137878
v 10.449625 3.199479 -1.113451
v 13.307697 3.199479 -0.348061
v -13.342666 3.199479 -0.359182
v -10.449625 3.422737 -1.534689
v -7.837214 3.355957 -2.696434
v -5.224813 3.386254 -3.768732
v -2.612406 4.410713 -3.768732
v 0.000000 4.157159 -3.768732
v 2.612406 3.199479 -3.768732
v 5.224813 3.199479 -3.514618
v 7.837214 3.199479 -2.850501
v 10.449625 3.199479 -1.484599
v 13.307697 3.199479 -0.464081
v -13.342666 3.199479 -0.448978
v -10.449625 3.199479 -1.918362
v -7.837214 3.199479 -3.370542
v -5.224813 3.199479 -4.710917
v -2.612406 3.199479 -4.710917
v 0.000000 3.199479 -4.710917
v 2.612406 3.199479 -4.710917
v 5.224813 3.199479 -4.393273
v 7.837214 3.199479 -3.563129
v 10.449625 3.199479 -1.855750
v 13.307697 3.199479 -0.580102
v -1.049885 2.950115 -6.194427
v -0.000000 2.515238 -6.194427
v 1.049885 2.950115 -6.194427
v 1.484762 4.000000 -6.194427
v 1.049885 5.049885 -6.194427
v -0.000000 5.484762 -6.194427
v -1.049885 5.049885 -6.194427
v -1.484762 4.000000 -6.194427
v -1.049885 2.950115 -6.079343
v -0.000000 2.515238 -6.079343
v 1.049885 2.950115 -6.079343
v 1.484762 4.000000 -6.079343
v 1.049885 5.049885 -6.079343
v -0.000000 5.484762 -6.079343
v -1.049885 5.049885 -6.079343
v -1.484762 4.000000 -6.079343
v -0.000000 4.000000 -6.194427
v -0.000000 4.000000 -6.079343
v -1.143906 2.856094 -6.199580
v 0.000000 2.382273 -6.199580
v 0.000000 2.382273 -6.074191
v -1.143906 2.856094 -6.074191
v 1.143906 2.856094 -6.199580
v 1.143906 2.856094 -6.074191
v 1.617727 4.000000 -6.199580
v 1.617727 4.000000 -6.074191
v 1.143906 5.143906 -6.199580
v 1.143906 5.143906 -6.074191
v 0.000000 5.617727 -6.199580
v 0.000000 5.617727 -6.074191
v -1.143906 5.143906 -6.199580
v -1.143906 5.143906 -6.074191
v -1.617728 4.000000 -6.199580
v -1.617728 4.000000 -6.074191
v -1.049885 2.950115 -6.228514
v -0.000000 2.515238 -6.228514
v 0.000000 2.382273 -6.233666
v -1.143906 2.856094 -6.233666
v 1.049885 2.950115 -6.228514
v 1.143906 2.856094 -6.233666
v 1.484762 4.000000 -6.228514
v 1.617727 4.000000 -6.233666
v 1.049885 5.049885 -6.228514
v 1.143906 5.143906 -6.233666
v -0.000000 5.484762 -6.228514
v 0.000000 5.617727 -6.233666
v -1.049885 5.049885 -6.228514
v -1.143906 5.143906 -6.233666
v -1.484762 4.000000 -6.228514
v -1.617728 4.000000 -6.233666
v -1.049885 2.950115 -6.045257
v -0.000000 2.515238 -6.045257
v -1.143906 2.856094 -6.040104
v 0.000000 2.382273 -6.040104
v 1.049885 2.950115 -6.045257
v 1.143906 2.856094 -6.040104
v 1.484762 4.000000 -6.045257
v 1.617727 4.000000 -6.040104
v 1.049885 5.049885 -6.045257
v 1.143906 5.143906 -6.040104
v -0.000000 5.484762 -6.045257
v 0.000000 5.617727 -6.040104
v -1.049885 5.049885 -6.045257
v -1.143906 5.143906 -6.040104
v -1.484762 4.000000 -6.045257
v -1.617728 4.000000 -6.040104
v -2.531737 4.410798 5.876641
v -2.448732 4.536500 6.109065
v -2.678585 4.923561 5.722835
v -2.579836 4.994290 5.971747
v -2.421450 4.963222 5.609554
v -2.322701 5.033951 5.858467
v -2.274602 4.450458 5.763361
v -2.191597 4.576160 5.995785
v -2.244707 4.684488 6.053780
v -2.400104 4.660520 6.122240
v -2.323938 4.961148 5.970794
v -2.479335 4.937180 6.039254
v -2.107787 4.585745 6.104613
v -2.364185 4.585745 6.104613
v -2.107787 4.900042 6.418910
v -2.364185 4.900042 6.418910
v -2.142828 4.391915 6.336221
v -2.329144 4.391915 6.336221
v -2.142828 4.620304 6.564610
v -2.329144 4.620304 6.564610
v -2.142828 3.756704 6.694673
v -2.329144 3.756704 6.694673
v -2.142828 3.985093 6.923061
v -2.329144 3.985093 6.923061
v -2.142828 2.613081 7.462141
v -2.329144 2.613081 7.462141
v -2.142828 2.841469 7.690528
v -2.329144 2.841469 7.690528
v -2.142828 1.677046 8.316929
v -2.329144 1.677046 8.316929
v -2.142828 1.928196 8.568075
v -2.329144 1.928196 8.568075
v -2.142828 1.114052 8.788476
v -2.329144 1.114052 8.788476
v -2.142828 1.456645 9.131067
v -2.329144 1.456645 9.131067
v -2.186362 1.154651 8.907975
v -2.285610 1.154651 8.907975
v -2.186362 1.337142 9.090468
v -2.285610 1.337142 9.090468
v -2.084766 0.940171 8.748838
v -2.387205 0.940171 8.748838
v -2.117879 1.468535 9.332692
v -2.417430 1.498019 9.303208
v -2.157582 0.861874 8.906908
v -2.414165 0.887128 8.881651
v -2.157582 1.338215 9.383242
v -2.414165 1.363469 9.357997
v -2.364185 5.185698 6.704566
v -2.107787 5.185698 6.704566
v -2.329144 4.905960 6.850266
v -2.142828 4.905960 6.850266
v -2.364185 5.118502 6.337998
v -2.107787 5.118502 6.337998
v -2.364185 5.338647 6.558143
v -2.107787 5.338647 6.558143
v -2.364185 5.404910 6.054933
v -2.107787 5.404910 6.054933
v -2.364185 5.511992 6.162014
v -2.107787 5.511992 6.162014
v -2.329144 4.226446 7.052781
v -2.142828 4.226446 7.052781
v -2.142828 4.458783 7.285119
v -2.329144 4.458783 7.285119
v -2.329144 3.632276 7.498662
v -2.142828 3.632276 7.498662
v -2.142828 3.811042 7.677428
v -2.329144 3.811042 7.677428
v -2.329144 3.024558 7.948918
v -2.142828 3.024558 7.948918
v -2.142828 3.203323 8.127678
v -2.329144 3.203323 8.127678
v -2.329144 2.083497 8.788557
v -2.142828 2.083497 8.788557
v -2.142828 2.201415 8.906467
v -2.329144 2.201415 8.906467
v -2.346746 1.529362 9.136921
v -2.125227 1.529362 9.136921
v -2.142828 1.684825 9.313201
v -2.329144 1.684825 9.313201
v -2.346746 1.543124 9.412624
v -2.125227 1.543124 9.412624
v -2.142828 1.592443 9.441121
v -2.329144 1.592443 9.441121
v -2.166868 0.589075 8.725357
v -2.422395 0.614225 8.700202
v -2.166868 1.450330 9.586613
v -2.422395 1.475480 9.561456
v -2.208034 0.435193 8.989724
v -2.463561 0.460343 8.964571
v -2.208034 1.296448 9.850977
v -2.463561 1.321598 9.825831
v -2.605161 4.667180 5.799737
v -2.348026 4.706840 5.686457
v -2.257149 4.805056 5.927125
v -2.284323 4.822817 6.012287
v -2.107787 4.742893 6.261762
v -2.142828 4.506110 6.450416
v -2.142828 3.870898 6.808867
v -2.142828 2.727275 7.576334
v -2.142828 1.802621 8.442500
v -2.142828 1.285348 8.959770
v -2.186362 1.245897 8.999228
v -2.084766 1.218226 9.026895
v -2.157582 1.100044 9.145081
v -2.166868 1.053605 9.189882
v -2.208034 0.899723 9.454250
v -2.463561 0.924873 9.429105
v -2.422395 1.078755 9.164737
v -2.414165 1.125299 9.119820
v -2.387205 1.218226 9.026895
v -2.285610 1.245897 8.999228
v -2.329144 1.285348 8.959770
v -2.329144 1.802621 8.442500
v -2.329144 2.727275 7.576334
v -2.329144 3.870898 6.808867
v -2.329144 4.506110 6.450416
v -2.364185 4.742893 6.261762
v -2.439719 4.798850 6.080747
v -2.514284 4.765395 6.040406
v -2.568449 4.538988 5.838189
v -2.311314 4.578649 5.724909
v -2.224373 4.690607 5.961455
v -2.264514 4.753653 6.033034
v -2.107787 4.664319 6.183187
v -2.142828 4.449013 6.393319
v -2.142828 3.813801 6.751769
v -2.142828 2.670178 7.519237
v -2.142828 1.739833 8.379709
v -2.142828 1.199700 8.874127
v -2.186362 1.200274 8.953597
v -2.084766 1.079199 8.887868
v -2.157582 0.980959 9.025995
v -2.166868 0.855242 8.991519
v -2.208034 0.701360 9.255892
v -2.463561 0.726511 9.230738
v -2.422395 0.880393 8.966368
v -2.414165 1.006213 9.000736
v -2.387205 1.079199 8.887868
v -2.285610 1.200274 8.953597
v -2.329144 1.199700 8.874127
v -2.329144 1.739833 8.379709
v -2.329144 2.670178 7.519237
v -2.329144 3.813801 6.751769
v -2.329144 4.449013 6.393319
v -2.364185 4.664319 6.183187
v -2.419912 4.729684 6.101494
v -2.481508 4.650947 6.074735
v -2.384737 4.835029 5.648006
v -2.641872 4.795370 5.761286
v -2.547060 4.879842 6.006077
v -2.459527 4.868014 6.060000
v -2.364185 4.821467 6.340336
v -2.329144 4.563207 6.507513
v -2.329144 3.927996 6.865965
v -2.329144 2.784372 7.633430
v -2.329144 1.865408 8.505286
v -2.329144 1.370996 9.045425
v -2.285610 1.291519 9.044847
v -2.387205 1.357253 9.165922
v -2.414165 1.244384 9.238909
v -2.422395 1.277117 9.363092
v -2.463561 1.123236 9.627462
v -2.208034 1.098086 9.652616
v -2.166868 1.251967 9.388247
v -2.157582 1.219130 9.264164
v -2.084766 1.357253 9.165922
v -2.186362 1.291519 9.044847
v -2.142828 1.370996 9.045425
v -2.142828 1.865408 8.505286
v -2.142828 2.784372 7.633430
v -2.142828 3.927996 6.865965
v -2.142828 4.563207 6.507513
v -2.107787 4.821467 6.340336
v -2.304130 4.891983 5.991540
v -2.289925 4.919503 5.892796
v -2.388560 1.089910 9.676953
v -2.296176 1.080817 9.686041
v -2.296176 1.152532 9.757757
v -2.388560 1.161625 9.748671
v -2.471414 1.085921 9.716413
v -2.224862 1.061654 9.740683
v -2.224862 1.223732 9.902758
v -2.471414 1.247999 9.878489
v -2.514153 0.822261 10.280400
v -2.343571 0.805471 10.297182
v -2.343571 0.917608 10.409319
v -2.514153 0.934397 10.392527
v -2.570356 0.595930 10.625092
v -2.399775 0.579141 10.641883
v -2.399775 0.691278 10.754023
v -2.570356 0.708068 10.737236
v -2.542871 0.576297 10.691044
v -2.442742 0.566442 10.700897
v -2.442742 0.632266 10.766724
v -2.542871 0.642121 10.756864
v -2.576987 0.517573 10.672798
v -2.413917 0.501523 10.688840
v -2.413917 0.644320 10.831647
v -2.576987 0.660369 10.815598
v -2.627926 0.318048 10.990829
v -2.464857 0.301999 11.006868
v -2.464857 0.384253 11.089129
v -2.627926 0.400303 11.073082
v -2.682683 0.119106 11.212779
v -2.493457 0.100481 11.231401
v -2.493457 0.192638 11.323551
v -2.682683 0.211263 11.304930
v -2.626181 0.119538 11.257564
v -2.556380 0.112667 11.264429
v -2.556380 0.159603 11.311363
v -2.626181 0.166473 11.304496
v -2.685581 0.086112 11.248653
v -2.503971 0.068237 11.266530
v -2.503971 0.157511 11.355797
v -2.685581 0.175386 11.337921
v -2.697366 -0.174931 11.541441
v -2.599581 -0.184555 11.551056
v -2.599581 -0.127023 11.608590
v -2.697366 -0.117399 11.598972
v -2.679235 -0.176780 11.558119
v -2.620599 -0.182551 11.563886
v -2.620599 -0.139844 11.606588
v -2.679235 -0.134072 11.600819
v -2.705700 -0.193996 11.556826
v -2.598219 -0.204575 11.567419
v -2.598219 -0.143371 11.628605
v -2.705700 -0.132793 11.618029
v -2.704326 -0.401122 11.769459
v -2.680595 -0.403457 11.771803
v -2.680595 -0.373966 11.801280
v -2.704326 -0.371631 11.798956
v -2.379894 4.501684 5.542295
v -2.637028 4.462024 5.655575
v -2.662309 4.550298 5.629097
v -2.405174 4.589959 5.515816
v -2.455734 4.766507 5.462860
v -2.712869 4.726847 5.576140
v -2.738150 4.815121 5.549662
v -2.481015 4.854782 5.436381
v -2.687589 4.638573 5.602618
v -2.430454 4.678234 5.489338
v -2.545387 4.270909 5.085844
v -2.802522 4.231250 5.199124
v -2.825284 4.310731 5.175283
v -2.568150 4.350391 5.062004
v -2.613674 4.509355 5.014321
v -2.870809 4.469694 5.127602
v -2.893572 4.549178 5.103759
v -2.636437 4.588838 4.990479
v -2.848047 4.390213 5.151442
v -2.590912 4.429873 5.038162
v -2.920184 3.493943 3.963072
v -3.177319 3.454284 4.076350
v -3.205958 3.554284 4.046356
v -2.948823 3.593946 3.933074
v -3.006101 3.793946 3.873084
v -3.263236 3.754287 3.986362
v -3.291875 3.854290 3.956368
v -3.034740 3.893950 3.843088
v -3.234597 3.654287 4.016358
v -2.977462 3.693947 3.903079
v -3.482730 2.232090 2.244368
v -3.739865 2.192436 2.357643
v -3.770714 2.300149 2.325339
v -3.513579 2.339810 2.212057
v -3.575278 2.555255 2.147433
v -3.832413 2.515597 2.260708
v -3.863263 2.623316 2.228399
v -3.606128 2.662977 2.115119
v -3.801564 2.407876 2.293024
v -3.544429 2.447538 2.179742
v -3.507310 1.914773 2.077467
v -3.764445 1.875109 2.190749
v -3.812642 2.043407 2.140270
v -3.555508 2.083062 2.026993
v -3.651902 2.419658 1.926025
v -3.909037 2.379996 2.039309
v -3.957235 2.548296 1.988826
v -3.700101 2.587961 1.875539
v -3.860840 2.211705 2.089784
v -3.603705 2.251357 1.976514
v -3.571659 1.786898 1.886640
v -3.828794 1.747239 1.999917
v -3.883369 1.937806 1.942754
v -3.626234 1.977463 1.829479
v -3.735384 2.358590 1.715158
v -3.992519 2.318933 1.828437
v -4.047094 2.509503 1.771275
v -3.789959 2.549158 1.657997
v -3.937944 2.128376 1.885592
v -3.680809 2.168029 1.772318
v -3.683594 1.879544 1.664997
v -3.940729 1.839886 1.778274
v -3.978454 1.971615 1.738761
v -3.721319 2.011277 1.625478
v -3.796770 2.274738 1.546451
v -4.053904 2.235069 1.659742
v -4.091631 2.366802 1.620222
v -3.834495 2.406464 1.506942
v -4.016180 2.103345 1.699249
v -3.759045 2.143005 1.585964
v -3.747056 1.968287 1.552004
v -4.004191 1.928626 1.665287
v -4.016447 2.063704 1.684754
v -3.759313 2.103358 1.571477
v -3.776526 2.163468 1.553452
v -4.033661 2.123812 1.666727
v -4.086280 2.215260 1.579312
v -3.829146 2.254920 1.466031
v -4.025054 2.093751 1.675746
v -3.767920 2.133418 1.562461
v -2.286454 0.879502 9.476984
v -2.396418 0.890325 9.466166
v -2.286454 0.964865 9.562347
v -2.396418 0.975688 9.551526
v -2.296411 0.841778 9.540432
v -2.406375 0.852601 9.529606
v -2.297917 1.009881 9.723835
v -2.407881 1.020705 9.713004
v -2.321775 0.731893 9.688240
v -2.431739 0.742716 9.677418
v -2.321775 0.853641 9.809983
v -2.431739 0.864464 9.799164
v -2.377926 0.514066 10.040924
v -2.487891 0.524889 10.030098
v -2.377926 0.595615 10.122467
v -2.487891 0.606437 10.111647
v -2.445789 0.160957 10.377298
v -2.555753 0.171781 10.366481
v -2.445789 0.299008 10.515356
v -2.555753 0.309833 10.504531
v -2.452160 0.013428 10.535339
v -2.608631 0.028829 10.519935
v -2.452160 0.140973 10.662882
v -2.608631 0.156373 10.647479
v -2.512849 0.036317 10.583675
v -2.555162 0.040482 10.579511
v -2.512849 0.092640 10.639992
v -2.555162 0.096804 10.635830
v -2.482770 -0.041652 10.567266
v -2.595985 -0.030509 10.556118
v -2.482770 0.109046 10.717960
v -2.595985 0.120190 10.706814
v -2.544017 -0.297457 10.933740
v -2.657233 -0.286315 10.922589
v -2.544017 -0.192442 11.038759
v -2.657233 -0.181299 11.027613
v -2.600161 -0.560501 11.241120
v -2.713377 -0.549358 11.229980
v -2.600161 -0.499828 11.301789
v -2.713377 -0.488685 11.290648
v -2.629660 -0.556217 11.265747
v -2.688929 -0.550383 11.259914
v -2.629660 -0.524455 11.297506
v -2.688929 -0.518620 11.291677
v -2.597012 -0.593468 11.264908
v -2.727366 -0.580639 11.252074
v -2.597012 -0.523609 11.334770
v -2.727366 -0.510778 11.321929
v -2.686202 -0.919162 11.614490
v -2.771967 -0.910719 11.606054
v -2.686202 -0.873198 11.660457
v -2.771967 -0.864756 11.652006
v -2.698526 -0.924068 11.630223
v -2.764098 -0.917615 11.623764
v -2.698526 -0.888928 11.665365
v -2.764098 -0.882474 11.658911
v -2.684344 -0.949362 11.637247
v -2.783983 -0.939555 11.627455
v -2.684344 -0.895963 11.690647
v -2.783983 -0.886157 11.680845
v -2.756541 -1.197708 11.862534
v -2.805987 -1.192842 11.857665
v -2.756541 -1.171210 11.889025
v -2.805987 -1.166344 11.884157
v -2.268386 0.690236 9.327585
v -2.421496 0.705306 9.312513
v -2.268386 0.809094 9.446436
v -2.421496 0.824164 9.431370
v -2.280637 0.611926 9.373743
v -2.433747 0.626996 9.358677
v -2.280637 0.812637 9.574458
v -2.433747 0.827706 9.559385
v -2.358015 0.279497 9.827478
v -2.511125 0.294567 9.812412
v -2.358015 0.370970 9.918954
v -2.511125 0.386039 9.903885
v -2.433440 -0.151580 10.162727
v -2.586550 -0.136510 10.147655
v -2.433440 -0.011338 10.302964
v -2.586550 0.003731 10.287897
v -2.459768 -0.268503 10.313307
v -2.612878 -0.253434 10.298231
v -2.459768 -0.168762 10.413049
v -2.612878 -0.153692 10.397978
v -2.478684 -0.317959 10.313986
v -2.604365 -0.305589 10.301626
v -2.478684 -0.172376 10.459572
v -2.604365 -0.160006 10.447208
v -2.544333 -0.533505 10.561235
v -2.630579 -0.525016 10.552750
v -2.544333 -0.433600 10.661139
v -2.630579 -0.425111 10.652655
v -2.612666 -0.956223 10.925832
v -2.716881 -0.945964 10.915571
v -2.612666 -0.835502 11.046558
v -2.716881 -0.825245 11.036293
v -2.649931 -0.931264 10.979214
v -2.686520 -0.927662 10.975612
v -2.649931 -0.888880 11.021595
v -2.686520 -0.885279 11.018000
v -2.630559 -1.007471 10.980426
v -2.720106 -0.998657 10.971606
v -2.630559 -0.903739 11.084152
v -2.720106 -0.894926 11.075341
v -2.710765 -1.354251 11.349383
v -2.781165 -1.347323 11.342460
v -2.710765 -1.272706 11.430927
v -2.781165 -1.265777 11.424002
v -2.732370 -1.339478 11.380141
v -2.763467 -1.336419 11.377079
v -2.732370 -1.303455 11.416154
v -2.763467 -1.300394 11.413095
v -2.720413 -1.374429 11.380108
v -2.781710 -1.368396 11.374077
v -2.720413 -1.303424 11.451103
v -2.781710 -1.297392 11.445070
v -2.784496 -1.587464 11.634272
v -2.810286 -1.584925 11.631723
v -2.784496 -1.557586 11.664139
v -2.810286 -1.555048 11.661604
v -2.268945 0.520885 9.180081
v -2.425177 0.536262 9.164701
v -2.268945 0.642166 9.301361
v -2.425177 0.657543 9.285978
v -2.257948 0.464200 9.207419
v -2.451982 0.483297 9.188320
v -2.257948 0.614826 9.358042
v -2.451982 0.633924 9.338947
v -2.317079 0.123587 9.467585
v -2.511114 0.142684 9.448484
v -2.317079 0.206925 9.550919
v -2.511114 0.226022 9.531826
v -2.399357 -0.425059 9.754886
v -2.593392 -0.405962 9.735790
v -2.399357 -0.281820 9.898124
v -2.593392 -0.262723 9.879019
v -2.414533 -0.550190 9.783943
v -2.608567 -0.531092 9.764847
v -2.414533 -0.363889 9.970243
v -2.608567 -0.344791 9.951147
v -2.488907 -0.548129 9.900716
v -2.559172 -0.541213 9.893805
v -2.488907 -0.480666 9.968178
v -2.559172 -0.473750 9.961264
v -2.480773 -0.631625 9.870889
v -2.577360 -0.622118 9.861380
v -2.480773 -0.478819 10.023693
v -2.577360 -0.469312 10.014187
v -2.503058 -0.760110 9.968817
v -2.599646 -0.750603 9.959314
v -2.503058 -0.576753 10.152178
v -2.599646 -0.567247 10.142668
v -2.539024 -0.932201 10.162151
v -2.635612 -0.922695 10.152643
v -2.539024 -0.835336 10.259018
v -2.635612 -0.825830 10.249510
v -2.586188 -1.204781 10.368761
v -2.682776 -1.195274 10.359255
v -2.586188 -1.110185 10.463354
v -2.682776 -1.100677 10.453853
v -2.609121 -1.209807 10.409241
v -2.669504 -1.203864 10.403303
v -2.609121 -1.150670 10.468386
v -2.669504 -1.144727 10.462439
v -2.587589 -1.266924 10.413397
v -2.702048 -1.255659 10.402134
v -2.587589 -1.154825 10.525501
v -2.702048 -1.143559 10.514236
v -2.587589 -1.266924 10.413397
v -2.702048 -1.255659 10.402134
v -2.587589 -1.154825 10.525501
v -2.702048 -1.143559 10.514236
v -2.669580 -1.572864 10.702757
v -2.738129 -1.566116 10.696013
v -2.669580 -1.505727 10.769894
v -2.738129 -1.498981 10.763150
v -2.687362 -1.573445 10.731886
v -2.726763 -1.569568 10.728009
v -2.687362 -1.534858 10.770472
v -2.726763 -1.530979 10.766597
v -2.674462 -1.609725 10.735779
v -2.746929 -1.602594 10.728645
v -2.674462 -1.538752 10.806757
v -2.746929 -1.531619 10.799618
v -2.728710 -1.803762 10.909529
v -2.765767 -1.800114 10.905884
v -2.728710 -1.767468 10.945820
v -2.765767 -1.763821 10.942183
v -2.220392 0.544860 8.747515
v -2.383724 0.560936 8.731438
v -2.246705 0.446498 8.916506
v -2.410038 0.462574 8.900427
v -2.525787 -1.239130 9.420635
v -2.564422 -1.235327 9.416824
v -2.526846 -1.219083 9.451433
v -2.565479 -1.215281 9.447633
v -2.166868 0.549741 8.686018
v -2.422395 0.574892 8.660873
v -2.223803 0.120414 8.835158
v -2.479330 0.145565 8.810008
v -2.208034 0.395859 8.950388
v -2.246036 0.007470 8.948107
v -2.463561 0.421009 8.925236
v -2.501563 0.032619 8.922953
v -2.308661 -0.220919 8.884475
v -2.473135 -0.204730 8.868288
v -2.324382 -0.220149 9.044973
v -2.488856 -0.203960 9.028786
v -2.305438 -0.238312 8.880898
v -2.478901 -0.221238 8.863821
v -2.322018 -0.237500 9.050165
v -2.495481 -0.220427 9.033092
v -2.302670 -0.314824 8.881172
v -2.496394 -0.295756 8.862109
v -2.321187 -0.313916 9.070221
v -2.514911 -0.294848 9.051151
v -2.326143 -0.335772 8.898062
v -2.481119 -0.320519 8.882811
v -2.340957 -0.335047 9.049297
v -2.495932 -0.319794 9.034041
v -2.308065 -0.375509 8.880451
v -2.502782 -0.356344 8.861286
v -2.326675 -0.374593 9.070461
v -2.521393 -0.355428 9.051295
v -2.377316 -0.614604 9.038908
v -2.512937 -0.601255 9.025564
v -2.386391 -0.622029 9.123689
v -2.522011 -0.608681 9.110347
v -2.421910 -0.863570 9.160515
v -2.541597 -0.851790 9.148731
v -2.428843 -0.826526 9.268002
v -2.548530 -0.814746 9.256214
v -2.432144 -0.918140 9.172569
v -2.545624 -0.918610 9.167223
v -2.436853 -0.870254 9.268241
v -2.550333 -0.870722 9.262888
v -2.426633 -0.981966 9.198709
v -2.567290 -0.968122 9.184864
v -2.430486 -0.908977 9.310843
v -2.571143 -0.895133 9.296999
v -8.947604 2.950115 3.697433
v -9.850856 2.515238 3.162272
v -10.754107 2.950115 2.627112
v -11.128245 4.000000 2.405442
v -10.754107 5.049885 2.627112
v -9.850856 5.484762 3.162272
v -8.947604 5.049885 3.697433
v -8.573465 4.000000 3.919104
v -8.888943 2.950115 3.598423
v -9.792193 2.515238 3.063262
v -10.695445 2.950115 2.528102
v -11.069584 4.000000 2.306432
v -10.695445 5.049885 2.528102
v -9.792193 5.484762 3.063262
v -8.888943 5.049885 3.598423
v -8.514804 4.000000 3.820094
v -9.850856 4.000000 3.162272
v -9.792193 4.000000 3.063262
v -8.869342 2.856094 3.749791
v -9.853482 2.382273 3.166706
v -9.789567 2.382273 3.058829
v -8.805428 2.856094 3.641915
v -10.837622 2.856094 2.583620
v -10.773707 2.856094 2.475744
v -11.245266 4.000000 2.342098
v -11.181352 4.000000 2.234221
v -10.837622 5.143906 2.583620
v -10.773707 5.143906 2.475744
v -9.853482 5.617727 3.166706
v -9.789567 5.617727 3.058829
v -8.869342 5.143906 3.749791
v -8.805428 5.143906 3.641915
v -8.461698 4.000000 3.991313
v -8.397783 4.000000 3.883437
v -8.964980 2.950115 3.726759
v -9.868231 2.515238 3.191598
v -9.870857 2.382273 3.196032
v -8.886717 2.856094 3.779118
v -10.771482 2.950115 2.656438
v -10.854998 2.856094 2.612946
v -11.145620 4.000000 2.434767
v -11.262642 4.000000 2.371424
v -10.771482 5.049885 2.656438
v -10.854998 5.143906 2.612946
v -9.868231 5.484762 3.191598
v -9.870857 5.617727 3.196032
v -8.964980 5.049885 3.726759
v -8.886717 5.143906 3.779118
v -8.590841 4.000000 3.948430
v -8.479073 4.000000 4.020639
v -8.871568 2.950115 3.569097
v -9.774818 2.515238 3.033937
v -8.788052 2.856094 3.612589
v -9.772192 2.382273 3.029503
v -10.678069 2.950115 2.498776
v -10.756332 2.856094 2.446417
v -11.052208 4.000000 2.277105
v -11.163977 4.000000 2.204895
v -10.678069 5.049885 2.498776
v -10.756332 5.143906 2.446417
v -9.774818 5.484762 3.033937
v -9.772192 5.617727 3.029503
v -8.871568 5.049885 3.569097
v -8.788052 5.143906 3.612589
v -8.497429 4.000000 3.790768
v -8.380407 4.000000 3.854111
v 1.490024 12.355392 2.003408
v 1.741835 12.238343 2.003408
v 1.490029 14.828153 2.003408
v 1.741835 14.945201 2.003408
v 1.490029 14.828153 -2.003408
v 1.741835 14.945202 -2.003408
v 1.490029 12.355392 -2.003408
v 1.741835 12.238342 -2.003408
v 1.483979 12.356531 4.467890
v 1.735779 12.239484 4.467890
v 1.735779 14.944060 4.467890
v 1.483979 14.827013 4.467890
v 1.483980 14.827013 -4.467890
v 1.735778 14.944060 -4.467890
v 1.735778 12.239484 -4.467890
v 1.483980 12.356531 -4.467890
v 1.476388 12.357962 6.877244
v 1.728182 12.240915 6.877244
v 1.728182 14.942629 6.877244
v 1.476388 14.825583 6.877244
v 1.476389 14.825583 -6.877244
v 1.728182 14.942629 -6.877244
v 1.728182 12.240915 -6.877244
v 1.476389 12.357961 -6.877244
v 1.460363 12.360981 8.738422
v 1.712161 12.243933 8.738422
v 1.712161 14.939611 8.738422
v 1.460363 14.822563 8.738422
v 1.460362 14.822564 -8.738422
v 1.712160 14.939611 -8.738422
v 1.712160 12.243933 -8.738422
v 1.460362 12.360980 -8.738422
v 1.196322 17.366821 2.003408
v 1.426768 17.566280 2.003408
v 1.426769 17.566280 -2.003408
v 1.196322 17.366821 -2.003408
v 1.190492 17.364883 4.467890
v 1.420928 17.564339 4.467890
v 1.420927 17.564339 -4.467890
v 1.190492 17.364882 -4.467890
v 1.183153 17.362442 6.877244
v 1.413612 17.561905 6.877244
v 1.413612 17.561905 -6.877244
v 1.183153 17.362442 -6.877244
v 1.167675 17.357296 8.824442
v 1.398134 17.556759 8.824441
v 1.398135 17.556759 -8.824442
v 1.167675 17.357296 -8.824441
v 1.196322 9.816723 -2.003408
v 1.426769 9.617265 -2.003408
v 1.426768 9.617265 2.003408
v 1.196322 9.816724 2.003408
v 1.420928 9.619205 4.467890
v 1.190492 9.818662 4.467890
v 1.190492 9.818662 -4.467890
v 1.420927 9.619206 -4.467890
v 1.413612 9.621638 6.877244
v 1.183153 9.821102 6.877244
v 1.183153 9.821102 -6.877244
v 1.413612 9.621639 -6.877244
v 1.398134 9.626784 8.824441
v 1.167675 9.826248 8.824441
v 1.167681 9.826244 -8.824441
v 1.398135 9.626784 -8.824441
v 0.193412 20.309189 2.003408
v 0.423857 20.508648 2.003408
v 0.424230 20.507534 -2.003408
v 0.193783 20.308075 -2.003408
v 0.161867 20.384544 4.467890
v 0.392320 20.584003 4.467890
v 0.425222 20.485041 -4.467890
v 0.194773 20.285580 -4.467890
v 0.107181 20.524565 6.877243
v 0.337622 20.724022 6.877244
v 0.413101 20.497005 -6.877244
v 0.182657 20.297548 -6.877244
v 0.108068 20.470213 9.242349
v 0.338506 20.669670 9.242349
v 0.443691 20.353300 -9.242349
v 0.213252 20.153845 -9.242349
v 0.193783 6.875469 -2.003408
v 0.424230 6.676011 -2.003408
v 0.423857 6.674896 2.003408
v 0.193412 6.874355 2.003408
v 0.392320 6.599540 4.467890
v 0.161867 6.799001 4.467890
v 0.194773 6.897965 -4.467890
v 0.425222 6.698504 -4.467890
v 0.337622 6.459523 6.877244
v 0.107181 6.658980 6.877243
v 0.182657 6.885995 -6.877244
v 0.413101 6.686538 -6.877244
v 0.338506 6.513875 9.242349
v 0.108068 6.713331 9.242349
v 0.213252 7.029700 -9.242349
v 0.443691 6.830245 -9.242349
v 1.490029 14.828153 0.000000
v 1.490029 12.355392 0.000000
v 1.196322 9.816724 0.000000
v 0.200847 6.896717 -0.000000
v 0.431292 6.697258 0.000000
v 1.426768 9.617265 0.000000
v 1.741835 12.238342 -0.000000
v 1.741835 14.945202 -0.000000
v 1.426768 17.566280 0.000000
v 0.431292 20.486286 0.000000
v 0.200847 20.286827 -0.000000
v 1.196322 17.366821 0.000000
v 1.490028 14.828153 1.001704
v 1.490028 12.355392 1.001704
v 1.196322 9.816724 1.001704
v 0.149067 6.740977 1.001704
v 0.379513 6.541519 1.001704
v 1.426769 9.617265 1.001704
v 1.741835 12.238342 1.001704
v 1.741835 14.945202 1.001704
v 1.426769 17.566280 1.001704
v 0.379513 20.642025 1.001704
v 0.149067 20.442568 1.001704
v 1.196322 17.366821 1.001704
v 1.490029 12.355391 -1.001704
v 1.490029 14.828154 -1.001704
v 1.196321 17.366821 -1.001704
v 0.196141 20.300983 -1.001704
v 0.426585 20.500443 -1.001704
v 1.426768 17.566278 -1.001704
v 1.741835 14.945202 -1.001704
v 1.741835 12.238342 -1.001704
v 1.426768 9.617265 -1.001704
v 0.426585 6.683102 -1.001704
v 0.196141 6.882560 -1.001704
v 1.196321 9.816724 -1.001704
v 1.486991 14.827580 -3.235649
v 1.486991 12.355964 -3.235649
v 1.193410 9.817692 -3.235649
v 0.189630 6.872737 -3.235649
v 0.420075 6.673279 -3.235649
v 1.423847 9.618237 -3.235649
v 1.738800 12.238914 -3.235649
v 1.738800 14.944630 -3.235649
v 1.423847 17.565308 -3.235649
v 0.420075 20.510265 -3.235649
v 0.189630 20.310806 -3.235649
v 1.193410 17.365852 -3.235649
v 1.480183 14.826298 -5.672566
v 1.480183 12.357246 -5.672566
v 1.186821 9.819882 -5.672567
v 0.149121 6.772890 -5.672567
v 0.379568 6.573432 -5.672567
v 1.417271 9.620422 -5.672567
v 1.731985 12.240199 -5.672566
v 1.731985 14.943345 -5.672566
v 1.417271 17.563122 -5.672567
v 0.379568 20.610111 -5.672567
v 0.149121 20.410654 -5.672567
v 1.186821 17.363663 -5.672567
v 1.468367 14.824073 -8.059796
v 1.468367 12.359471 -8.059796
v 1.175422 9.823672 -8.059796
v 0.161012 6.846740 -8.059796
v 0.391461 6.647281 -8.059796
v 1.405865 9.624214 -8.059796
v 1.720175 12.242424 -8.059796
v 1.720175 14.941120 -8.059796
v 1.405865 17.559330 -8.059796
v 0.391461 20.536263 -8.059796
v 0.161012 20.336803 -8.059796
v 1.175422 17.359871 -8.059796
v 1.486990 12.355965 3.235649
v 1.486990 14.827579 3.235649
v 1.193409 17.365852 3.235649
v 0.171828 20.364353 3.235649
v 0.402272 20.563812 3.235649
v 1.423847 17.565308 3.235649
v 1.738800 14.944629 3.235649
v 1.738800 12.238915 3.235649
v 1.423847 9.618237 3.235649
v 0.402272 6.619732 3.235649
v 0.171828 6.819190 3.235649
v 1.193409 9.817692 3.235649
v 1.480183 12.357245 5.672567
v 1.480183 14.826299 5.672567
v 1.186820 17.363663 5.672567
v 0.184224 20.305080 5.672566
v 0.414670 20.504539 5.672567
v 1.417271 17.563122 5.672567
v 1.731984 14.943345 5.672567
v 1.731984 12.240199 5.672567
v 1.417271 9.620422 5.672567
v 0.414670 6.679004 5.672567
v 0.184224 6.878464 5.672566
v 1.186820 9.819882 5.672567
v 1.468367 12.359472 8.059796
v 1.468367 14.824072 8.059796
v 1.175420 17.359873 8.059796
v 0.169049 20.312634 8.059796
v 0.399499 20.512093 8.059796
v 1.405866 17.559330 8.059796
v 1.720175 14.941120 8.059796
v 1.720175 12.242424 8.059796
v 1.405866 9.624214 8.059796
v 0.399499 6.671451 8.059796
v 0.169049 6.870911 8.059796
v 1.175420 9.823671 8.059796
v 1.464368 12.360226 8.651073
v 1.464368 14.823318 8.651073
v 1.171547 17.358585 8.651073
v 0.384229 19.652523 8.651073
v 0.614665 19.851978 8.651072
v 1.401990 17.558041 8.651073
v 1.716167 14.940365 8.651073
v 1.716167 12.243179 8.651073
v 1.401990 9.625504 8.651073
v 0.614665 7.331565 8.651072
v 0.384229 7.531022 8.651073
v 1.171547 9.824959 8.651073
v 1.472373 12.358717 7.468520
v 1.472373 14.824827 7.468520
v 1.179292 17.361158 7.468520
v 0.364934 19.736420 7.468520
v 0.595373 19.935875 7.468520
v 1.409729 17.560614 7.468520
v 1.724184 14.941875 7.468520
v 1.724184 12.241669 7.468520
v 1.409729 9.622930 7.468520
v 0.595373 7.247668 7.468520
v 0.364934 7.447125 7.468520
v 1.179292 9.822386 7.468520
v 1.478279 12.357605 6.274905
v 1.478279 14.825939 6.274905
v 1.184978 17.363049 6.274905
v 0.373931 19.728378 6.274905
v 0.604367 19.927834 6.274904
v 1.415429 17.562510 6.274905
v 1.730074 14.942986 6.274905
v 1.730074 12.240558 6.274905
v 1.415429 9.621035 6.274905
v 0.604367 7.255711 6.274904
v 0.373931 7.455167 6.274905
v 1.184978 9.820495 6.274905
v 1.482079 12.356890 5.070229
v 1.482079 14.826654 5.070229
v 1.188654 17.364271 5.070229
v 0.454016 19.499756 5.070229
v 0.684462 19.699215 5.070229
v 1.419090 17.563726 5.070229
v 1.733885 14.943704 5.070229
v 1.733885 12.239841 5.070229
v 1.419090 9.619818 5.070229
v 0.684462 7.484330 5.070229
v 0.454016 7.683788 5.070229
v 1.188654 9.819273 5.070229
v 1.485482 12.356247 3.851769
v 1.485482 14.827297 3.851769
v 1.191950 17.365366 3.851769
v 0.456142 19.504353 3.851770
v 0.686579 19.703810 3.851769
v 1.422386 17.564823 3.851769
v 1.737297 14.944346 3.851769
v 1.737297 12.239198 3.851769
v 1.422386 9.618722 3.851769
v 0.686579 7.479734 3.851769
v 0.456142 7.679191 3.851770
v 1.191950 9.818178 3.851769
v 1.488510 12.355678 2.619528
v 1.488510 14.827867 2.619528
v 1.194876 17.366341 2.619528
v 0.424898 19.608080 2.619528
v 0.655341 19.807539 2.619528
v 1.425315 17.565796 2.619528
v 1.740317 14.944915 2.619528
v 1.740317 12.238629 2.619528
v 1.425315 9.617748 2.619528
v 0.655341 7.376006 2.619528
v 0.424898 7.575464 2.619528
v 1.194876 9.817204 2.619528
v 1.490029 14.828153 1.502556
v 1.490029 12.355392 1.502556
v 1.196322 9.816723 1.502556
v 0.319971 7.254999 1.502556
v 0.550415 7.055541 1.502556
v 1.426768 9.617265 1.502556
v 1.741835 12.238342 1.502556
v 1.741835 14.945202 1.502556
v 1.426768 17.566278 1.502556
v 0.550415 20.128004 1.502556
v 0.319971 19.928545 1.502556
v 1.196322 17.366821 1.502556
v 1.490029 12.355392 0.500852
v 1.490029 14.828153 0.500852
v 1.196322 17.366821 0.500852
v 0.347448 19.845898 0.500852
v 0.577893 20.045357 0.500852
v 1.426768 17.566278 0.500852
v 1.741836 14.945202 0.500852
v 1.741836 12.238342 0.500852
v 1.426768 9.617265 0.500852
v 0.577893 7.138187 0.500852
v 0.347448 7.337646 0.500852
v 1.196322 9.816723 0.500852
v 1.490029 14.828153 -0.500852
v 1.490029 12.355392 -0.500852
v 1.196321 9.816724 -0.500852
v 0.423458 7.566257 -0.500852
v 0.653902 7.366799 -0.500852
v 1.426768 9.617265 -0.500852
v 1.741835 12.238342 -0.500852
v 1.741835 14.945202 -0.500852
v 1.426768 17.566280 -0.500852
v 0.653902 19.816746 -0.500852
v 0.423458 19.617287 -0.500852
v 1.196321 17.366821 -0.500852
v 1.490028 12.355392 -1.502556
v 1.490028 14.828153 -1.502556
v 1.196322 17.366821 -1.502556
v 0.328863 19.901796 -1.502556
v 0.559307 20.101254 -1.502556
v 1.426768 17.566280 -1.502556
v 1.741836 14.945202 -1.502556
v 1.741836 12.238342 -1.502556
v 1.426768 9.617265 -1.502556
v 0.559307 7.082290 -1.502556
v 0.328863 7.281748 -1.502556
v 1.196322 9.816724 -1.502556
v 1.488510 14.827868 -2.619529
v 1.488510 12.355677 -2.619529
v 1.194876 9.817204 -2.619528
v 0.446727 7.641126 -2.619529
v 0.677173 7.441667 -2.619528
v 1.425316 9.617747 -2.619528
v 1.740317 12.238628 -2.619528
v 1.740317 14.944916 -2.619528
v 1.425316 17.565796 -2.619528
v 0.677173 19.741877 -2.619528
v 0.446727 19.542419 -2.619529
v 1.194876 17.366341 -2.619528
v 1.485482 14.827296 -3.851769
v 1.485482 12.356248 -3.851769
v 1.191949 9.818177 -3.851769
v 0.382322 7.457168 -3.851769
v 0.612760 7.257712 -3.851769
v 1.422386 9.618722 -3.851769
v 1.737297 12.239198 -3.851769
v 1.737297 14.944346 -3.851769
v 1.422386 17.564823 -3.851769
v 0.612760 19.925833 -3.851769
v 0.382322 19.726376 -3.851769
v 1.191949 17.365368 -3.851769
v 1.482079 14.826655 -5.070229
v 1.482079 12.356889 -5.070229
v 1.188654 9.819273 -5.070229
v 0.426170 7.600031 -5.070229
v 0.656615 7.400571 -5.070229
v 1.419090 9.619817 -5.070229
v 1.733884 12.239841 -5.070229
v 1.733884 14.943704 -5.070229
v 1.419090 17.563728 -5.070229
v 0.656615 19.782972 -5.070229
v 0.426170 19.583513 -5.070229
v 1.188654 17.364271 -5.070229
v 1.478279 14.825939 -6.274905
v 1.478279 12.357605 -6.274905
v 1.184979 9.820495 -6.274905
v 0.381261 7.477213 -6.274905
v 0.611697 7.277757 -6.274905
v 1.415428 9.621035 -6.274905
v 1.730074 12.240559 -6.274905
v 1.730074 14.942986 -6.274905
v 1.415428 17.562510 -6.274905
v 0.611697 19.905787 -6.274905
v 0.381261 19.706331 -6.274905
v 1.184979 17.363049 -6.274905
v 1.472375 14.824827 -7.468520
v 1.472375 12.358717 -7.468520
v 1.179290 9.822385 -7.468520
v 0.335793 7.359465 -7.468520
v 0.566228 7.160007 -7.468520
v 1.409731 9.622930 -7.468520
v 1.724184 12.241668 -7.468520
v 1.724184 14.941876 -7.468520
v 1.409731 17.560616 -7.468520
v 0.566228 20.023537 -7.468520
v 0.335793 19.824080 -7.468520
v 1.179290 17.361158 -7.468520
v 1.464369 14.823318 -8.651073
v 1.464369 12.360227 -8.651073
v 1.171548 9.824959 -8.651073
v 0.371024 7.491306 -8.651073
v 0.601468 7.291849 -8.651073
v 1.401990 9.625502 -8.651073
v 1.716166 12.243179 -8.651073
v 1.716166 14.940365 -8.651073
v 1.401990 17.558043 -8.651073
v 0.601468 19.891695 -8.651073
v 0.371024 19.692238 -8.651073
v 1.171548 17.358585 -8.651073
v 10.695920 2.950115 -2.576394
v 9.792668 2.515238 -3.111554
v 8.889418 2.950115 -3.646715
v 8.515279 4.000000 -3.868385
v 8.889418 5.049885 -3.646715
v 9.792668 5.484762 -3.111554
v 10.695920 5.049885 -2.576394
v 11.070059 4.000000 -2.354723
v 10.754581 2.950115 -2.675404
v 9.851331 2.515238 -3.210564
v 8.948079 2.950115 -3.745725
v 8.573940 4.000000 -3.967395
v 8.948079 5.049885 -3.745725
v 9.851331 5.484762 -3.210564
v 10.754581 5.049885 -2.675404
v 11.128720 4.000000 -2.453733
v 9.792668 4.000000 -3.111554
v 9.851331 4.000000 -3.210564
v 10.774182 2.856094 -2.524035
v 9.790042 2.382273 -3.107121
v 9.853957 2.382273 -3.214998
v 10.838097 2.856094 -2.631912
v 8.805902 2.856094 -3.690207
v 8.869817 2.856094 -3.798083
v 8.398258 4.000000 -3.931729
v 8.462173 4.000000 -4.039605
v 8.805902 5.143906 -3.690207
v 8.869817 5.143906 -3.798083
v 9.790042 5.617727 -3.107121
v 9.853957 5.617727 -3.214998
v 10.774182 5.143906 -2.524035
v 10.838097 5.143906 -2.631912
v 11.181827 4.000000 -2.282513
v 11.245741 4.000000 -2.390389
v 10.678544 2.950115 -2.547068
v 9.775293 2.515238 -3.082228
v 9.772667 2.382273 -3.077795
v 10.756807 2.856094 -2.494709
v 8.872043 2.950115 -3.617389
v 8.788527 2.856094 -3.660881
v 8.497904 4.000000 -3.839059
v 8.380882 4.000000 -3.902403
v 8.872043 5.049885 -3.617389
v 8.788527 5.143906 -3.660881
v 9.775293 5.484762 -3.082228
v 9.772667 5.617727 -3.077795
v 10.678544 5.049885 -2.547068
v 10.756807 5.143906 -2.494709
v 11.052683 4.000000 -2.325397
v 11.164452 4.000000 -2.253187
v 10.771956 2.950115 -2.704730
v 9.868706 2.515238 -3.239890
v 10.855473 2.856094 -2.661238
v 9.871332 2.382273 -3.244323
v 8.965455 2.950115 -3.775051
v 8.887192 2.856094 -3.827410
v 8.591316 4.000000 -3.996721
v 8.479548 4.000000 -4.068932
v 8.965455 5.049885 -3.775051
v 8.887192 5.143906 -3.827410
v 9.868706 5.484762 -3.239890
v 9.871332 5.617727 -3.244323
v 10.771956 5.049885 -2.704730
v 10.855473 5.143906 -2.661238
v 11.146095 4.000000 -2.483059
v 11.263117 4.000000 -2.419716
v 0.230031 0.473779 -0.230031
v 0.000000 0.473779 -0.325312
v -0.230031 0.473779 -0.230031
v -0.325312 0.473779 0.000000
v -0.230031 0.473779 0.230031
v 0.000000 0.473779 0.325312
v 0.230031 0.473779 0.230031
v 0.325312 0.473779 0.000000
v 0.230031 22.994522 -0.230031
v 0.000000 22.994522 -0.325312
v -0.230031 22.994522 -0.230031
v -0.325312 22.994522 0.000000
v -0.230031 22.994522 0.230031
v 0.000000 22.994522 0.325312
v 0.230031 22.994522 0.230031
v 0.325312 22.994522 0.000000
v 0.000000 0.473779 0.000000
v 0.000000 22.994522 0.000000
v 16.509418 7.872724 0.313963
v 16.505875 7.872724 0.307006
v 16.500353 7.872724 0.301486
v 16.493397 7.872724 0.297941
v 16.485685 7.872724 0.296720
v 16.477974 7.872724 0.297941
v 16.471018 7.872724 0.301486
v 16.465496 7.872724 0.307006
v 16.461952 7.872724 0.313963
v 16.460732 7.872724 0.321674
v 16.461952 7.872724 0.329385
v 16.465496 7.872724 0.336342
v 16.471018 7.872724 0.341863
v 16.477974 7.872724 0.345407
v 16.485685 7.872724 0.346628
v 16.493397 7.872724 0.345407
v 16.500353 7.872724 0.341863
v 16.505875 7.872724 0.336342
v 16.509418 7.872724 0.329385
v 16.510639 7.872724 0.321674
v 16.532566 7.878567 0.306441
v 16.525564 7.878567 0.292700
v 16.514660 7.878567 0.281794
v 16.500917 7.878567 0.274793
v 16.485685 7.878567 0.272380
v 16.470453 7.878567 0.274793
v 16.456711 7.878567 0.281794
v 16.445807 7.878567 0.292700
v 16.438805 7.878567 0.306441
v 16.436392 7.878567 0.321674
v 16.438805 7.878567 0.336907
v 16.445807 7.878567 0.350648
v 16.456711 7.878567 0.361554
v 16.470453 7.878567 0.368556
v 16.485685 7.878567 0.370968
v 16.500917 7.878567 0.368556
v 16.514660 7.878567 0.361554
v 16.525564 7.878567 0.350648
v 16.532566 7.878567 0.336907
v 16.534979 7.878567 0.321674
v 16.554562 7.888146 0.299295
v 16.544275 7.888146 0.279107
v 16.528254 7.888146 0.263085
v 16.508064 7.888146 0.252799
v 16.485685 7.888146 0.249254
v 16.463306 7.888146 0.252799
v 16.443117 7.888146 0.263085
v 16.427095 7.888146 0.279107
v 16.416809 7.888146 0.299295
v 16.413265 7.888146 0.321674
v 16.416809 7.888146 0.344053
v 16.427095 7.888146 0.364242
v 16.443117 7.888146 0.380263
v 16.463306 7.888146 0.390550
v 16.485685 7.888146 0.394094
v 16.508064 7.888146 0.390550
v 16.528254 7.888146 0.380263
v 16.544275 7.888146 0.364242
v 16.554562 7.888146 0.344053
v 16.558105 7.888146 0.321674
v 16.574860 7.901225 0.292700
v 16.561541 7.901225 0.266562
v 16.540798 7.901225 0.245818
v 16.514660 7.901225 0.232500
v 16.485685 7.901225 0.227911
v 16.456711 7.901225 0.232500
v 16.430573 7.901225 0.245818
v 16.409830 7.901225 0.266562
v 16.396511 7.901225 0.292700
v 16.391922 7.901225 0.321674
v 16.396511 7.901225 0.350648
v 16.409830 7.901225 0.376787
v 16.430573 7.901225 0.397530
v 16.456711 7.901225 0.410848
v 16.485685 7.901225 0.415437
v 16.514660 7.901225 0.410848
v 16.540798 7.901225 0.397530
v 16.561541 7.901225 0.376787
v 16.574860 7.901225 0.350648
v 16.579449 7.901225 0.321674
v 16.592962 7.917481 0.286818
v 16.576941 7.917481 0.255374
v 16.551985 7.917481 0.230420
v 16.520542 7.917481 0.214398
v 16.485685 7.917481 0.208877
v 16.450829 7.917481 0.214398
v 16.419386 7.917481 0.230420
v 16.394430 7.917481 0.255374
v 16.378408 7.917481 0.286818
v 16.372889 7.917481 0.321674
v 16.378408 7.917481 0.356530
v 16.394430 7.917481 0.387974
v 16.419386 7.917481 0.412929
v 16.450829 7.917481 0.428950
v 16.485685 7.917481 0.434471
v 16.520542 7.917481 0.428950
v 16.551985 7.917481 0.412929
v 16.576941 7.917481 0.387974
v 16.592962 7.917481 0.356530
v 16.598482 7.917481 0.321674
v 16.608423 7.936515 0.281794
v 16.590092 7.936515 0.245818
v 16.561541 7.936515 0.217268
v 16.525564 7.936515 0.198937
v 16.485685 7.936515 0.192621
v 16.445807 7.936515 0.198937
v 16.409830 7.936515 0.217268
v 16.381279 7.936515 0.245818
v 16.362947 7.936515 0.281794
v 16.356632 7.936515 0.321674
v 16.362947 7.936515 0.361554
v 16.381279 7.936515 0.397530
v 16.409830 7.936515 0.426081
v 16.445807 7.936515 0.444411
v 16.485685 7.936515 0.450728
v 16.525564 7.936515 0.444411
v 16.561541 7.936515 0.426081
v 16.590092 7.936515 0.397530
v 16.608423 7.936515 0.361554
v 16.614738 7.936515 0.321674
v 16.620861 7.957858 0.277753
v 16.600674 7.957858 0.238131
v 16.569229 7.957858 0.206687
v 16.529606 7.957858 0.186498
v 16.485685 7.957858 0.179542
v 16.441765 7.957858 0.186498
v 16.402142 7.957858 0.206687
v 16.370697 7.957858 0.238131
v 16.350510 7.957858 0.277753
v 16.343554 7.957858 0.321674
v 16.350510 7.957858 0.365595
v 16.370697 7.957858 0.405217
v 16.402142 7.957858 0.436662
v 16.441765 7.957858 0.456850
v 16.485685 7.957858 0.463806
v 16.529606 7.957858 0.456850
v 16.569229 7.957858 0.436662
v 16.600674 7.957858 0.405217
v 16.620861 7.957858 0.365595
v 16.627817 7.957858 0.321674
v 16.629972 7.980984 0.274793
v 16.608423 7.980984 0.232500
v 16.574860 7.980984 0.198937
v 16.532566 7.980984 0.177388
v 16.485685 7.980984 0.169963
v 16.438805 7.980984 0.177388
v 16.396511 7.980984 0.198937
v 16.362947 7.980984 0.232500
v 16.341400 7.980984 0.274793
v 16.333975 7.980984 0.321674
v 16.341400 7.980984 0.368556
v 16.362947 7.980984 0.410848
v 16.396511 7.980984 0.444411
v 16.438805 7.980984 0.465960
v 16.485685 7.980984 0.473386
v 16.532566 7.980984 0.465960
v 16.574860 7.980984 0.444411
v 16.608423 7.980984 0.410848
v 16.629971 7.980984 0.368556
v 16.637396 7.980984 0.321674
v 16.635529 8.005324 0.272987
v 16.613150 8.005324 0.229066
v 16.578295 8.005324 0.194209
v 16.534372 8.005324 0.171831
v 16.485685 8.005324 0.164119
v 16.436998 8.005324 0.171831
v 16.393076 8.005324 0.194210
v 16.358221 8.005324 0.229066
v 16.335842 8.005324 0.272987
v 16.328131 8.005324 0.321674
v 16.335842 8.005324 0.370361
v 16.358221 8.005324 0.414283
v 16.393078 8.005324 0.449139
v 16.436998 8.005324 0.471518
v 16.485685 8.005324 0.479229
v 16.534372 8.005324 0.471518
v 16.578293 8.005324 0.449139
v 16.613150 8.005324 0.414283
v 16.635529 8.005324 0.370361
v 16.643240 8.005324 0.321674
v 16.637398 8.030278 0.272380
v 16.614738 8.030278 0.227911
v 16.579449 8.030278 0.192621
v 16.534979 8.030278 0.169963
v 16.485685 8.030278 0.162155
v 16.436392 8.030278 0.169963
v 16.391922 8.030278 0.192621
v 16.356632 8.030278 0.227911
v 16.333975 8.030278 0.272380
v 16.326166 8.030278 0.321674
v 16.333975 8.030278 0.370968
v 16.356632 8.030278 0.415437
v 16.391922 8.030278 0.450728
v 16.436392 8.030278 0.473386
v 16.485685 8.030278 0.481193
v 16.534979 8.030278 0.473386
v 16.579449 8.030278 0.450728
v 16.614738 8.030278 0.415437
v 16.637396 8.030278 0.370968
v 16.645205 8.030278 0.321674
v 16.635529 8.055232 0.272987
v 16.613150 8.055232 0.229066
v 16.578295 8.055232 0.194209
v 16.534372 8.055232 0.171831
v 16.485685 8.055232 0.164119
v 16.436998 8.055232 0.171831
v 16.393076 8.055232 0.194210
v 16.358221 8.055232 0.229066
v 16.335842 8.055232 0.272987
v 16.328131 8.055232 0.321674
v 16.335842 8.055232 0.370361
v 16.358221 8.055232 0.414283
v 16.393078 8.055232 0.449139
v 16.436998 8.055232 0.471518
v 16.485685 8.055232 0.479229
v 16.534372 8.055232 0.471518
v 16.578293 8.055232 0.449139
v 16.613150 8.055232 0.414283
v 16.635529 8.055232 0.370361
v 16.643240 8.055232 0.321674
v 16.629972 8.079573 0.274793
v 16.608423 8.079573 0.232500
v 16.574860 8.079573 0.198937
v 16.532566 8.079573 0.177388
v 16.485685 8.079573 0.169963
v 16.438805 8.079573 0.177388
v 16.396511 8.079573 0.198937
v 16.362947 8.079573 0.232500
v 16.341400 8.079573 0.274793
v 16.333975 8.079573 0.321674
v 16.341400 8.079573 0.368556
v 16.362947 8.079573 0.410848
v 16.396511 8.079573 0.444411
v 16.438805 8.079573 0.465960
v 16.485685 8.079573 0.473386
v 16.532566 8.079573 0.465960
v 16.574860 8.079573 0.444411
v 16.608423 8.079573 0.410848
v 16.629971 8.079573 0.368556
v 16.637396 8.079573 0.321674
v 16.620861 8.102698 0.277753
v 16.600674 8.102698 0.238131
v 16.569229 8.102698 0.206687
v 16.529606 8.102698 0.186498
v 16.485685 8.102698 0.179542
v 16.441765 8.102698 0.186498
v 16.402142 8.102698 0.206687
v 16.370697 8.102698 0.238131
v 16.350510 8.102698 0.277753
v 16.343554 8.102698 0.321674
v 16.350510 8.102698 0.365595
v 16.370697 8.102698 0.405217
v 16.402142 8.102698 0.436662
v 16.441765 8.102698 0.456850
v 16.485685 8.102698 0.463806
v 16.529606 8.102698 0.456850
v 16.569229 8.102698 0.436662
v 16.600674 8.102698 0.405217
v 16.620861 8.102698 0.365595
v 16.627817 8.102698 0.321674
v 16.608423 8.124041 0.281794
v 16.590092 8.124041 0.245818
v 16.561541 8.124041 0.217268
v 16.525564 8.124041 0.198937
v 16.485685 8.124041 0.192621
v 16.445807 8.124041 0.198937
v 16.409830 8.124041 0.217268
v 16.381279 8.124041 0.245818
v 16.362947 8.124041 0.281794
v 16.356632 8.124041 0.321674
v 16.362947 8.124041 0.361554
v 16.381279 8.124041 0.397530
v 16.409830 8.124041 0.426081
v 16.445807 8.124041 0.444411
v 16.485685 8.124041 0.450728
v 16.525564 8.124041 0.444411
v 16.561541 8.124041 0.426081
v 16.590092 8.124041 0.397530
v 16.608423 8.124041 0.361554
v 16.614738 8.124041 0.321674
v 16.592962 8.143075 0.286818
v 16.576941 8.143075 0.255374
v 16.551985 8.143075 0.230420
v 16.520542 8.143075 0.214398
v 16.485685 8.143075 0.208877
v 16.450829 8.143075 0.214398
v 16.419386 8.143075 0.230420
v 16.394430 8.143075 0.255374
v 16.378408 8.143075 0.286818
v 16.372889 8.143075 0.321674
v 16.378408 8.143075 0.356530
v 16.394430 8.143075 0.387974
v 16.419386 8.143075 0.412929
v 16.450829 8.143075 0.428950
v 16.485685 8.143075 0.434471
v 16.520542 8.143075 0.428950
v 16.551985 8.143075 0.412929
v 16.576941 8.143075 0.387974
v 16.592962 8.143075 0.356530
v 16.598482 8.143075 0.321674
v 16.574860 8.159331 0.292700
v 16.561541 8.159331 0.266562
v 16.540798 8.159331 0.245818
v 16.514660 8.159331 0.232500
v 16.485685 8.159331 0.227911
v 16.456711 8.159331 0.232500
v 16.430573 8.159331 0.245818
v 16.409830 8.159331 0.266562
v 16.396511 8.159331 0.292700
v 16.391922 8.159331 0.321674
v 16.396511 8.159331 0.350648
v 16.409830 8.159331 0.376787
v 16.430573 8.159331 0.397530
v 16.456711 8.159331 0.410848
v 16.485685 8.159331 0.415437
v 16.514660 8.159331 0.410848
v 16.540798 8.159331 0.397530
v 16.561541 8.159331 0.376787
v 16.574860 8.159331 0.350648
v 16.579449 8.159331 0.321674
v 16.554562 8.172411 0.299295
v 16.544275 8.172411 0.279107
v 16.528254 8.172411 0.263085
v 16.508064 8.172411 0.252799
v 16.485685 8.172411 0.249254
v 16.463306 8.172411 0.252799
v 16.443117 8.172411 0.263085
v 16.427095 8.172411 0.279107
v 16.416809 8.172411 0.299295
v 16.413265 8.172411 0.321674
v 16.416809 8.172411 0.344053
v 16.427095 8.172411 0.364242
v 16.443117 8.172411 0.380263
v 16.463306 8.172411 0.390550
v 16.485685 8.172411 0.394094
v 16.508064 8.172411 0.390550
v 16.528254 8.172411 0.380263
v 16.544275 8.172411 0.364242
v 16.554562 8.172411 0.344053
v 16.558105 8.172411 0.321674
v 16.532566 8.181990 0.306441
v 16.525564 8.181990 0.292700
v 16.514660 8.181990 0.281794
v 16.500917 8.181990 0.274793
v 16.485685 8.181990 0.272380
v 16.470453 8.181990 0.274793
v 16.456711 8.181990 0.281794
v 16.445807 8.181990 0.292700
v 16.438805 8.181990 0.306441
v 16.436392 8.181990 0.321674
v 16.438805 8.181990 0.336907
v 16.445807 8.181990 0.350648
v 16.456711 8.181990 0.361554
v 16.470453 8.181990 0.368556
v 16.485685 8.181990 0.370968
v 16.500917 8.181990 0.368556
v 16.514660 8.181990 0.361554
v 16.525564 8.181990 0.350648
v 16.532566 8.181990 0.336907
v 16.534979 8.181990 0.321674
v 16.509418 8.187833 0.313963
v 16.505875 8.187833 0.307006
v 16.500353 8.187833 0.301486
v 16.493397 8.187833 0.297941
v 16.485685 8.187833 0.296720
v 16.477974 8.187833 0.297941
v 16.471018 8.187833 0.301486
v 16.465496 8.187833 0.307006
v 16.461952 8.187833 0.313963
v 16.460732 8.187833 0.321674
v 16.461952 8.187833 0.329385
v 16.465496 8.187833 0.336342
v 16.471018 8.187833 0.341863
v 16.477974 8.187833 0.345407
v 16.485685 8.187833 0.346628
v 16.493397 8.187833 0.345407
v 16.500353 8.187833 0.341863
v 16.505875 8.187833 0.336342
v 16.509418 8.187833 0.329385
v 16.510639 8.187833 0.321674
v 16.485685 7.870759 0.321674
v 16.485685 8.189797 0.321674
v -0.399834 -0.500000 0.917405
v 0.399834 -0.500000 0.917405
v -0.399834 0.500000 0.917405
v 0.399834 0.500000 0.917405
v -0.399834 0.500000 -0.917405
v 0.399834 0.500000 -0.917405
v -0.399834 -0.500000 -0.917405
v 0.399834 -0.500000 -0.917405
v -0.399834 -0.148850 1.975271
v 0.399834 -0.148850 1.975271
v 0.399834 0.817076 1.766091
v -0.399834 0.817076 1.766091
v -0.399834 0.817076 -1.766091
v 0.399834 0.817076 -1.766091
v 0.399834 -0.148850 -1.975271
v -0.399834 -0.148850 -1.975271
v -0.399834 0.640083 3.209101
v 0.399834 0.640083 3.209101
v 0.399834 1.506109 2.804998
v -0.399834 1.506109 2.804998
v -0.399834 1.506109 -2.804998
v 0.399834 1.506109 -2.804998
v 0.399834 0.640083 -3.209101
v -0.399834 0.640083 -3.209101
v -0.399834 2.242045 4.741731
v 0.399834 2.242045 4.741731
v 0.399834 2.949152 4.170239
v -0.399834 2.949152 4.170239
v -0.399834 2.949152 -4.170239
v 0.399834 2.949152 -4.170239
v 0.399834 2.242045 -4.741731
v -0.399834 2.242045 -4.741731
v -0.399834 3.422225 5.850307
v 0.399834 3.422225 5.850307
v 0.399834 3.422225 5.042098
v -0.399834 3.422225 5.042098
v -0.399834 3.422225 -5.042098
v 0.399834 3.422225 -5.042098
v 0.399834 3.422225 -5.850307
v -0.399834 3.422225 -5.850307
v 2.250875 -0.500000 -0.917405
v 2.250875 -0.500000 0.917405
v 2.250875 0.500000 -0.917405
v 2.250875 0.500000 0.917405
v 2.250875 0.817076 1.766091
v 2.250875 -0.148850 1.975271
v 2.250875 -0.148850 -1.975271
v 2.250875 0.817076 -1.766091
v 2.250875 1.506109 2.804998
v 2.250875 0.640083 3.209101
v 2.250875 0.640083 -3.209101
v 2.250875 1.506109 -2.804998
v 2.250875 2.949152 4.170239
v 2.250875 2.242045 4.741731
v 2.250875 2.242045 -4.741731
v 2.250875 2.949152 -4.170239
v 2.250875 3.422225 5.042098
v 2.250875 3.422225 5.850307
v 2.250875 3.422225 -5.850307
v 2.250875 3.422225 -5.042098
v -2.250875 -0.500000 -0.917405
v -2.250875 -0.500000 0.917405
v -2.250875 0.500000 0.917405
v -2.250875 0.500000 -0.917405
v -2.250875 -0.148850 1.975271
v -2.250875 0.817076 1.766091
v -2.250875 0.817076 -1.766091
v -2.250875 -0.148850 -1.975271
v -2.250875 0.640083 3.209101
v -2.250875 1.506109 2.804998
v -2.250875 1.506109 -2.804998
v -2.250875 0.640083 -3.209101
v -2.250875 2.242045 4.741731
v -2.250875 2.949152 4.170239
v -2.250875 2.949152 -4.170239
v -2.250875 2.242045 -4.741731
v -2.250875 3.422225 5.850307
v -2.250875 3.422225 5.042098
v -2.250875 3.422225 -5.042098
v -2.250875 3.422225 -5.850307
v 6.085402 -0.500000 -0.805828
v 6.085402 -0.500000 0.805828
v 6.085402 0.500000 -0.805828
v 6.085402 0.500000 0.805828
v 6.085402 0.817076 1.551294
v 6.085402 -0.148850 1.735033
v 6.085402 -0.148850 -1.735033
v 6.085402 0.817076 -1.551294
v 6.085402 1.506109 2.463846
v 6.085402 0.640083 2.818802
v 6.085402 0.640083 -2.818802
v 6.085402 1.506109 -2.463846
v 6.085402 2.949152 3.663044
v 6.085402 2.242045 4.165027
v 6.085402 2.242045 -4.165027
v 6.085402 2.949152 -3.663044
v 6.085402 3.422225 4.428866
v 6.085402 3.422225 5.138777
v 6.085402 3.422225 -5.138777
v 6.085402 3.422225 -4.428866
v -6.085402 -0.500000 -0.805828
v -6.085402 -0.500000 0.805828
v -6.085402 0.500000 0.805828
v -6.085402 0.500000 -0.805828
v -6.085402 -0.148850 1.735033
v -6.085402 0.817076 1.551294
v -6.085402 0.817076 -1.551294
v -6.085402 -0.148850 -1.735033
v -6.085402 0.640083 2.818802
v -6.085402 1.506109 2.463846
v -6.085402 1.506109 -2.463846
v -6.085402 0.640083 -2.818802
v -6.085402 2.242045 4.165027
v -6.085402 2.949152 3.663044
v -6.085402 2.949152 -3.663044
v -6.085402 2.242045 -4.165027
v -6.085402 3.422225 5.138777
v -6.085402 3.422225 4.428866
v -6.085402 3.422225 -4.428866
v -6.085402 3.422225 -5.138777
v 8.857258 -0.500000 -0.546327
v 8.857258 -0.500000 0.546327
v 8.857258 0.500000 -0.546327
v 8.857258 0.500000 0.546327
v 8.857258 0.817076 1.051732
v 8.857258 -0.148850 1.176302
v 8.857258 -0.148850 -1.176302
v 8.857258 0.817076 -1.051732
v 8.857258 1.506109 1.670416
v 8.857258 0.640083 1.911064
v 8.857258 0.640083 -1.911064
v 8.857258 1.506109 -1.670416
v 8.857258 2.949152 2.483436
v 8.857258 2.242045 2.823766
v 8.857258 2.242045 -2.823766
v 8.857258 2.949152 -2.483436
v 8.857258 3.422225 2.601194
v 8.857258 3.422225 3.483939
v 8.857258 3.422225 -3.483939
v 8.857258 3.422225 -2.601194
v -8.857258 -0.500000 -0.546327
v -8.857258 -0.500000 0.546327
v -8.857258 0.500000 0.546327
v -8.857258 0.500000 -0.546327
v -8.857258 -0.148850 1.176302
v -8.857258 0.817076 1.051732
v -8.857258 0.817076 -1.051732
v -8.857258 -0.148850 -1.176302
v -8.857258 0.640083 1.911064
v -8.857258 1.506109 1.670416
v -8.857258 1.506109 -1.670416
v -8.857258 0.640083 -1.911064
v -8.857258 2.242045 2.823766
v -8.857258 2.949152 2.483436
v -8.857258 2.949152 -2.483436
v -8.857258 2.242045 -2.823766
v -8.857258 3.422225 3.483939
v -8.857258 3.422225 2.601194
v -8.857258 3.422225 -2.601194
v -8.857258 3.422225 -3.483939
v 10.892821 0.620634 -0.052887
v 10.892821 0.620634 0.052887
v 11.585347 1.120634 -0.052887
v 11.585347 1.120634 0.052887
v 11.804930 1.279172 0.058574
v 11.136002 0.796209 0.113872
v 11.136002 0.796209 -0.113872
v 11.804930 1.279172 -0.058574
v 12.282103 1.623688 0.064008
v 11.682358 1.190676 0.185001
v 11.682358 1.190676 -0.185001
v 12.282103 1.623688 -0.064008
v 13.281448 2.345208 0.107140
v 12.791759 1.991657 0.273355
v 12.791759 1.991657 -0.273355
v 13.281448 2.345208 -0.107140
v 13.997092 3.422214 0.126375
v 13.997095 3.422214 0.337263
v 13.997095 3.422214 -0.337264
v 13.997092 3.422214 -0.126375
v -10.892821 0.620634 -0.052887
v -10.892821 0.620634 0.052887
v -11.585347 1.120634 0.052887
v -11.585347 1.120634 -0.052887
v -11.136002 0.796209 0.113872
v -11.804930 1.279172 0.058574
v -11.804930 1.279172 -0.058574
v -11.136002 0.796209 -0.113872
v -11.682358 1.190676 0.185001
v -12.282103 1.623688 0.064008
v -12.282103 1.623688 -0.064008
v -11.682358 1.190676 -0.185001
v -12.791759 1.991657 0.273355
v -13.281448 2.345208 0.107140
v -13.281448 2.345208 -0.107140
v -12.791759 1.991657 -0.273355
v -13.997095 3.422214 0.337263
v -13.997092 3.422214 0.126375
v -13.997092 3.422214 -0.126375
v -13.997095 3.422214 -0.337264
v -0.155820 4.024028 6.073400
v 0.155820 4.024028 6.073400
v 0.155820 4.024028 5.234373
v -0.155820 4.024028 5.234373
v 2.077450 4.024028 6.073400
v 2.077450 4.024028 5.234373
v -2.077450 4.024028 5.234373
v -2.077450 4.024028 6.073400
v 6.058203 4.024027 5.334738
v 6.058203 4.024027 4.597755
v -6.058203 4.024027 4.597755
v -6.058203 4.024027 5.334738
v 8.935760 4.024027 3.616795
v 8.935760 4.024027 2.998562
v -8.935760 4.024027 2.998562
v -8.935760 4.024027 3.616795
v 14.271597 4.024015 0.350124
v 14.271596 4.024015 0.131194
v -14.271596 4.024015 0.131194
v -14.271597 4.024015 0.350124
v -0.155820 4.024028 -5.234373
v 0.155820 4.024028 -5.234373
v 0.155820 4.024027 -6.073400
v -0.155820 4.024027 -6.073400
v 2.077450 4.024028 -5.234373
v 2.077450 4.024027 -6.073400
v -2.077450 4.024027 -6.073400
v -2.077450 4.024028 -5.234373
v 6.058203 4.024027 -4.597755
v 6.058203 4.024028 -5.334738
v -6.058203 4.024028 -5.334738
v -6.058203 4.024027 -4.597755
v 8.935760 4.024027 -2.998562
v 8.935760 4.024027 -3.616795
v -8.935760 4.024027 -3.616795
v -8.935760 4.024027 -2.998562
v 14.271596 4.024015 -0.131194
v 14.271597 4.024015 -0.350125
v -14.271597 4.024015 -0.350125
v -14.271596 4.024015 -0.131194
v 10.689264 0.508570 -0.102231
v 10.689264 0.508570 0.102231
v 10.908127 0.701703 0.220115
v 11.399848 1.135617 0.357607
v 12.398309 2.016696 0.528396
v 13.483110 3.422215 0.651931
v 13.738015 4.024016 0.676792
v 13.738012 4.024016 0.417931
v 13.483109 3.422215 0.373857
v 12.839029 2.405603 0.344769
v 11.939618 1.611930 0.224649
v 11.510162 1.232962 0.157890
v 11.312538 1.058571 0.102231
v 11.312538 1.058571 -0.102231
v 11.510162 1.232962 -0.157890
v 11.939618 1.611930 -0.224649
v 12.839029 2.405603 -0.344770
v 13.483109 3.422215 -0.373857
v 13.738012 4.024016 -0.417931
v 13.738015 4.024016 -0.676792
v 13.483110 3.422215 -0.651932
v 12.398309 2.016696 -0.528396
v 11.399848 1.135617 -0.357607
v 10.908127 0.701703 -0.220115
v -10.689264 0.508570 -0.102231
v -10.908127 0.701703 -0.220115
v -11.399848 1.135617 -0.357607
v -12.398309 2.016696 -0.528396
v -13.483110 3.422215 -0.651932
v -13.738015 4.024016 -0.676792
v -13.738012 4.024016 -0.417931
v -13.483109 3.422215 -0.373857
v -12.839029 2.405603 -0.344770
v -11.939618 1.611930 -0.224649
v -11.510162 1.232962 -0.157890
v -11.312538 1.058571 -0.102231
v -11.312538 1.058571 0.102231
v -11.510162 1.232962 0.157890
v -11.939618 1.611930 0.224649
v -12.839029 2.405603 0.344769
v -13.483109 3.422215 0.373857
v -13.738012 4.024016 0.417931
v -13.738015 4.024016 0.676792
v -13.483110 3.422215 0.651931
v -12.398309 2.016696 0.528396
v -11.399848 1.135617 0.357607
v -10.908127 0.701703 0.220115
v -10.689264 0.508570 0.102231
v 6.042088 2.950115 5.465582
v 5.010776 2.515238 5.662185
v 3.979463 2.950115 5.858788
v 3.552279 4.000000 5.940223
v 3.979463 5.049885 5.858788
v 5.010776 5.484762 5.662185
v 6.042088 5.049885 5.465582
v 6.469272 4.000000 5.384146
v 6.020537 2.950115 5.352534
v 4.989224 2.515238 5.549137
v 3.957912 2.950115 5.745740
v 3.530728 4.000000 5.827176
v 3.957912 5.049885 5.745740
v 4.989224 5.484762 5.549137
v 6.020537 5.049885 5.352534
v 6.447721 4.000000 5.271099
v 5.010776 4.000000 5.662185
v 4.989224 4.000000 5.549137
v 6.135411 2.856094 5.453037
v 5.011740 2.382273 5.667246
v 4.988260 2.382273 5.544075
v 6.111930 2.856094 5.329866
v 3.888070 2.856094 5.881455
v 3.864589 2.856094 5.758285
v 3.422630 4.000000 5.970184
v 3.399150 4.000000 5.847013
v 3.888070 5.143906 5.881455
v 3.864589 5.143906 5.758285
v 5.011740 5.617727 5.667246
v 4.988260 5.617727 5.544075
v 6.135411 5.143906 5.453037
v 6.111930 5.143906 5.329866
v 6.600850 4.000000 5.364308
v 6.577370 4.000000 5.241138
v 6.048471 2.950115 5.499066
v 5.017159 2.515238 5.695669
v 5.018124 2.382273 5.700730
v 6.141794 2.856094 5.486521
v 3.985846 2.950115 5.892272
v 3.894453 2.856094 5.914939
v 3.558662 4.000000 5.973707
v 3.429013 4.000000 6.003668
v 3.985846 5.049885 5.892272
v 3.894453 5.143906 5.914939
v 5.017159 5.484762 5.695669
v 5.018124 5.617727 5.700730
v 6.048471 5.049885 5.499066
v 6.141794 5.143906 5.486521
v 6.475655 4.000000 5.417630
v 6.607234 4.000000 5.397792
v 6.014154 2.950115 5.319050
v 4.982841 2.515238 5.515653
v 6.105547 2.856094 5.296382
v 4.981876 2.382273 5.510592
v 3.951529 2.950115 5.712256
v 3.858206 2.856094 5.724801
v 3.524345 4.000000 5.793692
v 3.392766 4.000000 5.813529
v 3.951529 5.049885 5.712256
v 3.858206 5.143906 5.724801
v 4.982841 5.484762 5.515653
v 4.981876 5.617727 5.510592
v 6.014154 5.049885 5.319050
v 6.105547 5.143906 5.296382
v 6.441338 4.000000 5.237615
v 6.570987 4.000000 5.207654
v -3.979463 2.950115 5.854383
v -5.010776 2.515238 5.657780
v -6.042088 2.950115 5.461177
v -6.469272 4.000000 5.379742
v -6.042088 5.049885 5.461177
v -5.010776 5.484762 5.657780
v -3.979463 5.049885 5.854383
v -3.552279 4.000000 5.935819
v -3.957912 2.950115 5.741335
v -4.989224 2.515238 5.544733
v -6.020537 2.950115 5.348130
v -6.447721 4.000000 5.266694
v -6.020537 5.049885 5.348130
v -4.989224 5.484762 5.544733
v -3.957912 5.049885 5.741335
v -3.530728 4.000000 5.822771
v -5.010776 4.000000 5.657780
v -4.989224 4.000000 5.544733
v -3.888070 2.856094 5.877051
v -5.011740 2.382273 5.662842
v -4.988260 2.382273 5.539671
v -3.864589 2.856094 5.753881
v -6.135411 2.856094 5.448632
v -6.111930 2.856094 5.325461
v -6.600850 4.000000 5.359904
v -6.577370 4.000000 5.236733
v -6.135411 5.143906 5.448632
v -6.111930 5.143906 5.325461
v -5.011740 5.617727 5.662842
v -4.988260 5.617727 5.539671
v -3.888070 5.143906 5.877051
v -3.864589 5.143906 5.753881
v -3.422630 4.000000 5.965779
v -3.399150 4.000000 5.842609
v -3.985846 2.950115 5.887867
v -5.017159 2.515238 5.691264
v -5.018124 2.382273 5.696326
v -3.894453 2.856094 5.910535
v -6.048471 2.950115 5.494661
v -6.141794 2.856094 5.482116
v -6.475655 4.000000 5.413226
v -6.607234 4.000000 5.393388
v -6.048471 5.049885 5.494661
v -6.141794 5.143906 5.482116
v -5.017159 5.484762 5.691264
v -5.018124 5.617727 5.696326
v -3.985846 5.049885 5.887867
v -3.894453 5.143906 5.910535
v -3.558662 4.000000 5.969302
v -3.429013 4.000000 5.999263
v -3.951529 2.950115 5.707851
v -4.982841 2.515238 5.511249
v -3.858206 2.856094 5.720397
v -4.981876 2.382273 5.506187
v -6.014154 2.950115 5.314646
v -6.105547 2.856094 5.291978
v -6.441338 4.000000 5.233211
v -6.570987 4.000000 5.203249
v -6.014154 5.049885 5.314646
v -6.105547 5.143906 5.291978
v -4.982841 5.484762 5.511249
v -4.981876 5.617727 5.506187
v -3.951529 5.049885 5.707851
v -3.858206 5.143906 5.720397
v -3.524345 4.000000 5.789287
v -3.392766 4.000000 5.809125
v -0.403603 -0.629009 0.500000
v 0.403603 -0.629009 0.500000
v -0.403603 0.144439 0.500000
v 0.403603 0.144439 0.500000
v 9.006877 -0.578925 0.500000
v 9.671551 0.383259 0.500000
v -9.006877 -0.578925 0.500000
v -9.671551 0.383259 0.500000
v 11.882933 1.020215 0.500000
v 11.882933 2.020215 0.500000
v -11.882933 1.020215 0.500000
v -11.882933 2.020215 0.500000
v 13.074600 1.973721 0.500000
v 13.074600 2.973721 0.500000
v -13.074600 1.973721 0.500000
v -13.074600 2.973721 0.500000
v 15.507349 4.399306 0.500000
v 14.509302 4.472026 0.500000
v -15.316507 4.472026 0.500000
v -14.509302 4.472026 0.500000
v 15.108652 5.735850 0.500000
v 14.022831 5.754063 0.500000
v -14.830036 5.754063 0.500000
v -14.022831 5.754063 0.500000
v 15.484602 6.831411 0.513944
v 14.573267 7.338339 0.500000
v -15.042464 7.514702 0.500000
v -14.235258 7.514702 0.500000
v 15.474809 8.475858 0.486056
v 15.034005 8.098111 0.500000
v -15.572669 8.408180 0.500000
v -14.765465 8.408180 0.500000
v -16.791187 7.165583 0.500000
v -16.525858 7.803959 0.500000
v 15.727524 8.474001 0.486056
v 16.307653 6.699734 0.666189
v 15.486224 8.334568 0.999369
v 15.473451 8.612036 0.575438
v 15.738675 8.333194 0.979826
v 15.725902 8.610662 0.555896
v 15.486224 9.014603 1.478948
v 15.473451 9.292070 1.055017
v 15.738675 9.013228 1.459405
v 15.725902 9.290697 1.035475
v 15.483891 9.151031 1.769595
v 15.475818 9.597349 1.529476
v 15.736308 9.148545 1.748845
v 15.728237 9.594863 1.508729
v 15.476419 9.690940 1.207403
v 15.728875 9.689585 1.187926
v 15.472847 9.699431 1.434061
v 15.725236 9.697808 1.413954
v 15.477621 10.044626 1.256480
v 15.730078 10.043271 1.237003
v 15.471646 10.049454 1.384845
v 15.724035 10.047831 1.365016
v 15.477793 10.238390 1.223386
v 15.730247 10.237035 1.203909
v 15.471477 10.242701 1.337467
v 15.723865 10.241077 1.317679
v 15.478666 10.469882 1.302015
v 15.731121 10.468527 1.282538
v 15.470600 10.471575 1.344660
v 15.722990 10.469954 1.325075
v 15.481829 9.368079 2.929438
v 15.477900 9.746949 2.828393
v 15.734226 9.366032 2.907787
v 15.730297 9.744902 2.806745
v 15.481222 9.420543 3.370006
v 15.478514 9.808548 3.313270
v 15.733613 9.418437 3.348070
v 15.730904 9.806442 3.291336
v 15.481236 10.184247 3.217779
v 15.733634 10.182199 3.196132
v 15.475198 10.163206 3.458993
v 15.727568 10.161168 3.437203
v 15.481999 11.000556 3.375320
v 15.734398 10.998508 3.353672
v 15.474434 11.003951 3.561627
v 15.726805 11.001896 3.539870
v 15.483479 11.993340 3.270074
v 15.735876 11.991292 3.248426
v 15.472956 11.994732 3.347482
v 15.725326 11.992678 3.325791
v 15.498639 9.643737 4.010572
v 15.496458 9.957989 3.964621
v 15.751030 9.642108 3.988571
v 15.748848 9.956360 3.942621
v 15.511051 9.827556 4.469242
v 15.500560 10.001872 4.114629
v 15.763475 9.826828 4.449213
v 15.752986 10.001142 4.094601
v 15.520499 11.114402 4.933458
v 15.509339 11.119380 4.538377
v 15.772932 11.114758 4.913683
v 15.761772 11.119733 4.518605
v 15.516811 11.834557 4.875918
v 15.509456 11.837829 4.615061
v 15.769242 11.834913 4.855276
v 15.761889 11.838182 4.594420
v 15.505077 12.481870 4.523642
v 15.503466 12.482545 4.468413
v 15.757508 12.482227 4.501717
v 15.755898 12.482900 4.446487
v -0.403603 0.144439 0.000000
v 0.403603 0.144439 0.000000
v -0.403603 -0.629009 0.000000
v 0.403603 -0.629009 0.000000
v 9.006877 -0.578925 0.000000
v 9.671551 0.383259 0.000000
v -9.006877 -0.578925 0.000000
v -9.671551 0.383259 0.000000
v 11.882933 1.020215 0.000000
v 11.882933 2.020215 0.000000
v -11.882933 1.020215 0.000000
v -11.882933 2.020215 0.000000
v 13.074600 1.973721 0.000000
v 13.074600 2.973721 0.000000
v -13.074600 1.973721 0.000000
v -13.074600 2.973721 0.000000
v 15.507349 4.399306 0.000000
v 14.509302 4.472026 -0.000000
v -15.316507 4.472026 0.000000
v -14.509302 4.472026 0.000000
v 15.108652 5.735850 -0.000000
v 14.022831 5.754063 -0.000000
v -14.830036 5.754063 0.000000
v -14.022831 5.754063 0.000000
v 15.484602 6.707755 0.000000
v 14.573267 7.338339 0.000000
v -15.042464 7.514702 0.000000
v -14.235258 7.514702 0.000000
v 15.474809 8.475858 0.000000
v 15.034005 8.098111 0.000000
v -15.572669 8.408180 0.000000
v -14.765465 8.408180 0.000000
v -16.791187 7.165583 0.000000
v -16.525858 7.803959 0.000000
v 15.727524 8.474001 0.000000
v 16.307653 6.505774 0.000000
v -0.403603 -0.629009 -0.500000
v 0.403603 -0.629009 -0.500000
v -0.403603 0.144439 -0.500000
v 0.403603 0.144439 -0.500000
v 9.006877 -0.578925 -0.500000
v 9.671551 0.383259 -0.500000
v -9.006877 -0.578925 -0.500000
v -9.671551 0.383259 -0.500000
v 11.882933 1.020215 -0.500000
v 11.882933 2.020215 -0.500000
v -11.882933 1.020215 -0.500000
v -11.882933 2.020215 -0.500000
v 13.074600 1.973721 -0.500000
v 13.074600 2.973721 -0.500000
v -13.074600 1.973721 -0.500000
v -13.074600 2.973721 -0.500000
v 15.507349 4.399306 -0.500000
v 14.509302 4.472026 -0.500000
v -15.316507 4.472026 -0.500000
v -14.509302 4.472026 -0.500000
v 15.108652 5.735850 -0.500000
v 14.022831 5.754063 -0.500000
v -14.830036 5.754063 -0.500000
v -14.022831 5.754063 -0.500000
v 15.484602 6.831411 -0.513944
v 14.573267 7.338339 -0.500000
v -15.042464 7.514702 -0.500000
v -14.235258 7.514702 -0.500000
v 15.474809 8.475858 -0.486056
v 15.034005 8.098111 -0.500000
v -15.572669 8.408180 -0.500000
v -14.765465 8.408180 -0.500000
v -16.791187 7.165583 -0.500000
v -16.525858 7.803959 -0.500000
v 15.727524 8.474001 -0.486056
v 16.307653 6.699733 -0.666189
v 15.486224 8.334568 -0.999369
v 15.473451 8.612036 -0.575438
v 15.738675 8.333194 -0.979826
v 15.725902 8.610662 -0.555896
v 15.486224 9.014603 -1.478948
v 15.473451 9.292070 -1.055017
v 15.738675 9.013228 -1.459405
v 15.725902 9.290697 -1.035475
v 15.483891 9.151031 -1.769595
v 15.475818 9.597349 -1.529476
v 15.736308 9.148545 -1.748845
v 15.728237 9.594863 -1.508729
v 15.476419 9.690940 -1.207403
v 15.728875 9.689585 -1.187926
v 15.472847 9.699431 -1.434061
v 15.725236 9.697808 -1.413954
v 15.477621 10.044626 -1.256480
v 15.730078 10.043271 -1.237003
v 15.471646 10.049454 -1.384845
v 15.724035 10.047831 -1.365016
v 15.477793 10.238390 -1.223386
v 15.730247 10.237035 -1.203909
v 15.471477 10.242701 -1.337467
v 15.723865 10.241077 -1.317679
v 15.478666 10.469882 -1.302015
v 15.731121 10.468527 -1.282538
v 15.470600 10.471575 -1.344660
v 15.722990 10.469954 -1.325075
v 15.481829 9.368079 -2.929438
v 15.477900 9.746949 -2.828393
v 15.734226 9.366032 -2.907787
v 15.730297 9.744902 -2.806745
v 15.481222 9.420543 -3.370006
v 15.478514 9.808548 -3.313270
v 15.733613 9.418437 -3.348070
v 15.730904 9.806442 -3.291336
v 15.481236 10.184247 -3.217779
v 15.733634 10.182199 -3.196132
v 15.475198 10.163206 -3.458993
v 15.727568 10.161168 -3.437203
v 15.481999 11.000556 -3.375320
v 15.734398 10.998508 -3.353672
v 15.474434 11.003951 -3.561627
v 15.726805 11.001896 -3.539870
v 15.483479 11.993340 -3.270074
v 15.735876 11.991292 -3.248426
v 15.472956 11.994732 -3.347482
v 15.725326 11.992678 -3.325791
v 15.498639 9.643737 -4.010572
v 15.496458 9.957989 -3.964621
v 15.751030 9.642108 -3.988571
v 15.748848 9.956360 -3.942621
v 15.511051 9.827556 -4.469242
v 15.500560 10.001872 -4.114629
v 15.763475 9.826828 -4.449213
v 15.752986 10.001142 -4.094601
v 15.520499 11.114402 -4.933458
v 15.509339 11.119380 -4.538377
v 15.772932 11.114758 -4.913683
v 15.761772 11.119733 -4.518605
v 15.516811 11.834557 -4.875918
v 15.509456 11.837829 -4.615061
v 15.769242 11.834913 -4.855276
v 15.761889 11.838182 -4.594420
v 15.505077 12.481870 -4.523642
v 15.503466 12.482545 -4.468413
v 15.757508 12.482227 -4.501717
v 15.755898 12.482900 -4.446487
v 16.478615 8.392071 0.000000
v 16.664173 6.448191 0.000000
v 16.485685 8.030278 0.321674
v 16.664173 6.605851 0.754884
v 16.664173 6.653271 -0.754884
v 16.485685 8.030278 -0.321674
v 15.479704 7.935113 0.500000
v 14.796173 7.692834 0.500000
v 14.796173 7.692834 0.000000
v 14.796173 7.692834 -0.500000
v 15.479704 7.935113 -0.500000
v 15.479836 8.473302 -0.787403
v 15.479836 9.153337 -1.266983
v 15.479855 9.374190 -1.649535
v 15.479865 9.557514 -2.878915
v 15.479868 9.614545 -3.341638
v 15.497547 9.800862 -3.987597
v 15.505805 9.914714 -4.291935
v 15.514917 11.116891 -4.735918
v 15.513133 11.836192 -4.745490
v 15.504272 12.482207 -4.496027
v 15.756704 12.482564 -4.474102
v 15.765566 11.836548 -4.724848
v 15.767352 11.117246 -4.716144
v 15.758230 9.913985 -4.271907
v 15.749938 9.799233 -3.965596
v 15.732258 9.612439 -3.319703
v 15.732262 9.555467 -2.857266
v 15.732273 9.371704 -1.628787
v 15.732288 9.151963 -1.247440
v 15.732288 8.471929 -0.767861
v 15.732420 7.933260 -0.500000
v 16.464558 7.492189 -0.576034
v 16.464558 7.492189 0.000000
v 16.464558 7.492189 0.576034
v 16.299583 7.472582 0.643210
v 15.732288 8.471929 0.767861
v 15.732288 9.151963 1.247440
v 15.732273 9.371704 1.628787
v 15.732262 9.555467 2.857266
v 15.732258 9.612439 3.319703
v 15.749938 9.799233 3.965596
v 15.758230 9.913985 4.271907
v 15.767352 11.117246 4.716144
v 15.765566 11.836548 4.724848
v 15.756704 12.482564 4.474102
v 15.504272 12.482207 4.496027
v 15.513133 11.836192 4.745490
v 15.514917 11.116891 4.735918
v 15.505805 9.914714 4.291935
v 15.497547 9.800862 3.987597
v 15.479868 9.614545 3.341638
v 15.479865 9.557514 2.878915
v 15.479855 9.374190 1.649535
v 15.479836 9.153337 1.266983
v 15.479836 8.473302 0.787403
v 18.172091 7.626873 -0.303205
v 18.172091 7.626873 -0.000000
v 17.987190 7.990918 -0.206243
v 17.761662 8.131077 -0.000000
v 18.172091 7.626873 0.303205
v 17.987190 7.990918 0.206243
v 17.057623 6.957058 0.000000
v 16.976442 6.538983 0.000000
v 16.988781 7.003513 0.466493
v 16.940376 6.556545 0.531291
v 16.940376 6.556545 -0.531291
v 16.988781 7.003513 -0.466493
v 17.822811 6.765285 0.000000
v 17.748823 6.415112 0.000000
v 17.771912 6.799633 0.397047
v 17.727551 6.421478 0.388124
v 17.727551 6.421478 -0.388124
v 17.771912 6.799633 -0.397047
v 18.172609 6.677617 0.000000
v 18.101913 6.356646 0.000000
v 18.121714 6.711967 0.452864
v 18.083378 6.361162 0.291824
v 18.083382 6.361162 -0.291824
v 18.121714 6.711967 -0.452864
v 17.724516 6.422555 0.456493
v 17.745142 6.817698 0.682874
v 18.080345 6.362238 0.427437
v 18.094944 6.730031 0.658188
v 17.724516 6.422555 -0.456493
v 17.745142 6.817699 -0.682874
v 18.094944 6.730031 -0.658188
v 18.080345 6.362238 -0.427437
v 17.955776 7.114940 0.494742
v 18.036022 7.094879 0.507539
v 17.945801 7.121675 0.601310
v 18.026043 7.101615 0.614108
v 17.955780 7.114940 -0.494742
v 18.036024 7.094879 -0.507540
v 18.026045 7.101615 -0.614108
v 17.945801 7.121675 -0.601311
v 18.383614 7.626873 -0.303205
v 18.383614 7.626873 -0.000000
v 18.356846 7.882056 -0.300784
v 18.356846 7.882056 -0.000000
v 18.383614 7.626873 0.303205
v 18.356846 7.882056 0.300784
v 18.172091 7.626873 -0.566843
v 18.148529 7.927519 -0.350803
v 18.356846 7.882056 -0.350803
v 18.383614 7.626873 -0.566843
v 18.172091 7.626873 0.566843
v 18.148529 7.927519 0.350803
v 18.383614 7.626873 0.566843
v 18.356846 7.882056 0.350803
v 18.234468 7.276278 -0.380950
v 18.321238 7.276278 -0.380950
v 18.234468 7.276278 -0.489099
v 18.321238 7.276278 -0.489099
v 18.234468 7.276277 0.380950
v 18.321238 7.276277 0.380950
v 18.321238 7.276277 0.489099
v 18.234468 7.276277 0.489099
v 18.248604 7.229510 -0.398566
v 18.307104 7.229510 -0.398566
v 18.248604 7.229510 -0.471483
v 18.307104 7.229510 -0.471483
v 18.248604 7.229510 0.398566
v 18.307104 7.229510 0.398566
v 18.307104 7.229510 0.471483
v 18.248604 7.229510 0.471483
v 17.986217 7.162839 0.529646
v 18.016775 7.155199 0.534521
v 17.982403 7.165406 0.570248
v 18.012959 7.157768 0.575124
v 17.986221 7.162839 -0.529646
v 18.016779 7.155199 -0.534522
v 18.012962 7.157768 -0.575124
v 17.982407 7.165406 -0.570248
v 16.110140 8.334958 0.520492
v 16.485685 8.230253 0.445037
v 16.110140 8.334958 -0.520492
v 16.485685 8.230253 -0.445037
v 16.471586 7.844052 -0.565482
v 16.471586 7.844052 0.565482
v 17.232903 8.093416 -0.380586
v 17.232903 8.093416 0.380586
v -3.957912 2.950115 -5.737001
v -4.989224 2.515238 -5.540398
v -6.020537 2.950115 -5.343795
v -6.447721 4.000000 -5.262360
v -6.020537 5.049885 -5.343795
v -4.989224 5.484762 -5.540398
v -3.957912 5.049885 -5.737001
v -3.530728 4.000000 -5.818437
v -3.979463 2.950115 -5.850049
v -5.010776 2.515238 -5.653446
v -6.042088 2.950115 -5.456843
v -6.469272 4.000000 -5.375407
v -6.042088 5.049885 -5.456843
v -5.010776 5.484762 -5.653446
v -3.979463 5.049885 -5.850049
v -3.552279 4.000000 -5.931484
v -4.989224 4.000000 -5.540398
v -5.010776 4.000000 -5.653446
v -3.864589 2.856094 -5.749546
v -4.988260 2.382273 -5.535336
v -5.011740 2.382273 -5.658507
v -3.888070 2.856094 -5.872717
v -6.111930 2.856094 -5.321127
v -6.135411 2.856094 -5.444298
v -6.577370 4.000000 -5.232399
v -6.600850 4.000000 -5.355569
v -6.111930 5.143906 -5.321127
v -6.135411 5.143906 -5.444298
v -4.988260 5.617727 -5.535336
v -5.011740 5.617727 -5.658507
v -3.864589 5.143906 -5.749546
v -3.888070 5.143906 -5.872717
v -3.399150 4.000000 -5.838274
v -3.422630 4.000000 -5.961445
v -3.951529 2.950115 -5.703517
v -4.982841 2.515238 -5.506914
v -4.981876 2.382273 -5.501853
v -3.858206 2.856094 -5.716062
v -6.014154 2.950115 -5.310311
v -6.105547 2.856094 -5.287643
v -6.441338 4.000000 -5.228876
v -6.570987 4.000000 -5.198915
v -6.014154 5.049885 -5.310311
v -6.105547 5.143906 -5.287643
v -4.982841 5.484762 -5.506914
v -4.981876 5.617727 -5.501853
v -3.951529 5.049885 -5.703517
v -3.858206 5.143906 -5.716062
v -3.524345 4.000000 -5.784953
v -3.392766 4.000000 -5.804790
v -3.985846 2.950115 -5.883533
v -5.017159 2.515238 -5.686930
v -3.894453 2.856094 -5.906200
v -5.018124 2.382273 -5.691991
v -6.048471 2.950115 -5.490327
v -6.141794 2.856094 -5.477782
v -6.475655 4.000000 -5.408891
v -6.607234 4.000000 -5.389053
v -6.048471 5.049885 -5.490327
v -6.141794 5.143906 -5.477782
v -5.017159 5.484762 -5.686930
v -5.018124 5.617727 -5.691991
v -3.985846 5.049885 -5.883533
v -3.894453 5.143906 -5.906200
v -3.558662 4.000000 -5.964968
v -3.429013 4.000000 -5.994929
v -2.531780 4.410710 -5.876623
v -2.448763 4.536431 -6.109081
v -2.678650 4.923549 -5.722794
v -2.579886 4.994289 -5.971743
v -2.421477 4.963215 -5.609497
v -2.322714 5.033955 -5.858446
v -2.274608 4.450377 -5.763326
v -2.191590 4.576097 -5.995784
v -2.244708 4.684441 -6.053788
v -2.400128 4.660469 -6.122258
v -2.323951 4.961142 -5.970789
v -2.479371 4.937171 -6.039259
v -2.107768 4.585683 -6.104629
v -2.364204 4.585683 -6.104629
v -2.107768 4.900026 -6.418972
v -2.364204 4.900026 -6.418972
v -2.142814 4.391825 -6.336271
v -2.329158 4.391825 -6.336271
v -2.142814 4.620248 -6.564693
v -2.329158 4.620248 -6.564693
v -2.142814 3.756521 -6.694775
v -2.329158 3.756521 -6.694775
v -2.142814 3.984943 -6.923197
v -2.329158 3.984943 -6.923197
v -2.142814 2.612729 -7.462356
v -2.329158 2.612729 -7.462356
v -2.142814 2.841151 -7.690779
v -2.329158 2.841151 -7.690779
v -2.142814 1.676556 -8.317266
v -2.329158 1.676556 -8.317266
v -2.142814 1.927743 -8.568455
v -2.329158 1.927743 -8.568455
v -2.142814 1.113480 -8.788885
v -2.329158 1.113480 -8.788885
v -2.142814 1.456123 -9.131528
v -2.329158 1.456123 -9.131528
v -2.186355 1.154085 -8.908405
v -2.285618 1.154085 -8.908405
v -2.186355 1.336603 -9.090922
v -2.285618 1.336603 -9.090922
v -2.084744 0.939573 -8.749245
v -2.387227 0.939573 -8.749245
v -2.117862 1.468015 -9.333185
v -2.417457 1.497503 -9.303698
v -2.157570 0.861264 -8.907333
v -2.414191 0.886522 -8.882074
v -2.157570 1.337676 -9.383742
v -2.414191 1.362934 -9.358484
v -2.364204 5.185724 -6.704670
v -2.107768 5.185724 -6.704670
v -2.329158 4.905946 -6.850391
v -2.142814 4.905946 -6.850391
v -2.364204 5.118519 -6.338048
v -2.107768 5.118519 -6.338048
v -2.364204 5.338696 -6.558225
v -2.107768 5.338696 -6.558225
v -2.364204 5.404969 -6.054941
v -2.107768 5.404969 -6.054941
v -2.364204 5.512066 -6.162038
v -2.107768 5.512066 -6.162038
v -2.329158 4.226332 -7.052937
v -2.142814 4.226332 -7.052937
v -2.142814 4.458703 -7.285308
v -2.329158 4.458703 -7.285308
v -2.329158 3.632074 -7.498882
v -2.142814 3.632074 -7.498882
v -2.142814 3.810866 -7.677675
v -2.329158 3.810866 -7.677675
v -2.329158 3.024266 -7.949203
v -2.142814 3.024266 -7.949203
v -2.142814 3.203058 -8.127995
v -2.329158 3.203058 -8.127995
v -2.329158 2.083067 -8.788963
v -2.142814 2.083067 -8.788963
v -2.142814 2.201003 -8.906901
v -2.329158 2.201003 -8.906901
v -2.346762 1.528851 -9.137384
v -2.125211 1.528851 -9.137384
v -2.142814 1.684337 -9.313684
v -2.329158 1.684337 -9.313684
v -2.346762 1.542615 -9.413121
v -2.125211 1.542615 -9.413121
v -2.142814 1.591942 -9.441632
v -2.329158 1.591942 -9.441632
v -2.166858 0.588426 -8.725754
v -2.422422 0.613580 -8.700600
v -2.166858 1.449808 -9.587133
v -2.422422 1.474961 -9.561980
v -2.208030 0.434521 -8.990165
v -2.463594 0.459675 -8.965010
v -2.208030 1.295903 -9.851543
v -2.463594 1.321057 -9.826392
v -2.605215 4.667130 -5.799708
v -2.348042 4.706796 -5.686411
v -2.257152 4.805027 -5.927115
v -2.284330 4.822791 -6.012289
v -2.107768 4.742855 -6.261800
v -2.142814 4.506037 -6.450482
v -2.142814 3.870731 -6.808985
v -2.142814 2.726940 -7.576567
v -2.142814 1.802150 -8.442859
v -2.142814 1.284801 -8.960206
v -2.186355 1.245343 -8.999666
v -2.084744 1.217669 -9.027340
v -2.157570 1.099470 -9.145540
v -2.166858 1.053024 -9.190353
v -2.208030 0.899119 -9.454759
v -2.463594 0.924273 -9.429607
v -2.422422 1.078177 -9.165199
v -2.414191 1.124728 -9.120281
v -2.387227 1.217669 -9.027340
v -2.285618 1.245343 -8.999666
v -2.329158 1.284801 -8.960206
v -2.329158 1.802150 -8.442859
v -2.329158 2.726940 -7.576567
v -2.329158 3.870731 -6.808985
v -2.329158 4.506037 -6.450482
v -2.364204 4.742855 -6.261800
v -2.439749 4.798820 -6.080759
v -2.514325 4.765360 -6.040412
v -2.568498 4.538919 -5.838165
v -2.311325 4.578586 -5.724869
v -2.224371 4.690561 -5.961449
v -2.264519 4.753615 -6.033039
v -2.107768 4.664269 -6.183214
v -2.142814 4.448931 -6.393376
v -2.142814 3.813626 -6.751880
v -2.142814 2.669834 -7.519463
v -2.142814 1.739353 -8.380061
v -2.142814 1.199141 -8.874547
v -2.186355 1.199714 -8.954037
v -2.084744 1.078621 -8.888292
v -2.157570 0.980367 -9.026437
v -2.166858 0.854632 -8.991960
v -2.208030 0.700727 -9.256371
v -2.463594 0.725881 -9.231218
v -2.422422 0.879786 -8.966805
v -2.414191 1.005625 -9.001177
v -2.387227 1.078621 -8.888292
v -2.285618 1.199714 -8.954037
v -2.329158 1.199141 -8.874547
v -2.329158 1.739353 -8.380061
v -2.329158 2.669834 -7.519463
v -2.329158 3.813626 -6.751880
v -2.329158 4.448931 -6.393376
v -2.364204 4.664269 -6.183214
v -2.419939 4.729644 -6.101509
v -2.481544 4.650895 -6.074747
v -2.384759 4.835005 -5.647955
v -2.641932 4.795339 -5.761251
v -2.547106 4.879824 -6.006078
v -2.459560 4.867994 -6.060009
v -2.364204 4.821441 -6.340386
v -2.329158 4.563142 -6.507587
v -2.329158 3.927837 -6.866092
v -2.329158 2.784045 -7.633673
v -2.329158 1.864946 -8.505656
v -2.329158 1.370462 -9.045867
v -2.285618 1.290973 -9.045294
v -2.387227 1.356716 -9.166388
v -2.414191 1.243831 -9.239383
v -2.422422 1.276569 -9.363590
v -2.463594 1.122665 -9.627997
v -2.208030 1.097511 -9.653152
v -2.166858 1.251415 -9.388744
v -2.157570 1.218573 -9.264643
v -2.084744 1.356716 -9.166388
v -2.186355 1.290973 -9.045294
v -2.142814 1.370462 -9.045867
v -2.142814 1.864946 -8.505656
v -2.142814 2.784045 -7.633673
v -2.142814 3.927837 -6.866092
v -2.142814 4.563142 -6.507587
v -2.107768 4.821441 -6.340386
v -2.304140 4.891966 -5.991539
v -2.289933 4.919490 -5.892780
v -2.388582 1.089334 -9.677492
v -2.296185 1.080239 -9.686586
v -2.296185 1.151965 -9.758310
v -2.388582 1.161059 -9.749219
v -2.471448 1.085344 -9.716961
v -2.224861 1.061074 -9.741230
v -2.224861 1.223176 -9.903333
v -2.471448 1.247446 -9.879062
v -2.514194 0.821646 -10.281022
v -2.343587 0.804854 -10.297815
v -2.343587 0.917007 -10.409966
v -2.514194 0.933799 -10.393175
v -2.570405 0.595282 -10.625777
v -2.399799 0.578490 -10.642569
v -2.399799 0.690644 -10.754723
v -2.570405 0.707435 -10.737934
v -2.542916 0.575645 -10.691735
v -2.442772 0.565789 -10.701590
v -2.442772 0.631622 -10.767426
v -2.542916 0.641479 -10.757570
v -2.577037 0.516913 -10.673483
v -2.413943 0.500860 -10.689539
v -2.413943 0.643678 -10.832352
v -2.577037 0.659731 -10.816298
v -2.627984 0.317359 -10.991557
v -2.464890 0.301307 -11.007607
v -2.464890 0.383573 -11.089877
v -2.627984 0.399625 -11.073824
v -2.682749 0.118386 -11.213541
v -2.493495 0.099760 -11.232172
v -2.493495 0.191930 -11.324343
v -2.682749 0.210558 -11.305716
v -2.626238 0.118820 -11.258337
v -2.556427 0.111948 -11.265207
v -2.556427 0.158890 -11.312155
v -2.626238 0.165761 -11.305279
v -2.685647 0.085389 -11.249424
v -2.504010 0.067511 -11.267300
v -2.504010 0.156798 -11.356590
v -2.685647 0.174676 -11.338714
v -2.697434 -0.175693 -11.542253
v -2.599634 -0.185319 -11.551877
v -2.599634 -0.127777 -11.609422
v -2.697434 -0.118152 -11.599791
v -2.679300 -0.177542 -11.558928
v -2.620656 -0.183314 -11.564699
v -2.620656 -0.140601 -11.607412
v -2.679300 -0.134829 -11.601645
v -2.705769 -0.194761 -11.557651
v -2.598272 -0.205341 -11.568228
v -2.598272 -0.144128 -11.629442
v -2.705769 -0.133548 -11.618864
v -2.704395 -0.401917 -11.770310
v -2.680660 -0.404253 -11.772648
v -2.680660 -0.374758 -11.802141
v -2.704395 -0.372421 -11.799807
v -2.379915 4.501610 -5.542228
v -2.637087 4.461945 -5.655525
v -2.662371 4.550231 -5.629043
v -2.405199 4.589897 -5.515745
v -2.455767 4.766472 -5.462780
v -2.712940 4.726806 -5.576077
v -2.738224 4.815093 -5.549595
v -2.481051 4.854759 -5.436298
v -2.687656 4.638519 -5.602560
v -2.430483 4.678185 -5.489262
v -2.545433 4.270801 -5.085710
v -2.802605 4.231135 -5.199006
v -2.825371 4.310629 -5.175162
v -2.568198 4.350295 -5.061865
v -2.613730 4.509283 -5.014176
v -2.870903 4.469616 -5.127473
v -2.893669 4.549111 -5.103628
v -2.636496 4.588777 -4.990331
v -2.848137 4.390123 -5.151318
v -2.590964 4.429790 -5.038020
v -2.920285 3.493723 -3.962769
v -3.177458 3.454057 -4.076068
v -3.206101 3.554072 -4.046068
v -2.948928 3.593740 -3.932768
v -3.006214 3.793769 -3.872771
v -3.263387 3.754105 -3.986067
v -3.292030 3.854124 -3.956064
v -3.034857 3.893787 -3.842769
v -3.234744 3.654087 -4.016068
v -2.977571 3.693757 -3.902769
v -3.482913 2.231686 -2.243813
v -3.740087 2.192017 -2.357112
v -3.770940 2.299759 -2.324792
v -3.513767 2.339424 -2.211494
v -3.575475 2.554896 -2.146866
v -3.832648 2.515230 -2.260158
v -3.863502 2.622965 -2.227846
v -3.606330 2.662634 -2.114547
v -3.801795 2.407492 -2.292478
v -3.544621 2.447159 -2.179180
v -3.507497 1.914317 -2.076892
v -3.764670 1.874648 -2.190190
v -3.812874 2.042973 -2.139697
v -3.555702 2.082635 -2.026407
v -3.652111 2.419275 -1.925429
v -3.909283 2.379612 -2.038723
v -3.957488 2.547933 -1.988236
v -3.700316 2.587602 -1.874938
v -3.861079 2.211289 -2.089214
v -3.603906 2.250958 -1.975916
v -3.571856 1.786436 -1.886027
v -3.829029 1.746765 -1.999325
v -3.883612 1.937361 -1.942153
v -3.626439 1.977021 -1.828863
v -3.735604 2.358207 -1.714521
v -3.992777 2.318541 -1.827820
v -4.047360 2.509135 -1.770653
v -3.790188 2.548798 -1.657357
v -3.938194 2.127951 -1.884989
v -3.681021 2.167614 -1.771695
v -3.683806 1.879089 -1.664353
v -3.940979 1.839421 -1.777652
v -3.978710 1.971167 -1.738134
v -3.721538 2.010834 -1.624838
v -3.796999 2.274333 -1.545800
v -4.054171 2.234664 -1.659099
v -4.091904 2.366414 -1.619582
v -3.834730 2.406082 -1.506284
v -4.016442 2.102921 -1.698609
v -3.759269 2.142586 -1.585319
v -3.747278 1.967843 -1.551346
v -4.004451 1.928175 -1.664646
v -4.016709 2.063271 -1.684122
v -3.759537 2.102937 -1.570824
v -3.776752 2.163049 -1.552798
v -4.033926 2.123391 -1.666086
v -4.086553 2.214852 -1.578659
v -3.829380 2.254519 -1.465363
v -4.025317 2.093322 -1.675113
v -3.768145 2.132993 -1.561812
v -2.286461 0.878894 -9.477499
v -2.396441 0.889719 -9.466672
v -2.286461 0.964271 -9.562874
v -2.396441 0.975095 -9.552047
v -2.296420 0.841166 -9.540949
v -2.406400 0.851990 -9.530123
v -2.297926 1.009294 -9.724380
v -2.407906 1.020118 -9.713553
v -2.321787 0.731265 -9.688786
v -2.431767 0.742089 -9.677959
v -2.321787 0.853030 -9.810550
v -2.431767 0.863855 -9.799725
v -2.377947 0.513405 -10.041518
v -2.487928 0.524230 -10.030689
v -2.377947 0.594965 -10.123079
v -2.487928 0.605790 -10.112252
v -2.445820 0.160244 -10.377945
v -2.555800 0.171069 -10.367123
v -2.445820 0.298317 -10.516016
v -2.555800 0.309142 -10.505194
v -2.452192 0.012693 -10.536003
v -2.608686 0.028096 -10.520601
v -2.452192 0.140257 -10.663566
v -2.608686 0.155660 -10.648166
v -2.512890 0.035586 -10.584343
v -2.555209 0.039751 -10.580178
v -2.512890 0.091918 -10.640673
v -2.555209 0.096082 -10.636511
v -2.482806 -0.042395 -10.567930
v -2.596038 -0.031250 -10.556789
v -2.482806 0.108327 -10.718656
v -2.596038 0.119472 -10.707512
v -2.544063 -0.298238 -10.934460
v -2.657295 -0.287093 -10.923315
v -2.544063 -0.193207 -11.039491
v -2.657295 -0.182062 -11.028345
v -2.600215 -0.561320 -11.241892
v -2.713447 -0.550176 -11.230749
v -2.600215 -0.500638 -11.302572
v -2.713447 -0.489493 -11.291428
v -2.629718 -0.557034 -11.266521
v -2.688995 -0.551201 -11.260686
v -2.629718 -0.525268 -11.298291
v -2.688995 -0.519434 -11.292458
v -2.597065 -0.594293 -11.265677
v -2.727438 -0.581460 -11.252846
v -2.597065 -0.524422 -11.335546
v -2.727438 -0.511590 -11.322718
v -2.686268 -0.920033 -11.615318
v -2.772046 -0.911590 -11.606873
v -2.686268 -0.874063 -11.661289
v -2.772046 -0.865620 -11.652848
v -2.698594 -0.924940 -11.631051
v -2.764175 -0.918487 -11.624594
v -2.698594 -0.889795 -11.666196
v -2.764175 -0.883340 -11.659740
v -2.684410 -0.950237 -11.638083
v -2.784064 -0.940430 -11.628281
v -2.684410 -0.896832 -11.691491
v -2.784064 -0.887023 -11.681684
v -2.756618 -1.198621 -11.863390
v -2.806071 -1.193754 -11.858522
v -2.756618 -1.172119 -11.889894
v -2.806071 -1.167252 -11.885024
v -2.268391 0.689601 -9.328070
v -2.421523 0.704674 -9.312999
v -2.268391 0.808477 -9.446948
v -2.421523 0.823550 -9.431876
v -2.280643 0.611279 -9.374241
v -2.433776 0.626352 -9.359166
v -2.280643 0.812019 -9.574978
v -2.433776 0.827092 -9.559905
v -2.358033 0.278802 -9.828044
v -2.511165 0.293874 -9.812972
v -2.358033 0.370287 -9.919527
v -2.511165 0.385360 -9.904456
v -2.433469 -0.152338 -10.163335
v -2.586601 -0.137267 -10.148260
v -2.433469 -0.012076 -10.303596
v -2.586601 0.002995 -10.288525
v -2.459801 -0.269279 -10.313936
v -2.612934 -0.254207 -10.298869
v -2.459801 -0.169524 -10.413692
v -2.612934 -0.154452 -10.398621
v -2.478720 -0.318743 -10.314622
v -2.604419 -0.306371 -10.302254
v -2.478720 -0.173137 -10.460232
v -2.604419 -0.160766 -10.447859
v -2.544378 -0.534319 -10.561907
v -2.630637 -0.525829 -10.553420
v -2.544378 -0.434400 -10.661831
v -2.630637 -0.425910 -10.653342
v -2.612721 -0.957099 -10.926561
v -2.716952 -0.946841 -10.916302
v -2.612721 -0.836361 -11.047295
v -2.716952 -0.826102 -11.037039
v -2.649992 -0.932137 -10.979944
v -2.686587 -0.928535 -10.976340
v -2.649992 -0.889747 -11.022331
v -2.686587 -0.886145 -11.018728
v -2.630617 -1.008355 -10.981156
v -2.720177 -0.999540 -10.972341
v -2.630617 -0.904609 -11.084904
v -2.720177 -0.895794 -11.076087
v -2.710835 -1.355186 -11.350176
v -2.781245 -1.348257 -11.343245
v -2.710835 -1.273629 -11.431732
v -2.781245 -1.266699 -11.424805
v -2.732443 -1.340412 -11.380930
v -2.763545 -1.337352 -11.377865
v -2.732443 -1.304383 -11.416956
v -2.763545 -1.301322 -11.413898
v -2.720485 -1.375367 -11.380899
v -2.781791 -1.369333 -11.374863
v -2.720485 -1.304352 -11.451912
v -2.781791 -1.298318 -11.445874
v -2.784576 -1.588433 -11.635101
v -2.810370 -1.585895 -11.632560
v -2.784576 -1.558552 -11.664979
v -2.810370 -1.556013 -11.662444
v -2.268950 0.520226 -9.180545
v -2.425205 0.535605 -9.165164
v -2.268950 0.641524 -9.301846
v -2.425205 0.656904 -9.286463
v -2.257951 0.463532 -9.207886
v -2.452014 0.482632 -9.188787
v -2.257951 0.614181 -9.358537
v -2.452014 0.633281 -9.339437
v -2.317091 0.122869 -9.468091
v -2.511154 0.141969 -9.448993
v -2.317091 0.206219 -9.551440
v -2.511154 0.225319 -9.532341
v -2.399381 -0.425858 -9.755434
v -2.593444 -0.406757 -9.736335
v -2.399381 -0.282598 -9.898695
v -2.593444 -0.263498 -9.879596
v -2.414559 -0.551007 -9.784498
v -2.608622 -0.531906 -9.765398
v -2.414559 -0.364679 -9.970827
v -2.608622 -0.345578 -9.951723
v -2.488945 -0.548945 -9.901291
v -2.559219 -0.542028 -9.894376
v -2.488945 -0.481472 -9.968763
v -2.559219 -0.474556 -9.961847
v -2.480809 -0.632454 -9.871454
v -2.577410 -0.622946 -9.861946
v -2.480809 -0.479626 -10.024284
v -2.577410 -0.470118 -10.014776
v -2.503097 -0.760958 -9.969405
v -2.599700 -0.751450 -9.959900
v -2.503097 -0.577574 -10.152788
v -2.599700 -0.568067 -10.143278
v -2.539069 -0.933075 -10.162765
v -2.635671 -0.923567 -10.153257
v -2.539069 -0.836195 -10.259647
v -2.635671 -0.826687 -10.250136
v -2.586239 -1.205694 -10.369401
v -2.682842 -1.196186 -10.359896
v -2.586239 -1.111084 -10.464012
v -2.682842 -1.101576 -10.454502
v -2.609176 -1.210721 -10.409896
v -2.669568 -1.204777 -10.403946
v -2.609176 -1.151576 -10.469038
v -2.669568 -1.145631 -10.463099
v -2.587640 -1.267847 -10.414047
v -2.702116 -1.256579 -10.402782
v -2.587640 -1.155730 -10.526164
v -2.702116 -1.144463 -10.514898
v -2.587640 -1.267847 -10.414047
v -2.702116 -1.256579 -10.402782
v -2.587640 -1.155730 -10.526164
v -2.702116 -1.144463 -10.514898
v -2.669644 -1.573832 -10.703451
v -2.738203 -1.567083 -10.696695
v -2.669644 -1.506685 -10.770592
v -2.738203 -1.499937 -10.763842
v -2.687428 -1.574414 -10.732582
v -2.726835 -1.570535 -10.728706
v -2.687428 -1.535820 -10.771174
v -2.726835 -1.531940 -10.767295
v -2.674526 -1.610699 -10.736475
v -2.747004 -1.603565 -10.729343
v -2.674526 -1.539714 -10.807465
v -2.747004 -1.532581 -10.800327
v -2.728783 -1.804763 -10.910257
v -2.765844 -1.801116 -10.906605
v -2.728783 -1.768464 -10.946554
v -2.765844 -1.764816 -10.942907
v -2.220389 0.544205 -8.747921
v -2.383746 0.560283 -8.731840
v -2.246706 0.445828 -8.916932
v -2.410064 0.461906 -8.900852
v -2.525830 -1.240049 -9.421131
v -2.564470 -1.236246 -9.417331
v -2.526889 -1.219998 -9.451941
v -2.565527 -1.216195 -9.448138
v -2.166858 0.549086 -8.686414
v -2.422422 0.574240 -8.661261
v -2.223801 0.119696 -8.835573
v -2.479366 0.144850 -8.810419
v -2.208030 0.395181 -8.950823
v -2.246038 0.006734 -8.948538
v -2.463594 0.420335 -8.925669
v -2.501602 0.031888 -8.923384
v -2.308671 -0.221687 -8.884901
v -2.473170 -0.205497 -8.868710
v -2.324395 -0.220917 -9.045424
v -2.488893 -0.204727 -9.029232
v -2.305449 -0.239083 -8.881323
v -2.478937 -0.222008 -8.864246
v -2.322031 -0.238271 -9.050615
v -2.495519 -0.221195 -9.033538
v -2.302680 -0.315606 -8.881598
v -2.496433 -0.296536 -8.862531
v -2.321199 -0.314698 -9.070669
v -2.514952 -0.295628 -9.051601
v -2.326157 -0.336558 -8.898493
v -2.481155 -0.321302 -8.883238
v -2.340972 -0.335833 -9.049743
v -2.495971 -0.320577 -9.034489
v -2.308075 -0.376300 -8.880877
v -2.502821 -0.357133 -8.861709
v -2.326689 -0.375384 -9.070908
v -2.521435 -0.356216 -9.051739
v -2.377337 -0.615429 -9.039360
v -2.512977 -0.602080 -9.026009
v -2.386414 -0.622856 -9.124151
v -2.522053 -0.609506 -9.110803
v -2.421937 -0.864433 -9.160979
v -2.541642 -0.852651 -9.149199
v -2.428872 -0.827384 -9.268480
v -2.548576 -0.815602 -9.256697
v -2.432173 -0.919012 -9.173044
v -2.545670 -0.919481 -9.167690
v -2.436882 -0.871118 -9.268720
v -2.550379 -0.871586 -9.263367
v -2.426661 -0.982847 -9.199179
v -2.567338 -0.969001 -9.185330
v -2.430515 -0.909846 -9.311333
v -2.571192 -0.896001 -9.297484
v -7.710975 4.458240 3.876641
v -7.627970 4.583942 4.109065
v -7.857822 4.971004 3.722834
v -7.759074 5.041733 3.971748
v -7.600688 5.010664 3.609554
v -7.501939 5.081393 3.858467
v -7.453840 4.497900 3.763361
v -7.370835 4.623603 3.995785
v -7.423944 4.731931 4.053780
v -7.579341 4.707962 4.122240
v -7.503176 5.008591 3.970794
v -7.658573 4.984622 4.039254
v -7.287025 4.633187 4.104613
v -7.543423 4.633187 4.104613
v -7.287025 4.947484 4.418910
v -7.543423 4.947484 4.418910
v -7.322066 4.439358 4.336221
v -7.508382 4.439358 4.336221
v -7.322066 4.667747 4.564610
v -7.508382 4.667747 4.564610
v -7.322066 3.804147 4.694673
v -7.508382 3.804147 4.694673
v -7.322066 4.032536 4.923061
v -7.508382 4.032536 4.923061
v -7.322066 2.660523 5.462141
v -7.508382 2.660523 5.462141
v -7.322066 2.888912 5.690528
v -7.508382 2.888912 5.690528
v -7.322066 1.724488 6.316929
v -7.508382 1.724488 6.316929
v -7.322066 1.975638 6.568075
v -7.508382 1.975638 6.568075
v -7.322066 1.161495 6.788476
v -7.508382 1.161495 6.788476
v -7.322066 1.504087 7.131067
v -7.508382 1.504087 7.131067
v -7.365600 1.202093 6.907975
v -7.464848 1.202093 6.907975
v -7.365600 1.384585 7.090468
v -7.464848 1.384585 7.090468
v -7.264004 0.987614 6.748838
v -7.566443 0.987614 6.748838
v -7.297117 1.515978 7.332692
v -7.596668 1.545461 7.303208
v -7.336819 0.909317 6.906908
v -7.593403 0.934570 6.881651
v -7.336819 1.385657 7.383241
v -7.593403 1.410911 7.357997
v -7.543423 5.233140 4.704566
v -7.287025 5.233140 4.704566
v -7.508382 4.953403 4.850266
v -7.322066 4.953403 4.850266
v -7.543423 5.165945 4.337998
v -7.287025 5.165945 4.337998
v -7.543423 5.386089 4.558143
v -7.287025 5.386089 4.558143
v -7.543423 5.452353 4.054933
v -7.287025 5.452353 4.054933
v -7.543423 5.559434 4.162014
v -7.287025 5.559434 4.162014
v -7.508382 4.273889 5.052781
v -7.322066 4.273889 5.052781
v -7.322066 4.506226 5.285119
v -7.508382 4.506226 5.285119
v -7.508382 3.679718 5.498662
v -7.322066 3.679718 5.498662
v -7.322066 3.858484 5.677428
v -7.508382 3.858484 5.677428
v -7.508382 3.072000 5.948918
v -7.322066 3.072000 5.948918
v -7.322066 3.250765 6.127678
v -7.508382 3.250765 6.127678
v -7.508382 2.130939 6.788558
v -7.322066 2.130939 6.788558
v -7.322066 2.248857 6.906467
v -7.508382 2.248857 6.906467
v -7.525983 1.576805 7.136921
v -7.304465 1.576805 7.136921
v -7.322066 1.732268 7.313201
v -7.508382 1.732268 7.313201
v -7.525983 1.590567 7.412625
v -7.304465 1.590567 7.412625
v -7.322066 1.639886 7.441121
v -7.508382 1.639886 7.441121
v -7.346106 0.636518 6.725357
v -7.601633 0.661668 6.700202
v -7.346106 1.497773 7.586613
v -7.601633 1.522922 7.561456
v -7.387272 0.482635 6.989724
v -7.642799 0.507786 6.964572
v -7.387272 1.343890 7.850977
v -7.642799 1.369041 7.825831
v -7.784399 4.714622 3.799738
v -7.527264 4.754282 3.686457
v -7.436387 4.852498 3.927126
v -7.463561 4.870260 4.012287
v -7.287025 4.790336 4.261762
v -7.322066 4.553553 4.450416
v -7.322066 3.918341 4.808867
v -7.322066 2.774717 5.576334
v -7.322066 1.850063 6.442500
v -7.322066 1.332791 6.959770
v -7.365600 1.293339 6.999228
v -7.264004 1.265668 7.026895
v -7.336819 1.147487 7.145080
v -7.346106 1.101047 7.189882
v -7.387272 0.947165 7.454250
v -7.642799 0.972315 7.429105
v -7.601633 1.126198 7.164737
v -7.593403 1.172741 7.119820
v -7.566443 1.265668 7.026895
v -7.464848 1.293339 6.999228
v -7.508382 1.332791 6.959770
v -7.508382 1.850063 6.442500
v -7.508382 2.774717 5.576334
v -7.508382 3.918341 4.808867
v -7.508382 4.553553 4.450416
v -7.543423 4.790336 4.261762
v -7.618958 4.846292 4.080747
v -7.693521 4.812838 4.040406
v -7.747687 4.586431 3.838190
v -7.490552 4.626091 3.724909
v -7.403611 4.738050 3.961455
v -7.443752 4.801095 4.033034
v -7.287025 4.711761 4.183187
v -7.322066 4.496455 4.393319
v -7.322066 3.861244 4.751769
v -7.322066 2.717620 5.519237
v -7.322066 1.787275 6.379709
v -7.322066 1.247143 6.874127
v -7.365600 1.247716 6.953597
v -7.264004 1.126641 6.887868
v -7.336819 1.028401 7.025995
v -7.346106 0.902684 6.991519
v -7.387272 0.748803 7.255891
v -7.642799 0.773952 7.230737
v -7.601633 0.927835 6.966367
v -7.593403 1.053655 7.000736
v -7.566443 1.126641 6.887868
v -7.464848 1.247716 6.953597
v -7.508382 1.247143 6.874127
v -7.508382 1.787275 6.379709
v -7.508382 2.717620 5.519237
v -7.508382 3.861244 4.751769
v -7.508382 4.496455 4.393319
v -7.543423 4.711761 4.183187
v -7.599149 4.777127 4.101494
v -7.660746 4.698390 4.074735
v -7.563975 4.882472 3.648006
v -7.821110 4.842812 3.761286
v -7.726297 4.927284 4.006077
v -7.638765 4.915457 4.060000
v -7.543423 4.868910 4.340336
v -7.508382 4.610649 4.507513
v -7.508382 3.975438 4.865965
v -7.508382 2.831814 5.633430
v -7.508382 1.912851 6.505286
v -7.508382 1.418439 7.045425
v -7.464848 1.338962 7.044847
v -7.566443 1.404696 7.165922
v -7.593403 1.291826 7.238909
v -7.601633 1.324560 7.363092
v -7.642799 1.170678 7.627462
v -7.387272 1.145529 7.652616
v -7.346106 1.299409 7.388246
v -7.336819 1.266572 7.264164
v -7.264004 1.404696 7.165922
v -7.365600 1.338962 7.044847
v -7.322066 1.418439 7.045425
v -7.322066 1.912851 6.505286
v -7.322066 2.831814 5.633430
v -7.322066 3.975438 4.865965
v -7.322066 4.610649 4.507513
v -7.287025 4.868910 4.340336
v -7.483368 4.939425 3.991540
v -7.469163 4.966945 3.892796
v -7.567798 1.137352 7.676953
v -7.475414 1.128259 7.686041
v -7.475414 1.199974 7.757757
v -7.567798 1.209067 7.748671
v -7.650651 1.133363 7.716413
v -7.404100 1.109097 7.740683
v -7.404100 1.271175 7.902758
v -7.650651 1.295441 7.878489
v -7.693390 0.869703 8.280400
v -7.522809 0.852914 8.297182
v -7.522809 0.965050 8.409319
v -7.693390 0.981840 8.392527
v -7.749594 0.643372 8.625092
v -7.579013 0.626583 8.641883
v -7.579013 0.738720 8.754023
v -7.749594 0.755510 8.737236
v -7.722109 0.623739 8.691044
v -7.621980 0.613884 8.700897
v -7.621980 0.679708 8.766724
v -7.722109 0.689564 8.756864
v -7.756224 0.565016 8.672798
v -7.593155 0.548965 8.688840
v -7.593155 0.691762 8.831647
v -7.756224 0.707812 8.815598
v -7.807164 0.365490 8.990829
v -7.644094 0.349441 9.006868
v -7.644094 0.431695 9.089129
v -7.807164 0.447745 9.073082
v -7.861921 0.166549 9.212779
v -7.672695 0.147923 9.231401
v -7.672695 0.240081 9.323551
v -7.861921 0.258706 9.304930
v -7.805418 0.166981 9.257564
v -7.735618 0.160110 9.264429
v -7.735618 0.207045 9.311363
v -7.805418 0.213916 9.304496
v -7.864819 0.133555 9.248653
v -7.683208 0.115680 9.266530
v -7.683208 0.204954 9.355797
v -7.864819 0.222828 9.337921
v -7.876604 -0.127489 9.541441
v -7.778818 -0.137113 9.551056
v -7.778818 -0.079580 9.608589
v -7.876604 -0.069956 9.598972
v -7.858473 -0.129337 9.558119
v -7.799837 -0.135109 9.563886
v -7.799837 -0.092402 9.606588
v -7.858473 -0.086629 9.600819
v -7.884938 -0.146554 9.556826
v -7.777457 -0.157133 9.567419
v -7.777457 -0.095929 9.628605
v -7.884938 -0.085351 9.618029
v -7.883564 -0.353679 9.769459
v -7.859833 -0.356014 9.771803
v -7.859833 -0.326524 9.801279
v -7.883564 -0.324189 9.798956
v -7.559131 4.549127 3.542295
v -7.816266 4.509467 3.655576
v -7.841547 4.597740 3.629097
v -7.584412 4.637402 3.515816
v -7.634973 4.813950 3.462860
v -7.892107 4.774289 3.576140
v -7.917388 4.862564 3.549662
v -7.660253 4.902224 3.436381
v -7.866827 4.686016 3.602618
v -7.609692 4.725676 3.489338
v -7.724625 4.318351 3.085845
v -7.981760 4.278692 3.199124
v -8.004522 4.358173 3.175283
v -7.747387 4.397834 3.062004
v -7.792912 4.556797 3.014321
v -8.050047 4.517136 3.127602
v -8.072809 4.596620 3.103759
v -7.815675 4.636281 2.990480
v -8.027285 4.437656 3.151442
v -7.770150 4.477316 3.038162
v -8.099422 3.541386 1.963073
v -8.356557 3.501727 2.076350
v -8.385196 3.601726 2.046356
v -8.128061 3.641389 1.933074
v -8.185339 3.841389 1.873083
v -8.442473 3.801730 1.986363
v -8.471113 3.901732 1.956368
v -8.213978 3.941391 1.843087
v -8.413835 3.701731 2.016358
v -8.156700 3.741390 1.903078
v -8.661968 2.279533 0.244366
v -8.919104 2.239879 0.357642
v -8.949952 2.347592 0.325337
v -8.692818 2.387253 0.212055
v -8.754516 2.602697 0.147432
v -9.011651 2.563040 0.260707
v -9.042500 2.670759 0.228400
v -8.785366 2.710420 0.115119
v -8.980802 2.455319 0.293024
v -8.723667 2.494982 0.179743
v -8.686548 1.962215 0.077469
v -8.943683 1.922550 0.190750
v -8.991880 2.090851 0.140269
v -8.734746 2.130504 0.026991
v -8.831141 2.467101 -0.073975
v -9.088275 2.427438 0.039310
v -9.136473 2.595737 -0.011173
v -8.879339 2.635403 -0.124460
v -9.040078 2.259149 0.089784
v -8.782943 2.298799 -0.023485
v -8.750896 1.834339 -0.113358
v -9.008033 1.794682 -0.000082
v -9.062607 1.985248 -0.057248
v -8.805472 2.024907 -0.170523
v -8.914621 2.406032 -0.284841
v -9.171757 2.366375 -0.171563
v -9.226332 2.556945 -0.228724
v -8.969197 2.596601 -0.342001
v -9.117182 2.175820 -0.114411
v -8.860046 2.215471 -0.227683
v -8.862831 1.926988 -0.335005
v -9.119967 1.887328 -0.221725
v -9.157692 2.019056 -0.261237
v -8.900557 2.058718 -0.374521
v -8.976007 2.322181 -0.453550
v -9.233141 2.282512 -0.340256
v -9.270868 2.414244 -0.379779
v -9.013733 2.453907 -0.493058
v -9.195417 2.150787 -0.300752
v -8.938282 2.190447 -0.414037
v -8.926294 2.015728 -0.447994
v -9.183429 1.976067 -0.334710
v -9.195685 2.111145 -0.315247
v -8.938550 2.150800 -0.428523
v -8.955764 2.210911 -0.446550
v -9.212899 2.171255 -0.333276
v -9.265518 2.262702 -0.420688
v -9.008384 2.302362 -0.533968
v -9.204292 2.141193 -0.324255
v -8.947157 2.180860 -0.437540
v -7.465692 0.926944 7.476984
v -7.575655 0.937767 7.466166
v -7.465692 1.012307 7.562347
v -7.575655 1.023130 7.551526
v -7.475648 0.889220 7.540432
v -7.585613 0.900043 7.529606
v -7.477155 1.057323 7.723835
v -7.587119 1.068147 7.713004
v -7.501012 0.779335 7.688240
v -7.610977 0.790158 7.677418
v -7.501012 0.901083 7.809983
v -7.610977 0.911906 7.799164
v -7.557164 0.561509 8.040924
v -7.667129 0.572331 8.030098
v -7.557164 0.643057 8.122467
v -7.667129 0.653880 8.111647
v -7.625027 0.208399 8.377298
v -7.734991 0.219223 8.366481
v -7.625027 0.346451 8.515356
v -7.734991 0.357275 8.504531
v -7.631398 0.060871 8.535339
v -7.787868 0.076271 8.519935
v -7.631398 0.188415 8.662882
v -7.787868 0.203815 8.647479
v -7.692087 0.083760 8.583675
v -7.734400 0.087924 8.579511
v -7.692087 0.140083 8.639992
v -7.734400 0.144246 8.635830
v -7.662008 0.005790 8.567266
v -7.775223 0.016933 8.556118
v -7.662008 0.156489 8.717960
v -7.775223 0.167633 8.706814
v -7.723255 -0.250014 8.933740
v -7.836471 -0.238872 8.922590
v -7.723255 -0.145000 9.038759
v -7.836471 -0.133856 9.027613
v -7.779399 -0.513059 9.241120
v -7.892614 -0.501915 9.229981
v -7.779399 -0.452386 9.301789
v -7.892614 -0.441243 9.290648
v -7.808898 -0.508774 9.265747
v -7.868166 -0.502941 9.259914
v -7.808898 -0.477012 9.297506
v -7.868166 -0.471178 9.291677
v -7.776250 -0.546026 9.264908
v -7.906604 -0.533196 9.252074
v -7.776250 -0.476166 9.334770
v -7.906604 -0.463336 9.321929
v -7.865440 -0.871719 9.614490
v -7.951205 -0.863277 9.606054
v -7.865440 -0.825755 9.660457
v -7.951205 -0.817314 9.652006
v -7.877764 -0.876626 9.630223
v -7.943336 -0.870173 9.623764
v -7.877764 -0.841486 9.665365
v -7.943336 -0.835032 9.658911
v -7.863582 -0.901919 9.637247
v -7.963222 -0.892112 9.627455
v -7.863582 -0.848521 9.690647
v -7.963222 -0.838714 9.680846
v -7.935779 -1.150266 9.862534
v -7.985225 -1.145400 9.857665
v -7.935779 -1.123768 9.889025
v -7.985225 -1.118901 9.884157
v -7.447624 0.737679 7.327585
v -7.600734 0.752748 7.312513
v -7.447624 0.856537 7.446435
v -7.600734 0.871606 7.431370
v -7.459875 0.659368 7.373743
v -7.612985 0.674438 7.358677
v -7.459875 0.860079 7.574458
v -7.612985 0.875149 7.559385
v -7.537252 0.326939 7.827479
v -7.690362 0.342010 7.812412
v -7.537252 0.418412 7.918954
v -7.690362 0.433482 7.903884
v -7.612678 -0.104137 8.162727
v -7.765788 -0.089068 8.147655
v -7.612678 0.036104 8.302964
v -7.765788 0.051173 8.287897
v -7.639006 -0.221061 8.313307
v -7.792116 -0.205991 8.298231
v -7.639006 -0.121320 8.413049
v -7.792116 -0.106249 8.397978
v -7.657922 -0.270517 8.313986
v -7.783603 -0.258147 8.301626
v -7.657922 -0.124934 8.459572
v -7.783603 -0.112563 8.447208
v -7.723571 -0.486063 8.561235
v -7.809817 -0.477573 8.552750
v -7.723571 -0.386158 8.661139
v -7.809817 -0.377668 8.652655
v -7.791903 -0.908780 8.925833
v -7.896119 -0.898522 8.915571
v -7.791903 -0.788059 9.046558
v -7.896119 -0.777802 9.036293
v -7.829169 -0.883821 8.979214
v -7.865758 -0.880219 8.975613
v -7.829169 -0.841438 9.021595
v -7.865758 -0.837836 9.018000
v -7.809797 -0.960029 8.980426
v -7.899344 -0.951215 8.971606
v -7.809797 -0.856297 9.084152
v -7.899344 -0.847484 9.075341
v -7.890003 -1.306808 9.349383
v -7.960402 -1.299881 9.342460
v -7.890003 -1.225263 9.430927
v -7.960402 -1.218334 9.424003
v -7.911608 -1.292036 9.380141
v -7.942705 -1.288976 9.377080
v -7.911608 -1.256013 9.416154
v -7.942705 -1.252952 9.413095
v -7.899651 -1.326986 9.380108
v -7.960948 -1.320953 9.374077
v -7.899651 -1.255982 9.451103
v -7.960948 -1.249949 9.445070
v -7.963734 -1.540021 9.634272
v -7.989524 -1.537483 9.631723
v -7.963734 -1.510144 9.664139
v -7.989524 -1.507606 9.661604
v -7.448183 0.568327 7.180081
v -7.604415 0.583704 7.164701
v -7.448183 0.689609 7.301361
v -7.604415 0.704986 7.285978
v -7.437186 0.511642 7.207419
v -7.631220 0.530740 7.188320
v -7.437186 0.662269 7.358042
v -7.631220 0.681366 7.338947
v -7.496317 0.171029 7.467585
v -7.690351 0.190127 7.448484
v -7.496317 0.254367 7.550919
v -7.690351 0.273465 7.531826
v -7.578595 -0.377617 7.754886
v -7.772630 -0.358519 7.735790
v -7.578595 -0.234378 7.898124
v -7.772630 -0.215281 7.879019
v -7.593771 -0.502747 7.783943
v -7.787805 -0.483649 7.764847
v -7.593771 -0.316447 7.970243
v -7.787805 -0.297349 7.951147
v -7.668145 -0.500686 7.900715
v -7.738410 -0.493770 7.893805
v -7.668145 -0.433224 7.968178
v -7.738410 -0.426308 7.961264
v -7.660011 -0.584183 7.870889
v -7.756598 -0.574677 7.861381
v -7.660011 -0.431376 8.023693
v -7.756598 -0.421870 8.014187
v -7.682296 -0.712668 7.968816
v -7.778884 -0.703160 7.959314
v -7.682296 -0.529310 8.152178
v -7.778884 -0.519805 8.142668
v -7.718262 -0.884759 8.162151
v -7.814850 -0.875252 8.152643
v -7.718262 -0.787894 8.259018
v -7.814850 -0.778388 8.249510
v -7.765426 -1.157338 8.368761
v -7.862014 -1.147831 8.359255
v -7.765426 -1.062742 8.463354
v -7.862014 -1.053235 8.453853
v -7.788359 -1.162364 8.409241
v -7.848742 -1.156421 8.403303
v -7.788359 -1.103227 8.468386
v -7.848742 -1.097285 8.462439
v -7.766827 -1.219482 8.413397
v -7.881286 -1.208216 8.402134
v -7.766827 -1.107382 8.525501
v -7.881286 -1.096116 8.514236
v -7.766827 -1.219482 8.413397
v -7.881286 -1.208216 8.402134
v -7.766827 -1.107382 8.525501
v -7.881286 -1.096116 8.514236
v -7.848818 -1.525422 8.702757
v -7.917367 -1.518674 8.696013
v -7.848818 -1.458284 8.769894
v -7.917367 -1.451538 8.763150
v -7.866600 -1.526003 8.731886
v -7.906001 -1.522125 8.728009
v -7.866600 -1.487416 8.770472
v -7.906001 -1.483537 8.766597
v -7.853700 -1.562283 8.735779
v -7.926167 -1.555151 8.728645
v -7.853700 -1.491309 8.806757
v -7.926167 -1.484177 8.799618
v -7.907948 -1.756320 8.909529
v -7.945004 -1.752672 8.905884
v -7.907948 -1.720026 8.945820
v -7.945004 -1.716378 8.942183
v -7.399629 0.592303 6.747514
v -7.562962 0.608379 6.731438
v -7.425943 0.493941 6.916505
v -7.589276 0.510017 6.900427
v -7.705025 -1.191688 7.420635
v -7.743659 -1.187885 7.416825
v -7.706084 -1.171641 7.451433
v -7.744717 -1.167838 7.447633
v -7.346106 0.597184 6.686018
v -7.601633 0.622334 6.660874
v -7.403041 0.167857 6.835158
v -7.658568 0.193007 6.810008
v -7.387272 0.443301 6.950388
v -7.425274 0.054912 6.948106
v -7.642799 0.468451 6.925236
v -7.680801 0.080062 6.922953
v -7.487899 -0.173476 6.884475
v -7.652373 -0.157288 6.868288
v -7.503620 -0.172706 7.044974
v -7.668094 -0.156518 7.028786
v -7.484676 -0.190869 6.880898
v -7.658139 -0.173796 6.863821
v -7.501256 -0.190057 7.050166
v -7.674719 -0.172984 7.033092
v -7.481907 -0.267381 6.881172
v -7.675632 -0.248314 6.862109
v -7.500424 -0.266473 7.070221
v -7.694149 -0.247406 7.051151
v -7.505381 -0.288330 6.898061
v -7.660357 -0.273077 6.882811
v -7.520195 -0.287605 7.049298
v -7.675170 -0.272351 7.034041
v -7.487303 -0.328067 6.880451
v -7.682020 -0.308902 6.861286
v -7.505913 -0.327151 7.070461
v -7.700631 -0.307985 7.051295
v -7.556554 -0.567161 7.038908
v -7.692174 -0.553813 7.025564
v -7.565629 -0.574586 7.123689
v -7.701249 -0.561238 7.110347
v -7.601148 -0.816127 7.160514
v -7.720835 -0.804348 7.148732
v -7.608081 -0.779084 7.268001
v -7.727767 -0.767303 7.256214
v -7.611382 -0.870698 7.172569
v -7.724862 -0.871167 7.167223
v -7.616091 -0.822811 7.268241
v -7.729571 -0.823279 7.262888
v -7.605871 -0.934524 7.198709
v -7.746528 -0.920679 7.184864
v -7.609724 -0.861535 7.310842
v -7.750381 -0.847691 7.296999
v 6.020539 2.950115 -5.343801
v 4.989225 2.515238 -5.540398
v 3.957911 2.950115 -5.736996
v 3.530727 4.000000 -5.818429
v 3.957911 5.049885 -5.736996
v 4.989225 5.484762 -5.540398
v 6.020539 5.049885 -5.343801
v 6.447723 4.000000 -5.262367
v 6.042089 2.950115 -5.456848
v 5.010775 2.515238 -5.653446
v 3.979461 2.950115 -5.850043
v 3.552277 4.000000 -5.931477
v 3.979461 5.049885 -5.850043
v 5.010775 5.484762 -5.653446
v 6.042089 5.049885 -5.456848
v 6.469273 4.000000 -5.375415
v 4.989225 4.000000 -5.540398
v 5.010775 4.000000 -5.653446
v 6.111932 2.856094 -5.321133
v 4.988260 2.382273 -5.535336
v 5.011740 2.382273 -5.658507
v 6.135411 2.856094 -5.444304
v 3.864588 2.856094 -5.749540
v 3.888068 2.856094 -5.872711
v 3.399148 4.000000 -5.838266
v 3.422628 4.000000 -5.961437
v 3.864588 5.143906 -5.749540
v 3.888068 5.143906 -5.872711
v 4.988260 5.617727 -5.535336
v 5.011740 5.617727 -5.658507
v 6.111932 5.143906 -5.321133
v 6.135412 5.143906 -5.444304
v 6.577372 4.000000 -5.232407
v 6.600852 4.000000 -5.355578
v 6.014156 2.950115 -5.310317
v 4.982842 2.515238 -5.506914
v 4.981877 2.382273 -5.501853
v 6.105549 2.856094 -5.287649
v 3.951528 2.950115 -5.703512
v 3.858206 2.856094 -5.716056
v 3.524344 4.000000 -5.784945
v 3.392766 4.000000 -5.804782
v 3.951528 5.049885 -5.703512
v 3.858206 5.143906 -5.716056
v 4.982842 5.484762 -5.506914
v 4.981877 5.617727 -5.501853
v 6.014156 5.049885 -5.310317
v 6.105549 5.143906 -5.287649
v 6.441340 4.000000 -5.228883
v 6.570989 4.000000 -5.198923
v 6.048472 2.950115 -5.490332
v 5.017158 2.515238 -5.686930
v 6.141794 2.856094 -5.477788
v 5.018123 2.382273 -5.691991
v 3.985844 2.950115 -5.883527
v 3.894451 2.856094 -5.906195
v 3.558660 4.000000 -5.964961
v 3.429011 4.000000 -5.994921
v 3.985844 5.049885 -5.883527
v 3.894451 5.143906 -5.906195
v 5.017158 5.484762 -5.686930
v 5.018123 5.617727 -5.691991
v 6.048472 5.049885 -5.490332
v 6.141795 5.143906 -5.477788
v 6.475656 4.000000 -5.408899
v 6.607234 4.000000 -5.389062
vt 0.293594 0.016865
vt 0.293521 0.016722
vt 0.293924 0.016430
vt 0.294067 0.016711
vt 0.293408 0.016610
vt 0.293701 0.016207
vt 0.293266 0.016537
vt 0.293420 0.016064
vt 0.293108 0.016512
vt 0.293108 0.016014
vt 0.292951 0.016537
vt 0.292797 0.016064
vt 0.292809 0.016610
vt 0.292516 0.016207
vt 0.292696 0.016722
vt 0.292293 0.016430
vt 0.292623 0.016865
vt 0.292150 0.016711
vt 0.292598 0.017022
vt 0.292101 0.017022
vt 0.292623 0.017180
vt 0.292150 0.017334
vt 0.292696 0.017322
vt 0.292293 0.017615
vt 0.292809 0.017435
vt 0.292516 0.017838
vt 0.292951 0.017508
vt 0.292797 0.017981
vt 0.293108 0.017532
vt 0.293108 0.018030
vt 0.293266 0.017508
vt 0.293420 0.017981
vt 0.293408 0.017435
vt 0.293701 0.017838
vt 0.293521 0.017322
vt 0.293924 0.017615
vt 0.293594 0.017180
vt 0.294067 0.017334
vt 0.293619 0.017022
vt 0.294116 0.017022
vt 0.294306 0.016152
vt 0.294517 0.016565
vt 0.293979 0.015824
vt 0.293566 0.015614
vt 0.293108 0.015542
vt 0.292651 0.015614
vt 0.292238 0.015824
vt 0.291910 0.016152
vt 0.291700 0.016565
vt 0.291628 0.017022
vt 0.291700 0.017480
vt 0.291910 0.017893
vt 0.292238 0.018220
vt 0.292651 0.018431
vt 0.293108 0.018503
vt 0.293566 0.018431
vt 0.293979 0.018220
vt 0.294306 0.017893
vt 0.294517 0.017480
vt 0.294589 0.017022
vt 0.294659 0.015895
vt 0.294932 0.016430
vt 0.294235 0.015471
vt 0.293701 0.015199
vt 0.293108 0.015105
vt 0.292516 0.015199
vt 0.291982 0.015471
vt 0.291557 0.015895
vt 0.291285 0.016430
vt 0.259847 0.004896
vt 0.260311 0.004896
vt 0.260311 0.005167
vt 0.259711 0.005167
vt 0.260774 0.004896
vt 0.260911 0.005167
vt 0.291557 0.018149
vt 0.291285 0.017615
vt 0.291982 0.018573
vt 0.292516 0.018845
vt 0.293108 0.018939
vt 0.293701 0.018845
vt 0.294235 0.018573
vt 0.294659 0.018149
vt 0.294932 0.017615
vt 0.299053 0.004896
vt 0.299517 0.004896
vt 0.299517 0.005167
vt 0.298916 0.005167
vt 0.299980 0.004896
vt 0.300117 0.005167
vt 0.300658 0.005167
vt 0.300890 0.005504
vt 0.300239 0.005504
vt 0.294464 0.015157
vt 0.294974 0.015667
vt 0.293821 0.014829
vt 0.293108 0.014716
vt 0.292396 0.014829
vt 0.291753 0.015157
vt 0.291243 0.015667
vt 0.259169 0.005167
vt 0.259589 0.005504
vt 0.258937 0.005504
vt 0.260311 0.005504
vt 0.261033 0.005504
vt 0.261452 0.005167
vt 0.261684 0.005504
vt 0.291753 0.018888
vt 0.291243 0.018378
vt 0.292396 0.019216
vt 0.293108 0.019329
vt 0.293821 0.019216
vt 0.294464 0.018888
vt 0.294974 0.018378
vt 0.298375 0.005167
vt 0.298795 0.005504
vt 0.298143 0.005504
vt 0.299517 0.005504
vt 0.301088 0.005898
vt 0.300343 0.005898
vt 0.301407 0.005504
vt 0.301679 0.005898
vt 0.293924 0.014513
vt 0.294659 0.014888
vt 0.293108 0.014384
vt 0.292293 0.014513
vt 0.291557 0.014888
vt 0.258421 0.005504
vt 0.258740 0.005898
vt 0.258148 0.005898
vt 0.259485 0.005898
vt 0.260311 0.005898
vt 0.261137 0.005898
vt 0.261882 0.005898
vt 0.262201 0.005504
vt 0.262473 0.005898
vt 0.292293 0.019532
vt 0.291557 0.019157
vt 0.293108 0.019661
vt 0.293924 0.019532
vt 0.294659 0.019157
vt 0.297626 0.005504
vt 0.297945 0.005898
vt 0.297354 0.005898
vt 0.298690 0.005898
vt 0.299517 0.005898
vt 0.301247 0.006340
vt 0.300426 0.006340
vt 0.301898 0.006340
vt 0.294006 0.014258
vt 0.294817 0.014671
vt 0.293108 0.014116
vt 0.292210 0.014258
vt 0.291400 0.014671
vt 0.258580 0.006340
vt 0.257929 0.006340
vt 0.259401 0.006340
vt 0.260311 0.006340
vt 0.261221 0.006340
vt 0.262041 0.006340
vt 0.262693 0.006340
vt 0.292210 0.019786
vt 0.291400 0.019373
vt 0.293108 0.019928
vt 0.294006 0.019786
vt 0.294817 0.019373
vt 0.297786 0.006340
vt 0.297135 0.006340
vt 0.298607 0.006340
vt 0.299517 0.006340
vt 0.301364 0.006819
vt 0.300488 0.006819
vt 0.302059 0.006819
vt 0.148371 0.005089
vt 0.148371 0.005841
vt 0.147932 0.005785
vt 0.147932 0.004983
vt 0.148371 0.006675
vt 0.147932 0.006675
vt 0.148371 0.007509
vt 0.147932 0.007565
vt 0.148371 0.008261
vt 0.147932 0.008368
vt 0.258464 0.006819
vt 0.257769 0.006819
vt 0.259340 0.006819
vt 0.260311 0.006819
vt 0.261282 0.006819
vt 0.262158 0.006819
vt 0.262853 0.006819
vt 0.280041 0.008261
vt 0.280041 0.007509
vt 0.280480 0.007565
vt 0.280480 0.008368
vt 0.280041 0.006675
vt 0.280480 0.006675
vt 0.280041 0.005841
vt 0.280480 0.005785
vt 0.280041 0.005089
vt 0.280480 0.004982
vt 0.297670 0.006819
vt 0.296974 0.006819
vt 0.298546 0.006819
vt 0.299517 0.006819
vt 0.301435 0.007324
vt 0.300525 0.007324
vt 0.302157 0.007324
vt 0.147470 0.005751
vt 0.147470 0.004917
vt 0.147470 0.006675
vt 0.147470 0.007599
vt 0.147470 0.008433
vt 0.258393 0.007324
vt 0.257671 0.007324
vt 0.259302 0.007324
vt 0.260311 0.007324
vt 0.261319 0.007324
vt 0.262229 0.007324
vt 0.262951 0.007324
vt 0.280942 0.007599
vt 0.280942 0.008433
vt 0.280942 0.006675
vt 0.280942 0.005751
vt 0.280942 0.004917
vt 0.297598 0.007324
vt 0.296876 0.007324
vt 0.298508 0.007324
vt 0.299517 0.007324
vt 0.301459 0.007840
vt 0.300538 0.007840
vt 0.302190 0.007840
vt 0.146996 0.005740
vt 0.146996 0.004896
vt 0.146996 0.006675
vt 0.146996 0.007611
vt 0.146996 0.008455
vt 0.258369 0.007840
vt 0.257638 0.007840
vt 0.259290 0.007840
vt 0.260311 0.007840
vt 0.261332 0.007840
vt 0.262253 0.007840
vt 0.262984 0.007840
vt 0.281416 0.007611
vt 0.281416 0.008455
vt 0.281416 0.006675
vt 0.281416 0.005740
vt 0.281416 0.004896
vt 0.297574 0.007840
vt 0.296843 0.007840
vt 0.298496 0.007840
vt 0.299517 0.007840
vt 0.301435 0.008357
vt 0.300525 0.008357
vt 0.302157 0.008357
vt 0.146522 0.005751
vt 0.146522 0.004917
vt 0.146522 0.006675
vt 0.146522 0.007599
vt 0.146522 0.008433
vt 0.258393 0.008357
vt 0.257671 0.008357
vt 0.259302 0.008357
vt 0.260311 0.008357
vt 0.261319 0.008357
vt 0.262229 0.008357
vt 0.262951 0.008357
vt 0.281889 0.007599
vt 0.281889 0.008433
vt 0.281889 0.006675
vt 0.281889 0.005751
vt 0.281889 0.004917
vt 0.297598 0.008357
vt 0.296876 0.008357
vt 0.298508 0.008357
vt 0.299517 0.008357
vt 0.301364 0.008861
vt 0.300488 0.008861
vt 0.302059 0.008861
vt 0.146060 0.005785
vt 0.146060 0.004983
vt 0.146060 0.006675
vt 0.146060 0.007565
vt 0.146060 0.008368
vt 0.258464 0.008861
vt 0.257769 0.008861
vt 0.259340 0.008861
vt 0.260311 0.008861
vt 0.261282 0.008861
vt 0.262158 0.008861
vt 0.262853 0.008861
vt 0.282351 0.007565
vt 0.282351 0.008368
vt 0.282351 0.006675
vt 0.282351 0.005785
vt 0.282351 0.004982
vt 0.297670 0.008861
vt 0.296974 0.008861
vt 0.298546 0.008861
vt 0.299517 0.008861
vt 0.301247 0.009340
vt 0.300426 0.009340
vt 0.301898 0.009340
vt 0.145621 0.005841
vt 0.145621 0.005089
vt 0.145621 0.006675
vt 0.145621 0.007509
vt 0.145621 0.008261
vt 0.258580 0.009340
vt 0.257929 0.009340
vt 0.259401 0.009340
vt 0.260311 0.009340
vt 0.261221 0.009340
vt 0.262041 0.009340
vt 0.262693 0.009340
vt 0.282790 0.007509
vt 0.282790 0.008261
vt 0.282790 0.006675
vt 0.282790 0.005841
vt 0.282790 0.005089
vt 0.297786 0.009340
vt 0.297135 0.009340
vt 0.298607 0.009340
vt 0.299517 0.009340
vt 0.301088 0.009783
vt 0.300343 0.009783
vt 0.301679 0.009783
vt 0.692475 0.016940
vt 0.691665 0.017353
vt 0.691582 0.017099
vt 0.692318 0.016724
vt 0.690767 0.017495
vt 0.690767 0.017228
vt 0.689869 0.017353
vt 0.689951 0.017099
vt 0.689058 0.016940
vt 0.689216 0.016724
vt 0.258740 0.009783
vt 0.258148 0.009783
vt 0.259485 0.009783
vt 0.260311 0.009783
vt 0.261137 0.009783
vt 0.261882 0.009783
vt 0.262473 0.009783
vt 0.689058 0.012238
vt 0.689869 0.011826
vt 0.689951 0.012080
vt 0.689216 0.012455
vt 0.690767 0.011683
vt 0.690767 0.011951
vt 0.691665 0.011826
vt 0.691582 0.012080
vt 0.692475 0.012238
vt 0.692318 0.012455
vt 0.297945 0.009783
vt 0.297354 0.009783
vt 0.298690 0.009783
vt 0.299517 0.009783
vt 0.300890 0.010177
vt 0.300239 0.010177
vt 0.301407 0.010177
vt 0.691479 0.016783
vt 0.692122 0.016455
vt 0.690767 0.016895
vt 0.690054 0.016783
vt 0.689411 0.016455
vt 0.258937 0.010177
vt 0.258421 0.010177
vt 0.259589 0.010177
vt 0.260311 0.010177
vt 0.261033 0.010177
vt 0.261684 0.010177
vt 0.262201 0.010177
vt 0.690054 0.012396
vt 0.689411 0.012723
vt 0.690767 0.012283
vt 0.691479 0.012396
vt 0.692122 0.012723
vt 0.298143 0.010177
vt 0.297626 0.010177
vt 0.298795 0.010177
vt 0.299517 0.010177
vt 0.300658 0.010513
vt 0.300117 0.010513
vt 0.692632 0.015945
vt 0.691894 0.016140
vt 0.692318 0.015716
vt 0.691359 0.016413
vt 0.690767 0.016506
vt 0.690174 0.016413
vt 0.689640 0.016140
vt 0.688901 0.015945
vt 0.689216 0.015716
vt 0.259711 0.010513
vt 0.259169 0.010513
vt 0.260311 0.010513
vt 0.260911 0.010513
vt 0.261452 0.010513
vt 0.688901 0.013234
vt 0.689640 0.013038
vt 0.689216 0.013462
vt 0.690174 0.012766
vt 0.690767 0.012672
vt 0.691359 0.012766
vt 0.691894 0.013038
vt 0.692632 0.013234
vt 0.692318 0.013462
vt 0.298916 0.010513
vt 0.298375 0.010513
vt 0.299517 0.010513
vt 0.692590 0.015182
vt 0.691965 0.015460
vt 0.692175 0.015047
vt 0.691637 0.015787
vt 0.691224 0.015998
vt 0.690767 0.016070
vt 0.690309 0.015998
vt 0.689896 0.015787
vt 0.689569 0.015460
vt 0.688943 0.015182
vt 0.689358 0.015047
vt 0.260311 0.010784
vt 0.259847 0.010784
vt 0.260774 0.010784
vt 0.688943 0.013997
vt 0.689569 0.013719
vt 0.689358 0.014132
vt 0.689896 0.013391
vt 0.690309 0.013181
vt 0.690767 0.013109
vt 0.691224 0.013181
vt 0.691637 0.013391
vt 0.691965 0.013719
vt 0.692590 0.013997
vt 0.692175 0.014132
vt 0.299517 0.010784
vt 0.299053 0.010784
vt 0.299980 0.010784
vt 0.691582 0.015182
vt 0.691725 0.014901
vt 0.691359 0.015405
vt 0.691078 0.015548
vt 0.690767 0.015597
vt 0.690455 0.015548
vt 0.690174 0.015405
vt 0.689951 0.015182
vt 0.689808 0.014901
vt 0.689286 0.014589
vt 0.689759 0.014589
vt 0.689808 0.014278
vt 0.689951 0.013997
vt 0.690174 0.013774
vt 0.690455 0.013631
vt 0.690767 0.013581
vt 0.691078 0.013631
vt 0.691359 0.013774
vt 0.691582 0.013997
vt 0.691725 0.014278
vt 0.692247 0.014589
vt 0.691774 0.014589
vt 0.691179 0.014889
vt 0.691252 0.014747
vt 0.691067 0.015002
vt 0.690924 0.015074
vt 0.690767 0.015100
vt 0.690609 0.015074
vt 0.690467 0.015002
vt 0.690354 0.014889
vt 0.690281 0.014747
vt 0.690256 0.014589
vt 0.690281 0.014432
vt 0.690354 0.014289
vt 0.690467 0.014176
vt 0.690609 0.014104
vt 0.690767 0.014079
vt 0.690924 0.014104
vt 0.691067 0.014176
vt 0.691179 0.014289
vt 0.691252 0.014432
vt 0.691277 0.014589
vt 0.293108 0.017022
vt 0.690767 0.014589
vt 0.562663 0.005208
vt 0.573632 0.023722
vt 0.571603 0.024924
vt 0.560634 0.006410
vt 0.584602 0.042236
vt 0.582572 0.043438
vt 0.002783 0.107975
vt 0.007681 0.131176
vt 0.005493 0.131176
vt 0.000595 0.107975
vt 0.002783 0.154377
vt 0.000595 0.154377
vt 0.034157 0.042223
vt 0.045126 0.023709
vt 0.047155 0.024911
vt 0.036186 0.043426
vt 0.056095 0.005195
vt 0.058125 0.006397
vt 0.952734 0.247352
vt 0.957633 0.224151
vt 0.959821 0.224151
vt 0.954922 0.247352
vt 0.952734 0.200950
vt 0.954922 0.200950
vt 0.525705 0.186857
vt 0.539191 0.197816
vt 0.525705 0.224273
vt 0.512219 0.197816
vt 0.506633 0.224273
vt 0.512219 0.250730
vt 0.525705 0.261689
vt 0.539191 0.250730
vt 0.544777 0.224273
vt 0.529021 0.051771
vt 0.542507 0.040813
vt 0.542507 0.078229
vt 0.555993 0.051771
vt 0.561579 0.078229
vt 0.555993 0.104685
vt 0.542507 0.115644
vt 0.529021 0.104685
vt 0.523435 0.078229
vt 0.723179 0.470434
vt 0.705703 0.462020
vt 0.705754 0.459447
vt 0.724794 0.468614
vt 0.541768 0.040813
vt 0.528282 0.051771
vt 0.526963 0.049402
vt 0.541656 0.037462
vt 0.524966 0.186857
vt 0.511480 0.197816
vt 0.510160 0.195446
vt 0.524854 0.183506
vt 0.575185 0.222344
vt 0.592661 0.230757
vt 0.592610 0.233330
vt 0.573570 0.224163
vt 0.505894 0.224273
vt 0.504074 0.224273
vt 0.567947 0.202031
vt 0.565683 0.202031
vt 0.511480 0.250730
vt 0.510160 0.253099
vt 0.575185 0.181719
vt 0.573570 0.179900
vt 0.524966 0.261689
vt 0.524854 0.265039
vt 0.592661 0.173305
vt 0.592610 0.170733
vt 0.705703 0.519472
vt 0.723179 0.511058
vt 0.724794 0.512877
vt 0.705754 0.522044
vt 0.528282 0.104685
vt 0.541768 0.115644
vt 0.541656 0.118995
vt 0.526963 0.107055
vt 0.730417 0.490746
vt 0.732681 0.490746
vt 0.522696 0.078229
vt 0.520876 0.078229
vt 0.681585 0.005202
vt 0.671517 0.022195
vt 0.670965 0.021868
vt 0.681033 0.004875
vt 0.563215 0.004881
vt 0.574184 0.023395
vt 0.661448 0.039189
vt 0.660897 0.038862
vt 0.585153 0.041909
vt 0.003378 0.107975
vt 0.008276 0.131176
vt 0.003378 0.154377
vt 0.591420 0.039180
vt 0.581352 0.022187
vt 0.581903 0.021860
vt 0.591971 0.038853
vt 0.033605 0.041896
vt 0.044574 0.023382
vt 0.571284 0.005194
vt 0.571835 0.004867
vt 0.055544 0.004868
vt 0.659792 0.414783
vt 0.655296 0.393489
vt 0.655891 0.393489
vt 0.660387 0.414783
vt 0.952139 0.247352
vt 0.957038 0.224151
vt 0.659792 0.372195
vt 0.660387 0.372195
vt 0.952139 0.200950
vt 0.396525 0.021869
vt 0.406593 0.004875
vt 0.407145 0.005202
vt 0.397076 0.022196
vt 0.571051 0.025251
vt 0.560082 0.006737
vt 0.386457 0.038862
vt 0.387008 0.039189
vt 0.582021 0.043765
vt 0.660897 0.377079
vt 0.665393 0.355784
vt 0.665988 0.355784
vt 0.661492 0.377079
vt 0.004899 0.131176
vt 0.000000 0.107975
vt 0.665393 0.398373
vt 0.665988 0.398373
vt 0.000000 0.154377
vt 0.335467 0.021860
vt 0.345535 0.038853
vt 0.344983 0.039180
vt 0.334916 0.022187
vt 0.047707 0.025238
vt 0.036738 0.043752
vt 0.325399 0.004867
vt 0.324848 0.005194
vt 0.058676 0.006724
vt 0.960416 0.224151
vt 0.955517 0.247352
vt 0.955517 0.200950
vt 0.882329 0.411410
vt 0.882329 0.432930
vt 0.879970 0.432930
vt 0.879970 0.411410
vt 0.882329 0.454450
vt 0.879970 0.454450
vt 0.255037 0.400505
vt 0.255037 0.422025
vt 0.252678 0.422025
vt 0.252678 0.400505
vt 0.255037 0.443545
vt 0.252678 0.443545
vt 0.885571 0.444028
vt 0.885571 0.422508
vt 0.887930 0.422508
vt 0.887930 0.444028
vt 0.885571 0.400988
vt 0.887930 0.400988
vt 0.241477 0.441083
vt 0.241477 0.419563
vt 0.243835 0.419563
vt 0.243835 0.441083
vt 0.241477 0.398043
vt 0.243835 0.398043
vt 0.110860 0.864994
vt 0.129845 0.872858
vt 0.110860 0.891842
vt 0.091876 0.872858
vt 0.084012 0.891842
vt 0.091876 0.910827
vt 0.110860 0.918690
vt 0.129845 0.910827
vt 0.137708 0.891842
vt 0.073837 0.913417
vt 0.054852 0.921280
vt 0.054852 0.894432
vt 0.035868 0.913417
vt 0.028004 0.894432
vt 0.035868 0.875448
vt 0.054852 0.867584
vt 0.073837 0.875448
vt 0.081700 0.894432
vt 0.591520 0.392341
vt 0.572534 0.384477
vt 0.572534 0.382072
vt 0.593220 0.390641
vt 0.488522 0.331773
vt 0.507507 0.323909
vt 0.509208 0.325609
vt 0.488522 0.334178
vt 0.553548 0.392341
vt 0.551848 0.390641
vt 0.469536 0.323909
vt 0.467836 0.325609
vt 0.545684 0.411327
vt 0.543280 0.411327
vt 0.461672 0.304923
vt 0.459267 0.304923
vt 0.553548 0.430312
vt 0.551848 0.432013
vt 0.469536 0.285937
vt 0.467836 0.284237
vt 0.572534 0.438177
vt 0.572534 0.440581
vt 0.488522 0.278073
vt 0.488522 0.275669
vt 0.591520 0.430312
vt 0.593220 0.432013
vt 0.507507 0.285937
vt 0.509208 0.284237
vt 0.599384 0.411327
vt 0.601788 0.411327
vt 0.515372 0.304923
vt 0.517776 0.304923
vt 0.907974 0.455067
vt 0.907974 0.474817
vt 0.907333 0.474817
vt 0.907333 0.455067
vt 0.882970 0.411410
vt 0.882970 0.432930
vt 0.907974 0.494567
vt 0.907333 0.494567
vt 0.882970 0.454450
vt 0.555122 0.440279
vt 0.555122 0.460028
vt 0.554481 0.460028
vt 0.554481 0.440279
vt 0.255678 0.400505
vt 0.255678 0.422025
vt 0.555122 0.479778
vt 0.554481 0.479778
vt 0.255678 0.443545
vt 0.924135 0.484430
vt 0.924135 0.464679
vt 0.924776 0.464679
vt 0.924776 0.484430
vt 0.884929 0.444028
vt 0.884929 0.422508
vt 0.924135 0.444928
vt 0.924776 0.444928
vt 0.884929 0.400988
vt 0.873728 0.461335
vt 0.873728 0.441584
vt 0.874369 0.441584
vt 0.874369 0.461335
vt 0.240835 0.441083
vt 0.240835 0.419563
vt 0.873728 0.421833
vt 0.874369 0.421833
vt 0.240835 0.398043
vt 0.918534 0.469425
vt 0.918534 0.449674
vt 0.919176 0.449674
vt 0.919176 0.469425
vt 0.879329 0.432930
vt 0.879329 0.411410
vt 0.918534 0.489176
vt 0.919176 0.489176
vt 0.879329 0.454450
vt 0.229634 0.462635
vt 0.229634 0.442883
vt 0.230275 0.442883
vt 0.230275 0.462635
vt 0.252037 0.422025
vt 0.252037 0.400505
vt 0.229634 0.482386
vt 0.230275 0.482386
vt 0.252037 0.443545
vt 0.235876 0.464996
vt 0.235876 0.484746
vt 0.235234 0.484746
vt 0.235234 0.464996
vt 0.888571 0.422508
vt 0.888571 0.444028
vt 0.235876 0.445245
vt 0.235234 0.445245
vt 0.888571 0.400988
vt 0.532719 0.458451
vt 0.532719 0.478202
vt 0.532078 0.478202
vt 0.532078 0.458451
vt 0.244477 0.419563
vt 0.244477 0.441083
vt 0.532719 0.438700
vt 0.532078 0.438700
vt 0.244477 0.398043
vt 0.316227 0.005208
vt 0.327196 0.023722
vt 0.325167 0.024924
vt 0.314198 0.006410
vt 0.338166 0.042236
vt 0.336136 0.043439
vt 0.462050 0.239951
vt 0.466949 0.263152
vt 0.464761 0.263152
vt 0.459862 0.239951
vt 0.462050 0.286353
vt 0.459862 0.286353
vt 0.392609 0.042224
vt 0.403578 0.023709
vt 0.405608 0.024912
vt 0.394639 0.043426
vt 0.414548 0.005195
vt 0.416577 0.006398
vt 0.958335 0.157209
vt 0.963233 0.134008
vt 0.965421 0.134008
vt 0.960523 0.157209
vt 0.958335 0.110807
vt 0.960523 0.110807
vt 0.396886 0.493140
vt 0.410372 0.504099
vt 0.396886 0.530556
vt 0.383400 0.504099
vt 0.377814 0.530556
vt 0.383400 0.557013
vt 0.396886 0.567972
vt 0.410372 0.557013
vt 0.415958 0.530556
vt 0.288186 0.587732
vt 0.301672 0.576773
vt 0.301672 0.614189
vt 0.315158 0.587732
vt 0.320744 0.614189
vt 0.315158 0.640646
vt 0.301672 0.651605
vt 0.288186 0.640646
vt 0.282600 0.614189
vt 0.297516 0.690282
vt 0.280041 0.681868
vt 0.280092 0.679296
vt 0.299132 0.688463
vt 0.300933 0.576773
vt 0.287447 0.587732
vt 0.286127 0.585362
vt 0.300821 0.573422
vt 0.396147 0.493140
vt 0.382661 0.504099
vt 0.381341 0.501729
vt 0.396035 0.489789
vt 0.911234 0.780706
vt 0.928710 0.789120
vt 0.928659 0.791693
vt 0.909619 0.782525
vt 0.377075 0.530556
vt 0.375255 0.530556
vt 0.903996 0.760394
vt 0.901732 0.760394
vt 0.382661 0.557013
vt 0.381341 0.559382
vt 0.911234 0.740082
vt 0.909619 0.738263
vt 0.396147 0.567972
vt 0.396035 0.571323
vt 0.928710 0.731668
vt 0.928659 0.729096
vt 0.280041 0.739320
vt 0.297516 0.730906
vt 0.299132 0.732725
vt 0.280092 0.741892
vt 0.287447 0.640646
vt 0.300933 0.651605
vt 0.300821 0.654956
vt 0.286127 0.643015
vt 0.304755 0.710594
vt 0.307019 0.710594
vt 0.281861 0.614189
vt 0.280041 0.614189
vt 0.911218 0.011953
vt 0.901150 0.028946
vt 0.900598 0.028619
vt 0.910666 0.011626
vt 0.316779 0.004881
vt 0.327748 0.023395
vt 0.891082 0.045938
vt 0.890530 0.045612
vt 0.338717 0.041909
vt 0.462645 0.239951
vt 0.467543 0.263152
vt 0.462645 0.286353
vt 0.328180 0.041979
vt 0.318112 0.024987
vt 0.318664 0.024660
vt 0.328732 0.041652
vt 0.392057 0.041897
vt 0.403027 0.023382
vt 0.308045 0.007995
vt 0.308597 0.007668
vt 0.413996 0.004868
vt 0.245331 0.398043
vt 0.240835 0.376749
vt 0.241430 0.376749
vt 0.245926 0.398043
vt 0.957740 0.157209
vt 0.962639 0.134008
vt 0.245331 0.355454
vt 0.245926 0.355454
vt 0.957740 0.110807
vt 0.911799 0.038751
vt 0.921867 0.021759
vt 0.922418 0.022086
vt 0.912351 0.039077
vt 0.324615 0.025251
vt 0.313646 0.006737
vt 0.901732 0.055742
vt 0.902284 0.056069
vt 0.335584 0.043765
vt 0.487271 0.398148
vt 0.491767 0.376854
vt 0.492362 0.376854
vt 0.487866 0.398148
vt 0.464166 0.263152
vt 0.459267 0.239951
vt 0.491767 0.419442
vt 0.492362 0.419442
vt 0.459267 0.286353
vt 0.229051 0.030092
vt 0.239118 0.047084
vt 0.238567 0.047410
vt 0.228499 0.030419
vt 0.406159 0.025239
vt 0.395190 0.043753
vt 0.218984 0.013100
vt 0.218432 0.013427
vt 0.417129 0.006725
vt 0.966016 0.134008
vt 0.961118 0.157209
vt 0.961118 0.110807
vt 0.962837 0.289050
vt 0.965213 0.288337
vt 0.967288 0.292722
vt 0.965167 0.293358
vt 0.464456 0.087185
vt 0.469477 0.084973
vt 0.471405 0.089834
vt 0.466384 0.092046
vt 0.288239 0.073743
vt 0.285864 0.073030
vt 0.288193 0.068723
vt 0.290314 0.069359
vt 0.891518 0.110228
vt 0.886430 0.107986
vt 0.888072 0.103388
vt 0.893160 0.105629
vt 0.285642 0.005754
vt 0.285642 0.004969
vt 0.286443 0.004891
vt 0.286443 0.005675
vt 0.841384 0.047165
vt 0.841139 0.049855
vt 0.836019 0.049065
vt 0.836263 0.046375
vt 0.562953 0.031942
vt 0.560547 0.030998
vt 0.560082 0.027983
vt 0.562184 0.026953
vt 0.290201 0.067648
vt 0.291483 0.068032
vt 0.471381 0.092027
vt 0.468347 0.093364
vt 0.968747 0.293218
vt 0.967466 0.293602
vt 0.095214 0.086337
vt 0.095938 0.084830
vt 0.101106 0.084830
vt 0.098346 0.086820
vt 0.288371 0.066706
vt 0.289827 0.065250
vt 0.475602 0.100778
vt 0.470595 0.100778
vt 0.967536 0.294732
vt 0.966080 0.293276
vt 0.096644 0.080922
vt 0.100400 0.080922
vt 0.284779 0.062414
vt 0.285837 0.061356
vt 0.682906 0.182110
vt 0.682194 0.187791
vt 0.678411 0.187791
vt 0.677699 0.182110
vt 0.963545 0.298627
vt 0.962487 0.297568
vt 0.096644 0.068118
vt 0.100400 0.068118
vt 0.273007 0.055771
vt 0.274065 0.054713
vt 0.250265 0.325271
vt 0.250265 0.338326
vt 0.246436 0.338326
vt 0.246436 0.325271
vt 0.951772 0.305271
vt 0.950713 0.304212
vt 0.005601 0.433504
vt 0.005601 0.415999
vt 0.009850 0.415999
vt 0.009850 0.433504
vt 0.251813 0.041548
vt 0.252871 0.040490
vt 0.250265 0.361831
vt 0.246436 0.361831
vt 0.930575 0.319496
vt 0.929516 0.318437
vt 0.005601 0.396503
vt 0.009850 0.396503
vt 0.234466 0.025707
vt 0.235630 0.024543
vt 0.250265 0.380602
vt 0.246436 0.380602
vt 0.913331 0.335444
vt 0.912167 0.334281
vt 0.005601 0.385748
vt 0.009850 0.385748
vt 0.224033 0.016968
vt 0.225620 0.015381
vt 0.250265 0.390293
vt 0.246436 0.390293
vt 0.903319 0.344608
vt 0.901732 0.343021
vt 0.006594 0.383022
vt 0.008857 0.383022
vt 0.224785 0.014753
vt 0.225631 0.013908
vt 0.249371 0.392750
vt 0.247331 0.392750
vt 0.903330 0.346081
vt 0.902484 0.345236
vt 0.473326 0.411225
vt 0.471124 0.407776
vt 0.477679 0.407776
vt 0.475477 0.411225
vt 0.477679 0.410789
vt 0.475477 0.412214
vt 0.475477 0.415180
vt 0.476961 0.420430
vt 0.470469 0.419791
vt 0.473326 0.415180
vt 0.471124 0.410789
vt 0.473326 0.412214
vt 0.042207 0.022015
vt 0.039685 0.022526
vt 0.039206 0.017655
vt 0.042207 0.016273
vt 0.000431 0.045393
vt 0.003334 0.043956
vt 0.005520 0.046142
vt 0.002984 0.047946
vt 0.471023 0.019426
vt 0.473473 0.020173
vt 0.472998 0.024997
vt 0.470469 0.025058
vt 0.323337 0.052495
vt 0.325525 0.050307
vt 0.327966 0.051281
vt 0.325411 0.053836
vt 0.044337 0.039513
vt 0.044337 0.041656
vt 0.039206 0.041656
vt 0.039206 0.039513
vt 0.971905 0.299101
vt 0.977200 0.304396
vt 0.972015 0.307096
vt 0.966720 0.301802
vt 0.873728 0.263945
vt 0.874120 0.263310
vt 0.878269 0.263310
vt 0.878661 0.263945
vt 0.289011 0.058181
vt 0.294305 0.052887
vt 0.299489 0.055587
vt 0.294196 0.060881
vt 0.223635 0.022954
vt 0.223635 0.027387
vt 0.218432 0.027387
vt 0.218432 0.022954
vt 0.975954 0.297601
vt 0.980035 0.301682
vt 0.039206 0.052515
vt 0.039206 0.049584
vt 0.044337 0.049584
vt 0.044337 0.052515
vt 0.302324 0.058301
vt 0.298244 0.062381
vt 0.223635 0.033199
vt 0.218432 0.033199
vt 0.981263 0.292355
vt 0.983248 0.294340
vt 0.305536 0.065642
vt 0.303552 0.067627
vt 0.874120 0.327369
vt 0.874120 0.316498
vt 0.878269 0.316498
vt 0.878269 0.327369
vt 0.281712 0.049134
vt 0.286018 0.044829
vt 0.682194 0.196871
vt 0.678411 0.196871
vt 0.963726 0.315156
vt 0.959420 0.310850
vt 0.874120 0.306568
vt 0.878269 0.306568
vt 0.270701 0.040871
vt 0.274014 0.037558
vt 0.682194 0.210024
vt 0.678411 0.210024
vt 0.951720 0.322428
vt 0.948407 0.319114
vt 0.874120 0.296541
vt 0.878269 0.296541
vt 0.259439 0.032527
vt 0.262752 0.029214
vt 0.682194 0.222365
vt 0.678411 0.222365
vt 0.940456 0.330773
vt 0.937143 0.327460
vt 0.874120 0.277843
vt 0.878269 0.277843
vt 0.241999 0.016967
vt 0.244184 0.014781
vt 0.682194 0.242710
vt 0.678411 0.242710
vt 0.921886 0.345208
vt 0.919701 0.343022
vt 0.873728 0.270085
vt 0.878661 0.270085
vt 0.231729 0.010510
vt 0.234610 0.007244
vt 0.682194 0.253200
vt 0.678411 0.253200
vt 0.912311 0.352746
vt 0.909430 0.349479
vt 0.231984 0.005401
vt 0.232898 0.004873
vt 0.682194 0.255076
vt 0.678411 0.255076
vt 0.910599 0.355118
vt 0.909685 0.354589
vt 0.095377 0.011677
vt 0.095214 0.006269
vt 0.100278 0.005770
vt 0.100462 0.011177
vt 0.000000 0.038947
vt 0.004887 0.043834
vt 0.566031 0.085598
vt 0.565850 0.089552
vt 0.560882 0.089063
vt 0.561042 0.085107
vt 0.323968 0.050183
vt 0.328859 0.045292
vt 0.498599 0.321973
vt 0.498579 0.321597
vt 0.499303 0.321668
vt 0.499323 0.322044
vt 0.004854 0.036121
vt 0.009741 0.041008
vt 0.565050 0.094692
vt 0.560082 0.094203
vt 0.319110 0.047355
vt 0.324001 0.042464
vt 0.590830 0.328637
vt 0.589752 0.320506
vt 0.594591 0.320030
vt 0.595669 0.328161
vt 0.319247 0.084834
vt 0.322022 0.076845
vt 0.324124 0.074743
vt 0.324166 0.081971
vt 0.505281 0.291390
vt 0.504568 0.298671
vt 0.499778 0.298200
vt 0.500490 0.290918
vt 0.821672 0.089085
vt 0.821714 0.081982
vt 0.823780 0.084048
vt 0.826507 0.091899
vt 0.589869 0.313873
vt 0.592984 0.313566
vt 0.322940 0.070493
vt 0.325927 0.070508
vt 0.503100 0.302939
vt 0.500016 0.302636
vt 0.819779 0.077656
vt 0.822714 0.077641
vt 0.589760 0.313560
vt 0.593045 0.313237
vt 0.322873 0.070170
vt 0.326023 0.070185
vt 0.503144 0.303264
vt 0.499892 0.302944
vt 0.819700 0.077354
vt 0.822795 0.077340
vt 0.589429 0.312149
vt 0.593097 0.311788
vt 0.322878 0.068746
vt 0.326396 0.068763
vt 0.503159 0.304697
vt 0.499527 0.304340
vt 0.819370 0.075993
vt 0.822827 0.075977
vt 0.589718 0.311680
vt 0.592653 0.311391
vt 0.323193 0.068356
vt 0.326007 0.068370
vt 0.502789 0.305093
vt 0.499883 0.304807
vt 0.819683 0.075537
vt 0.822448 0.075524
vt 0.589308 0.311001
vt 0.592995 0.310638
vt 0.322865 0.067617
vt 0.326401 0.067634
vt 0.503057 0.305835
vt 0.499406 0.305476
vt 0.819367 0.074886
vt 0.822842 0.074869
vt 0.589115 0.306363
vt 0.591684 0.306110
vt 0.325814 0.063167
vt 0.327391 0.063029
vt 0.501937 0.310474
vt 0.499394 0.310224
vt 0.818287 0.070254
vt 0.819838 0.070390
vt 0.588573 0.301619
vt 0.590839 0.301395
vt 0.328077 0.058534
vt 0.330077 0.059224
vt 0.501141 0.314308
vt 0.498897 0.314087
vt 0.815619 0.066486
vt 0.817585 0.065808
vt 0.588496 0.300353
vt 0.590645 0.300362
vt 0.328301 0.057519
vt 0.330081 0.058410
vt 0.500991 0.315128
vt 0.498863 0.315137
vt 0.815497 0.065462
vt 0.817247 0.064586
vt 0.588086 0.299415
vt 0.590750 0.299153
vt 0.328787 0.056331
vt 0.330874 0.057689
vt 0.501110 0.315854
vt 0.498473 0.315595
vt 0.814874 0.065016
vt 0.816924 0.063681
vt 0.588140 0.294355
vt 0.588872 0.294283
vt 0.332917 0.051546
vt 0.333490 0.051919
vt 0.812119 0.059161
vt 0.812682 0.058794
vt 0.840797 0.051052
vt 0.839749 0.052873
vt 0.834629 0.052083
vt 0.835676 0.050262
vt 0.295366 0.075880
vt 0.292991 0.075168
vt 0.294556 0.070631
vt 0.296677 0.071268
vt 0.294046 0.068801
vt 0.295328 0.069186
vt 0.292739 0.062337
vt 0.287953 0.059239
vt 0.276181 0.052596
vt 0.277240 0.051538
vt 0.254987 0.038373
vt 0.256046 0.037315
vt 0.237957 0.022216
vt 0.239121 0.021052
vt 0.228794 0.012206
vt 0.230382 0.010619
vt 0.227322 0.012217
vt 0.228167 0.011371
vt 0.477679 0.416816
vt 0.475477 0.414191
vt 0.009893 0.050515
vt 0.012080 0.052702
vt 0.011152 0.055095
vt 0.008090 0.053051
vt 0.012172 0.051118
vt 0.015814 0.054761
vt 0.017026 0.048293
vt 0.020668 0.051935
vt 0.212831 0.007422
vt 0.212831 0.006785
vt 0.213344 0.006735
vt 0.213344 0.007372
vt 0.313033 0.061118
vt 0.308175 0.058290
vt 0.311820 0.054645
vt 0.316678 0.057473
vt 0.316772 0.059060
vt 0.318960 0.056871
vt 0.317778 0.061532
vt 0.320301 0.058946
vt 0.471124 0.416816
vt 0.473326 0.414191
vt 0.908082 0.349371
vt 0.905867 0.348618
vt 0.905021 0.347773
vt 0.906494 0.347783
vt 0.916822 0.338936
vt 0.915658 0.337772
vt 0.933749 0.322670
vt 0.932691 0.321612
vt 0.954947 0.308445
vt 0.953888 0.307387
vt 0.965662 0.300743
vt 0.970449 0.297645
vt 0.972593 0.292064
vt 0.971311 0.292449
vt 0.973652 0.290813
vt 0.971531 0.291449
vt 0.969965 0.286912
vt 0.972341 0.286199
vt 0.840968 0.050453
vt 0.835848 0.049663
vt 0.290615 0.074455
vt 0.292435 0.069995
vt 0.292764 0.068417
vt 0.291283 0.063794
vt 0.286895 0.060297
vt 0.275123 0.053655
vt 0.253929 0.039432
vt 0.236793 0.023380
vt 0.227207 0.013793
vt 0.226476 0.013062
vt 0.477679 0.413802
vt 0.475477 0.413203
vt 0.007707 0.048329
vt 0.005537 0.050499
vt 0.008529 0.047476
vt 0.013384 0.044651
vt 0.011202 0.006457
vt 0.011202 0.005811
vt 0.011759 0.005756
vt 0.011759 0.006402
vt 0.315465 0.051000
vt 0.320323 0.053828
vt 0.321148 0.054683
vt 0.322856 0.056391
vt 0.471124 0.413802
vt 0.473326 0.413203
vt 0.904176 0.346927
vt 0.904907 0.346196
vt 0.914495 0.336608
vt 0.931633 0.320554
vt 0.952830 0.306329
vt 0.964604 0.299685
vt 0.968992 0.296188
vt 0.970029 0.292833
vt 0.969409 0.292086
vt 0.967589 0.287625
vt 0.650373 0.005965
vt 0.649800 0.005965
vt 0.649695 0.004896
vt 0.650268 0.004896
vt 0.494996 0.400517
vt 0.496487 0.399533
vt 0.498325 0.399352
vt 0.500078 0.400017
vt 0.508627 0.004896
vt 0.508979 0.006692
vt 0.507518 0.006692
vt 0.504586 0.004896
vt 0.507333 0.008574
vt 0.504074 0.010102
vt 0.309593 0.055351
vt 0.310911 0.054033
vt 0.494840 0.398748
vt 0.499743 0.398266
vt 0.494194 0.052694
vt 0.493839 0.051684
vt 0.496836 0.048687
vt 0.495519 0.051368
vt 0.901554 0.067557
vt 0.902964 0.070425
vt 0.898088 0.069945
vt 0.899727 0.067377
vt 0.898088 0.066739
vt 0.899727 0.065959
vt 0.493990 0.387533
vt 0.497382 0.387199
vt 0.489103 0.041396
vt 0.491176 0.039322
vt 0.900616 0.080443
vt 0.897243 0.080111
vt 0.670297 0.040411
vt 0.664574 0.049792
vt 0.662527 0.047746
vt 0.667339 0.037453
vt 0.492872 0.380678
vt 0.496264 0.380344
vt 0.484919 0.035023
vt 0.486992 0.032950
vt 0.899505 0.087261
vt 0.896131 0.086929
vt 0.660443 0.056083
vt 0.658397 0.054036
vt 0.493419 0.379366
vt 0.495410 0.379170
vt 0.484684 0.033932
vt 0.485901 0.032715
vt 0.571593 0.014691
vt 0.572680 0.015483
vt 0.572499 0.017327
vt 0.571284 0.017834
vt 0.659240 0.056441
vt 0.658039 0.055240
vt 0.163800 0.007250
vt 0.162719 0.007878
vt 0.162424 0.004877
vt 0.163619 0.005408
vt 0.483484 0.034155
vt 0.486124 0.031515
vt 0.178629 0.005100
vt 0.179230 0.006454
vt 0.175829 0.006119
vt 0.176541 0.004895
vt 0.659573 0.057513
vt 0.656967 0.054907
vt 0.153371 0.018120
vt 0.152335 0.011654
vt 0.155651 0.011327
vt 0.156687 0.017793
vt 0.479795 0.028275
vt 0.481316 0.026755
vt 0.178168 0.011823
vt 0.174767 0.011489
vt 0.654827 0.062212
vt 0.653326 0.060711
vt 0.151222 0.007141
vt 0.155069 0.006762
vt 0.476070 0.024124
vt 0.477773 0.022420
vt 0.177571 0.016712
vt 0.173625 0.016323
vt 0.651377 0.066443
vt 0.649695 0.064761
vt 0.152371 0.006230
vt 0.153790 0.006091
vt 0.153790 0.005136
vt 0.155069 0.004889
vt 0.392397 0.015669
vt 0.393000 0.016817
vt 0.392875 0.018090
vt 0.392057 0.019121
vt 0.151222 0.005267
vt 0.152371 0.005276
vt 0.773845 0.022938
vt 0.773238 0.024017
vt 0.772913 0.020718
vt 0.773720 0.021670
vt 0.403282 0.047547
vt 0.402441 0.047507
vt 0.404130 0.045819
vt 0.404170 0.046659
vt 0.333515 0.006253
vt 0.334655 0.007219
vt 0.330705 0.006831
vt 0.331997 0.006104
vt 0.330705 0.004889
vt 0.331997 0.005083
vt 0.638740 0.012411
vt 0.638493 0.006293
vt 0.640537 0.006092
vt 0.642535 0.012037
vt 0.397658 0.042124
vt 0.398747 0.041036
vt 0.332575 0.012718
vt 0.330448 0.012508
vt 0.896951 0.064300
vt 0.891613 0.069059
vt 0.890564 0.068010
vt 0.895323 0.062672
vt 0.638872 0.005944
vt 0.640098 0.005824
vt 0.640098 0.004931
vt 0.640537 0.004889
vt 0.397833 0.021067
vt 0.398065 0.021448
vt 0.397961 0.022511
vt 0.397658 0.022840
vt 0.891309 0.069093
vt 0.890530 0.068314
vt 0.863090 0.047429
vt 0.862526 0.047062
vt 0.864815 0.046837
vt 0.864339 0.047306
vt 0.683300 0.009035
vt 0.683366 0.008621
vt 0.684516 0.009771
vt 0.684102 0.009837
vt 0.018733 0.042568
vt 0.019241 0.043068
vt 0.016802 0.042828
vt 0.017403 0.042438
vt 0.016802 0.041440
vt 0.017403 0.041469
vt 0.862555 0.042650
vt 0.863061 0.042601
vt 0.687204 0.004887
vt 0.687758 0.005440
vt 0.017372 0.046986
vt 0.016833 0.046933
vt 0.008873 0.017476
vt 0.005601 0.013157
vt 0.006134 0.012623
vt 0.009979 0.016369
vt 0.889435 0.114602
vt 0.884347 0.112360
vt 0.963786 0.284953
vt 0.965423 0.284462
vt 0.288449 0.077618
vt 0.286813 0.077127
vt 0.968695 0.283480
vt 0.970331 0.282990
vt 0.463293 0.083804
vt 0.468314 0.081592
vt 0.293357 0.079090
vt 0.291721 0.078599
vt 0.967059 0.283971
vt 0.290085 0.078108
vt 0.886160 0.123633
vt 0.881072 0.121392
vt 0.959509 0.276492
vt 0.960982 0.276051
vt 0.284009 0.086028
vt 0.282536 0.085586
vt 0.963929 0.275167
vt 0.965402 0.274725
vt 0.460258 0.075097
vt 0.465279 0.072885
vt 0.288428 0.087353
vt 0.286955 0.086911
vt 0.962455 0.275609
vt 0.285482 0.086470
vt 0.878744 0.145848
vt 0.873657 0.143607
vt 0.945108 0.255682
vt 0.946962 0.255126
vt 0.269991 0.106949
vt 0.268138 0.106393
vt 0.950669 0.254014
vt 0.952522 0.253458
vt 0.452481 0.052692
vt 0.457502 0.050480
vt 0.275550 0.108617
vt 0.273697 0.108061
vt 0.948815 0.254570
vt 0.271844 0.107505
vt 0.867614 0.179854
vt 0.862526 0.177613
vt 0.921720 0.223826
vt 0.923716 0.223227
vt 0.246749 0.138844
vt 0.244753 0.138245
vt 0.927709 0.222029
vt 0.929706 0.221430
vt 0.441323 0.018950
vt 0.446344 0.016738
vt 0.252738 0.140640
vt 0.250741 0.140041
vt 0.925713 0.222628
vt 0.248745 0.139442
vt 0.885059 0.004883
vt 0.884559 0.011337
vt 0.879329 0.012144
vt 0.879829 0.005690
vt 0.915838 0.220732
vt 0.918958 0.219797
vt 0.241991 0.142273
vt 0.238872 0.141338
vt 0.925196 0.217925
vt 0.928316 0.216990
vt 0.439488 0.014272
vt 0.444509 0.012060
vt 0.251347 0.145080
vt 0.248228 0.144144
vt 0.922077 0.218861
vt 0.245110 0.143209
vt 0.631349 0.102970
vt 0.630099 0.106679
vt 0.625100 0.104477
vt 0.626351 0.100768
vt 0.913468 0.217195
vt 0.917000 0.216136
vt 0.240034 0.145934
vt 0.236502 0.144874
vt 0.924064 0.214017
vt 0.927597 0.212957
vt 0.437734 0.010024
vt 0.442755 0.007812
vt 0.250628 0.149112
vt 0.247097 0.148052
vt 0.920532 0.215076
vt 0.243565 0.146993
vt 0.627923 0.110987
vt 0.622925 0.108786
vt 0.915185 0.213087
vt 0.917627 0.212355
vt 0.240660 0.149714
vt 0.238219 0.148982
vt 0.922510 0.210890
vt 0.924952 0.210158
vt 0.436864 0.007075
vt 0.441885 0.004863
vt 0.247984 0.151911
vt 0.245543 0.151179
vt 0.920068 0.211622
vt 0.243102 0.150446
vt 0.626689 0.113184
vt 0.621691 0.110982
vt 0.916830 0.210993
vt 0.919334 0.211354
vt 0.242367 0.150715
vt 0.239864 0.151076
vt 0.920448 0.211020
vt 0.922143 0.209399
vt 0.834522 0.055101
vt 0.839642 0.055890
vt 0.245176 0.152669
vt 0.243481 0.151049
vt 0.919891 0.211187
vt 0.242924 0.150882
vt 0.494996 0.404462
vt 0.496331 0.403725
vt 0.498518 0.403510
vt 0.500078 0.403962
vt 0.498518 0.401812
vt 0.496331 0.402027
vt 0.313215 0.051934
vt 0.314784 0.050365
vt 0.496133 0.402463
vt 0.498320 0.402248
vt 0.631816 0.026426
vt 0.631131 0.025274
vt 0.634183 0.021944
vt 0.633366 0.024876
vt 0.623934 0.005095
vt 0.623722 0.008079
vt 0.621691 0.007879
vt 0.621903 0.004896
vt 0.310248 0.052761
vt 0.313618 0.049672
vt 0.575468 0.174383
vt 0.574944 0.171324
vt 0.577219 0.171100
vt 0.577744 0.174159
vt 0.629135 0.022590
vt 0.631346 0.020379
vt 0.230822 0.416854
vt 0.230301 0.420268
vt 0.227898 0.420032
vt 0.228419 0.416618
vt 0.308665 0.049890
vt 0.310902 0.047653
vt 0.573782 0.164027
vt 0.576057 0.163803
vt 0.625180 0.016186
vt 0.626661 0.014706
vt 0.229074 0.425906
vt 0.226671 0.425670
vt 0.302922 0.045148
vt 0.304421 0.043650
vt 0.572378 0.157068
vt 0.574653 0.156844
vt 0.618769 0.010079
vt 0.621275 0.007572
vt 0.227591 0.432388
vt 0.225188 0.432151
vt 0.295703 0.039698
vt 0.298240 0.037161
vt 0.571284 0.153893
vt 0.574521 0.153574
vt 0.616090 0.007209
vt 0.618406 0.004893
vt 0.227452 0.435841
vt 0.224033 0.435504
vt 0.293076 0.036878
vt 0.295420 0.034534
vt 0.572390 0.152660
vt 0.573265 0.152574
vt 0.573265 0.151409
vt 0.574521 0.150935
vt 0.226126 0.436897
vt 0.225201 0.436806
vt 0.293290 0.035783
vt 0.294325 0.034748
vt 0.443980 0.006215
vt 0.442670 0.006968
vt 0.442465 0.004879
vt 0.443903 0.005434
vt 0.173322 0.058794
vt 0.171898 0.059094
vt 0.174650 0.056342
vt 0.174350 0.057766
vt 0.077123 0.050999
vt 0.077770 0.052676
vt 0.075335 0.052436
vt 0.076213 0.050909
vt 0.291986 0.036213
vt 0.294755 0.033444
vt 0.808905 0.071589
vt 0.807659 0.064138
vt 0.809961 0.063912
vt 0.811206 0.071362
vt 0.167227 0.052402
vt 0.169145 0.050484
vt 0.076453 0.059574
vt 0.074018 0.059335
vt 0.286091 0.030673
vt 0.288020 0.028743
vt 0.806518 0.057889
vt 0.808820 0.057662
vt 0.162424 0.046789
vt 0.163532 0.045681
vt 0.075245 0.065231
vt 0.072811 0.064992
vt 0.281257 0.025024
vt 0.282372 0.023910
vt 0.807015 0.057280
vt 0.808220 0.057161
vt 0.808220 0.056516
vt 0.808820 0.056429
vt 0.257840 0.022574
vt 0.258287 0.023110
vt 0.258181 0.024185
vt 0.257638 0.024628
vt 0.281238 0.024474
vt 0.281822 0.023891
vt 0.376039 0.019924
vt 0.375488 0.020623
vt 0.375255 0.018250
vt 0.375933 0.018845
vt 0.784130 0.019942
vt 0.784115 0.019253
vt 0.785406 0.020544
vt 0.784717 0.020529
vt 0.518357 0.030107
vt 0.519063 0.030913
vt 0.516241 0.030636
vt 0.517073 0.029980
vt 0.516241 0.029123
vt 0.517073 0.029293
vt 0.673038 0.029108
vt 0.672098 0.021647
vt 0.673906 0.021469
vt 0.675786 0.028838
vt 0.790576 0.013233
vt 0.791426 0.014083
vt 0.517132 0.037965
vt 0.515275 0.037782
vt 0.895168 0.055968
vt 0.889157 0.049522
vt 0.889994 0.048685
vt 0.896441 0.054696
vt 0.672264 0.021274
vt 0.673646 0.021138
vt 0.790867 0.013143
vt 0.791516 0.013792
vt 0.896289 0.013186
vt 0.896582 0.013416
vt 0.896462 0.014640
vt 0.896131 0.014787
vt 0.889032 0.049199
vt 0.889672 0.048559
vt 0.667368 0.036414
vt 0.666955 0.035958
vt 0.669027 0.035754
vt 0.668732 0.036280
vt 0.790997 0.012675
vt 0.791984 0.013662
vt 0.271315 0.028367
vt 0.271642 0.028950
vt 0.269346 0.028724
vt 0.269805 0.028219
vt 0.888632 0.049132
vt 0.889604 0.048160
vt 0.666498 0.030692
vt 0.667526 0.030590
vt 0.795160 0.008085
vt 0.795650 0.008575
vt 0.269979 0.033521
vt 0.268839 0.033409
vt 0.884929 0.044029
vt 0.885412 0.043547
vt 0.507240 0.130109
vt 0.508132 0.128375
vt 0.511378 0.128056
vt 0.512657 0.129576
vt 0.011058 0.040804
vt 0.013240 0.042986
vt 0.538135 0.004879
vt 0.539778 0.005974
vt 0.539505 0.008750
vt 0.537679 0.009513
vt 0.315423 0.049149
vt 0.317607 0.046965
vt 0.507872 0.127396
vt 0.511118 0.127077
vt 0.011905 0.039366
vt 0.015591 0.043052
vt 0.021028 0.071030
vt 0.020760 0.073835
vt 0.017405 0.073505
vt 0.017674 0.070700
vt 0.313071 0.049215
vt 0.316759 0.045526
vt 0.506231 0.117776
vt 0.509477 0.117456
vt 0.020237 0.033262
vt 0.021916 0.034942
vt 0.019064 0.081383
vt 0.015710 0.081053
vt 0.306740 0.041098
vt 0.308421 0.039418
vt 0.504632 0.110668
vt 0.507878 0.110349
vt 0.026392 0.025347
vt 0.028967 0.027922
vt 0.017412 0.089797
vt 0.014057 0.089467
vt 0.299684 0.034073
vt 0.302261 0.031496
vt 0.504074 0.107475
vt 0.507320 0.107156
vt 0.029157 0.023200
vt 0.030988 0.025032
vt 0.016835 0.092209
vt 0.013480 0.091879
vt 0.297661 0.031180
vt 0.299494 0.029347
vt 0.309215 0.007648
vt 0.308269 0.007494
vt 0.308045 0.005214
vt 0.308942 0.004871
vt 0.029169 0.022292
vt 0.031843 0.024965
vt 0.016421 0.093228
vt 0.013667 0.092957
vt 0.296756 0.031064
vt 0.299432 0.028389
vt 0.864958 0.020984
vt 0.864392 0.015556
vt 0.866256 0.015372
vt 0.867675 0.020717
vt 0.033709 0.018335
vt 0.035544 0.020169
vt 0.014982 0.097645
vt 0.013093 0.097459
vt 0.292981 0.026193
vt 0.294817 0.024357
vt 0.862526 0.007713
vt 0.864779 0.007492
vt 0.040404 0.010573
vt 0.042620 0.012789
vt 0.013485 0.106089
vt 0.011202 0.105864
vt 0.285931 0.018840
vt 0.288149 0.016621
vt 0.863182 0.006416
vt 0.863973 0.006338
vt 0.863973 0.005422
vt 0.864779 0.004882
vt 0.817912 0.012427
vt 0.818913 0.013127
vt 0.818846 0.013813
vt 0.817720 0.014382
vt 0.286267 0.017737
vt 0.287046 0.016958
vt 0.544726 0.005900
vt 0.543439 0.006509
vt 0.543280 0.004885
vt 0.544661 0.005236
vt 0.285642 0.012575
vt 0.285664 0.011185
vt 0.287555 0.013077
vt 0.286415 0.013347
vt 0.736523 0.069430
vt 0.736939 0.070772
vt 0.735017 0.070583
vt 0.735738 0.069353
vt 0.285214 0.017559
vt 0.287120 0.015653
vt 0.113307 0.062994
vt 0.112016 0.055153
vt 0.113505 0.055006
vt 0.115201 0.062808
vt 0.292391 0.004863
vt 0.293877 0.006350
vt 0.735218 0.078213
vt 0.733707 0.078064
vt 0.278806 0.010744
vt 0.280305 0.009246
vt 0.112391 0.054421
vt 0.113048 0.054356
vt 0.113048 0.053594
vt 0.113505 0.053282
vt 0.240966 0.010784
vt 0.241543 0.011190
vt 0.241486 0.011774
vt 0.240835 0.012107
vt 0.279007 0.010108
vt 0.279669 0.009446
vt 0.303473 0.058345
vt 0.303072 0.057643
vt 0.304419 0.057510
vt 0.304156 0.058278
vt 0.004542 0.010079
vt 0.003901 0.010080
vt 0.005202 0.008780
vt 0.005201 0.009420
vt 0.259349 0.049305
vt 0.259612 0.050073
vt 0.258266 0.049941
vt 0.258666 0.049238
vt 0.278419 0.010163
vt 0.279724 0.008859
vt 0.302444 0.052886
vt 0.303011 0.052830
vt 0.000000 0.005425
vt 0.000547 0.004878
vt 0.258204 0.054754
vt 0.257638 0.054698
vt 0.274440 0.005429
vt 0.274989 0.004880
vt 0.588086 0.026619
vt 0.588815 0.022820
vt 0.591780 0.022529
vt 0.592936 0.026142
vt 0.008349 0.037695
vt 0.010576 0.039921
vt 0.879861 0.036656
vt 0.880824 0.037946
vt 0.880498 0.041254
vt 0.879329 0.042067
vt 0.318095 0.046088
vt 0.320324 0.043859
vt 0.558055 0.415689
vt 0.557532 0.414657
vt 0.561313 0.414285
vt 0.561099 0.415389
vt 0.008851 0.036654
vt 0.011617 0.039419
vt 0.882025 0.037713
vt 0.881620 0.041822
vt 0.317122 0.045654
vt 0.319890 0.042886
vt 0.556380 0.408020
vt 0.560161 0.407648
vt 0.013628 0.030400
vt 0.015159 0.031930
vt 0.454937 0.397413
vt 0.453778 0.405407
vt 0.449976 0.405033
vt 0.451134 0.397038
vt 0.313577 0.038158
vt 0.315109 0.036626
vt 0.554777 0.397329
vt 0.558558 0.396957
vt 0.018904 0.020326
vt 0.021534 0.022956
vt 0.452166 0.414986
vt 0.448363 0.414612
vt 0.307197 0.029177
vt 0.309829 0.026545
vt 0.554481 0.394891
vt 0.558262 0.394518
vt 0.019437 0.018028
vt 0.022858 0.021449
vt 0.451868 0.416594
vt 0.448066 0.416220
vt 0.305872 0.027669
vt 0.309295 0.024245
vt 0.517739 0.008376
vt 0.515401 0.007480
vt 0.515275 0.006206
vt 0.517393 0.004858
vt 0.021581 0.018066
vt 0.022820 0.019305
vt 0.450411 0.418883
vt 0.449034 0.418747
vt 0.305686 0.025299
vt 0.306926 0.024059
vt 0.819415 0.006362
vt 0.817898 0.006703
vt 0.817720 0.004892
vt 0.819285 0.005045
vt 0.021034 0.016533
vt 0.023839 0.019339
vt 0.567870 0.005030
vt 0.568031 0.006126
vt 0.566123 0.005939
vt 0.566482 0.004893
vt 0.304713 0.025380
vt 0.307521 0.022572
vt 0.881661 0.080099
vt 0.881168 0.077933
vt 0.883304 0.077722
vt 0.883797 0.079889
vt 0.022832 0.014174
vt 0.026198 0.017540
vt 0.567590 0.008664
vt 0.565683 0.008476
vt 0.302352 0.023581
vt 0.305722 0.020211
vt 0.880372 0.073656
vt 0.882509 0.073445
vt 0.026382 0.011014
vt 0.028160 0.012793
vt 0.608391 0.072546
vt 0.607690 0.077585
vt 0.605808 0.077400
vt 0.606508 0.072361
vt 0.300389 0.018829
vt 0.302169 0.017049
vt 0.879329 0.069085
vt 0.881465 0.068875
vt 0.030175 0.006009
vt 0.031912 0.007746
vt 0.606771 0.082941
vt 0.604888 0.082756
vt 0.296634 0.013778
vt 0.298372 0.012040
vt 0.879622 0.068111
vt 0.880958 0.067979
vt 0.030919 0.005917
vt 0.032004 0.007002
vt 0.606324 0.083730
vt 0.605147 0.083615
vt 0.296476 0.012969
vt 0.297563 0.011882
vt 0.796460 0.010446
vt 0.795521 0.011036
vt 0.795316 0.008961
vt 0.796352 0.009351
vt 0.030995 0.004868
vt 0.033053 0.006926
vt 0.291350 0.009478
vt 0.292386 0.009088
vt 0.292182 0.011163
vt 0.291243 0.010573
vt 0.295524 0.012990
vt 0.297584 0.010930
vt 0.000000 0.004896
vt 0.000000 0.004896
vt 0.000000 0.000000
vt 0.000000 0.000000
vt 0.001224 0.000000
vt 0.001224 0.000000
vt 0.001224 0.004896
vt 0.001224 0.004896
vt 0.488051 0.033443
vt 0.487271 0.027091
vt 0.488753 0.026945
vt 0.490525 0.033199
vt 0.526477 0.040947
vt 0.531782 0.035337
vt 0.533013 0.036568
vt 0.528532 0.043002
vt 0.697499 0.047077
vt 0.695867 0.054065
vt 0.694502 0.053930
vt 0.695220 0.046853
vt 0.635081 0.016842
vt 0.630551 0.010373
vt 0.631772 0.009151
vt 0.637121 0.014802
vt 0.487517 0.026399
vt 0.488369 0.026315
vt 0.532316 0.035327
vt 0.533024 0.036034
vt 0.695513 0.054645
vt 0.694728 0.054568
vt 0.630488 0.009790
vt 0.631190 0.009088
vt 0.667300 0.051381
vt 0.666885 0.050702
vt 0.668375 0.050555
vt 0.668110 0.051301
vt 0.532388 0.034662
vt 0.533689 0.035963
vt 0.914797 0.004981
vt 0.915104 0.005843
vt 0.913381 0.005673
vt 0.913860 0.004889
vt 0.629887 0.009779
vt 0.631178 0.008487
vt 0.666498 0.046640
vt 0.667260 0.046565
vt 0.535573 0.031104
vt 0.536239 0.031770
vt 0.913814 0.009148
vt 0.912934 0.009062
vt 0.627292 0.005553
vt 0.627952 0.004892
vt 0.095980 0.005213
vt 0.099217 0.004894
vt 0.593718 0.031160
vt 0.592702 0.030739
vt 0.592202 0.027532
vt 0.589102 0.027837
vt 0.325180 0.042505
vt 0.328285 0.044312
vt 0.723941 0.031822
vt 0.722506 0.032608
vt 0.723017 0.027413
vt 0.724267 0.028501
vt 0.320391 0.084744
vt 0.323536 0.082913
vt 0.727703 0.029036
vt 0.728392 0.028250
vt 0.727880 0.033445
vt 0.727376 0.032357
vt 0.787169 0.959903
vt 0.782841 0.959903
vt 0.782841 0.584631
vt 0.787169 0.584631
vt 0.778514 0.959903
vt 0.778514 0.584631
vt 0.361507 0.978596
vt 0.357179 0.978596
vt 0.357179 0.603322
vt 0.361507 0.603322
vt 0.352852 0.978596
vt 0.352852 0.603322
vt 0.991345 0.428571
vt 0.995673 0.428571
vt 0.995673 0.803847
vt 0.991345 0.803847
vt 1.000000 0.428571
vt 1.000000 0.803847
vt 0.767312 0.588886
vt 0.771640 0.588886
vt 0.771640 0.964162
vt 0.767312 0.964162
vt 0.775967 0.588886
vt 0.775967 0.964162
vt 0.582767 0.210644
vt 0.586926 0.212367
vt 0.582767 0.216527
vt 0.578607 0.212367
vt 0.576884 0.216527
vt 0.578607 0.220686
vt 0.582767 0.222409
vt 0.586926 0.220686
vt 0.588649 0.216527
vt 0.900572 0.303661
vt 0.896413 0.305384
vt 0.896413 0.299501
vt 0.892253 0.303661
vt 0.890530 0.299501
vt 0.892253 0.295342
vt 0.896413 0.293619
vt 0.900572 0.295342
vt 0.902295 0.299501
vt 0.765596 0.539719
vt 0.737223 0.483855
vt 0.744632 0.483855
vt 0.767330 0.539719
vt 0.709182 0.433411
vt 0.722199 0.433411
vt 0.683300 0.382966
vt 0.701493 0.382966
vt 0.683300 0.332522
vt 0.701493 0.332522
vt 0.683300 0.282077
vt 0.701493 0.282077
vt 0.683300 0.231633
vt 0.701493 0.231633
vt 0.689434 0.181188
vt 0.706400 0.181188
vt 0.705463 0.130744
vt 0.719224 0.130744
vt 0.738432 0.080299
vt 0.745599 0.080299
vt 0.763064 0.025111
vt 0.765305 0.025111
vt 0.752040 0.483855
vt 0.769064 0.539719
vt 0.735216 0.433411
vt 0.719686 0.382966
vt 0.719686 0.332522
vt 0.719686 0.282077
vt 0.719686 0.231633
vt 0.723366 0.181188
vt 0.732984 0.130744
vt 0.752766 0.080299
vt 0.767545 0.025111
vt 0.759449 0.483855
vt 0.770798 0.539719
vt 0.748232 0.433411
vt 0.737880 0.382966
vt 0.737880 0.332522
vt 0.737880 0.282077
vt 0.737880 0.231633
vt 0.740333 0.181188
vt 0.746745 0.130744
vt 0.759932 0.080299
vt 0.769785 0.025111
vt 0.766857 0.483855
vt 0.772532 0.539719
vt 0.761249 0.433411
vt 0.756073 0.382966
vt 0.756073 0.332522
vt 0.756073 0.282077
vt 0.756073 0.231633
vt 0.757299 0.181188
vt 0.760505 0.130744
vt 0.767099 0.080299
vt 0.772026 0.025111
vt 0.774266 0.483855
vt 0.774266 0.539719
vt 0.774266 0.433411
vt 0.774266 0.382966
vt 0.774266 0.332522
vt 0.774266 0.282077
vt 0.774266 0.231633
vt 0.774266 0.181188
vt 0.774266 0.130744
vt 0.774266 0.080299
vt 0.774266 0.025111
vt 0.781674 0.483855
vt 0.776000 0.539719
vt 0.787283 0.433411
vt 0.792459 0.382966
vt 0.792459 0.332522
vt 0.792459 0.282077
vt 0.792459 0.231633
vt 0.791232 0.181188
vt 0.788026 0.130744
vt 0.781433 0.080299
vt 0.776506 0.025111
vt 0.789083 0.483855
vt 0.777734 0.539719
vt 0.800299 0.433411
vt 0.810652 0.382966
vt 0.810652 0.332522
vt 0.810652 0.282077
vt 0.810652 0.231633
vt 0.808199 0.181188
vt 0.801787 0.130744
vt 0.788599 0.080299
vt 0.778747 0.025111
vt 0.796492 0.483855
vt 0.779468 0.539719
vt 0.813316 0.433411
vt 0.828846 0.382966
vt 0.828846 0.332522
vt 0.828846 0.282077
vt 0.828846 0.231633
vt 0.825165 0.181188
vt 0.815547 0.130744
vt 0.795766 0.080299
vt 0.780987 0.025111
vt 0.803900 0.483855
vt 0.781202 0.539719
vt 0.826333 0.433411
vt 0.847039 0.382966
vt 0.847039 0.332522
vt 0.847039 0.282077
vt 0.847039 0.231633
vt 0.842132 0.181188
vt 0.829308 0.130744
vt 0.802933 0.080299
vt 0.783227 0.025111
vt 0.811309 0.483855
vt 0.782936 0.539719
vt 0.839350 0.433411
vt 0.865232 0.382966
vt 0.865232 0.332522
vt 0.865232 0.282077
vt 0.865232 0.231633
vt 0.859098 0.181188
vt 0.843068 0.130744
vt 0.810100 0.080299
vt 0.785467 0.025111
vt 0.882329 0.411410
vt 0.882329 0.432930
vt 0.879970 0.432930
vt 0.879970 0.411410
vt 0.882329 0.454450
vt 0.879970 0.454450
vt 0.255037 0.400505
vt 0.255037 0.422025
vt 0.252678 0.422025
vt 0.252678 0.400505
vt 0.255037 0.443545
vt 0.252678 0.443545
vt 0.885571 0.444028
vt 0.885571 0.422508
vt 0.887930 0.422508
vt 0.887930 0.444028
vt 0.885571 0.400988
vt 0.887930 0.400988
vt 0.241477 0.441083
vt 0.241477 0.419563
vt 0.243835 0.419563
vt 0.243835 0.441083
vt 0.241477 0.398043
vt 0.243835 0.398043
vt 0.110860 0.864994
vt 0.129845 0.872858
vt 0.110860 0.891842
vt 0.091876 0.872858
vt 0.084012 0.891842
vt 0.091876 0.910827
vt 0.110860 0.918690
vt 0.129845 0.910827
vt 0.137708 0.891842
vt 0.073837 0.913417
vt 0.054852 0.921280
vt 0.054852 0.894432
vt 0.035868 0.913417
vt 0.028004 0.894432
vt 0.035868 0.875448
vt 0.054852 0.867584
vt 0.073837 0.875448
vt 0.081700 0.894432
vt 0.591520 0.392341
vt 0.572534 0.384477
vt 0.572534 0.382072
vt 0.593220 0.390641
vt 0.488522 0.331773
vt 0.507507 0.323909
vt 0.509208 0.325609
vt 0.488522 0.334178
vt 0.553548 0.392341
vt 0.551848 0.390641
vt 0.469536 0.323909
vt 0.467836 0.325609
vt 0.545684 0.411327
vt 0.543280 0.411327
vt 0.461672 0.304923
vt 0.459267 0.304923
vt 0.553548 0.430312
vt 0.551848 0.432013
vt 0.469536 0.285937
vt 0.467836 0.284237
vt 0.572534 0.438177
vt 0.572534 0.440581
vt 0.488522 0.278073
vt 0.488522 0.275669
vt 0.591520 0.430312
vt 0.593220 0.432013
vt 0.507507 0.285937
vt 0.509208 0.284237
vt 0.599384 0.411327
vt 0.601788 0.411327
vt 0.515372 0.304923
vt 0.517776 0.304923
vt 0.907974 0.455067
vt 0.907974 0.474817
vt 0.907333 0.474817
vt 0.907333 0.455067
vt 0.882970 0.411410
vt 0.882970 0.432930
vt 0.907974 0.494567
vt 0.907333 0.494567
vt 0.882970 0.454450
vt 0.555122 0.440279
vt 0.555122 0.460028
vt 0.554481 0.460028
vt 0.554481 0.440279
vt 0.255678 0.400505
vt 0.255678 0.422025
vt 0.555122 0.479778
vt 0.554481 0.479778
vt 0.255678 0.443545
vt 0.924135 0.484430
vt 0.924135 0.464679
vt 0.924776 0.464679
vt 0.924776 0.484430
vt 0.884929 0.444028
vt 0.884929 0.422508
vt 0.924135 0.444928
vt 0.924776 0.444928
vt 0.884929 0.400988
vt 0.873728 0.461335
vt 0.873728 0.441584
vt 0.874369 0.441584
vt 0.874369 0.461335
vt 0.240835 0.441083
vt 0.240835 0.419563
vt 0.873728 0.421833
vt 0.874369 0.421833
vt 0.240835 0.398043
vt 0.918534 0.469425
vt 0.918534 0.449674
vt 0.919176 0.449674
vt 0.919176 0.469425
vt 0.879329 0.432930
vt 0.879329 0.411410
vt 0.918534 0.489176
vt 0.919176 0.489176
vt 0.879329 0.454450
vt 0.229634 0.462635
vt 0.229634 0.442883
vt 0.230275 0.442883
vt 0.230275 0.462635
vt 0.252037 0.422025
vt 0.252037 0.400505
vt 0.229634 0.482386
vt 0.230275 0.482386
vt 0.252037 0.443545
vt 0.235876 0.464996
vt 0.235876 0.484746
vt 0.235234 0.484746
vt 0.235234 0.464996
vt 0.888571 0.422508
vt 0.888571 0.444028
vt 0.235876 0.445245
vt 0.235234 0.445245
vt 0.888571 0.400988
vt 0.532719 0.458451
vt 0.532719 0.478202
vt 0.532078 0.478202
vt 0.532078 0.458451
vt 0.244477 0.419563
vt 0.244477 0.441083
vt 0.532719 0.438700
vt 0.532078 0.438700
vt 0.244477 0.398043
vt 0.341137 0.606640
vt 0.343467 0.602332
vt 0.345587 0.602968
vt 0.343513 0.607352
vt 0.699686 0.101917
vt 0.701614 0.097057
vt 0.706635 0.099269
vt 0.704707 0.104129
vt 0.909921 0.530414
vt 0.911995 0.534797
vt 0.909875 0.535433
vt 0.907546 0.531126
vt 0.589069 0.165005
vt 0.590711 0.169603
vt 0.585625 0.171844
vt 0.583982 0.167246
vt 0.744909 0.004892
vt 0.745710 0.004971
vt 0.745710 0.005755
vt 0.744909 0.005676
vt 0.152482 0.085140
vt 0.147362 0.085929
vt 0.147118 0.083240
vt 0.152238 0.082451
vt 0.184827 0.044980
vt 0.185597 0.039992
vt 0.187698 0.041022
vt 0.187233 0.044037
vt 0.913164 0.536123
vt 0.911882 0.536508
vt 0.703577 0.095739
vt 0.706611 0.097076
vt 0.347047 0.602473
vt 0.345765 0.602088
vt 0.285642 0.092361
vt 0.288774 0.091878
vt 0.291533 0.093868
vt 0.286366 0.093868
vt 0.911508 0.538906
vt 0.910052 0.537450
vt 0.705825 0.088327
vt 0.710831 0.088327
vt 0.345835 0.600959
vt 0.344379 0.602415
vt 0.290827 0.097775
vt 0.287072 0.097775
vt 0.907519 0.542799
vt 0.906461 0.541741
vt 0.604493 0.309160
vt 0.599288 0.309160
vt 0.599999 0.303481
vt 0.603782 0.303481
vt 0.341845 0.597064
vt 0.340787 0.598123
vt 0.290827 0.110577
vt 0.287072 0.110577
vt 0.895749 0.549441
vt 0.894691 0.548383
vt 0.871956 0.398101
vt 0.868127 0.398101
vt 0.868127 0.385048
vt 0.871956 0.385048
vt 0.330073 0.590422
vt 0.329015 0.591480
vt 0.890530 0.390565
vt 0.894779 0.390565
vt 0.894779 0.408067
vt 0.890530 0.408067
vt 0.874558 0.563662
vt 0.873500 0.562604
vt 0.868127 0.361546
vt 0.871956 0.361546
vt 0.308879 0.576199
vt 0.307821 0.577257
vt 0.894779 0.427561
vt 0.890530 0.427561
vt 0.857319 0.579606
vt 0.856156 0.578443
vt 0.868127 0.342779
vt 0.871956 0.342779
vt 0.291638 0.560252
vt 0.290475 0.561416
vt 0.894779 0.438315
vt 0.890530 0.438315
vt 0.847311 0.588767
vt 0.845724 0.587180
vt 0.868127 0.333088
vt 0.871956 0.333088
vt 0.281628 0.551090
vt 0.280041 0.552677
vt 0.893786 0.441040
vt 0.891523 0.441040
vt 0.847321 0.590240
vt 0.846476 0.589394
vt 0.869022 0.330633
vt 0.871061 0.330633
vt 0.281639 0.549617
vt 0.280793 0.550462
vt 0.562939 0.424605
vt 0.565089 0.424605
vt 0.567291 0.428054
vt 0.560737 0.428054
vt 0.565089 0.423617
vt 0.567291 0.425041
vt 0.565089 0.420651
vt 0.562939 0.420651
vt 0.560082 0.416041
vt 0.566573 0.415402
vt 0.560737 0.425041
vt 0.562939 0.423617
vt 0.912934 0.026518
vt 0.912934 0.020778
vt 0.915934 0.022160
vt 0.915455 0.027030
vt 0.277418 0.082218
vt 0.274865 0.084771
vt 0.272329 0.082967
vt 0.274516 0.080781
vt 0.629742 0.026384
vt 0.630296 0.032016
vt 0.627767 0.031954
vt 0.627292 0.027131
vt 0.884851 0.339915
vt 0.882777 0.341256
vt 0.880222 0.338702
vt 0.882663 0.337727
vt 0.380386 0.064700
vt 0.375255 0.064700
vt 0.375255 0.062558
vt 0.380386 0.062558
vt 0.350204 0.596590
vt 0.345020 0.593890
vt 0.350313 0.588596
vt 0.355498 0.591296
vt 0.672098 0.381178
vt 0.677031 0.381178
vt 0.676639 0.381812
vt 0.672490 0.381812
vt 0.910693 0.545973
vt 0.915876 0.543273
vt 0.921169 0.548566
vt 0.915986 0.551266
vt 0.934938 0.049411
vt 0.929736 0.049411
vt 0.929736 0.044978
vt 0.934938 0.044978
vt 0.358332 0.594010
vt 0.354252 0.598090
vt 0.375255 0.051701
vt 0.380386 0.051701
vt 0.380386 0.054631
vt 0.375255 0.054631
vt 0.919924 0.541774
vt 0.924003 0.545853
vt 0.929736 0.039167
vt 0.934938 0.039167
vt 0.361545 0.601351
vt 0.359560 0.603335
vt 0.925231 0.536529
vt 0.927215 0.538513
vt 0.672490 0.317763
vt 0.676639 0.317763
vt 0.676639 0.328633
vt 0.672490 0.328633
vt 0.907700 0.559324
vt 0.903395 0.555019
vt 0.599999 0.294402
vt 0.603782 0.294402
vt 0.337721 0.584843
vt 0.342026 0.580537
vt 0.676639 0.338561
vt 0.672490 0.338561
vt 0.895698 0.566593
vt 0.892385 0.563281
vt 0.599999 0.281251
vt 0.603782 0.281251
vt 0.326709 0.576580
vt 0.330022 0.573267
vt 0.676639 0.348587
vt 0.672490 0.348587
vt 0.884437 0.574936
vt 0.881124 0.571624
vt 0.599999 0.268912
vt 0.603782 0.268912
vt 0.315447 0.568236
vt 0.318760 0.564923
vt 0.676639 0.367282
vt 0.672490 0.367282
vt 0.865872 0.589366
vt 0.863687 0.587182
vt 0.599999 0.248570
vt 0.603782 0.248570
vt 0.298007 0.552675
vt 0.300192 0.550490
vt 0.677031 0.375039
vt 0.672098 0.375039
vt 0.856300 0.596903
vt 0.853419 0.593637
vt 0.599999 0.238082
vt 0.603782 0.238082
vt 0.287738 0.546219
vt 0.290619 0.542953
vt 0.854588 0.599273
vt 0.853674 0.598745
vt 0.599999 0.236206
vt 0.603782 0.236206
vt 0.287993 0.541110
vt 0.288907 0.540582
vt 0.190591 0.004891
vt 0.195675 0.005391
vt 0.195491 0.010797
vt 0.190428 0.010299
vt 0.272962 0.080659
vt 0.277849 0.075772
vt 0.890877 0.088074
vt 0.885890 0.088565
vt 0.885730 0.084610
vt 0.890697 0.084121
vt 0.884219 0.337603
vt 0.879329 0.332713
vt 0.666624 0.133728
vt 0.667348 0.133657
vt 0.667328 0.134033
vt 0.666604 0.134104
vt 0.268109 0.077834
vt 0.272995 0.072947
vt 0.884929 0.079471
vt 0.889897 0.078982
vt 0.889076 0.334776
vt 0.884186 0.329885
vt 0.652439 0.314824
vt 0.657277 0.315300
vt 0.656199 0.323430
vt 0.651361 0.322953
vt 0.501513 0.112138
vt 0.496594 0.109275
vt 0.496636 0.102048
vt 0.498738 0.104150
vt 0.673305 0.164307
vt 0.668514 0.164779
vt 0.667802 0.157498
vt 0.672592 0.157026
vt 0.744142 0.059258
vt 0.739308 0.062072
vt 0.742035 0.054221
vt 0.744100 0.052156
vt 0.654592 0.329893
vt 0.651478 0.329586
vt 0.494834 0.097813
vt 0.497820 0.097799
vt 0.668040 0.153063
vt 0.671124 0.152759
vt 0.743101 0.047816
vt 0.746036 0.047830
vt 0.654653 0.330222
vt 0.651369 0.329899
vt 0.494737 0.097490
vt 0.497887 0.097475
vt 0.667916 0.152754
vt 0.671168 0.152434
vt 0.743019 0.047514
vt 0.746114 0.047529
vt 0.654706 0.331671
vt 0.651037 0.331310
vt 0.494364 0.096069
vt 0.497882 0.096052
vt 0.667552 0.151359
vt 0.671183 0.151002
vt 0.742988 0.046152
vt 0.746445 0.046168
vt 0.654261 0.332067
vt 0.651327 0.331779
vt 0.494753 0.095676
vt 0.497567 0.095662
vt 0.667907 0.150891
vt 0.670813 0.150605
vt 0.743366 0.045699
vt 0.746132 0.045712
vt 0.654604 0.332820
vt 0.650917 0.332457
vt 0.494360 0.094940
vt 0.497895 0.094923
vt 0.667430 0.150223
vt 0.671080 0.149864
vt 0.742973 0.045044
vt 0.746447 0.045061
vt 0.653292 0.337347
vt 0.650724 0.337094
vt 0.493369 0.090336
vt 0.494947 0.090474
vt 0.667419 0.145476
vt 0.669961 0.145225
vt 0.745977 0.040566
vt 0.747527 0.040430
vt 0.652448 0.342062
vt 0.650182 0.341838
vt 0.490684 0.086531
vt 0.492684 0.085842
vt 0.666921 0.141613
vt 0.669165 0.141392
vt 0.748229 0.035985
vt 0.750194 0.036662
vt 0.652254 0.343095
vt 0.650105 0.343104
vt 0.490680 0.085717
vt 0.492460 0.084826
vt 0.666888 0.140563
vt 0.669015 0.140572
vt 0.748567 0.034763
vt 0.750316 0.035638
vt 0.652358 0.344303
vt 0.649695 0.344041
vt 0.489887 0.084997
vt 0.491974 0.083639
vt 0.666498 0.140106
vt 0.669134 0.139846
vt 0.748889 0.033857
vt 0.750940 0.035192
vt 0.650481 0.349173
vt 0.649749 0.349101
vt 0.487271 0.079227
vt 0.487844 0.078854
vt 0.753131 0.028971
vt 0.753694 0.029338
vt 0.151895 0.081254
vt 0.146775 0.082043
vt 0.145728 0.080223
vt 0.150847 0.079433
vt 0.917047 0.528276
vt 0.918357 0.532889
vt 0.916237 0.533525
vt 0.914671 0.528989
vt 0.915727 0.535354
vt 0.917008 0.534970
vt 0.914420 0.541817
vt 0.909635 0.544915
vt 0.897865 0.551557
vt 0.898923 0.552615
vt 0.876674 0.565778
vt 0.877732 0.566836
vt 0.859646 0.581933
vt 0.860809 0.583096
vt 0.850485 0.591941
vt 0.852072 0.593528
vt 0.849012 0.591931
vt 0.849858 0.592776
vt 0.567291 0.419016
vt 0.565089 0.421639
vt 0.267957 0.087339
vt 0.269761 0.089875
vt 0.266699 0.091918
vt 0.265771 0.089526
vt 0.265679 0.087942
vt 0.262037 0.091584
vt 0.260825 0.085117
vt 0.257184 0.088759
vt 0.280041 0.008450
vt 0.280554 0.008500
vt 0.280554 0.009137
vt 0.280041 0.009087
vt 0.895153 0.348537
vt 0.891508 0.344892
vt 0.896366 0.342065
vt 0.900010 0.345710
vt 0.891415 0.346479
vt 0.889227 0.344291
vt 0.890408 0.348951
vt 0.887886 0.346365
vt 0.562939 0.421639
vt 0.560737 0.419016
vt 0.286390 0.546328
vt 0.284803 0.547915
vt 0.283330 0.547926
vt 0.284175 0.547080
vt 0.295129 0.556761
vt 0.293965 0.557925
vt 0.312054 0.573024
vt 0.310996 0.574082
vt 0.333248 0.587247
vt 0.332190 0.588305
vt 0.343961 0.594948
vt 0.348748 0.598046
vt 0.350892 0.603626
vt 0.349610 0.603242
vt 0.351950 0.604877
vt 0.349829 0.604241
vt 0.348264 0.608777
vt 0.350640 0.609490
vt 0.146947 0.082642
vt 0.152066 0.081852
vt 0.912296 0.529701
vt 0.914116 0.534161
vt 0.914445 0.535739
vt 0.912964 0.540361
vt 0.908577 0.543857
vt 0.896807 0.550499
vt 0.875616 0.564720
vt 0.858483 0.580769
vt 0.848898 0.590354
vt 0.848167 0.591085
vt 0.565089 0.422628
vt 0.567291 0.422028
vt 0.272313 0.087323
vt 0.270143 0.085153
vt 0.269321 0.084301
vt 0.264467 0.081476
vt 0.890530 0.006679
vt 0.891088 0.006734
vt 0.891088 0.007379
vt 0.890530 0.007325
vt 0.892721 0.338420
vt 0.887864 0.341248
vt 0.887038 0.342103
vt 0.885331 0.343810
vt 0.560737 0.422028
vt 0.562939 0.422628
vt 0.282484 0.548771
vt 0.283215 0.549502
vt 0.292802 0.559089
vt 0.309938 0.575141
vt 0.331131 0.589363
vt 0.342903 0.596006
vt 0.347291 0.599502
vt 0.348328 0.602857
vt 0.347708 0.603605
vt 0.345888 0.608065
vt 0.711304 0.005965
vt 0.711409 0.004896
vt 0.711982 0.004896
vt 0.711877 0.005965
vt 0.668621 0.386741
vt 0.673702 0.387241
vt 0.671949 0.387906
vt 0.670112 0.387725
vt 0.672450 0.004896
vt 0.676491 0.004896
vt 0.673559 0.006692
vt 0.672098 0.006692
vt 0.677003 0.010101
vt 0.673744 0.008574
vt 0.897275 0.341453
vt 0.898593 0.342770
vt 0.673367 0.388992
vt 0.668465 0.388510
vt 0.527796 0.024843
vt 0.529122 0.026169
vt 0.530438 0.028849
vt 0.527442 0.025853
vt 0.139842 0.083428
vt 0.138015 0.083608
vt 0.136376 0.081041
vt 0.141252 0.080561
vt 0.138015 0.085026
vt 0.136376 0.084246
vt 0.671007 0.400058
vt 0.667615 0.399724
vt 0.524779 0.038213
vt 0.522706 0.036140
vt 0.135531 0.070875
vt 0.138904 0.070543
vt 0.894326 0.077728
vt 0.891369 0.080685
vt 0.886558 0.070394
vt 0.888604 0.068348
vt 0.669889 0.406912
vt 0.666498 0.406578
vt 0.520595 0.044585
vt 0.518523 0.042512
vt 0.134420 0.064059
vt 0.137793 0.063727
vt 0.882428 0.064105
vt 0.884475 0.062058
vt 0.669035 0.408085
vt 0.667044 0.407889
vt 0.519505 0.044820
vt 0.518288 0.043603
vt 0.706790 0.008626
vt 0.707100 0.011768
vt 0.705885 0.011262
vt 0.705703 0.009418
vt 0.882070 0.062901
vt 0.883271 0.061700
vt 0.728107 0.007260
vt 0.728288 0.005418
vt 0.729483 0.004888
vt 0.729187 0.007888
vt 0.519727 0.046020
vt 0.517088 0.043380
vt 0.346653 0.031397
vt 0.344565 0.031603
vt 0.343854 0.030379
vt 0.347254 0.030044
vt 0.880999 0.063234
vt 0.883604 0.060628
vt 0.080560 0.042965
vt 0.083875 0.043291
vt 0.082840 0.049756
vt 0.079525 0.049430
vt 0.514920 0.050779
vt 0.513400 0.049258
vt 0.342792 0.025010
vt 0.346192 0.024675
vt 0.877358 0.057431
vt 0.878859 0.055930
vt 0.082258 0.054320
vt 0.078411 0.053942
vt 0.511378 0.055112
vt 0.509675 0.053409
vt 0.341650 0.020176
vt 0.345595 0.019788
vt 0.873728 0.053381
vt 0.875409 0.051700
vt 0.080979 0.054992
vt 0.079560 0.054852
vt 0.082258 0.056194
vt 0.080979 0.055946
vt 0.695104 0.018852
vt 0.695444 0.022304
vt 0.694627 0.021273
vt 0.694502 0.020000
vt 0.078411 0.055815
vt 0.079560 0.055806
vt 0.576884 0.026378
vt 0.577009 0.025111
vt 0.577816 0.024159
vt 0.577491 0.027457
vt 0.554503 0.004893
vt 0.555391 0.005781
vt 0.555351 0.006621
vt 0.553662 0.004933
vt 0.680765 0.018143
vt 0.679247 0.018292
vt 0.677956 0.017566
vt 0.681905 0.017177
vt 0.679247 0.019313
vt 0.677956 0.019507
vt 0.453913 0.019630
vt 0.457707 0.020004
vt 0.455709 0.025949
vt 0.453666 0.025748
vt 0.549969 0.011403
vt 0.548880 0.010315
vt 0.677699 0.011889
vt 0.679826 0.011680
vt 0.270467 0.072814
vt 0.268839 0.071187
vt 0.274177 0.066428
vt 0.275225 0.067477
vt 0.455270 0.026217
vt 0.454045 0.026096
vt 0.455709 0.027151
vt 0.455270 0.027109
vt 0.767545 0.023143
vt 0.767719 0.024915
vt 0.767417 0.024586
vt 0.767312 0.023524
vt 0.274481 0.066395
vt 0.275259 0.067173
vt 0.241399 0.045300
vt 0.242648 0.045423
vt 0.243124 0.045892
vt 0.240835 0.045667
vt 0.816576 0.009029
vt 0.815774 0.009831
vt 0.815361 0.009765
vt 0.816510 0.008616
vt 0.472399 0.049042
vt 0.471069 0.049173
vt 0.470469 0.048783
vt 0.472907 0.048543
vt 0.471069 0.050142
vt 0.470469 0.050171
vt 0.241370 0.050127
vt 0.240865 0.050077
vt 0.812119 0.005435
vt 0.812672 0.004882
vt 0.470500 0.044679
vt 0.471038 0.044626
vt 0.141127 0.021079
vt 0.140020 0.019972
vt 0.143866 0.016227
vt 0.144399 0.016760
vt 0.581899 0.162873
vt 0.586986 0.160632
vt 0.343722 0.611227
vt 0.342086 0.610737
vt 0.908495 0.527030
vt 0.910130 0.526540
vt 0.348630 0.612699
vt 0.346994 0.612209
vt 0.703544 0.107510
vt 0.698523 0.105298
vt 0.913402 0.525558
vt 0.915037 0.525068
vt 0.345358 0.611718
vt 0.911766 0.526049
vt 0.578625 0.153843
vt 0.583712 0.151602
vt 0.339283 0.619637
vt 0.337810 0.619196
vt 0.904219 0.518572
vt 0.905691 0.518131
vt 0.343701 0.620963
vt 0.342228 0.620521
vt 0.700509 0.116215
vt 0.695489 0.114004
vt 0.908637 0.517247
vt 0.910110 0.516805
vt 0.340755 0.620079
vt 0.907164 0.517689
vt 0.571211 0.131631
vt 0.576298 0.129390
vt 0.325264 0.640559
vt 0.323411 0.640003
vt 0.889822 0.497768
vt 0.891675 0.497212
vt 0.330824 0.642227
vt 0.328970 0.641671
vt 0.692733 0.138617
vt 0.687713 0.136405
vt 0.895381 0.496101
vt 0.897234 0.495545
vt 0.327117 0.641115
vt 0.893528 0.496656
vt 0.560082 0.097630
vt 0.565169 0.095389
vt 0.302022 0.672453
vt 0.300026 0.671855
vt 0.866440 0.465921
vt 0.868436 0.465323
vt 0.308011 0.674250
vt 0.306015 0.673651
vt 0.681577 0.172354
vt 0.676557 0.170142
vt 0.872428 0.464125
vt 0.874424 0.463526
vt 0.304018 0.673052
vt 0.870432 0.464724
vt 0.913062 0.054727
vt 0.907833 0.053920
vt 0.907333 0.047467
vt 0.912562 0.048273
vt 0.297264 0.675883
vt 0.294145 0.674947
vt 0.860561 0.462829
vt 0.863679 0.461893
vt 0.306621 0.678689
vt 0.303502 0.677754
vt 0.679743 0.177031
vt 0.674722 0.174819
vt 0.869916 0.460023
vt 0.873035 0.459087
vt 0.300383 0.676819
vt 0.866797 0.460958
vt 0.939393 0.307757
vt 0.934396 0.309959
vt 0.933145 0.306250
vt 0.938143 0.304048
vt 0.295307 0.679543
vt 0.291775 0.678484
vt 0.858191 0.459293
vt 0.861722 0.458234
vt 0.305902 0.682721
vt 0.302370 0.681662
vt 0.677988 0.181278
vt 0.672968 0.179067
vt 0.868784 0.456115
vt 0.872316 0.455056
vt 0.298839 0.680603
vt 0.865253 0.457174
vt 0.930970 0.301942
vt 0.935967 0.299740
vt 0.295934 0.683324
vt 0.293492 0.682592
vt 0.859908 0.455186
vt 0.862349 0.454454
vt 0.303257 0.685521
vt 0.300816 0.684788
vt 0.677119 0.184228
vt 0.672098 0.182016
vt 0.867231 0.452989
vt 0.869671 0.452257
vt 0.298375 0.684056
vt 0.864790 0.453721
vt 0.929736 0.299746
vt 0.934734 0.297544
vt 0.297640 0.684325
vt 0.295137 0.684685
vt 0.861552 0.453092
vt 0.864055 0.453453
vt 0.300449 0.686279
vt 0.298754 0.684659
vt 0.145621 0.077205
vt 0.150741 0.076416
vt 0.865169 0.453119
vt 0.866863 0.451499
vt 0.298197 0.684492
vt 0.864612 0.453286
vt 0.668621 0.382797
vt 0.673702 0.383297
vt 0.672143 0.383749
vt 0.669956 0.383534
vt 0.672143 0.385447
vt 0.669956 0.385231
vt 0.893402 0.337786
vt 0.894970 0.339354
vt 0.671945 0.385011
vt 0.669758 0.384796
vt 0.805439 0.004872
vt 0.806988 0.006422
vt 0.807806 0.009353
vt 0.804754 0.006024
vt 0.797559 0.007873
vt 0.795528 0.008073
vt 0.795316 0.005090
vt 0.797347 0.004890
vt 0.894568 0.337092
vt 0.897937 0.340181
vt 0.586669 0.397535
vt 0.588944 0.397759
vt 0.588419 0.400816
vt 0.586145 0.400593
vt 0.804969 0.010917
vt 0.802759 0.008707
vt 0.482858 0.325069
vt 0.480456 0.325305
vt 0.479934 0.321892
vt 0.482337 0.321655
vt 0.897283 0.335074
vt 0.899520 0.337310
vt 0.587258 0.408112
vt 0.584983 0.407888
vt 0.800285 0.016590
vt 0.798804 0.015110
vt 0.478708 0.316254
vt 0.481110 0.316018
vt 0.903763 0.331071
vt 0.905262 0.332570
vt 0.585854 0.415071
vt 0.583579 0.414847
vt 0.794900 0.023723
vt 0.792394 0.021217
vt 0.477225 0.309774
vt 0.479627 0.309538
vt 0.909944 0.324584
vt 0.912480 0.327120
vt 0.585722 0.418341
vt 0.582485 0.418022
vt 0.792031 0.026401
vt 0.789716 0.024086
vt 0.476070 0.306421
vt 0.479488 0.306085
vt 0.912763 0.321957
vt 0.915107 0.324300
vt 0.584467 0.419341
vt 0.583591 0.419254
vt 0.585722 0.420979
vt 0.584467 0.420505
vt 0.477238 0.305120
vt 0.478162 0.305029
vt 0.913858 0.322171
vt 0.914893 0.323206
vt 0.750510 0.006204
vt 0.750587 0.005424
vt 0.752025 0.004869
vt 0.751819 0.006957
vt 0.386151 0.005191
vt 0.387180 0.006220
vt 0.387479 0.007643
vt 0.384728 0.004892
vt 0.827632 0.077751
vt 0.826722 0.077841
vt 0.825845 0.076315
vt 0.828279 0.076075
vt 0.913428 0.320867
vt 0.916197 0.323636
vt 0.282427 0.063495
vt 0.284729 0.063722
vt 0.283484 0.071171
vt 0.281182 0.070944
vt 0.381975 0.013500
vt 0.380058 0.011583
vt 0.824528 0.069417
vt 0.826962 0.069177
vt 0.920162 0.316167
vt 0.922091 0.318096
vt 0.282342 0.077419
vt 0.280041 0.077193
vt 0.376363 0.018303
vt 0.375255 0.017195
vt 0.823321 0.063761
vt 0.825755 0.063521
vt 0.925809 0.311334
vt 0.926924 0.312448
vt 0.281743 0.077920
vt 0.280538 0.077801
vt 0.282342 0.078653
vt 0.281743 0.078566
vt 0.862973 0.020914
vt 0.863175 0.022968
vt 0.862632 0.022525
vt 0.862526 0.021450
vt 0.926359 0.311315
vt 0.926943 0.311898
vt 0.683300 0.022776
vt 0.683406 0.021698
vt 0.684084 0.021103
vt 0.683851 0.023476
vt 0.297160 0.047402
vt 0.296573 0.047989
vt 0.295884 0.048005
vt 0.297175 0.046714
vt 0.036686 0.051588
vt 0.035403 0.051714
vt 0.034570 0.051059
vt 0.037392 0.050781
vt 0.035403 0.052402
vt 0.034570 0.052571
vt 0.796256 0.039187
vt 0.799003 0.039457
vt 0.797124 0.046824
vt 0.795316 0.046646
vt 0.289866 0.041545
vt 0.290715 0.040695
vt 0.033605 0.043914
vt 0.035462 0.043731
vt 0.886201 0.024807
vt 0.884929 0.023535
vt 0.891375 0.017525
vt 0.892212 0.018362
vt 0.796864 0.047156
vt 0.795482 0.047020
vt 0.289775 0.041254
vt 0.290424 0.040605
vt 0.101108 0.020548
vt 0.101266 0.022149
vt 0.100935 0.022002
vt 0.100815 0.020778
vt 0.891698 0.017399
vt 0.892337 0.018039
vt 0.672969 0.039154
vt 0.674332 0.039288
vt 0.674627 0.039814
vt 0.672556 0.039610
vt 0.289308 0.041124
vt 0.290294 0.040137
vt 0.909809 0.035400
vt 0.908298 0.035548
vt 0.907840 0.035043
vt 0.910135 0.034817
vt 0.891765 0.017000
vt 0.892737 0.017972
vt 0.673126 0.044977
vt 0.672098 0.044876
vt 0.285642 0.036037
vt 0.286131 0.035548
vt 0.907333 0.030358
vt 0.908472 0.030246
vt 0.895957 0.012388
vt 0.896439 0.012870
vt 0.871292 0.004894
vt 0.876710 0.005427
vt 0.875430 0.006947
vt 0.872184 0.006627
vt 0.264611 0.079812
vt 0.266793 0.077630
vt 0.231277 0.026432
vt 0.231733 0.031065
vt 0.229907 0.030302
vt 0.229634 0.027526
vt 0.890579 0.334386
vt 0.892763 0.336570
vt 0.875170 0.007925
vt 0.871925 0.007606
vt 0.262260 0.079877
vt 0.265945 0.076192
vt 0.446689 0.060598
vt 0.443335 0.060928
vt 0.443067 0.058123
vt 0.446421 0.057793
vt 0.891427 0.332947
vt 0.895115 0.336635
vt 0.873530 0.017544
vt 0.870284 0.017225
vt 0.255936 0.071768
vt 0.257615 0.070089
vt 0.441371 0.050576
vt 0.444726 0.050246
vt 0.899764 0.326840
vt 0.901444 0.328520
vt 0.871931 0.024651
vt 0.868685 0.024332
vt 0.248886 0.064750
vt 0.251460 0.062175
vt 0.439719 0.042164
vt 0.443073 0.041834
vt 0.905923 0.318919
vt 0.908500 0.321496
vt 0.871373 0.027843
vt 0.868127 0.027524
vt 0.246865 0.061860
vt 0.248696 0.060028
vt 0.439142 0.039752
vt 0.442496 0.039422
vt 0.908690 0.316771
vt 0.910523 0.318603
vt 0.386457 0.011449
vt 0.386730 0.008672
vt 0.387627 0.009015
vt 0.387402 0.011294
vt 0.246011 0.061793
vt 0.248684 0.059121
vt 0.439329 0.038674
vt 0.442082 0.038403
vt 0.908752 0.315813
vt 0.911427 0.318487
vt 0.797748 0.023107
vt 0.800464 0.023375
vt 0.799046 0.028718
vt 0.797181 0.028535
vt 0.242310 0.056998
vt 0.244144 0.055163
vt 0.438755 0.034173
vt 0.440644 0.033987
vt 0.913366 0.311781
vt 0.915202 0.313617
vt 0.797569 0.036598
vt 0.795316 0.036376
vt 0.235234 0.049619
vt 0.237451 0.047403
vt 0.436864 0.025769
vt 0.439147 0.025544
vt 0.920033 0.304047
vt 0.922251 0.306265
vt 0.796763 0.037752
vt 0.795973 0.037674
vt 0.797569 0.039207
vt 0.796763 0.038668
vt 0.925136 0.013727
vt 0.925329 0.015682
vt 0.924203 0.015112
vt 0.924135 0.014426
vt 0.921136 0.304383
vt 0.921915 0.305162
vt 0.224033 0.009943
vt 0.224098 0.009280
vt 0.225480 0.008929
vt 0.225320 0.010552
vt 0.282674 0.021441
vt 0.281902 0.022214
vt 0.280762 0.021943
vt 0.282652 0.020052
vt 0.506889 0.079971
vt 0.506104 0.080048
vt 0.505384 0.078818
vt 0.507305 0.078629
vt 0.921062 0.303079
vt 0.922968 0.304984
vt 0.090904 0.077279
vt 0.092797 0.077465
vt 0.091101 0.085266
vt 0.089613 0.085119
vt 0.274440 0.015217
vt 0.275927 0.013730
vt 0.504074 0.071338
vt 0.505584 0.071189
vt 0.927876 0.296672
vt 0.929374 0.298171
vt 0.090645 0.085916
vt 0.089987 0.085851
vt 0.091101 0.086990
vt 0.090645 0.086677
vt 0.403837 0.011681
vt 0.403967 0.013004
vt 0.403317 0.012671
vt 0.403259 0.012087
vt 0.928512 0.296873
vt 0.929174 0.297535
vt 0.169053 0.059083
vt 0.169736 0.059150
vt 0.169999 0.059918
vt 0.168652 0.059785
vt 0.430863 0.009419
vt 0.430203 0.010078
vt 0.429563 0.010079
vt 0.430863 0.008779
vt 0.130530 0.061829
vt 0.129847 0.061896
vt 0.129447 0.061194
vt 0.130793 0.061061
vt 0.928457 0.296285
vt 0.929761 0.297590
vt 0.168591 0.064598
vt 0.168025 0.064542
vt 0.425662 0.005425
vt 0.426209 0.004878
vt 0.128819 0.056437
vt 0.129385 0.056381
vt 0.933191 0.292307
vt 0.933740 0.292856
vt 0.179226 0.032828
vt 0.184076 0.033305
vt 0.182920 0.036918
vt 0.179955 0.036626
vt 0.267274 0.076747
vt 0.269501 0.074521
vt 0.629455 0.039133
vt 0.629987 0.044544
vt 0.628818 0.043731
vt 0.628492 0.040422
vt 0.887863 0.331280
vt 0.890091 0.333509
vt 0.574857 0.405108
vt 0.577901 0.405407
vt 0.578115 0.406512
vt 0.574334 0.406140
vt 0.266233 0.076245
vt 0.268999 0.073480
vt 0.627696 0.044298
vt 0.627292 0.040190
vt 0.888297 0.330307
vt 0.891065 0.333075
vt 0.576963 0.413148
vt 0.573182 0.412776
vt 0.262693 0.068757
vt 0.264222 0.067227
vt 0.225303 0.122686
vt 0.221500 0.123060
vt 0.220342 0.115067
vt 0.224144 0.114693
vt 0.893077 0.324049
vt 0.894608 0.325580
vt 0.575360 0.423837
vt 0.571579 0.423465
vt 0.256318 0.059784
vt 0.258948 0.057154
vt 0.218729 0.105490
vt 0.222532 0.105116
vt 0.898356 0.313968
vt 0.900988 0.316600
vt 0.575064 0.426275
vt 0.571284 0.425903
vt 0.254994 0.058277
vt 0.258414 0.054857
vt 0.218432 0.103882
vt 0.222234 0.103507
vt 0.898890 0.311669
vt 0.902313 0.315092
vt 0.649695 0.017183
vt 0.650041 0.013665
vt 0.652158 0.015014
vt 0.652033 0.016288
vt 0.255032 0.056133
vt 0.256271 0.054895
vt 0.219400 0.101355
vt 0.220777 0.101219
vt 0.901259 0.311483
vt 0.902499 0.312723
vt 0.834522 0.006359
vt 0.834652 0.005041
vt 0.836217 0.004889
vt 0.836039 0.006700
vt 0.254013 0.056167
vt 0.256818 0.053362
vt 0.887116 0.009619
vt 0.885729 0.009755
vt 0.885370 0.008710
vt 0.887277 0.008523
vt 0.900663 0.309997
vt 0.903471 0.312804
vt 0.108747 0.068087
vt 0.110884 0.068297
vt 0.110391 0.070463
vt 0.108254 0.070253
vt 0.251654 0.054369
vt 0.255020 0.051003
vt 0.884929 0.006173
vt 0.886837 0.005985
vt 0.902463 0.307636
vt 0.905832 0.311005
vt 0.109595 0.074740
vt 0.107459 0.074530
vt 0.249693 0.049622
vt 0.251471 0.047844
vt 0.569185 0.084322
vt 0.567303 0.084507
vt 0.566602 0.079469
vt 0.568484 0.079284
vt 0.906015 0.304474
vt 0.907795 0.306254
vt 0.108552 0.079310
vt 0.106416 0.079099
vt 0.245941 0.044576
vt 0.247678 0.042840
vt 0.565683 0.074113
vt 0.567565 0.073928
vt 0.909811 0.299466
vt 0.911549 0.301204
vt 0.108045 0.080205
vt 0.106709 0.080074
vt 0.245849 0.043833
vt 0.246935 0.042747
vt 0.565941 0.073255
vt 0.567118 0.073139
vt 0.910621 0.299308
vt 0.911707 0.300395
vt 0.896131 0.011536
vt 0.896239 0.010441
vt 0.897274 0.010051
vt 0.897070 0.012126
vt 0.244800 0.043757
vt 0.246858 0.041699
vt 0.185862 0.010365
vt 0.185970 0.011460
vt 0.185031 0.012050
vt 0.184827 0.009975
vt 0.910599 0.298357
vt 0.912659 0.300416
vt 0.000000 0.004896
vt 0.000000 0.000001
vt 0.000000 0.000001
vt 0.000000 0.004896
vt 0.001224 0.000001
vt 0.001224 0.000001
vt 0.001224 0.004896
vt 0.001224 0.004896
vt 0.588866 0.055843
vt 0.591339 0.056086
vt 0.589568 0.062339
vt 0.588086 0.062194
vt 0.872286 0.043509
vt 0.870231 0.045564
vt 0.865751 0.039132
vt 0.866982 0.037901
vt 0.518273 0.073043
vt 0.515994 0.073268
vt 0.515275 0.066191
vt 0.516640 0.066056
vt 0.455706 0.035705
vt 0.453666 0.033665
vt 0.459014 0.028015
vt 0.460236 0.029237
vt 0.589183 0.062969
vt 0.588332 0.062885
vt 0.865741 0.038598
vt 0.866448 0.037890
vt 0.515502 0.065554
vt 0.516286 0.065476
vt 0.459597 0.027952
vt 0.460299 0.028654
vt 0.852127 0.052929
vt 0.852937 0.053009
vt 0.853202 0.053755
vt 0.851712 0.053608
vt 0.865075 0.038526
vt 0.866376 0.037225
vt 0.634756 0.020960
vt 0.633820 0.021053
vt 0.633340 0.020268
vt 0.635062 0.020098
vt 0.459608 0.027351
vt 0.460900 0.028643
vt 0.852087 0.057745
vt 0.851325 0.057670
vt 0.862526 0.034334
vt 0.863191 0.033668
vt 0.632893 0.016880
vt 0.633773 0.016794
vt 0.462834 0.023757
vt 0.463494 0.024417
vt 0.194431 0.011673
vt 0.191194 0.011355
vt 0.184857 0.028288
vt 0.183342 0.031916
vt 0.183841 0.028709
vt 0.180242 0.031611
vt 0.879903 0.331734
vt 0.883008 0.329926
vt 0.301294 0.052014
vt 0.300967 0.048693
vt 0.302218 0.047605
vt 0.302729 0.052800
vt 0.500368 0.112047
vt 0.497224 0.110217
vt 0.297532 0.049228
vt 0.297859 0.052548
vt 0.297355 0.053636
vt 0.296843 0.048442
vt 0.108532 0.006398
vt 0.097563 0.024912
vt 0.095533 0.023709
vt 0.106503 0.005195
vt 0.086593 0.043426
vt 0.084564 0.042223
vt 0.915014 0.245484
vt 0.910115 0.268685
vt 0.907928 0.268685
vt 0.912826 0.245484
vt 0.915014 0.291886
vt 0.912826 0.291886
vt 0.162511 0.043439
vt 0.151541 0.024924
vt 0.153571 0.023722
vt 0.164540 0.042236
vt 0.140572 0.006410
vt 0.142601 0.005208
vt 0.576777 0.274878
vt 0.571878 0.251677
vt 0.574066 0.251677
vt 0.578965 0.274878
vt 0.576777 0.228476
vt 0.578965 0.228476
vt 0.859195 0.475732
vt 0.872681 0.486691
vt 0.859195 0.513148
vt 0.845709 0.486691
vt 0.840123 0.513148
vt 0.845709 0.539605
vt 0.859195 0.550564
vt 0.872681 0.539605
vt 0.878267 0.513148
vt 0.610475 0.480702
vt 0.623961 0.469743
vt 0.623961 0.507159
vt 0.637446 0.480702
vt 0.643033 0.507159
vt 0.637446 0.533616
vt 0.623961 0.544574
vt 0.610475 0.533616
vt 0.604888 0.507159
vt 0.873420 0.486691
vt 0.859934 0.475732
vt 0.860046 0.472382
vt 0.874739 0.484322
vt 0.313646 0.543303
vt 0.331121 0.534889
vt 0.332737 0.536708
vt 0.313697 0.545876
vt 0.923109 0.447492
vt 0.905634 0.455906
vt 0.904018 0.454087
vt 0.923058 0.444920
vt 0.638186 0.480702
vt 0.624700 0.469743
vt 0.624811 0.466392
vt 0.639505 0.478332
vt 0.898395 0.476218
vt 0.896131 0.476218
vt 0.643772 0.507159
vt 0.645591 0.507159
vt 0.905634 0.496531
vt 0.904018 0.498349
vt 0.638186 0.533616
vt 0.639505 0.535985
vt 0.923109 0.504944
vt 0.923058 0.507517
vt 0.624700 0.544574
vt 0.624811 0.547925
vt 0.859934 0.550564
vt 0.873420 0.539605
vt 0.874739 0.541974
vt 0.860046 0.553915
vt 0.331121 0.494265
vt 0.313646 0.485851
vt 0.313697 0.483279
vt 0.332737 0.492446
vt 0.879006 0.513148
vt 0.880826 0.513148
vt 0.338360 0.514577
vt 0.340624 0.514577
vt 0.611041 0.004867
vt 0.621109 0.021860
vt 0.620557 0.022187
vt 0.610489 0.005194
vt 0.109084 0.006724
vt 0.098114 0.025238
vt 0.631177 0.038853
vt 0.630625 0.039180
vt 0.087145 0.043753
vt 0.650290 0.376472
vt 0.654786 0.397766
vt 0.654191 0.397766
vt 0.649695 0.376472
vt 0.915609 0.245484
vt 0.910710 0.268685
vt 0.650290 0.419059
vt 0.649695 0.419059
vt 0.915609 0.291886
vt 0.896131 0.047973
vt 0.906199 0.030980
vt 0.906751 0.031307
vt 0.896683 0.048300
vt 0.161959 0.043765
vt 0.150990 0.025251
vt 0.916267 0.013988
vt 0.916818 0.014315
vt 0.140020 0.006737
vt 0.576182 0.274878
vt 0.571284 0.251677
vt 0.576182 0.228476
vt 0.273307 0.022187
vt 0.263238 0.005194
vt 0.263790 0.004868
vt 0.273858 0.021860
vt 0.094982 0.023382
vt 0.105951 0.004868
vt 0.283375 0.039180
vt 0.283926 0.038853
vt 0.084012 0.041897
vt 0.907333 0.268685
vt 0.912231 0.245484
vt 0.912231 0.291886
vt 0.061027 0.032375
vt 0.050959 0.049367
vt 0.050407 0.049040
vt 0.060475 0.032048
vt 0.154123 0.023395
vt 0.165092 0.041909
vt 0.071094 0.015383
vt 0.070542 0.015056
vt 0.143153 0.004881
vt 0.257128 0.379211
vt 0.252632 0.400505
vt 0.252037 0.400505
vt 0.256533 0.379211
vt 0.574661 0.251677
vt 0.579560 0.274878
vt 0.252632 0.357917
vt 0.252037 0.357917
vt 0.579560 0.228476
vt 0.595795 0.180907
vt 0.600359 0.178786
vt 0.600359 0.227646
vt 0.595795 0.225525
vt 0.749057 0.691495
vt 0.752719 0.691495
vt 0.745731 0.700689
vt 0.742070 0.700689
vt 0.672308 0.231570
vt 0.676874 0.229448
vt 0.676874 0.278327
vt 0.672308 0.276205
vt 0.509414 0.700689
vt 0.505753 0.700689
vt 0.498765 0.691495
vt 0.502427 0.691495
vt 0.105842 0.741649
vt 0.105842 0.732476
vt 0.155420 0.732476
vt 0.155420 0.741649
vt 0.648439 0.700689
vt 0.603045 0.700689
vt 0.603045 0.691495
vt 0.648439 0.691495
vt 0.403259 0.030060
vt 0.409111 0.030060
vt 0.414990 0.045706
vt 0.409138 0.045706
vt 0.155414 0.752934
vt 0.105847 0.752934
vt 0.649946 0.183498
vt 0.644094 0.183498
vt 0.649973 0.167851
vt 0.655825 0.167851
vt 0.603050 0.680184
vt 0.648434 0.680184
vt 0.896131 0.351994
vt 0.900879 0.347885
vt 0.906090 0.363659
vt 0.901342 0.367768
vt 0.155420 0.668262
vt 0.105842 0.668262
vt 0.105847 0.656978
vt 0.155414 0.656978
vt 0.469616 0.348546
vt 0.464868 0.344437
vt 0.470079 0.328663
vt 0.474827 0.332772
vt 0.603045 0.765050
vt 0.648439 0.765050
vt 0.648434 0.776360
vt 0.603050 0.776360
vt 0.252037 0.093025
vt 0.256641 0.089040
vt 0.262478 0.106718
vt 0.257874 0.110703
vt 0.105863 0.786787
vt 0.155399 0.786787
vt 0.155392 0.797819
vt 0.105870 0.797819
vt 0.245440 0.131215
vt 0.240835 0.127230
vt 0.246672 0.109553
vt 0.251276 0.113538
vt 0.648418 0.646253
vt 0.603066 0.646253
vt 0.603073 0.635195
vt 0.648411 0.635195
vt 0.224159 0.099454
vt 0.229833 0.099454
vt 0.235529 0.114282
vt 0.229856 0.114282
vt 0.155399 0.623124
vt 0.105863 0.623124
vt 0.105870 0.612092
vt 0.155392 0.612092
vt 0.834721 0.078281
vt 0.829048 0.078281
vt 0.834744 0.063452
vt 0.840417 0.063452
vt 0.603066 0.810292
vt 0.648418 0.810292
vt 0.648411 0.821349
vt 0.603073 0.821349
vt 0.924135 0.256987
vt 0.928820 0.252932
vt 0.934061 0.268956
vt 0.929376 0.273011
vt 0.105889 0.830916
vt 0.155373 0.830916
vt 0.155359 0.841745
vt 0.105903 0.841745
vt 0.951224 0.298902
vt 0.946539 0.294847
vt 0.951779 0.278823
vt 0.956464 0.282878
vt 0.648392 0.602023
vt 0.603092 0.602023
vt 0.603106 0.591169
vt 0.648378 0.591169
vt 0.748844 0.854522
vt 0.752505 0.854522
vt 0.743813 0.865376
vt 0.740152 0.865376
vt 0.155373 0.578995
vt 0.105889 0.578995
vt 0.105903 0.568166
vt 0.155359 0.568166
vt 0.498979 0.854522
vt 0.502640 0.854522
vt 0.511332 0.865376
vt 0.507671 0.865376
vt 0.603092 0.854522
vt 0.648392 0.854522
vt 0.648378 0.865376
vt 0.603106 0.865376
vt 0.203426 0.732476
vt 0.203426 0.741649
vt 0.695043 0.700689
vt 0.695043 0.691495
vt 0.695034 0.680184
vt 0.203417 0.752934
vt 0.203417 0.656978
vt 0.203426 0.668262
vt 0.695034 0.776360
vt 0.695043 0.765050
vt 0.694996 0.635195
vt 0.695007 0.646253
vt 0.203379 0.797819
vt 0.203390 0.786787
vt 0.203379 0.612092
vt 0.203390 0.623124
vt 0.694996 0.821349
vt 0.695007 0.810292
vt 0.694939 0.591169
vt 0.694962 0.602023
vt 0.594667 0.275083
vt 0.590490 0.271468
vt 0.203322 0.841745
vt 0.203346 0.830916
vt 0.203322 0.568166
vt 0.203346 0.578995
vt 0.667001 0.185610
vt 0.671180 0.181993
vt 0.694939 0.865376
vt 0.694962 0.854522
vt 0.057836 0.732476
vt 0.057836 0.741649
vt 0.556441 0.700689
vt 0.556441 0.691495
vt 0.057845 0.752934
vt 0.556450 0.680184
vt 0.556450 0.776360
vt 0.556441 0.765050
vt 0.057845 0.656978
vt 0.057836 0.668262
vt 0.057882 0.797819
vt 0.057871 0.786787
vt 0.556488 0.635195
vt 0.556477 0.646253
vt 0.556488 0.821349
vt 0.556477 0.810292
vt 0.057882 0.612092
vt 0.057871 0.623124
vt 0.057939 0.841745
vt 0.057916 0.830916
vt 0.590490 0.134964
vt 0.594667 0.131349
vt 0.556545 0.591169
vt 0.556522 0.602023
vt 0.556545 0.865376
vt 0.556522 0.854522
vt 0.671180 0.325783
vt 0.667001 0.322166
vt 0.057939 0.568166
vt 0.057916 0.578995
vt 0.250345 0.732476
vt 0.257317 0.741649
vt 0.736187 0.680184
vt 0.244476 0.752934
vt 0.243273 0.656978
vt 0.257297 0.668262
vt 0.734981 0.776360
vt 0.749037 0.765050
vt 0.734198 0.635195
vt 0.750441 0.646253
vt 0.242492 0.797819
vt 0.258697 0.786787
vt 0.244026 0.612092
vt 0.256884 0.623124
vt 0.735736 0.821349
vt 0.748624 0.810292
vt 0.738543 0.591169
vt 0.753011 0.602023
vt 0.575460 0.331506
vt 0.571284 0.327891
vt 0.246826 0.841745
vt 0.261262 0.830916
vt 0.248432 0.568166
vt 0.257104 0.578995
vt 0.649695 0.134901
vt 0.653874 0.131285
vt 0.010916 0.732476
vt 0.003945 0.741649
vt 0.016786 0.752934
vt 0.515297 0.680184
vt 0.516503 0.776360
vt 0.502447 0.765050
vt 0.017989 0.656978
vt 0.003965 0.668262
vt 0.018770 0.797819
vt 0.002565 0.786787
vt 0.517286 0.635195
vt 0.501043 0.646253
vt 0.515748 0.821349
vt 0.502860 0.810292
vt 0.017236 0.612092
vt 0.004377 0.623124
vt 0.014435 0.841745
vt 0.000000 0.830916
vt 0.571284 0.078541
vt 0.575460 0.074926
vt 0.512941 0.591169
vt 0.498473 0.602023
vt 0.653874 0.376491
vt 0.649695 0.372874
vt 0.012830 0.568166
vt 0.004158 0.578995
vt 0.603045 0.755855
vt 0.648439 0.755855
vt 0.556441 0.755856
vt 0.509905 0.755856
vt 0.498786 0.765050
vt 0.506244 0.755856
vt 0.057836 0.677436
vt 0.011406 0.677436
vt 0.105842 0.677436
vt 0.155420 0.677436
vt 0.203426 0.677436
vt 0.249855 0.677436
vt 0.741578 0.755856
vt 0.745240 0.755856
vt 0.752698 0.765050
vt 0.695043 0.755856
vt 0.648439 0.728272
vt 0.603045 0.728272
vt 0.603045 0.719078
vt 0.648439 0.719078
vt 0.556441 0.719078
vt 0.556441 0.728272
vt 0.510932 0.719078
vt 0.502837 0.728272
vt 0.492872 0.361748
vt 0.498372 0.361748
vt 0.501871 0.373701
vt 0.496371 0.373701
vt 0.004354 0.704956
vt 0.057836 0.704956
vt 0.057836 0.714129
vt 0.012430 0.714129
vt 0.105842 0.704956
vt 0.105842 0.714129
vt 0.155420 0.714129
vt 0.155420 0.704956
vt 0.203426 0.714129
vt 0.203426 0.704956
vt 0.248832 0.714129
vt 0.256907 0.704956
vt 0.709202 0.101506
vt 0.714702 0.101506
vt 0.711203 0.113460
vt 0.705703 0.113460
vt 0.748647 0.728272
vt 0.695043 0.728272
vt 0.695043 0.719078
vt 0.740552 0.719078
vt 0.648439 0.737467
vt 0.603045 0.737467
vt 0.695043 0.737467
vt 0.736356 0.737467
vt 0.537679 0.302367
vt 0.542358 0.298317
vt 0.546878 0.311912
vt 0.542199 0.315963
vt 0.203426 0.695782
vt 0.244644 0.695782
vt 0.155420 0.695782
vt 0.105842 0.695782
vt 0.057836 0.695782
vt 0.016617 0.695782
vt 0.480590 0.185811
vt 0.485269 0.189861
vt 0.480749 0.203456
vt 0.476070 0.199406
vt 0.556441 0.737467
vt 0.515128 0.737467
vt 0.603056 0.787671
vt 0.648428 0.787671
vt 0.648423 0.798981
vt 0.603061 0.798981
vt 0.556459 0.787671
vt 0.556468 0.798981
vt 0.502397 0.787671
vt 0.513126 0.798981
vt 0.834594 0.108616
vt 0.828921 0.108616
vt 0.833665 0.093448
vt 0.839338 0.093448
vt 0.014619 0.634409
vt 0.057862 0.634409
vt 0.057854 0.645693
vt 0.003915 0.645693
vt 0.105858 0.634409
vt 0.105853 0.645693
vt 0.155409 0.645693
vt 0.155404 0.634409
vt 0.203408 0.645693
vt 0.203399 0.634409
vt 0.257347 0.645693
vt 0.246642 0.634409
vt 0.224033 0.069118
vt 0.229706 0.069118
vt 0.234449 0.084286
vt 0.228777 0.084286
vt 0.738358 0.798981
vt 0.695016 0.798981
vt 0.695025 0.787671
vt 0.749087 0.787671
vt 0.603079 0.832407
vt 0.648405 0.832407
vt 0.648398 0.843464
vt 0.603086 0.843464
vt 0.556499 0.832407
vt 0.556511 0.843464
vt 0.500564 0.832407
vt 0.513494 0.843464
vt 0.592895 0.387870
vt 0.588086 0.383707
vt 0.592931 0.369008
vt 0.597740 0.373171
vt 0.014986 0.590028
vt 0.057905 0.590028
vt 0.057894 0.601060
vt 0.002086 0.601060
vt 0.105883 0.590028
vt 0.105876 0.601060
vt 0.155386 0.601060
vt 0.155379 0.590028
vt 0.203368 0.601060
vt 0.203357 0.590028
vt 0.259175 0.601060
vt 0.246275 0.590028
vt 0.571284 0.390425
vt 0.576093 0.386262
vt 0.580938 0.400962
vt 0.576128 0.405124
vt 0.737990 0.843464
vt 0.694973 0.843464
vt 0.694985 0.832407
vt 0.750920 0.832407
vt 0.603120 0.876230
vt 0.648364 0.876230
vt 0.648350 0.887085
vt 0.603134 0.887085
vt 0.556569 0.876230
vt 0.556593 0.887085
vt 0.501920 0.876230
vt 0.513752 0.887085
vt 0.868163 0.194291
vt 0.862526 0.194291
vt 0.867663 0.179830
vt 0.873299 0.179830
vt 0.015245 0.546507
vt 0.057987 0.546507
vt 0.057963 0.557336
vt 0.003439 0.557336
vt 0.105931 0.546507
vt 0.105917 0.557336
vt 0.155345 0.557336
vt 0.155331 0.546507
vt 0.203299 0.557336
vt 0.203275 0.546507
vt 0.257823 0.557336
vt 0.246017 0.546507
vt 0.470469 0.256869
vt 0.476105 0.256869
vt 0.481242 0.271331
vt 0.475605 0.271331
vt 0.737732 0.887085
vt 0.694891 0.887085
vt 0.694915 0.876230
vt 0.749564 0.876230
vt 0.648428 0.668874
vt 0.603056 0.668874
vt 0.603061 0.657563
vt 0.648423 0.657563
vt 0.695025 0.668874
vt 0.695016 0.657563
vt 0.750070 0.668874
vt 0.734282 0.657563
vt 0.620734 0.064831
vt 0.616090 0.060811
vt 0.621820 0.043480
vt 0.626464 0.047499
vt 0.242576 0.775503
vt 0.203399 0.775503
vt 0.203408 0.764218
vt 0.258327 0.764218
vt 0.155404 0.775503
vt 0.155409 0.764218
vt 0.105853 0.764218
vt 0.105858 0.775503
vt 0.057854 0.764218
vt 0.057862 0.775503
vt 0.002934 0.764218
vt 0.018686 0.775503
vt 0.229634 0.118259
vt 0.234278 0.114239
vt 0.240007 0.131570
vt 0.235363 0.135590
vt 0.517202 0.657563
vt 0.556468 0.657563
vt 0.556459 0.668874
vt 0.501414 0.668874
vt 0.648405 0.624138
vt 0.603079 0.624138
vt 0.603086 0.613080
vt 0.648398 0.613080
vt 0.694985 0.624138
vt 0.694973 0.613080
vt 0.748982 0.624138
vt 0.738395 0.613080
vt 0.918534 0.117561
vt 0.912934 0.117561
vt 0.917544 0.102923
vt 0.923144 0.102923
vt 0.246679 0.819884
vt 0.203357 0.819884
vt 0.203368 0.808852
vt 0.257242 0.808852
vt 0.155379 0.819884
vt 0.155386 0.808852
vt 0.105876 0.808852
vt 0.105883 0.819884
vt 0.057894 0.808852
vt 0.057905 0.819884
vt 0.004020 0.808852
vt 0.014583 0.819884
vt 0.924135 0.071517
vt 0.929735 0.071517
vt 0.934345 0.086154
vt 0.928745 0.086154
vt 0.513089 0.613080
vt 0.556511 0.613080
vt 0.556499 0.624138
vt 0.502502 0.624138
vt 0.648364 0.580314
vt 0.603120 0.580314
vt 0.603134 0.569460
vt 0.648350 0.569460
vt 0.694915 0.580314
vt 0.694891 0.569460
vt 0.749120 0.580314
vt 0.737002 0.569460
vt 0.929861 0.118115
vt 0.924135 0.118115
vt 0.929482 0.103423
vt 0.935208 0.103423
vt 0.245290 0.863404
vt 0.203275 0.863405
vt 0.203299 0.852575
vt 0.257380 0.852575
vt 0.155331 0.863405
vt 0.155345 0.852575
vt 0.105917 0.852575
vt 0.105931 0.863405
vt 0.057963 0.852575
vt 0.057987 0.863405
vt 0.003882 0.852575
vt 0.015972 0.863404
vt 0.308045 0.076199
vt 0.313771 0.076199
vt 0.319117 0.090891
vt 0.313392 0.090891
vt 0.514481 0.569460
vt 0.556593 0.569460
vt 0.556569 0.580314
vt 0.502364 0.580314
vt 0.603148 0.567856
vt 0.648336 0.567856
vt 0.694868 0.566277
vt 0.752013 0.558605
vt 0.531094 0.171904
vt 0.526446 0.175926
vt 0.520876 0.159435
vt 0.525524 0.155412
vt 0.203252 0.866580
vt 0.260266 0.874234
vt 0.155317 0.865004
vt 0.105944 0.865004
vt 0.058010 0.866580
vt 0.000996 0.874234
vt 0.027973 0.034376
vt 0.032621 0.038399
vt 0.027051 0.054890
vt 0.022403 0.050867
vt 0.556616 0.566277
vt 0.499471 0.558605
vt 0.934728 0.132807
vt 0.929002 0.132807
vt 0.312912 0.061507
vt 0.318638 0.061507
vt 0.491784 0.267768
vt 0.487097 0.271825
vt 0.481670 0.255629
vt 0.486358 0.251572
vt 0.935162 0.200010
vt 0.939850 0.204067
vt 0.934424 0.220263
vt 0.929736 0.216206
vt 0.475022 0.177406
vt 0.470345 0.181454
vt 0.464868 0.165107
vt 0.469546 0.161058
vt 0.963217 0.157189
vt 0.967894 0.161237
vt 0.962418 0.177585
vt 0.957740 0.173536
vt 0.167350 0.022531
vt 0.162727 0.026532
vt 0.156823 0.008873
vt 0.161447 0.004871
vt 0.302748 0.067611
vt 0.307371 0.071612
vt 0.301467 0.089272
vt 0.296843 0.085270
vt 0.894910 0.364515
vt 0.890153 0.368632
vt 0.884929 0.353021
vt 0.889686 0.348904
vt 0.509297 0.353010
vt 0.514054 0.357127
vt 0.508830 0.372738
vt 0.504074 0.368621
vt 0.648439 0.709883
vt 0.603045 0.709883
vt 0.556441 0.709883
vt 0.499978 0.709883
vt 0.582485 0.043464
vt 0.588183 0.043464
vt 0.592409 0.055848
vt 0.586711 0.055848
vt 0.001502 0.723302
vt 0.057836 0.723302
vt 0.105842 0.723302
vt 0.155420 0.723302
vt 0.203426 0.723302
vt 0.259760 0.723302
vt 0.715530 0.056364
vt 0.721228 0.056364
vt 0.717002 0.068747
vt 0.711304 0.068747
vt 0.751506 0.709883
vt 0.695043 0.709883
vt 0.856925 0.403198
vt 0.861713 0.399054
vt 0.865835 0.411451
vt 0.861047 0.415596
vt 0.676220 0.394706
vt 0.681008 0.398850
vt 0.676886 0.411247
vt 0.672098 0.407103
vt 0.648439 0.746661
vt 0.603045 0.746661
vt 0.556441 0.746661
vt 0.502577 0.746661
vt 0.560082 0.393593
vt 0.564743 0.389558
vt 0.569342 0.403388
vt 0.564680 0.407423
vt 0.004095 0.686609
vt 0.057836 0.686609
vt 0.105842 0.686609
vt 0.155420 0.686609
vt 0.203426 0.686609
vt 0.257167 0.686609
vt 0.340647 0.004885
vt 0.345309 0.008920
vt 0.340711 0.022750
vt 0.336049 0.018715
vt 0.748907 0.746661
vt 0.695043 0.746661
vt 0.752568 0.746661
vt 0.498916 0.746661
vt 0.850154 0.099739
vt 0.845413 0.103843
vt 0.840123 0.088033
vt 0.844864 0.083929
vt 0.879018 0.184166
vt 0.883759 0.188270
vt 0.878469 0.204080
vt 0.873728 0.199976
vt 0.900782 0.140373
vt 0.896127 0.144402
vt 0.890530 0.127693
vt 0.895185 0.123664
vt 0.089609 0.004855
vt 0.094264 0.008884
vt 0.088667 0.025593
vt 0.084012 0.021564
vt 0.458565 0.019636
vt 0.452926 0.019636
vt 0.448066 0.004896
vt 0.453705 0.004896
vt 0.816979 0.014808
vt 0.822618 0.014808
vt 0.817758 0.029548
vt 0.812119 0.029548
vt 0.872437 0.208753
vt 0.866801 0.208753
vt 0.474744 0.242407
vt 0.480380 0.242407
vt 0.648336 0.888688
vt 0.603148 0.888688
vt 0.556616 0.890267
vt 0.505278 0.897939
vt 0.510091 0.887085
vt 0.501617 0.897939
vt 0.058010 0.543332
vt 0.006790 0.535677
vt 0.105944 0.544907
vt 0.155317 0.544907
vt 0.203252 0.543332
vt 0.254472 0.535677
vt 0.741393 0.887085
vt 0.749867 0.897939
vt 0.746205 0.897939
vt 0.694868 0.890267
vt 0.069326 0.006397
vt 0.058357 0.024912
vt 0.056328 0.023709
vt 0.067297 0.005195
vt 0.047388 0.043426
vt 0.045358 0.042223
vt 0.545360 0.251923
vt 0.540461 0.275124
vt 0.538274 0.275124
vt 0.543172 0.251923
vt 0.545360 0.298324
vt 0.543172 0.298324
vt 0.621778 0.043438
vt 0.610809 0.024924
vt 0.612838 0.023722
vt 0.623807 0.042236
vt 0.599839 0.006410
vt 0.601869 0.005208
vt 0.873621 0.263310
vt 0.868722 0.240109
vt 0.870910 0.240109
vt 0.875808 0.263310
vt 0.873621 0.216908
vt 0.875808 0.216908
vt 0.399928 0.599561
vt 0.413414 0.610520
vt 0.399928 0.636977
vt 0.386442 0.610520
vt 0.380856 0.636977
vt 0.386442 0.663434
vt 0.399928 0.674393
vt 0.413414 0.663434
vt 0.419000 0.636977
vt 0.812104 0.619075
vt 0.825590 0.608117
vt 0.825590 0.645532
vt 0.839076 0.619075
vt 0.844662 0.645532
vt 0.839076 0.671989
vt 0.825590 0.682948
vt 0.812104 0.671989
vt 0.806518 0.645532
vt 0.414153 0.610520
vt 0.400667 0.599561
vt 0.400779 0.596210
vt 0.415472 0.608150
vt 0.459267 0.814653
vt 0.476742 0.806239
vt 0.478358 0.808058
vt 0.459318 0.817225
vt 0.906307 0.569561
vt 0.888831 0.577975
vt 0.887215 0.576156
vt 0.906256 0.566988
vt 0.839815 0.619075
vt 0.826329 0.608117
vt 0.826441 0.604766
vt 0.841134 0.616706
vt 0.881593 0.598287
vt 0.879329 0.598287
vt 0.845401 0.645532
vt 0.847221 0.645532
vt 0.888831 0.618599
vt 0.887215 0.620418
vt 0.839815 0.671989
vt 0.841134 0.674359
vt 0.906307 0.627013
vt 0.906256 0.629585
vt 0.826329 0.682948
vt 0.826441 0.686299
vt 0.400667 0.674393
vt 0.414153 0.663434
vt 0.415472 0.665803
vt 0.400779 0.677743
vt 0.476742 0.765615
vt 0.459267 0.757201
vt 0.459318 0.754628
vt 0.478358 0.763796
vt 0.419739 0.636977
vt 0.421559 0.636977
vt 0.483981 0.785927
vt 0.486245 0.785927
vt 0.555033 0.007668
vt 0.565101 0.024661
vt 0.564549 0.024987
vt 0.554481 0.007995
vt 0.069878 0.006724
vt 0.058909 0.025238
vt 0.575168 0.041653
vt 0.574617 0.041980
vt 0.047939 0.043753
vt 0.482265 0.377854
vt 0.486761 0.399147
vt 0.486166 0.399147
vt 0.481670 0.377854
vt 0.545955 0.251923
vt 0.541056 0.275124
vt 0.482265 0.420440
vt 0.481670 0.420440
vt 0.545955 0.298324
vt 0.672098 0.038861
vt 0.682166 0.021868
vt 0.682718 0.022195
vt 0.672650 0.039188
vt 0.621226 0.043765
vt 0.610257 0.025251
vt 0.692234 0.004875
vt 0.692786 0.005202
vt 0.599288 0.006737
vt 0.873026 0.263310
vt 0.868127 0.240109
vt 0.873026 0.216908
vt 0.861392 0.022187
vt 0.851325 0.005194
vt 0.851876 0.004867
vt 0.861944 0.021860
vt 0.055776 0.023382
vt 0.066745 0.004868
vt 0.871460 0.039179
vt 0.872012 0.038852
vt 0.044807 0.041897
vt 0.537679 0.275124
vt 0.542577 0.251923
vt 0.542577 0.298324
vt 0.895549 0.026584
vt 0.885481 0.043577
vt 0.884929 0.043250
vt 0.894997 0.026258
vt 0.613390 0.023395
vt 0.624359 0.041909
vt 0.905617 0.009591
vt 0.905065 0.009265
vt 0.602420 0.004881
vt 0.604379 0.381671
vt 0.599883 0.402965
vt 0.599288 0.402965
vt 0.603784 0.381671
vt 0.871505 0.240109
vt 0.876403 0.263310
vt 0.599883 0.360377
vt 0.599288 0.360377
vt 0.876403 0.216908
vt 0.764766 0.980105
vt 0.760438 0.980105
vt 0.760438 0.556431
vt 0.764766 0.556431
vt 0.756111 0.980105
vt 0.756111 0.556431
vt 0.991345 0.004896
vt 0.995673 0.004896
vt 0.995673 0.428571
vt 0.991345 0.428571
vt 1.000000 0.004896
vt 1.000000 0.428571
vt 0.487271 0.556010
vt 0.491599 0.556010
vt 0.491599 0.979687
vt 0.487271 0.979687
vt 0.495926 0.556010
vt 0.495926 0.979687
vt 0.364053 0.511604
vt 0.368381 0.511604
vt 0.368381 0.935278
vt 0.364053 0.935278
vt 0.372708 0.511604
vt 0.372708 0.935278
vt 0.487553 0.141876
vt 0.491712 0.143599
vt 0.487553 0.147758
vt 0.483393 0.143599
vt 0.481670 0.147758
vt 0.483393 0.151918
vt 0.487553 0.153641
vt 0.491712 0.151918
vt 0.493435 0.147758
vt 0.917375 0.234454
vt 0.913215 0.236177
vt 0.913215 0.230295
vt 0.909056 0.234454
vt 0.907333 0.230295
vt 0.909056 0.226135
vt 0.913215 0.224412
vt 0.917375 0.226135
vt 0.919098 0.230295
vt 0.920886 0.007642
vt 0.920813 0.007500
vt 0.921216 0.007207
vt 0.921359 0.007488
vt 0.920700 0.007387
vt 0.920993 0.006985
vt 0.920558 0.007315
vt 0.920712 0.006841
vt 0.920400 0.007290
vt 0.920400 0.006792
vt 0.920243 0.007315
vt 0.920089 0.006841
vt 0.920100 0.007387
vt 0.919808 0.006985
vt 0.919987 0.007500
vt 0.919585 0.007207
vt 0.919915 0.007642
vt 0.919442 0.007488
vt 0.919890 0.007800
vt 0.919392 0.007800
vt 0.919915 0.007957
vt 0.919442 0.008111
vt 0.919987 0.008100
vt 0.919585 0.008392
vt 0.920100 0.008213
vt 0.919808 0.008615
vt 0.920243 0.008285
vt 0.920089 0.008758
vt 0.920400 0.008310
vt 0.920400 0.008808
vt 0.920558 0.008285
vt 0.920712 0.008758
vt 0.920700 0.008213
vt 0.920993 0.008615
vt 0.920813 0.008100
vt 0.921216 0.008392
vt 0.920886 0.007957
vt 0.921359 0.008111
vt 0.920910 0.007800
vt 0.921408 0.007800
vt 0.921598 0.006930
vt 0.921809 0.007342
vt 0.921271 0.006602
vt 0.920858 0.006392
vt 0.920400 0.006319
vt 0.919943 0.006392
vt 0.919530 0.006602
vt 0.919202 0.006930
vt 0.918992 0.007342
vt 0.918920 0.007800
vt 0.918992 0.008258
vt 0.919202 0.008670
vt 0.919530 0.008998
vt 0.919943 0.009208
vt 0.920400 0.009280
vt 0.920858 0.009208
vt 0.921271 0.008998
vt 0.921598 0.008670
vt 0.921809 0.008258
vt 0.921881 0.007800
vt 0.921951 0.006673
vt 0.922224 0.007207
vt 0.921527 0.006249
vt 0.920993 0.005977
vt 0.920400 0.005883
vt 0.919808 0.005977
vt 0.919273 0.006249
vt 0.918849 0.006673
vt 0.918577 0.007207
vt 0.433473 0.004896
vt 0.433936 0.004896
vt 0.433936 0.005167
vt 0.433336 0.005167
vt 0.434400 0.004896
vt 0.434536 0.005167
vt 0.918849 0.008927
vt 0.918577 0.008392
vt 0.919273 0.009351
vt 0.919808 0.009623
vt 0.920400 0.009717
vt 0.920993 0.009623
vt 0.921527 0.009351
vt 0.921951 0.008927
vt 0.922224 0.008392
vt 0.243045 0.004896
vt 0.243508 0.004896
vt 0.243508 0.005167
vt 0.242908 0.005167
vt 0.243972 0.004896
vt 0.244109 0.005167
vt 0.244650 0.005167
vt 0.244882 0.005504
vt 0.244230 0.005504
vt 0.921756 0.005934
vt 0.922266 0.006444
vt 0.921113 0.005606
vt 0.920400 0.005494
vt 0.919688 0.005606
vt 0.919045 0.005934
vt 0.918534 0.006444
vt 0.432795 0.005167
vt 0.433214 0.005504
vt 0.432563 0.005504
vt 0.433936 0.005504
vt 0.434658 0.005504
vt 0.435078 0.005167
vt 0.435310 0.005504
vt 0.919045 0.009666
vt 0.918534 0.009155
vt 0.919688 0.009993
vt 0.920400 0.010106
vt 0.921113 0.009993
vt 0.921756 0.009666
vt 0.922266 0.009155
vt 0.242367 0.005167
vt 0.242786 0.005504
vt 0.242135 0.005504
vt 0.243508 0.005504
vt 0.245080 0.005898
vt 0.244334 0.005898
vt 0.245399 0.005504
vt 0.245671 0.005898
vt 0.921216 0.005291
vt 0.921951 0.005665
vt 0.920400 0.005161
vt 0.919585 0.005291
vt 0.918849 0.005665
vt 0.432046 0.005504
vt 0.432365 0.005898
vt 0.431774 0.005898
vt 0.433110 0.005898
vt 0.433936 0.005898
vt 0.434762 0.005898
vt 0.435507 0.005898
vt 0.435826 0.005504
vt 0.436099 0.005898
vt 0.919585 0.010309
vt 0.918849 0.009935
vt 0.920400 0.010439
vt 0.921216 0.010309
vt 0.921951 0.009935
vt 0.241618 0.005504
vt 0.241937 0.005898
vt 0.241346 0.005898
vt 0.242682 0.005898
vt 0.243508 0.005898
vt 0.245239 0.006340
vt 0.244418 0.006340
vt 0.245890 0.006340
vt 0.921298 0.005036
vt 0.922108 0.005449
vt 0.920400 0.004894
vt 0.919502 0.005036
vt 0.918692 0.005449
vt 0.432206 0.006340
vt 0.431554 0.006340
vt 0.433027 0.006340
vt 0.433936 0.006340
vt 0.434846 0.006340
vt 0.435667 0.006340
vt 0.436318 0.006340
vt 0.919502 0.010564
vt 0.918692 0.010151
vt 0.920400 0.010706
vt 0.921298 0.010564
vt 0.922108 0.010151
vt 0.241778 0.006340
vt 0.241127 0.006340
vt 0.242599 0.006340
vt 0.243508 0.006340
vt 0.245355 0.006819
vt 0.244479 0.006819
vt 0.246051 0.006819
vt 0.025153 0.005089
vt 0.025153 0.005841
vt 0.024714 0.005785
vt 0.024714 0.004983
vt 0.025153 0.006675
vt 0.024714 0.006675
vt 0.025153 0.007509
vt 0.024714 0.007565
vt 0.025153 0.008261
vt 0.024714 0.008368
vt 0.432089 0.006820
vt 0.431394 0.006820
vt 0.432965 0.006820
vt 0.433936 0.006820
vt 0.434907 0.006820
vt 0.435783 0.006820
vt 0.436479 0.006820
vt 0.319247 0.008261
vt 0.319247 0.007509
vt 0.319686 0.007565
vt 0.319686 0.008368
vt 0.319247 0.006675
vt 0.319686 0.006675
vt 0.319247 0.005841
vt 0.319686 0.005785
vt 0.319247 0.005089
vt 0.319686 0.004982
vt 0.241661 0.006819
vt 0.240966 0.006819
vt 0.242537 0.006819
vt 0.243508 0.006819
vt 0.245427 0.007324
vt 0.244517 0.007324
vt 0.246149 0.007324
vt 0.024252 0.005751
vt 0.024252 0.004917
vt 0.024252 0.006675
vt 0.024252 0.007599
vt 0.024252 0.008433
vt 0.432018 0.007324
vt 0.431296 0.007324
vt 0.432928 0.007324
vt 0.433936 0.007324
vt 0.434945 0.007324
vt 0.435854 0.007324
vt 0.436576 0.007324
vt 0.320148 0.007599
vt 0.320148 0.008433
vt 0.320148 0.006675
vt 0.320148 0.005751
vt 0.320148 0.004917
vt 0.241590 0.007324
vt 0.240868 0.007324
vt 0.242500 0.007324
vt 0.243508 0.007324
vt 0.245450 0.007841
vt 0.244529 0.007841
vt 0.246181 0.007841
vt 0.023778 0.005739
vt 0.023778 0.004896
vt 0.023778 0.006675
vt 0.023778 0.007611
vt 0.023778 0.008455
vt 0.431994 0.007841
vt 0.431263 0.007841
vt 0.432915 0.007841
vt 0.433936 0.007841
vt 0.434957 0.007841
vt 0.435878 0.007841
vt 0.436609 0.007841
vt 0.320621 0.007611
vt 0.320621 0.008455
vt 0.320621 0.006675
vt 0.320621 0.005740
vt 0.320621 0.004896
vt 0.241566 0.007841
vt 0.240835 0.007841
vt 0.242487 0.007841
vt 0.243508 0.007841
vt 0.245427 0.008357
vt 0.244517 0.008357
vt 0.246149 0.008357
vt 0.023304 0.005751
vt 0.023304 0.004917
vt 0.023304 0.006675
vt 0.023304 0.007599
vt 0.023304 0.008433
vt 0.432018 0.008357
vt 0.431296 0.008357
vt 0.432928 0.008357
vt 0.433936 0.008357
vt 0.434945 0.008357
vt 0.435854 0.008357
vt 0.436576 0.008357
vt 0.321095 0.007599
vt 0.321095 0.008433
vt 0.321095 0.006675
vt 0.321095 0.005751
vt 0.321095 0.004917
vt 0.241590 0.008357
vt 0.240868 0.008357
vt 0.242500 0.008357
vt 0.243508 0.008357
vt 0.245355 0.008862
vt 0.244479 0.008862
vt 0.246051 0.008862
vt 0.022842 0.005785
vt 0.022842 0.004983
vt 0.022842 0.006675
vt 0.022842 0.007565
vt 0.022842 0.008368
vt 0.432089 0.008862
vt 0.431394 0.008862
vt 0.432965 0.008862
vt 0.433936 0.008862
vt 0.434907 0.008862
vt 0.435783 0.008862
vt 0.436479 0.008862
vt 0.321557 0.007565
vt 0.321557 0.008368
vt 0.321557 0.006675
vt 0.321557 0.005785
vt 0.321557 0.004982
vt 0.241661 0.008862
vt 0.240966 0.008862
vt 0.242537 0.008862
vt 0.243508 0.008862
vt 0.245239 0.009340
vt 0.244418 0.009340
vt 0.245890 0.009340
vt 0.022403 0.005841
vt 0.022403 0.005089
vt 0.022403 0.006675
vt 0.022403 0.007509
vt 0.022403 0.008261
vt 0.432206 0.009341
vt 0.431554 0.009341
vt 0.433027 0.009341
vt 0.433936 0.009341
vt 0.434846 0.009341
vt 0.435667 0.009341
vt 0.436318 0.009341
vt 0.321996 0.007509
vt 0.321996 0.008261
vt 0.321996 0.006675
vt 0.321996 0.005841
vt 0.321996 0.005089
vt 0.241778 0.009340
vt 0.241127 0.009340
vt 0.242599 0.009340
vt 0.243508 0.009340
vt 0.245080 0.009783
vt 0.244334 0.009783
vt 0.245671 0.009783
vt 0.849298 0.010151
vt 0.848488 0.010564
vt 0.848405 0.010309
vt 0.849141 0.009935
vt 0.847590 0.010706
vt 0.847590 0.010438
vt 0.846692 0.010564
vt 0.846774 0.010309
vt 0.845881 0.010151
vt 0.846039 0.009935
vt 0.432365 0.009783
vt 0.431774 0.009783
vt 0.433110 0.009783
vt 0.433936 0.009783
vt 0.434762 0.009783
vt 0.435507 0.009783
vt 0.436099 0.009783
vt 0.845881 0.005449
vt 0.846692 0.005036
vt 0.846774 0.005290
vt 0.846039 0.005665
vt 0.847590 0.004894
vt 0.847590 0.005161
vt 0.848488 0.005036
vt 0.848405 0.005290
vt 0.849298 0.005449
vt 0.849141 0.005665
vt 0.241937 0.009783
vt 0.241346 0.009783
vt 0.242682 0.009783
vt 0.243508 0.009783
vt 0.244882 0.010177
vt 0.244230 0.010177
vt 0.245399 0.010177
vt 0.848302 0.009993
vt 0.848945 0.009666
vt 0.847590 0.010106
vt 0.846877 0.009993
vt 0.846234 0.009666
vt 0.432563 0.010177
vt 0.432046 0.010177
vt 0.433214 0.010177
vt 0.433936 0.010177
vt 0.434658 0.010177
vt 0.435310 0.010177
vt 0.435826 0.010177
vt 0.846877 0.005607
vt 0.846234 0.005934
vt 0.847590 0.005494
vt 0.848302 0.005607
vt 0.848945 0.005934
vt 0.242135 0.010177
vt 0.241618 0.010177
vt 0.242786 0.010177
vt 0.243508 0.010177
vt 0.244650 0.010514
vt 0.244109 0.010514
vt 0.849455 0.009156
vt 0.848716 0.009351
vt 0.849141 0.008927
vt 0.848182 0.009623
vt 0.847590 0.009717
vt 0.846997 0.009623
vt 0.846463 0.009351
vt 0.845724 0.009156
vt 0.846039 0.008927
vt 0.433336 0.010514
vt 0.432795 0.010514
vt 0.433936 0.010514
vt 0.434536 0.010514
vt 0.435078 0.010514
vt 0.845724 0.006444
vt 0.846463 0.006249
vt 0.846039 0.006673
vt 0.846997 0.005976
vt 0.847590 0.005883
vt 0.848182 0.005976
vt 0.848716 0.006249
vt 0.849455 0.006444
vt 0.849141 0.006673
vt 0.242908 0.010514
vt 0.242367 0.010514
vt 0.243508 0.010514
vt 0.849413 0.008392
vt 0.848788 0.008670
vt 0.848998 0.008257
vt 0.848460 0.008998
vt 0.848047 0.009208
vt 0.847590 0.009281
vt 0.847132 0.009208
vt 0.846719 0.008998
vt 0.846392 0.008670
vt 0.845766 0.008392
vt 0.846181 0.008257
vt 0.433936 0.010785
vt 0.433473 0.010785
vt 0.434400 0.010785
vt 0.845766 0.007207
vt 0.846392 0.006930
vt 0.846181 0.007342
vt 0.846719 0.006602
vt 0.847132 0.006392
vt 0.847590 0.006319
vt 0.848047 0.006392
vt 0.848460 0.006602
vt 0.848788 0.006930
vt 0.849413 0.007207
vt 0.848998 0.007342
vt 0.243508 0.010785
vt 0.243045 0.010785
vt 0.243972 0.010785
vt 0.848405 0.008392
vt 0.848548 0.008111
vt 0.848182 0.008615
vt 0.847901 0.008758
vt 0.847590 0.008808
vt 0.847278 0.008758
vt 0.846997 0.008615
vt 0.846774 0.008392
vt 0.846631 0.008111
vt 0.846109 0.007800
vt 0.846582 0.007800
vt 0.846631 0.007488
vt 0.846774 0.007207
vt 0.846997 0.006984
vt 0.847278 0.006841
vt 0.847590 0.006792
vt 0.847901 0.006841
vt 0.848182 0.006984
vt 0.848405 0.007207
vt 0.848548 0.007488
vt 0.849070 0.007800
vt 0.848597 0.007800
vt 0.848002 0.008100
vt 0.848075 0.007958
vt 0.847889 0.008213
vt 0.847747 0.008285
vt 0.847590 0.008310
vt 0.847432 0.008285
vt 0.847290 0.008213
vt 0.847177 0.008100
vt 0.847104 0.007958
vt 0.847079 0.007800
vt 0.847104 0.007642
vt 0.847177 0.007500
vt 0.847290 0.007387
vt 0.847432 0.007315
vt 0.847590 0.007290
vt 0.847747 0.007315
vt 0.847889 0.007387
vt 0.848002 0.007500
vt 0.848075 0.007642
vt 0.848100 0.007800
vt 0.920400 0.007800
vt 0.847590 0.007800
vt 0.789716 0.639183
vt 0.789716 0.633548
vt 0.804887 0.633548
vt 0.804887 0.639183
vt 0.336413 0.284756
vt 0.336413 0.268397
vt 0.373947 0.268397
vt 0.373947 0.284756
vt 0.551545 0.274159
vt 0.551545 0.268524
vt 0.566716 0.268524
vt 0.566716 0.274159
vt 0.104137 0.283343
vt 0.104137 0.266461
vt 0.142872 0.266461
vt 0.142872 0.283343
vt 0.868081 0.096445
vt 0.868081 0.093806
vt 0.880555 0.093806
vt 0.880555 0.096445
vt 0.901686 0.194471
vt 0.901686 0.191832
vt 0.914160 0.191832
vt 0.914160 0.194471
vt 0.165204 0.266461
vt 0.165204 0.283343
vt 0.884510 0.096586
vt 0.872461 0.097966
vt 0.319052 0.284756
vt 0.319052 0.268397
vt 0.906066 0.190311
vt 0.918115 0.191690
vt 0.391308 0.268397
vt 0.391308 0.284756
vt 0.872461 0.092284
vt 0.884510 0.093664
vt 0.081805 0.283343
vt 0.081805 0.266461
vt 0.918115 0.194613
vt 0.906066 0.195993
vt 0.191251 0.266461
vt 0.191251 0.283343
vt 0.893106 0.096722
vt 0.882303 0.099741
vt 0.297800 0.284756
vt 0.297800 0.268397
vt 0.915908 0.188536
vt 0.926710 0.191555
vt 0.412560 0.268397
vt 0.412560 0.284756
vt 0.882303 0.090510
vt 0.893106 0.093528
vt 0.055758 0.283343
vt 0.055758 0.266461
vt 0.926710 0.194749
vt 0.915908 0.197767
vt 0.223606 0.266461
vt 0.223606 0.283343
vt 0.911106 0.097798
vt 0.902286 0.101945
vt 0.269872 0.284756
vt 0.269872 0.268397
vt 0.935891 0.186332
vt 0.944711 0.190479
vt 0.440488 0.268397
vt 0.440488 0.284756
vt 0.902286 0.088305
vt 0.911106 0.092452
vt 0.023403 0.283343
vt 0.023403 0.266461
vt 0.944711 0.195825
vt 0.935891 0.199972
vt 0.247009 0.266461
vt 0.247009 0.283343
vt 0.937976 0.098278
vt 0.937976 0.103539
vt 0.252037 0.284756
vt 0.252037 0.268397
vt 0.971581 0.184738
vt 0.971581 0.189999
vt 0.458323 0.268397
vt 0.458323 0.284756
vt 0.937976 0.086711
vt 0.937976 0.091972
vt 0.000000 0.283343
vt 0.000000 0.266461
vt 0.971581 0.196305
vt 0.971581 0.201566
vt 0.104137 0.227384
vt 0.142872 0.227384
vt 0.336413 0.230532
vt 0.373947 0.230532
vt 0.319052 0.230532
vt 0.165204 0.227384
vt 0.081805 0.227384
vt 0.391308 0.230532
vt 0.297800 0.230532
vt 0.191251 0.227384
vt 0.055758 0.227384
vt 0.412560 0.230532
vt 0.269872 0.230532
vt 0.223606 0.227384
vt 0.023403 0.227384
vt 0.440488 0.230532
vt 0.252037 0.230532
vt 0.789716 0.598800
vt 0.804887 0.598800
vt 0.247009 0.227384
vt 0.000000 0.227384
vt 0.551545 0.233776
vt 0.566716 0.233776
vt 0.458323 0.230532
vt 0.142872 0.322419
vt 0.104137 0.322419
vt 0.373947 0.322621
vt 0.336413 0.322621
vt 0.165204 0.322419
vt 0.319052 0.322621
vt 0.391308 0.322621
vt 0.081805 0.322419
vt 0.191251 0.322419
vt 0.297800 0.322621
vt 0.412560 0.322621
vt 0.055758 0.322419
vt 0.223606 0.322419
vt 0.269872 0.322621
vt 0.440488 0.322621
vt 0.023403 0.322419
vt 0.247009 0.322419
vt 0.804887 0.673931
vt 0.789716 0.673931
vt 0.252037 0.322621
vt 0.458323 0.322621
vt 0.566716 0.308907
vt 0.551545 0.308907
vt 0.000000 0.322419
vt 0.106493 0.146434
vt 0.140516 0.146434
vt 0.338696 0.152091
vt 0.371664 0.152091
vt 0.323446 0.152091
vt 0.160132 0.146434
vt 0.086877 0.146434
vt 0.386914 0.152091
vt 0.304779 0.152091
vt 0.183012 0.146434
vt 0.063997 0.146434
vt 0.405581 0.152091
vt 0.280247 0.152091
vt 0.211431 0.146434
vt 0.035578 0.146434
vt 0.430112 0.152091
vt 0.264581 0.152091
vt 0.803072 0.526818
vt 0.816399 0.526818
vt 0.231988 0.146434
vt 0.015021 0.146434
vt 0.540033 0.161795
vt 0.553360 0.161795
vt 0.445778 0.152091
vt 0.140516 0.403369
vt 0.106493 0.403369
vt 0.371664 0.401062
vt 0.338696 0.401062
vt 0.160132 0.403369
vt 0.323446 0.401062
vt 0.386914 0.401062
vt 0.086877 0.403369
vt 0.183012 0.403369
vt 0.304779 0.401062
vt 0.405581 0.401062
vt 0.063997 0.403369
vt 0.211431 0.403369
vt 0.280247 0.401062
vt 0.430112 0.401062
vt 0.035578 0.403369
vt 0.231988 0.403369
vt 0.816399 0.745912
vt 0.803072 0.745912
vt 0.264581 0.401062
vt 0.445778 0.401062
vt 0.553360 0.380888
vt 0.540033 0.380888
vt 0.015021 0.403369
vt 0.111971 0.087918
vt 0.135038 0.087918
vt 0.344004 0.095389
vt 0.366356 0.095389
vt 0.333665 0.095389
vt 0.148337 0.087918
vt 0.098672 0.087918
vt 0.376694 0.095389
vt 0.321009 0.095389
vt 0.163848 0.087918
vt 0.083160 0.087918
vt 0.389350 0.095389
vt 0.304378 0.095389
vt 0.183116 0.087918
vt 0.063893 0.087918
vt 0.405982 0.095389
vt 0.301969 0.095389
vt 0.834137 0.474785
vt 0.845316 0.474785
vt 0.197053 0.087918
vt 0.049956 0.087918
vt 0.511116 0.109762
vt 0.522295 0.109762
vt 0.408391 0.095389
vt 0.135038 0.461885
vt 0.111971 0.461885
vt 0.366356 0.457764
vt 0.344004 0.457764
vt 0.148337 0.461885
vt 0.333665 0.457764
vt 0.376694 0.457764
vt 0.098672 0.461885
vt 0.163848 0.461885
vt 0.321009 0.457764
vt 0.389350 0.457764
vt 0.083160 0.461885
vt 0.183116 0.461885
vt 0.304378 0.457764
vt 0.405982 0.457764
vt 0.063893 0.461885
vt 0.197053 0.461885
vt 0.845316 0.797945
vt 0.834137 0.797945
vt 0.301969 0.457764
vt 0.408391 0.457764
vt 0.522295 0.432922
vt 0.511116 0.432922
vt 0.049956 0.461885
vt 0.121346 0.049243
vt 0.125663 0.049243
vt 0.353089 0.045163
vt 0.357271 0.045163
vt 0.351950 0.041121
vt 0.848884 0.124472
vt 0.840123 0.108755
vt 0.865285 0.097676
vt 0.870103 0.100617
vt 0.840123 0.081495
vt 0.848884 0.065778
vt 0.870103 0.089634
vt 0.865285 0.092575
vt 0.358410 0.041121
vt 0.350584 0.032336
vt 0.868566 0.142803
vt 0.880929 0.104047
vt 0.868566 0.047447
vt 0.880929 0.086203
vt 0.359775 0.032336
vt 0.312866 0.540605
vt 0.284424 0.540605
vt 0.295137 0.462126
vt 0.310780 0.479853
vt 0.131054 0.034242
vt 0.134659 0.013164
vt 0.112350 0.013164
vt 0.115955 0.034242
vt 0.924573 0.444928
vt 0.896131 0.444928
vt 0.898217 0.384176
vt 0.913860 0.366449
vt 0.275100 0.540605
vt 0.275100 0.449432
vt 0.887299 0.387949
vt 0.891980 0.387949
vt 0.903216 0.744068
vt 0.878889 0.744068
vt 0.874244 0.671076
vt 0.903216 0.648715
vt 0.399582 0.764718
vt 0.375255 0.764718
vt 0.375255 0.669365
vt 0.404227 0.691726
vt 0.464452 0.022926
vt 0.469133 0.022926
vt 0.933897 0.444928
vt 0.933897 0.353754
vt 0.125663 0.500560
vt 0.121346 0.500560
vt 0.357271 0.507990
vt 0.353089 0.507990
vt 0.873728 0.179522
vt 0.882489 0.163805
vt 0.903708 0.187660
vt 0.898890 0.190601
vt 0.351950 0.512033
vt 0.358410 0.512033
vt 0.882489 0.222499
vt 0.873728 0.206782
vt 0.898890 0.195702
vt 0.903708 0.198643
vt 0.902171 0.145474
vt 0.914534 0.184230
vt 0.350584 0.520818
vt 0.359775 0.520818
vt 0.902171 0.240830
vt 0.914534 0.202073
vt 0.134659 0.536639
vt 0.131054 0.515561
vt 0.284424 0.889751
vt 0.312866 0.889751
vt 0.310780 0.950503
vt 0.295137 0.968230
vt 0.896131 0.794073
vt 0.924573 0.794073
vt 0.913860 0.872552
vt 0.898217 0.854825
vt 0.115955 0.515561
vt 0.112350 0.536639
vt 0.324408 0.658416
vt 0.348735 0.658416
vt 0.348735 0.753769
vt 0.319763 0.731408
vt 0.891980 0.884781
vt 0.887299 0.884781
vt 0.275100 0.889751
vt 0.275100 0.980924
vt 0.933897 0.794073
vt 0.933897 0.885247
vt 0.469133 0.519758
vt 0.464452 0.519758
vt 0.957740 0.004896
vt 0.982067 0.004896
vt 0.986712 0.077888
vt 0.957740 0.100249
vt 0.442465 0.739912
vt 0.442465 0.724683
vt 0.453925 0.729330
vt 0.453925 0.735265
vt 0.275100 0.707297
vt 0.275100 0.723059
vt 0.263239 0.718249
vt 0.263239 0.712107
vt 0.442465 0.689433
vt 0.453925 0.692735
vt 0.275100 0.670814
vt 0.263239 0.674232
vt 0.275100 0.759542
vt 0.263239 0.756124
vt 0.442465 0.775163
vt 0.453925 0.771860
vt 0.442465 0.616409
vt 0.453925 0.616927
vt 0.275100 0.595237
vt 0.263239 0.595774
vt 0.275100 0.835119
vt 0.263239 0.834583
vt 0.442465 0.848186
vt 0.453925 0.847668
vt 0.442465 0.563623
vt 0.453925 0.562128
vt 0.263239 0.539058
vt 0.263239 0.891298
vt 0.442465 0.900972
vt 0.453925 0.902467
vt 0.937976 0.182044
vt 0.937976 0.111390
vt 0.952990 0.112010
vt 0.952990 0.185358
vt 0.952990 0.098398
vt 0.952990 0.103860
vt 0.263239 0.444408
vt 0.263239 0.985948
vt 0.986595 0.184417
vt 0.986595 0.189879
vt 0.986595 0.176267
vt 0.971581 0.176887
vt 0.971581 0.106233
vt 0.986595 0.102919
vt 0.933897 0.627381
vt 0.933897 0.611620
vt 0.945758 0.616429
vt 0.945758 0.622572
vt 0.437123 0.737542
vt 0.437123 0.752770
vt 0.425662 0.748123
vt 0.425662 0.742189
vt 0.933897 0.575137
vt 0.945758 0.578555
vt 0.437123 0.702291
vt 0.425662 0.705594
vt 0.437123 0.788021
vt 0.425662 0.784718
vt 0.933897 0.663864
vt 0.945758 0.660446
vt 0.933897 0.499560
vt 0.945758 0.500096
vt 0.437123 0.629268
vt 0.425662 0.629786
vt 0.437123 0.861044
vt 0.425662 0.860527
vt 0.933897 0.739441
vt 0.945758 0.738905
vt 0.945758 0.443380
vt 0.437123 0.576481
vt 0.425662 0.574986
vt 0.437123 0.913831
vt 0.425662 0.915326
vt 0.945758 0.795621
vt 0.945758 0.348730
vt 0.952990 0.086390
vt 0.952990 0.091852
vt 0.952990 0.078240
vt 0.937976 0.078861
vt 0.937976 0.008207
vt 0.952990 0.004892
vt 0.971581 0.280070
vt 0.971581 0.209416
vt 0.986595 0.210037
vt 0.986595 0.283385
vt 0.986595 0.196425
vt 0.986595 0.201887
vt 0.945758 0.890271
vt 0.122388 0.044946
vt 0.124621 0.044946
vt 0.128151 0.044623
vt 0.125908 0.039812
vt 0.127410 0.028278
vt 0.129275 0.004858
vt 0.873728 0.662966
vt 0.903216 0.638120
vt 0.893206 0.378301
vt 0.897165 0.378301
vt 0.275100 0.439301
vt 0.263239 0.433891
vt 0.296327 0.453406
vt 0.348127 0.013937
vt 0.352988 0.004887
vt 0.353871 0.025330
vt 0.353982 0.035091
vt 0.354098 0.039583
vt 0.356262 0.039583
vt 0.356378 0.035091
vt 0.356489 0.025330
vt 0.362233 0.013937
vt 0.357372 0.004887
vt 0.912669 0.357729
vt 0.933897 0.343624
vt 0.945758 0.338213
vt 0.459267 0.013277
vt 0.463226 0.013277
vt 0.375255 0.658770
vt 0.404743 0.683616
vt 0.117734 0.004858
vt 0.119599 0.028278
vt 0.118858 0.044623
vt 0.121101 0.039812
vt 0.118858 0.505181
vt 0.121101 0.509991
vt 0.119599 0.521525
vt 0.117734 0.544946
vt 0.987228 0.085998
vt 0.957740 0.110844
vt 0.463226 0.529406
vt 0.459267 0.529406
vt 0.933897 0.895377
vt 0.945758 0.900788
vt 0.912669 0.881272
vt 0.362233 0.539216
vt 0.357372 0.548267
vt 0.356489 0.527824
vt 0.356378 0.518062
vt 0.356262 0.513571
vt 0.354098 0.513571
vt 0.353982 0.518062
vt 0.353871 0.527824
vt 0.348127 0.539216
vt 0.352988 0.548267
vt 0.296327 0.976950
vt 0.275100 0.991055
vt 0.263239 0.996465
vt 0.897165 0.894430
vt 0.893206 0.894430
vt 0.348735 0.764364
vt 0.319247 0.739518
vt 0.129275 0.544946
vt 0.127410 0.521525
vt 0.128151 0.505181
vt 0.125908 0.509991
vt 0.124621 0.504857
vt 0.122388 0.504857
vt 0.669445 0.103487
vt 0.673474 0.124627
vt 0.671157 0.125068
vt 0.667127 0.103929
vt 0.677504 0.145766
vt 0.675187 0.146208
vt 0.585459 0.231173
vt 0.587143 0.252886
vt 0.584805 0.252886
vt 0.583121 0.231173
vt 0.585459 0.274598
vt 0.583121 0.274598
vt 0.247066 0.185130
vt 0.251096 0.163991
vt 0.253413 0.164433
vt 0.249383 0.185572
vt 0.255126 0.142852
vt 0.257443 0.143294
vt 0.667133 0.273558
vt 0.668817 0.251845
vt 0.671155 0.251845
vt 0.669471 0.273558
vt 0.667133 0.230132
vt 0.669471 0.230132
vt 0.306651 0.741302
vt 0.325466 0.749236
vt 0.306651 0.768390
vt 0.287835 0.749236
vt 0.280041 0.768390
vt 0.287835 0.787545
vt 0.306651 0.795479
vt 0.325466 0.787545
vt 0.333260 0.768390
vt 0.863145 0.892089
vt 0.844329 0.900023
vt 0.844329 0.872934
vt 0.825513 0.892089
vt 0.817720 0.872934
vt 0.825513 0.853779
vt 0.844329 0.845845
vt 0.863145 0.853779
vt 0.870939 0.872934
vt 0.210218 0.493726
vt 0.191401 0.485791
vt 0.191418 0.483365
vt 0.211920 0.492010
vt 0.829929 0.061497
vt 0.848747 0.053562
vt 0.850414 0.055278
vt 0.829912 0.063923
vt 0.172584 0.493726
vt 0.170916 0.492010
vt 0.811112 0.053562
vt 0.809410 0.055278
vt 0.164789 0.512882
vt 0.162424 0.512882
vt 0.803318 0.034406
vt 0.800917 0.034406
vt 0.172584 0.532038
vt 0.170916 0.533753
vt 0.811112 0.015250
vt 0.809410 0.013535
vt 0.191401 0.539973
vt 0.191418 0.542399
vt 0.829929 0.007316
vt 0.829912 0.004890
vt 0.210218 0.532038
vt 0.211920 0.533753
vt 0.848747 0.015250
vt 0.850414 0.013535
vt 0.218012 0.512882
vt 0.220413 0.512882
vt 0.856541 0.034406
vt 0.858906 0.034406
vt 0.500899 0.199104
vt 0.497201 0.218506
vt 0.496571 0.218386
vt 0.500269 0.198984
vt 0.670075 0.103367
vt 0.674104 0.124507
vt 0.493502 0.237908
vt 0.492872 0.237788
vt 0.678134 0.145646
vt 0.674280 0.420904
vt 0.672734 0.440833
vt 0.672098 0.440833
vt 0.673644 0.420904
vt 0.586094 0.231173
vt 0.587778 0.252886
vt 0.674280 0.460761
vt 0.673644 0.460761
vt 0.586094 0.274598
vt 0.601084 0.078385
vt 0.597386 0.058983
vt 0.598016 0.058863
vt 0.601714 0.078265
vt 0.246436 0.185010
vt 0.250466 0.163871
vt 0.593687 0.039581
vt 0.594317 0.039461
vt 0.254496 0.142732
vt 0.668043 0.463123
vt 0.666498 0.443194
vt 0.667133 0.443194
vt 0.668679 0.463123
vt 0.666498 0.273558
vt 0.668182 0.251845
vt 0.668043 0.423266
vt 0.668679 0.423266
vt 0.666498 0.230132
vt 0.003699 0.164584
vt 0.007397 0.145182
vt 0.008027 0.145302
vt 0.004329 0.164704
vt 0.670527 0.125188
vt 0.666498 0.104049
vt 0.000000 0.183986
vt 0.000630 0.184106
vt 0.674557 0.146328
vt 0.688901 0.444772
vt 0.690447 0.424844
vt 0.691082 0.424844
vt 0.689536 0.444772
vt 0.584169 0.252886
vt 0.582485 0.231173
vt 0.690447 0.464700
vt 0.691082 0.464700
vt 0.582485 0.274598
vt 0.922863 0.266195
vt 0.926562 0.285596
vt 0.925932 0.285717
vt 0.922233 0.266315
vt 0.254043 0.164553
vt 0.250013 0.185692
vt 0.919164 0.246793
vt 0.918534 0.246913
vt 0.258073 0.143414
vt 0.448701 0.444478
vt 0.450247 0.464406
vt 0.449611 0.464406
vt 0.448066 0.444478
vt 0.671791 0.251845
vt 0.670107 0.273558
vt 0.450247 0.424549
vt 0.449611 0.424549
vt 0.670107 0.230132
vt 0.022208 0.096496
vt 0.018179 0.117635
vt 0.015861 0.117193
vt 0.019891 0.096054
vt 0.014149 0.138774
vt 0.011832 0.138332
vt 0.525534 0.341433
vt 0.523850 0.363146
vt 0.521512 0.363146
vt 0.523196 0.341433
vt 0.525534 0.384859
vt 0.523196 0.384859
vt 0.563171 0.148712
vt 0.559141 0.127573
vt 0.561458 0.127131
vt 0.565488 0.148270
vt 0.555111 0.106434
vt 0.557428 0.105992
vt 0.668817 0.382799
vt 0.667133 0.361087
vt 0.669471 0.361087
vt 0.671155 0.382799
vt 0.668817 0.339374
vt 0.671155 0.339374
vt 0.973148 0.796155
vt 0.991964 0.804089
vt 0.973148 0.823244
vt 0.954332 0.804089
vt 0.946539 0.823244
vt 0.954332 0.842398
vt 0.973148 0.850332
vt 0.991964 0.842398
vt 0.999758 0.823244
vt 0.835141 0.846346
vt 0.816325 0.854280
vt 0.816325 0.827192
vt 0.797509 0.846346
vt 0.789716 0.827192
vt 0.797509 0.808037
vt 0.816325 0.800103
vt 0.835141 0.808037
vt 0.842935 0.827192
vt 0.249459 0.448863
vt 0.230642 0.440928
vt 0.230624 0.438502
vt 0.251126 0.447147
vt 0.902705 0.061497
vt 0.921522 0.053562
vt 0.923225 0.055278
vt 0.902722 0.063923
vt 0.211825 0.448863
vt 0.210122 0.447147
vt 0.883888 0.053562
vt 0.882220 0.055278
vt 0.204030 0.468019
vt 0.201629 0.468019
vt 0.876093 0.034406
vt 0.873728 0.034406
vt 0.211825 0.487175
vt 0.210122 0.488890
vt 0.883888 0.015250
vt 0.882220 0.013535
vt 0.230642 0.495110
vt 0.230624 0.497536
vt 0.902705 0.007316
vt 0.902722 0.004890
vt 0.249459 0.487175
vt 0.251126 0.488890
vt 0.921522 0.015250
vt 0.923225 0.013535
vt 0.257253 0.468019
vt 0.259619 0.468019
vt 0.929316 0.034406
vt 0.931717 0.034406
vt 0.549510 0.110418
vt 0.553209 0.129820
vt 0.552579 0.129940
vt 0.548880 0.110538
vt 0.022838 0.096616
vt 0.018808 0.117755
vt 0.556908 0.149222
vt 0.556278 0.149342
vt 0.014779 0.138894
vt 0.583121 0.436441
vt 0.584666 0.456368
vt 0.584031 0.456368
vt 0.582485 0.436441
vt 0.526169 0.341433
vt 0.524485 0.363146
vt 0.583121 0.476296
vt 0.582485 0.476296
vt 0.526169 0.384859
vt 0.940938 0.305056
vt 0.944636 0.285654
vt 0.945266 0.285774
vt 0.941568 0.305176
vt 0.562541 0.148832
vt 0.558511 0.127693
vt 0.948335 0.266252
vt 0.948965 0.266372
vt 0.554481 0.106554
vt 0.442465 0.466767
vt 0.444010 0.446839
vt 0.444646 0.446839
vt 0.443100 0.466767
vt 0.668182 0.382799
vt 0.666498 0.361087
vt 0.442465 0.426911
vt 0.443100 0.426911
vt 0.668182 0.339374
vt 0.546978 0.134492
vt 0.543280 0.115089
vt 0.543909 0.114969
vt 0.547608 0.134371
vt 0.015231 0.117073
vt 0.019261 0.095934
vt 0.550677 0.153893
vt 0.551307 0.153773
vt 0.011202 0.138212
vt 0.679245 0.440049
vt 0.677699 0.420121
vt 0.678335 0.420121
vt 0.679880 0.440049
vt 0.520876 0.363146
vt 0.522560 0.341433
vt 0.677699 0.459978
vt 0.678335 0.459978
vt 0.522560 0.384859
vt 0.900460 0.267313
vt 0.896761 0.286715
vt 0.896131 0.286595
vt 0.899830 0.267193
vt 0.562088 0.127011
vt 0.566118 0.148150
vt 0.904158 0.247912
vt 0.903528 0.247792
vt 0.558058 0.105872
vt 0.467049 0.448388
vt 0.465504 0.468315
vt 0.464868 0.468315
vt 0.466414 0.448388
vt 0.670107 0.361087
vt 0.671791 0.382799
vt 0.465504 0.428460
vt 0.464868 0.428460
vt 0.671791 0.339374
vt 0.627292 0.292592
vt 0.627292 0.277996
vt 0.641278 0.277996
vt 0.641278 0.292592
vt 0.946539 0.508446
vt 0.946539 0.493848
vt 0.955581 0.493848
vt 0.955581 0.508446
vt 0.927996 0.729104
vt 0.917810 0.729104
vt 0.917810 0.721188
vt 0.928288 0.721188
vt 0.987337 0.521208
vt 0.978139 0.521208
vt 0.978139 0.362948
vt 0.987337 0.362948
vt 0.628197 0.122427
vt 0.645596 0.110408
vt 0.645596 0.460180
vt 0.628197 0.448161
vt 0.955581 0.676059
vt 0.946539 0.676059
vt 0.978139 0.310042
vt 0.987337 0.310042
vt 0.657114 0.070421
vt 0.675196 0.070421
vt 0.675196 0.500167
vt 0.657114 0.500167
vt 0.459267 0.588401
vt 0.469627 0.588401
vt 0.469627 0.622316
vt 0.459267 0.622316
vt 0.946826 0.676059
vt 0.957121 0.676059
vt 0.957121 0.695693
vt 0.946826 0.695693
vt 0.674356 0.048873
vt 0.692438 0.048873
vt 0.692438 0.521715
vt 0.674356 0.521715
vt 0.469627 0.642072
vt 0.459267 0.642072
vt 0.957121 0.745638
vt 0.946826 0.745638
vt 0.718216 0.004883
vt 0.719531 0.022930
vt 0.719531 0.547658
vt 0.719531 0.562254
vt 0.469627 0.673115
vt 0.459267 0.673115
vt 0.957121 0.773159
vt 0.946826 0.773159
vt 0.742384 0.012092
vt 0.742714 0.031727
vt 0.742714 0.538861
vt 0.742714 0.553458
vt 0.469627 0.699677
vt 0.459267 0.699677
vt 0.957121 0.793171
vt 0.946539 0.795717
vt 0.762195 0.005294
vt 0.771361 0.021773
vt 0.774550 0.542703
vt 0.774550 0.557299
vt 0.469627 0.736155
vt 0.459267 0.736155
vt 0.782152 0.005383
vt 0.777771 0.017743
vt 0.790707 0.552290
vt 0.790707 0.566886
vt 0.469627 0.754667
vt 0.459267 0.754667
vt 0.779781 0.584122
vt 0.768237 0.588920
vt 0.408340 0.085892
vt 0.397398 0.085892
vt 0.397398 0.072670
vt 0.408340 0.072670
vt 0.644990 0.028687
vt 0.644594 0.033251
vt 0.644094 0.033237
vt 0.644491 0.028672
vt 0.079954 0.542253
vt 0.070254 0.542253
vt 0.070254 0.526720
vt 0.082827 0.526720
vt 0.375104 0.034392
vt 0.369906 0.024659
vt 0.370158 0.004697
vt 0.378938 0.031883
vt 0.918534 0.157601
vt 0.933853 0.155150
vt 0.923263 0.185551
vt 0.918565 0.185577
vt 0.078488 0.004725
vt 0.078913 0.019006
vt 0.076609 0.037473
vt 0.072693 0.034909
vt 0.386349 0.816503
vt 0.386349 0.821431
vt 0.384607 0.821458
vt 0.384988 0.816535
vt 0.383778 0.046692
vt 0.387612 0.044182
vt 0.963437 0.201825
vt 0.968309 0.201448
vt 0.968309 0.210702
vt 0.963437 0.211079
vt 0.067747 0.050039
vt 0.063831 0.047475
vt 0.375255 0.821458
vt 0.375636 0.816535
vt 0.390697 0.050686
vt 0.392869 0.046650
vt 0.968263 0.216287
vt 0.963393 0.216687
vt 0.060701 0.054099
vt 0.058482 0.049976
vt 0.331572 0.058031
vt 0.331220 0.062597
vt 0.330448 0.062743
vt 0.330803 0.058178
vt 0.850386 0.043470
vt 0.845724 0.043445
vt 0.845779 0.036079
vt 0.850441 0.036104
vt 0.379944 0.049201
vt 0.388526 0.054722
vt 0.386800 0.056568
vt 0.382701 0.056415
vt 0.364111 0.037495
vt 0.368985 0.037895
vt 0.368927 0.039725
vt 0.364053 0.039337
vt 0.062919 0.058223
vt 0.071664 0.052602
vt 0.068847 0.059973
vt 0.064670 0.060125
vt 0.845801 0.029547
vt 0.850463 0.029572
vt 0.385910 0.062899
vt 0.383588 0.062812
vt 0.644135 0.066672
vt 0.648733 0.066643
vt 0.648712 0.073020
vt 0.644113 0.073049
vt 0.067940 0.066509
vt 0.065575 0.066593
vt 0.845804 0.025969
vt 0.850466 0.025994
vt 0.385053 0.066394
vt 0.382990 0.066316
vt 0.648708 0.076540
vt 0.644110 0.076570
vt 0.068552 0.070090
vt 0.066449 0.070164
vt 0.845820 0.021694
vt 0.850482 0.021719
vt 0.385183 0.070534
vt 0.384412 0.070503
vt 0.648692 0.080710
vt 0.644094 0.080740
vt 0.067099 0.074367
vt 0.066313 0.074394
vt 0.412932 0.054002
vt 0.413846 0.050576
vt 0.968223 0.238649
vt 0.963353 0.239067
vt 0.038000 0.057495
vt 0.037066 0.053995
vt 0.364151 0.012411
vt 0.369025 0.012829
vt 0.421301 0.055033
vt 0.421814 0.051525
vt 0.968211 0.247145
vt 0.963341 0.247568
vt 0.029455 0.058548
vt 0.028930 0.054963
vt 0.690692 0.053227
vt 0.690301 0.057792
vt 0.688901 0.057982
vt 0.689293 0.053418
vt 0.364215 0.004891
vt 0.369089 0.005310
vt 0.412018 0.057428
vt 0.420788 0.058542
vt 0.423423 0.064957
vt 0.419061 0.065337
vt 0.240937 0.152699
vt 0.245569 0.152661
vt 0.245508 0.159171
vt 0.240876 0.159208
vt 0.029979 0.062133
vt 0.038934 0.060996
vt 0.031738 0.069076
vt 0.027283 0.068688
vt 0.564680 0.377420
vt 0.560082 0.377382
vt 0.560096 0.362511
vt 0.564694 0.362548
vt 0.425280 0.080162
vt 0.421910 0.080101
vt 0.245494 0.174600
vt 0.240862 0.174637
vt 0.028827 0.084161
vt 0.025386 0.084223
vt 0.560123 0.344425
vt 0.564721 0.344462
vt 0.421407 0.098082
vt 0.420007 0.098057
vt 0.245467 0.192783
vt 0.240835 0.192820
vt 0.030772 0.102506
vt 0.029342 0.102532
vt 0.432984 0.058403
vt 0.433399 0.055561
vt 0.968547 0.259504
vt 0.963677 0.259928
vt 0.017519 0.062000
vt 0.017095 0.059096
vt 0.917563 0.053116
vt 0.912934 0.052714
vt 0.913263 0.040766
vt 0.917893 0.041169
vt 0.438488 0.060462
vt 0.441695 0.058886
vt 0.968787 0.268392
vt 0.963917 0.268778
vt 0.011859 0.064120
vt 0.008583 0.062509
vt 0.913338 0.038014
vt 0.917968 0.038382
vt 0.446518 0.082205
vt 0.450091 0.082160
vt 0.985856 0.004910
vt 0.990574 0.004896
vt 0.990751 0.028971
vt 0.986033 0.028964
vt 0.003650 0.086355
vt 0.000000 0.086309
vt 0.458328 0.397292
vt 0.453666 0.397279
vt 0.453829 0.376643
vt 0.458490 0.376636
vt 0.446691 0.095215
vt 0.449050 0.095185
vt 0.990682 0.042433
vt 0.985964 0.042426
vt 0.003489 0.099647
vt 0.001079 0.099616
vt 0.453831 0.363376
vt 0.458492 0.363369
vt 0.442180 0.106899
vt 0.442679 0.106893
vt 0.990463 0.054533
vt 0.985744 0.054526
vt 0.008123 0.111584
vt 0.007613 0.111578
vt 0.453720 0.351470
vt 0.458382 0.351464
vt 0.978139 0.536057
vt 0.987337 0.536057
vt 0.059403 0.072728
vt 0.044807 0.072728
vt 0.044807 0.063687
vt 0.059403 0.063687
vt 0.955581 0.326235
vt 0.946539 0.326235
vt 0.978139 0.694317
vt 0.987337 0.694317
vt 0.917810 0.593823
vt 0.917810 0.559520
vt 0.928288 0.559520
vt 0.928288 0.593823
vt 0.978139 0.747223
vt 0.987337 0.747223
vt 0.917810 0.613804
vt 0.928288 0.613804
vt 0.654146 0.203431
vt 0.654146 0.184262
vt 0.664198 0.184262
vt 0.664198 0.203431
vt 0.917810 0.645202
vt 0.928288 0.645202
vt 0.654146 0.253656
vt 0.664198 0.253656
vt 0.917810 0.672067
vt 0.928288 0.672067
vt 0.654146 0.279430
vt 0.664198 0.279430
vt 0.917810 0.705267
vt 0.928288 0.705267
vt 0.654146 0.314825
vt 0.664198 0.314825
vt 0.928288 0.712695
vt 0.917810 0.712695
vt 0.397398 0.058700
vt 0.408340 0.058700
vt 0.485200 0.185851
vt 0.485200 0.153919
vt 0.494330 0.153919
vt 0.494330 0.185851
vt 0.184827 0.071051
vt 0.190694 0.071051
vt 0.191322 0.079329
vt 0.184910 0.076385
vt 0.395827 0.816503
vt 0.395827 0.821431
vt 0.623906 0.292590
vt 0.609920 0.292590
vt 0.609920 0.277994
vt 0.623906 0.277994
vt 0.964624 0.508446
vt 0.964624 0.493848
vt 0.907625 0.729104
vt 0.907333 0.721188
vt 0.968942 0.521208
vt 0.968942 0.362948
vt 0.605602 0.110407
vt 0.623000 0.122426
vt 0.623000 0.448159
vt 0.605602 0.460178
vt 0.964624 0.676059
vt 0.968942 0.310042
vt 0.576001 0.070419
vt 0.594084 0.070419
vt 0.594084 0.500165
vt 0.576001 0.500165
vt 0.479986 0.588401
vt 0.479986 0.622316
vt 0.967417 0.676059
vt 0.967417 0.695693
vt 0.558759 0.048871
vt 0.576842 0.048871
vt 0.576842 0.521713
vt 0.558759 0.521713
vt 0.479986 0.642072
vt 0.967417 0.745638
vt 0.531666 0.022928
vt 0.532981 0.004881
vt 0.531666 0.562253
vt 0.531666 0.547656
vt 0.479986 0.673115
vt 0.967417 0.773159
vt 0.508484 0.031725
vt 0.508813 0.012090
vt 0.508484 0.553456
vt 0.508484 0.538860
vt 0.479986 0.699677
vt 0.967704 0.795717
vt 0.479836 0.021771
vt 0.489003 0.005292
vt 0.476647 0.557297
vt 0.476647 0.542701
vt 0.479986 0.736155
vt 0.473426 0.017741
vt 0.469045 0.005381
vt 0.460491 0.566885
vt 0.460491 0.552289
vt 0.479986 0.754667
vt 0.482960 0.588919
vt 0.471417 0.584121
vt 0.386457 0.085892
vt 0.386457 0.072670
vt 0.700998 0.046069
vt 0.700602 0.041504
vt 0.701101 0.041490
vt 0.701498 0.046054
vt 0.060555 0.542253
vt 0.057682 0.526720
vt 0.735481 0.056594
vt 0.730283 0.066328
vt 0.726449 0.063819
vt 0.735228 0.036632
vt 0.576884 0.208856
vt 0.576915 0.180880
vt 0.581613 0.180905
vt 0.592203 0.211306
vt 0.171303 0.004881
vt 0.177012 0.034613
vt 0.173154 0.037138
vt 0.168278 0.027333
vt 0.405305 0.816503
vt 0.406667 0.816535
vt 0.407048 0.821458
vt 0.405305 0.821431
vt 0.721609 0.078627
vt 0.717775 0.076118
vt 0.868224 0.330257
vt 0.868224 0.321003
vt 0.873095 0.321380
vt 0.873095 0.330634
vt 0.185741 0.046991
vt 0.181883 0.049516
vt 0.416019 0.816535
vt 0.416400 0.821458
vt 0.714690 0.082622
vt 0.712518 0.078586
vt 0.868179 0.315395
vt 0.873049 0.315796
vt 0.191010 0.049454
vt 0.188824 0.053515
vt 0.817720 0.061154
vt 0.818489 0.061301
vt 0.818843 0.065866
vt 0.818072 0.065720
vt 0.200691 0.004896
vt 0.200746 0.012263
vt 0.196084 0.012287
vt 0.196029 0.004921
vt 0.725442 0.081137
vt 0.722686 0.088351
vt 0.718587 0.088504
vt 0.716861 0.086658
vt 0.459325 0.194994
vt 0.459267 0.193152
vt 0.464141 0.192763
vt 0.464199 0.194593
vt 0.186639 0.057577
vt 0.184914 0.059451
vt 0.180800 0.059301
vt 0.178025 0.052041
vt 0.200768 0.018794
vt 0.196106 0.018819
vt 0.721799 0.094748
vt 0.719477 0.094835
vt 0.481711 0.079538
vt 0.481690 0.073161
vt 0.486288 0.073191
vt 0.486310 0.079568
vt 0.184023 0.065822
vt 0.181693 0.065739
vt 0.200771 0.022372
vt 0.196109 0.022398
vt 0.722397 0.098252
vt 0.720334 0.098330
vt 0.481686 0.069641
vt 0.486285 0.069670
vt 0.183162 0.069340
vt 0.181091 0.069266
vt 0.200787 0.026648
vt 0.196125 0.026673
vt 0.720975 0.102439
vt 0.720204 0.102470
vt 0.481670 0.065471
vt 0.486269 0.065500
vt 0.183296 0.073506
vt 0.182522 0.073480
vt 0.692455 0.085938
vt 0.691541 0.082511
vt 0.868139 0.293015
vt 0.873009 0.293433
vt 0.212104 0.053412
vt 0.211185 0.056860
vt 0.464239 0.219660
vt 0.459365 0.220078
vt 0.684086 0.086969
vt 0.683573 0.083460
vt 0.868127 0.284514
vt 0.872997 0.284938
vt 0.220118 0.054366
vt 0.219602 0.057897
vt 0.481670 0.038666
vt 0.483070 0.038857
vt 0.483462 0.043421
vt 0.482062 0.043231
vt 0.464303 0.227179
vt 0.459429 0.227597
vt 0.693369 0.089364
vt 0.686326 0.097273
vt 0.681964 0.096892
vt 0.684599 0.090478
vt 0.565785 0.354362
vt 0.565724 0.347853
vt 0.570355 0.347891
vt 0.570417 0.354401
vt 0.219086 0.061428
vt 0.221741 0.067885
vt 0.217353 0.068268
vt 0.210265 0.060308
vt 0.503071 0.211603
vt 0.503085 0.226474
vt 0.498487 0.226511
vt 0.498473 0.211640
vt 0.683477 0.112037
vt 0.680107 0.112098
vt 0.565710 0.332424
vt 0.570341 0.332462
vt 0.223609 0.083188
vt 0.220220 0.083126
vt 0.503112 0.244560
vt 0.498514 0.244597
vt 0.685380 0.129993
vt 0.683980 0.130018
vt 0.565683 0.314241
vt 0.570314 0.314279
vt 0.219713 0.101222
vt 0.218305 0.101197
vt 0.672403 0.090339
vt 0.671987 0.087497
vt 0.868463 0.272154
vt 0.873333 0.272579
vt 0.231777 0.058437
vt 0.231358 0.061297
vt 0.519905 0.050381
vt 0.520234 0.062328
vt 0.515605 0.062731
vt 0.515275 0.050783
vt 0.666899 0.092398
vt 0.663692 0.090822
vt 0.868703 0.263304
vt 0.873573 0.263690
vt 0.240161 0.061800
vt 0.236934 0.063386
vt 0.520310 0.065116
vt 0.515680 0.065483
vt 0.658869 0.114141
vt 0.655296 0.114096
vt 0.599399 0.159125
vt 0.599576 0.135071
vt 0.604295 0.135064
vt 0.604118 0.159139
vt 0.248615 0.085242
vt 0.245020 0.085287
vt 0.004661 0.352838
vt 0.004824 0.373494
vt 0.000162 0.373488
vt 0.000000 0.352852
vt 0.658695 0.127150
vt 0.656337 0.127121
vt 0.599507 0.121609
vt 0.604226 0.121602
vt 0.247552 0.098350
vt 0.245178 0.098380
vt 0.004826 0.386761
vt 0.000164 0.386755
vt 0.663207 0.138834
vt 0.662708 0.138828
vt 0.599288 0.109509
vt 0.604006 0.109502
vt 0.241117 0.110133
vt 0.240614 0.110139
vt 0.004715 0.398667
vt 0.000054 0.398660
vt 0.968942 0.536057
vt 0.059403 0.081769
vt 0.044807 0.081769
vt 0.964624 0.326235
vt 0.968942 0.694317
vt 0.907333 0.593823
vt 0.907333 0.559520
vt 0.968942 0.747223
vt 0.907333 0.613804
vt 0.644094 0.203431
vt 0.644094 0.184262
vt 0.907333 0.645202
vt 0.644094 0.253656
vt 0.907333 0.672067
vt 0.644094 0.279430
vt 0.907333 0.705267
vt 0.644094 0.314825
vt 0.907333 0.712695
vt 0.386457 0.058700
vt 0.476070 0.185851
vt 0.476070 0.153919
vt 0.184910 0.065716
vt 0.191322 0.062773
vt 0.218901 0.036665
vt 0.220874 0.043739
vt 0.215134 0.036665
vt 0.204997 0.037063
vt 0.204628 0.040170
vt 0.190069 0.040018
vt 0.188300 0.033302
vt 0.070254 0.519992
vt 0.084501 0.519992
vt 0.056008 0.519992
vt 0.598857 0.364016
vt 0.575793 0.374772
vt 0.584040 0.361083
vt 0.599726 0.357350
vt 0.568282 0.367709
vt 0.570240 0.360688
vt 0.573979 0.360688
vt 0.791930 0.005471
vt 0.785100 0.013442
vt 0.466098 0.013440
vt 0.459267 0.005469
vt 0.735733 0.066374
vt 0.734116 0.068837
vt 0.672819 0.093181
vt 0.670105 0.093974
vt 0.662441 0.114186
vt 0.661054 0.127180
vt 0.663707 0.138840
vt 0.700499 0.046084
vt 0.700102 0.041519
vt 0.240112 0.110145
vt 0.242804 0.098410
vt 0.241424 0.085333
vt 0.233707 0.064972
vt 0.230940 0.064157
vt 0.169296 0.039663
vt 0.168025 0.037176
vt 0.666192 0.018076
vt 0.665214 0.028737
vt 0.660897 0.022120
vt 0.908953 0.073868
vt 0.908953 0.068358
vt 0.913590 0.068402
vt 0.913590 0.073868
vt 0.908953 0.079377
vt 0.913590 0.079333
vt 0.247413 0.015524
vt 0.246436 0.004863
vt 0.251731 0.008907
vt 0.081817 0.037511
vt 0.080526 0.040036
vt 0.017944 0.064903
vt 0.015136 0.065731
vt 0.007301 0.086401
vt 0.005900 0.099677
vt 0.008633 0.111590
vt 0.645093 0.033266
vt 0.645489 0.028701
vt 0.444332 0.095244
vt 0.441680 0.106905
vt 0.442946 0.082250
vt 0.435282 0.062039
vt 0.432568 0.061245
vt 0.371271 0.036902
vt 0.369654 0.034439
vt 0.833751 0.046383
vt 0.823321 0.046383
vt 0.828261 0.015463
vt 0.833751 0.015463
vt 0.572799 0.346716
vt 0.577461 0.360951
vt 0.844182 0.046383
vt 0.839242 0.015463
vt 0.216324 0.022588
vt 0.211626 0.036930
vt 0.425654 0.043721
vt 0.414461 0.043721
vt 0.416589 0.033534
vt 0.425654 0.032197
vt 0.187371 0.028099
vt 0.195792 0.027187
vt 0.070254 0.514098
vt 0.080281 0.514779
vt 0.060228 0.514779
vt 0.593177 0.351281
vt 0.601534 0.352186
vt 0.436848 0.043721
vt 0.434719 0.033534
vt 0.417939 0.018317
vt 0.425654 0.017328
vt 0.184827 0.013270
vt 0.191951 0.012434
vt 0.070254 0.499522
vt 0.077579 0.499923
vt 0.062930 0.499923
vt 0.596989 0.336638
vt 0.604060 0.337468
vt 0.433369 0.018317
vt 0.416854 0.011519
vt 0.425654 0.010530
vt 0.083142 0.499591
vt 0.078869 0.499981
vt 0.078321 0.493266
vt 0.082676 0.492990
vt 0.070254 0.492858
vt 0.075762 0.493208
vt 0.064747 0.493208
vt 0.061639 0.499981
vt 0.057367 0.499591
vt 0.057833 0.492990
vt 0.062188 0.493266
vt 0.434454 0.011519
vt 0.666667 0.012060
vt 0.666498 0.004896
vt 0.667793 0.004916
vt 0.672082 0.012403
vt 0.191652 0.083082
vt 0.184929 0.078864
vt 0.214390 0.006635
vt 0.213719 0.006743
vt 0.213635 0.005851
vt 0.214306 0.005744
vt 0.660880 0.033831
vt 0.660711 0.040995
vt 0.655296 0.041338
vt 0.659585 0.033851
vt 0.236122 0.004891
vt 0.236793 0.004999
vt 0.236710 0.005890
vt 0.236038 0.005783
vt 0.184929 0.063238
vt 0.191652 0.059019
vt 0.432124 0.052045
vt 0.425662 0.050425
vt 0.429059 0.044600
vt 0.430541 0.044971
vt 0.670537 0.018162
vt 0.668518 0.018034
vt 0.218432 0.006486
vt 0.224827 0.004884
vt 0.223567 0.011677
vt 0.222100 0.012043
vt 0.198321 0.080328
vt 0.198445 0.082276
vt 0.677699 0.032098
vt 0.684161 0.030479
vt 0.682578 0.037553
vt 0.681096 0.037923
vt 0.198445 0.059825
vt 0.198321 0.061773
vt 0.784909 0.024590
vt 0.778514 0.022987
vt 0.782182 0.017430
vt 0.783649 0.017797
vt 0.658860 0.046969
vt 0.656841 0.047097
vt 0.828261 0.011633
vt 0.833751 0.011633
vt 0.406881 0.768835
vt 0.402668 0.769294
vt 0.402668 0.765232
vt 0.406881 0.764710
vt 0.399849 0.772440
vt 0.395827 0.776838
vt 0.395827 0.765232
vt 0.401693 0.765232
vt 0.839242 0.011633
vt 0.391806 0.772440
vt 0.389962 0.765232
vt 0.388987 0.769294
vt 0.384774 0.768835
vt 0.384774 0.764710
vt 0.388987 0.765232
vt 0.503445 0.064338
vt 0.505274 0.071204
vt 0.502547 0.070008
vt 0.498473 0.064338
vt 0.908953 0.063567
vt 0.913590 0.067493
vt 0.824378 0.011403
vt 0.823321 0.011403
vt 0.823321 0.010084
vt 0.824378 0.010084
vt 0.274440 0.124474
vt 0.276269 0.117608
vt 0.281241 0.117608
vt 0.277166 0.123278
vt 0.940938 0.004896
vt 0.941996 0.004896
vt 0.941996 0.006215
vt 0.940938 0.006215
vt 0.913590 0.080242
vt 0.908953 0.084168
vt 0.048683 0.051019
vt 0.044807 0.051019
vt 0.045950 0.044594
vt 0.047540 0.044594
vt 0.499939 0.057726
vt 0.501979 0.057726
vt 0.056008 0.040771
vt 0.059884 0.040771
vt 0.058741 0.047196
vt 0.057151 0.047196
vt 0.902582 0.066945
vt 0.902582 0.064980
vt 0.520876 0.044090
vt 0.524752 0.044090
vt 0.523609 0.050515
vt 0.522019 0.050515
vt 0.902582 0.082756
vt 0.902582 0.080790
vt 0.423938 0.051003
vt 0.420061 0.051003
vt 0.421205 0.044578
vt 0.422795 0.044578
vt 0.277735 0.110996
vt 0.279775 0.110996
vt 0.046209 0.043737
vt 0.047281 0.043737
vt 0.500271 0.056844
vt 0.501647 0.056844
vt 0.058482 0.048053
vt 0.057410 0.048053
vt 0.901732 0.066625
vt 0.901732 0.065300
vt 0.523350 0.051372
vt 0.522278 0.051372
vt 0.901732 0.082435
vt 0.901732 0.081110
vt 0.421464 0.043721
vt 0.422536 0.043721
vt 0.278067 0.110114
vt 0.279442 0.110114
vt 0.429621 0.043715
vt 0.430186 0.043856
vt 0.669948 0.018990
vt 0.669179 0.018942
vt 0.212831 0.005168
vt 0.214594 0.004887
vt 0.199424 0.080822
vt 0.199471 0.081564
vt 0.682223 0.038667
vt 0.681658 0.038808
vt 0.199471 0.060538
vt 0.199424 0.061280
vt 0.236997 0.006746
vt 0.235234 0.006465
vt 0.658199 0.047877
vt 0.657430 0.047926
vt 0.207535 0.004895
vt 0.214393 0.008379
vt 0.395827 0.801857
vt 0.387149 0.801719
vt 0.388406 0.787149
vt 0.385678 0.809042
vt 0.223493 0.050947
vt 0.220874 0.043739
vt 0.565683 0.374863
vt 0.568282 0.367709
vt 0.404505 0.801719
vt 0.405977 0.809042
vt 0.403249 0.787149
vt 0.574715 0.332613
vt 0.581522 0.329156
vt 0.204577 0.061094
vt 0.208606 0.082233
vt 0.206289 0.082675
vt 0.202259 0.061536
vt 0.212636 0.103372
vt 0.210319 0.103814
vt 0.535051 0.332713
vt 0.536736 0.354426
vt 0.534398 0.354426
vt 0.532713 0.332713
vt 0.535051 0.376139
vt 0.532713 0.376139
vt 0.034235 0.103351
vt 0.038265 0.082212
vt 0.040582 0.082653
vt 0.036552 0.103793
vt 0.042295 0.061072
vt 0.044612 0.061514
vt 0.879964 0.386878
vt 0.881648 0.365165
vt 0.883986 0.365165
vt 0.882302 0.386878
vt 0.879964 0.343452
vt 0.882302 0.343452
vt 0.866732 0.741100
vt 0.885548 0.749034
vt 0.866732 0.768189
vt 0.847917 0.749034
vt 0.840123 0.768189
vt 0.847917 0.787343
vt 0.866732 0.795277
vt 0.885548 0.787343
vt 0.893342 0.768189
vt 0.627911 0.934915
vt 0.609095 0.942850
vt 0.609095 0.915761
vt 0.590279 0.934915
vt 0.582485 0.915761
vt 0.590279 0.896606
vt 0.609095 0.888672
vt 0.627911 0.896606
vt 0.635704 0.915761
vt 0.563069 0.441520
vt 0.544252 0.433585
vt 0.544270 0.431159
vt 0.564772 0.439804
vt 0.454674 0.475962
vt 0.473492 0.468028
vt 0.475159 0.469743
vt 0.454657 0.478388
vt 0.525435 0.441520
vt 0.523768 0.439804
vt 0.435857 0.468028
vt 0.434155 0.469743
vt 0.517641 0.460676
vt 0.515275 0.460676
vt 0.428063 0.448872
vt 0.425662 0.448872
vt 0.525435 0.479832
vt 0.523768 0.481547
vt 0.435857 0.429716
vt 0.434155 0.428000
vt 0.544252 0.487766
vt 0.544270 0.490192
vt 0.454674 0.421781
vt 0.454657 0.419355
vt 0.563069 0.479832
vt 0.564772 0.481547
vt 0.473492 0.429716
vt 0.475159 0.428000
vt 0.570864 0.460676
vt 0.573264 0.460676
vt 0.481286 0.448872
vt 0.483651 0.448872
vt 0.495298 0.283427
vt 0.491600 0.302828
vt 0.490970 0.302708
vt 0.494668 0.283307
vt 0.205207 0.060974
vt 0.209236 0.082113
vt 0.487901 0.322229
vt 0.487271 0.322109
vt 0.213266 0.103252
vt 0.551062 0.437917
vt 0.549516 0.457844
vt 0.548880 0.457844
vt 0.550426 0.437917
vt 0.535687 0.332713
vt 0.537371 0.354426
vt 0.551062 0.477771
vt 0.550426 0.477771
vt 0.535687 0.376139
vt 0.533874 0.299937
vt 0.530176 0.280535
vt 0.530806 0.280415
vt 0.534504 0.299817
vt 0.033605 0.103231
vt 0.037635 0.082092
vt 0.526477 0.261134
vt 0.527107 0.261014
vt 0.041665 0.060952
vt 0.589632 0.473977
vt 0.588086 0.454049
vt 0.588722 0.454049
vt 0.590267 0.473977
vt 0.879329 0.386878
vt 0.881013 0.365165
vt 0.589632 0.434121
vt 0.590267 0.434121
vt 0.879329 0.343452
vt 0.250135 0.195893
vt 0.253833 0.176491
vt 0.254463 0.176611
vt 0.250765 0.196013
vt 0.205659 0.082795
vt 0.201630 0.061656
vt 0.246436 0.215295
vt 0.247066 0.215416
vt 0.209689 0.103934
vt 0.016802 0.435737
vt 0.018348 0.415808
vt 0.018984 0.415808
vt 0.017438 0.435737
vt 0.533762 0.354426
vt 0.532078 0.332713
vt 0.018348 0.455665
vt 0.018984 0.455665
vt 0.532078 0.376139
vt 0.536406 0.177027
vt 0.540105 0.196429
vt 0.539475 0.196549
vt 0.535777 0.177147
vt 0.041212 0.082773
vt 0.037182 0.103913
vt 0.532708 0.157625
vt 0.532078 0.157746
vt 0.045242 0.061634
vt 0.683936 0.442411
vt 0.685481 0.462340
vt 0.684846 0.462340
vt 0.683300 0.442411
vt 0.884622 0.365165
vt 0.882938 0.386878
vt 0.685481 0.422483
vt 0.684846 0.422483
vt 0.882938 0.343452
vt 0.436360 0.541895
vt 0.438736 0.541182
vt 0.440811 0.545566
vt 0.438690 0.546203
vt 0.615678 0.087185
vt 0.620699 0.084973
vt 0.622627 0.089834
vt 0.617606 0.092046
vt 0.512272 0.162626
vt 0.509897 0.161913
vt 0.512226 0.157606
vt 0.514347 0.158242
vt 0.650683 0.011714
vt 0.645595 0.009472
vt 0.647237 0.004874
vt 0.652325 0.007115
vt 0.268839 0.005754
vt 0.268839 0.004970
vt 0.269640 0.004891
vt 0.269640 0.005675
vt 0.678960 0.075329
vt 0.678716 0.078018
vt 0.673595 0.077229
vt 0.673840 0.074539
vt 0.070081 0.026832
vt 0.067675 0.025888
vt 0.067210 0.022873
vt 0.069312 0.021843
vt 0.514234 0.156531
vt 0.515515 0.156915
vt 0.622603 0.092027
vt 0.619569 0.093364
vt 0.442270 0.546062
vt 0.440988 0.546447
vt 0.448066 0.075247
vt 0.448790 0.073739
vt 0.453958 0.073739
vt 0.451198 0.075730
vt 0.512404 0.155589
vt 0.513860 0.154133
vt 0.626824 0.100777
vt 0.621817 0.100777
vt 0.441059 0.547577
vt 0.439602 0.546120
vt 0.449496 0.069832
vt 0.453252 0.069832
vt 0.508812 0.151297
vt 0.509870 0.150238
vt 0.884535 0.224813
vt 0.883824 0.230493
vt 0.880040 0.230493
vt 0.879329 0.224813
vt 0.437068 0.551471
vt 0.436010 0.550413
vt 0.449496 0.057028
vt 0.453252 0.057028
vt 0.497040 0.144654
vt 0.498098 0.143596
vt 0.877557 0.327369
vt 0.877557 0.340424
vt 0.873728 0.340424
vt 0.873728 0.327369
vt 0.425295 0.558115
vt 0.424236 0.557057
vt 0.235234 0.436120
vt 0.235234 0.418615
vt 0.239484 0.418615
vt 0.239484 0.436120
vt 0.475846 0.130431
vt 0.476904 0.129373
vt 0.877557 0.363929
vt 0.873728 0.363929
vt 0.404098 0.572340
vt 0.403039 0.571282
vt 0.235234 0.399119
vt 0.239484 0.399119
vt 0.458499 0.114590
vt 0.459663 0.113426
vt 0.877557 0.382700
vt 0.873728 0.382700
vt 0.386854 0.588289
vt 0.385690 0.587125
vt 0.235234 0.388363
vt 0.239484 0.388363
vt 0.448066 0.105851
vt 0.449653 0.104264
vt 0.877557 0.392391
vt 0.873728 0.392391
vt 0.376842 0.597453
vt 0.375255 0.595865
vt 0.236227 0.385638
vt 0.238491 0.385638
vt 0.448818 0.103636
vt 0.449663 0.102791
vt 0.876663 0.394847
vt 0.874623 0.394847
vt 0.376853 0.598926
vt 0.376007 0.598080
vt 0.495729 0.407909
vt 0.493527 0.404460
vt 0.500082 0.404460
vt 0.497880 0.407909
vt 0.500082 0.407473
vt 0.497880 0.408898
vt 0.497880 0.411864
vt 0.499364 0.417114
vt 0.492872 0.416475
vt 0.495729 0.411864
vt 0.493527 0.407473
vt 0.495729 0.408898
vt 0.311046 0.023232
vt 0.308525 0.023744
vt 0.308045 0.018873
vt 0.311046 0.017490
vt 0.689332 0.067343
vt 0.692234 0.065906
vt 0.694421 0.068092
vt 0.691885 0.069896
vt 0.599842 0.016260
vt 0.602292 0.017006
vt 0.601817 0.021830
vt 0.599288 0.021892
vt 0.474559 0.152058
vt 0.476747 0.149870
vt 0.479188 0.150845
vt 0.476633 0.153400
vt 0.727637 0.044575
vt 0.727637 0.046718
vt 0.722506 0.046718
vt 0.722506 0.044575
vt 0.445428 0.551946
vt 0.450723 0.557240
vt 0.445538 0.559941
vt 0.440243 0.554646
vt 0.644094 0.315460
vt 0.644486 0.314825
vt 0.648635 0.314825
vt 0.649027 0.315460
vt 0.513044 0.147064
vt 0.518338 0.141770
vt 0.523522 0.144470
vt 0.518228 0.149764
vt 0.167627 0.026529
vt 0.167627 0.030963
vt 0.162424 0.030963
vt 0.162424 0.026529
vt 0.449477 0.550446
vt 0.453558 0.554526
vt 0.722506 0.057577
vt 0.722506 0.054646
vt 0.727637 0.054646
vt 0.727637 0.057577
vt 0.526357 0.147184
vt 0.522277 0.151264
vt 0.167627 0.036775
vt 0.162424 0.036775
vt 0.454786 0.545199
vt 0.456770 0.547184
vt 0.529569 0.154525
vt 0.527585 0.156510
vt 0.644486 0.378883
vt 0.644486 0.368012
vt 0.648635 0.368012
vt 0.648635 0.378883
vt 0.505745 0.138017
vt 0.510051 0.133711
vt 0.883824 0.239574
vt 0.880040 0.239574
vt 0.437249 0.568001
vt 0.432943 0.563694
vt 0.644486 0.358082
vt 0.648635 0.358082
vt 0.494734 0.129754
vt 0.498047 0.126441
vt 0.883824 0.252727
vt 0.880040 0.252727
vt 0.425243 0.575272
vt 0.421930 0.571959
vt 0.644486 0.348056
vt 0.648635 0.348056
vt 0.483472 0.121410
vt 0.486784 0.118097
vt 0.883824 0.265067
vt 0.880040 0.265067
vt 0.413979 0.583618
vt 0.410666 0.580304
vt 0.644486 0.329358
vt 0.648635 0.329358
vt 0.466032 0.105849
vt 0.468217 0.103664
vt 0.883824 0.285412
vt 0.880040 0.285412
vt 0.395409 0.598052
vt 0.393223 0.595867
vt 0.644094 0.321599
vt 0.649027 0.321599
vt 0.455762 0.099393
vt 0.458643 0.096127
vt 0.883824 0.295902
vt 0.880040 0.295902
vt 0.385834 0.605591
vt 0.382953 0.602324
vt 0.456017 0.094284
vt 0.456931 0.093756
vt 0.883824 0.297778
vt 0.880040 0.297778
vt 0.384122 0.607962
vt 0.383208 0.607434
vt 0.044970 0.011677
vt 0.044807 0.006269
vt 0.049871 0.005771
vt 0.050055 0.011177
vt 0.688901 0.060897
vt 0.693788 0.065784
vt 0.857273 0.091409
vt 0.857093 0.095363
vt 0.852125 0.094874
vt 0.852285 0.090918
vt 0.475190 0.149746
vt 0.480081 0.144855
vt 0.857051 0.173133
vt 0.857032 0.172757
vt 0.857756 0.172828
vt 0.857776 0.173204
vt 0.693755 0.058071
vt 0.698642 0.062959
vt 0.856292 0.100503
vt 0.851325 0.100013
vt 0.470332 0.146919
vt 0.475223 0.142027
vt 0.887674 0.317492
vt 0.886595 0.309361
vt 0.891435 0.308885
vt 0.892513 0.317015
vt 0.918534 0.083411
vt 0.921310 0.075422
vt 0.923411 0.073320
vt 0.923454 0.080548
vt 0.863733 0.142549
vt 0.863021 0.149831
vt 0.858230 0.149360
vt 0.858943 0.142078
vt 0.513627 0.080835
vt 0.513669 0.073732
vt 0.515735 0.075798
vt 0.518462 0.083649
vt 0.886713 0.302727
vt 0.889827 0.302421
vt 0.922228 0.069070
vt 0.925214 0.069084
vt 0.861552 0.154099
vt 0.858468 0.153795
vt 0.511734 0.069406
vt 0.514669 0.069391
vt 0.886603 0.302414
vt 0.889889 0.302091
vt 0.922161 0.068746
vt 0.925311 0.068761
vt 0.861596 0.154424
vt 0.858344 0.154104
vt 0.511655 0.069104
vt 0.514750 0.069090
vt 0.886272 0.301003
vt 0.889941 0.300642
vt 0.922166 0.067323
vt 0.925684 0.067339
vt 0.861612 0.155857
vt 0.857980 0.155499
vt 0.511325 0.067744
vt 0.514782 0.067727
vt 0.886561 0.300534
vt 0.889496 0.300245
vt 0.922480 0.066933
vt 0.925295 0.066946
vt 0.861241 0.156253
vt 0.858336 0.155967
vt 0.511638 0.067287
vt 0.514403 0.067274
vt 0.886151 0.299856
vt 0.889839 0.299493
vt 0.922153 0.066193
vt 0.925688 0.066210
vt 0.861509 0.156995
vt 0.857858 0.156635
vt 0.511322 0.066636
vt 0.514797 0.066619
vt 0.885959 0.295218
vt 0.888527 0.294965
vt 0.925101 0.061744
vt 0.926679 0.061606
vt 0.860389 0.161634
vt 0.857847 0.161384
vt 0.510242 0.062004
vt 0.511793 0.062140
vt 0.885416 0.290473
vt 0.887683 0.290250
vt 0.927364 0.057111
vt 0.929364 0.057800
vt 0.859593 0.165468
vt 0.857349 0.165247
vt 0.507574 0.058236
vt 0.509540 0.057558
vt 0.885340 0.289208
vt 0.887489 0.289216
vt 0.927589 0.056095
vt 0.929369 0.056987
vt 0.859443 0.166288
vt 0.857316 0.166297
vt 0.507452 0.057212
vt 0.509202 0.056336
vt 0.884929 0.288270
vt 0.887593 0.288008
vt 0.928075 0.054908
vt 0.930162 0.056266
vt 0.859563 0.167014
vt 0.856925 0.166755
vt 0.506829 0.056766
vt 0.508879 0.055431
vt 0.884984 0.283210
vt 0.885716 0.283138
vt 0.932205 0.050122
vt 0.932778 0.050495
vt 0.504074 0.050911
vt 0.504637 0.050544
vt 0.678373 0.079215
vt 0.677325 0.081036
vt 0.672205 0.080247
vt 0.673253 0.078426
vt 0.519399 0.164763
vt 0.517024 0.164051
vt 0.518589 0.159514
vt 0.520710 0.160150
vt 0.518079 0.157684
vt 0.519361 0.158069
vt 0.516772 0.151220
vt 0.511986 0.148122
vt 0.500214 0.141479
vt 0.501272 0.140421
vt 0.479020 0.127256
vt 0.480078 0.126198
vt 0.461990 0.111099
vt 0.463154 0.109935
vt 0.452827 0.101089
vt 0.454415 0.099502
vt 0.451355 0.101100
vt 0.452200 0.100254
vt 0.500082 0.413500
vt 0.497880 0.410875
vt 0.698794 0.072466
vt 0.700981 0.074652
vt 0.700052 0.077045
vt 0.696990 0.075002
vt 0.701072 0.073069
vt 0.704715 0.076711
vt 0.705927 0.070243
vt 0.709569 0.073885
vt 0.235234 0.007422
vt 0.235234 0.006785
vt 0.235747 0.006734
vt 0.235747 0.007372
vt 0.464255 0.160682
vt 0.459397 0.157854
vt 0.463042 0.154209
vt 0.467900 0.157037
vt 0.467994 0.158623
vt 0.470182 0.156435
vt 0.469000 0.161096
vt 0.471523 0.158509
vt 0.493527 0.413500
vt 0.495729 0.410875
vt 0.381605 0.602215
vt 0.379390 0.601463
vt 0.378544 0.600617
vt 0.380017 0.600628
vt 0.390345 0.591780
vt 0.389181 0.590617
vt 0.407272 0.575515
vt 0.406214 0.574457
vt 0.428469 0.561290
vt 0.427411 0.560232
vt 0.439185 0.553588
vt 0.443972 0.550489
vt 0.446116 0.544909
vt 0.444834 0.545293
vt 0.447175 0.543658
vt 0.445054 0.544294
vt 0.443488 0.539757
vt 0.445864 0.539044
vt 0.678544 0.078617
vt 0.673424 0.077827
vt 0.514648 0.163338
vt 0.516468 0.158878
vt 0.516797 0.157300
vt 0.515316 0.152676
vt 0.510928 0.149180
vt 0.499156 0.142537
vt 0.477962 0.128314
vt 0.460826 0.112263
vt 0.451240 0.102676
vt 0.450509 0.101945
vt 0.500082 0.410486
vt 0.497880 0.409887
vt 0.696608 0.070279
vt 0.694438 0.072449
vt 0.697430 0.069426
vt 0.702284 0.066601
vt 0.806518 0.005589
vt 0.806518 0.004944
vt 0.807075 0.004889
vt 0.807075 0.005534
vt 0.466687 0.150564
vt 0.471545 0.153391
vt 0.472371 0.154247
vt 0.474078 0.155954
vt 0.493527 0.410486
vt 0.495729 0.409887
vt 0.377699 0.599772
vt 0.378430 0.599040
vt 0.388018 0.589453
vt 0.405156 0.573398
vt 0.426353 0.559173
vt 0.438126 0.552530
vt 0.442515 0.549033
vt 0.443552 0.545678
vt 0.442932 0.544930
vt 0.441112 0.540469
vt 0.398336 0.005965
vt 0.397763 0.005965
vt 0.397658 0.004896
vt 0.398231 0.004896
vt 0.584609 0.336636
vt 0.586101 0.335652
vt 0.587938 0.335471
vt 0.589691 0.336136
vt 0.514228 0.004896
vt 0.514580 0.006692
vt 0.513119 0.006692
vt 0.510187 0.004896
vt 0.512934 0.008574
vt 0.509675 0.010102
vt 0.460815 0.154914
vt 0.462133 0.153596
vt 0.584453 0.334867
vt 0.589356 0.334384
vt 0.824642 0.056876
vt 0.824288 0.055866
vt 0.827284 0.052870
vt 0.825968 0.055550
vt 0.890352 0.234794
vt 0.891762 0.237662
vt 0.886886 0.237182
vt 0.888525 0.234614
vt 0.886886 0.233976
vt 0.888525 0.233196
vt 0.583603 0.323651
vt 0.586995 0.323317
vt 0.819551 0.045578
vt 0.821625 0.043505
vt 0.889415 0.247680
vt 0.886041 0.247348
vt 0.020602 0.007833
vt 0.014879 0.017214
vt 0.012832 0.015167
vt 0.017644 0.004875
vt 0.582485 0.316796
vt 0.585878 0.316462
vt 0.815367 0.039205
vt 0.817440 0.037132
vt 0.888303 0.254498
vt 0.884929 0.254166
vt 0.010748 0.023504
vt 0.008702 0.021458
vt 0.583032 0.315485
vt 0.585023 0.315289
vt 0.815132 0.038114
vt 0.816349 0.036897
vt 0.610799 0.014691
vt 0.611886 0.015483
vt 0.611704 0.017327
vt 0.610489 0.017834
vt 0.009545 0.023863
vt 0.008344 0.022661
vt 0.264615 0.017075
vt 0.263534 0.017703
vt 0.263239 0.014702
vt 0.264433 0.015233
vt 0.813932 0.038337
vt 0.816572 0.035697
vt 0.307448 0.005100
vt 0.308049 0.006454
vt 0.304648 0.006119
vt 0.305360 0.004895
vt 0.009878 0.024934
vt 0.007272 0.022328
vt 0.859074 0.052391
vt 0.858039 0.045925
vt 0.861354 0.045598
vt 0.862390 0.052064
vt 0.810244 0.032458
vt 0.811764 0.030937
vt 0.306987 0.011823
vt 0.303586 0.011489
vt 0.005132 0.029633
vt 0.003631 0.028132
vt 0.856925 0.041412
vt 0.860773 0.041033
vt 0.806518 0.028307
vt 0.808222 0.026603
vt 0.306390 0.016712
vt 0.302444 0.016323
vt 0.001682 0.033864
vt 0.000000 0.032183
vt 0.858074 0.040501
vt 0.859493 0.040362
vt 0.859493 0.039407
vt 0.860773 0.039160
vt 0.885269 0.014690
vt 0.885872 0.015838
vt 0.885747 0.017112
vt 0.884929 0.018143
vt 0.856925 0.039538
vt 0.858074 0.039547
vt 0.387388 0.025282
vt 0.386781 0.026361
vt 0.386457 0.023062
vt 0.387264 0.024014
vt 0.336072 0.050244
vt 0.335231 0.050204
vt 0.336920 0.048515
vt 0.336960 0.049356
vt 0.579951 0.006253
vt 0.581091 0.007219
vt 0.577141 0.006831
vt 0.578433 0.006104
vt 0.577141 0.004889
vt 0.578433 0.005083
vt 0.000246 0.024845
vt 0.000000 0.018727
vt 0.002043 0.018525
vt 0.004041 0.024471
vt 0.330448 0.044821
vt 0.331537 0.043733
vt 0.579011 0.012717
vt 0.576884 0.012508
vt 0.919354 0.061200
vt 0.914016 0.065959
vt 0.912967 0.064911
vt 0.917726 0.059573
vt 0.000379 0.018378
vt 0.001604 0.018258
vt 0.001604 0.017365
vt 0.002043 0.017323
vt 0.274615 0.021150
vt 0.274847 0.021531
vt 0.274742 0.022594
vt 0.274440 0.022923
vt 0.913712 0.065993
vt 0.912934 0.065214
vt 0.129383 0.046901
vt 0.128819 0.046535
vt 0.131108 0.046309
vt 0.130631 0.046779
vt 0.123218 0.009035
vt 0.123284 0.008621
vt 0.124434 0.009771
vt 0.124020 0.009837
vt 0.113947 0.041744
vt 0.114455 0.042243
vt 0.112016 0.042004
vt 0.112617 0.041613
vt 0.112016 0.040615
vt 0.112617 0.040644
vt 0.128848 0.042123
vt 0.129354 0.042074
vt 0.127122 0.004887
vt 0.127676 0.005440
vt 0.112586 0.046161
vt 0.112048 0.046108
vt 0.933008 0.009714
vt 0.929736 0.005395
vt 0.930269 0.004862
vt 0.934115 0.008608
vt 0.648599 0.016088
vt 0.643512 0.013846
vt 0.437309 0.537797
vt 0.438945 0.537307
vt 0.512482 0.166500
vt 0.510846 0.166010
vt 0.442218 0.536325
vt 0.443854 0.535834
vt 0.614515 0.083804
vt 0.619536 0.081592
vt 0.517390 0.167973
vt 0.515754 0.167482
vt 0.440582 0.536816
vt 0.514118 0.166991
vt 0.645325 0.025119
vt 0.640237 0.022878
vt 0.433032 0.529337
vt 0.434505 0.528895
vt 0.508042 0.174911
vt 0.506569 0.174469
vt 0.437452 0.528011
vt 0.438925 0.527569
vt 0.611480 0.075097
vt 0.616501 0.072885
vt 0.512461 0.176236
vt 0.510988 0.175794
vt 0.435978 0.528453
vt 0.509515 0.175353
vt 0.637909 0.047334
vt 0.632822 0.045093
vt 0.418631 0.508527
vt 0.420484 0.507970
vt 0.494024 0.195832
vt 0.492170 0.195276
vt 0.424192 0.506859
vt 0.426045 0.506303
vt 0.603703 0.052692
vt 0.608724 0.050480
vt 0.499583 0.197500
vt 0.497730 0.196944
vt 0.422338 0.507415
vt 0.495877 0.196388
vt 0.626779 0.081341
vt 0.621691 0.079099
vt 0.395243 0.476670
vt 0.397239 0.476071
vt 0.470782 0.227727
vt 0.468785 0.227128
vt 0.401232 0.474874
vt 0.403229 0.474275
vt 0.592545 0.018950
vt 0.597566 0.016738
vt 0.476771 0.229523
vt 0.474774 0.228924
vt 0.399236 0.475473
vt 0.472778 0.228325
vt 0.386586 0.026385
vt 0.386086 0.032839
vt 0.380856 0.033646
vt 0.381356 0.027191
vt 0.389361 0.473577
vt 0.392480 0.472641
vt 0.466024 0.231156
vt 0.462905 0.230221
vt 0.398719 0.470770
vt 0.401839 0.469834
vt 0.590710 0.014272
vt 0.595731 0.012060
vt 0.475380 0.233963
vt 0.472261 0.233027
vt 0.395600 0.471706
vt 0.469142 0.232092
vt 0.502531 0.031976
vt 0.501280 0.035686
vt 0.496282 0.033484
vt 0.497532 0.029774
vt 0.386991 0.470040
vt 0.390523 0.468980
vt 0.464067 0.234817
vt 0.460535 0.233757
vt 0.397587 0.466862
vt 0.401120 0.465802
vt 0.588956 0.010024
vt 0.593977 0.007812
vt 0.474661 0.237994
vt 0.471130 0.236935
vt 0.394055 0.467921
vt 0.467598 0.235876
vt 0.499104 0.039994
vt 0.494106 0.037792
vt 0.388708 0.465932
vt 0.391150 0.465199
vt 0.464693 0.238597
vt 0.462252 0.237865
vt 0.396033 0.463735
vt 0.398475 0.463002
vt 0.588086 0.007075
vt 0.593107 0.004863
vt 0.472017 0.240794
vt 0.469576 0.240062
vt 0.393591 0.464467
vt 0.467134 0.239329
vt 0.497870 0.042190
vt 0.492872 0.039988
vt 0.390353 0.463838
vt 0.392857 0.464198
vt 0.466400 0.239598
vt 0.463897 0.239959
vt 0.393971 0.463864
vt 0.395666 0.462244
vt 0.672098 0.083264
vt 0.677219 0.084054
vt 0.469209 0.241552
vt 0.467514 0.239932
vt 0.393414 0.464031
vt 0.466957 0.239765
vt 0.584609 0.340581
vt 0.585944 0.339844
vt 0.588131 0.339628
vt 0.589691 0.340080
vt 0.588131 0.337931
vt 0.585944 0.338146
vt 0.464437 0.151497
vt 0.466006 0.149929
vt 0.585746 0.338582
vt 0.587933 0.338367
vt 0.267762 0.029344
vt 0.267077 0.028192
vt 0.270129 0.024862
vt 0.269312 0.027794
vt 0.203873 0.005095
vt 0.203661 0.008079
vt 0.201630 0.007879
vt 0.201841 0.004896
vt 0.461470 0.152325
vt 0.464840 0.149236
vt 0.889114 0.150620
vt 0.888590 0.147561
vt 0.890865 0.147337
vt 0.891389 0.150396
vt 0.265082 0.025508
vt 0.267293 0.023297
vt 0.527666 0.385092
vt 0.527144 0.388506
vt 0.524741 0.388270
vt 0.525263 0.384856
vt 0.459887 0.149454
vt 0.462124 0.147216
vt 0.887428 0.140264
vt 0.889703 0.140040
vt 0.261127 0.019104
vt 0.262608 0.017624
vt 0.525917 0.394144
vt 0.523514 0.393908
vt 0.454145 0.144712
vt 0.455643 0.143214
vt 0.886024 0.133305
vt 0.888299 0.133081
vt 0.254716 0.012997
vt 0.257222 0.010490
vt 0.524435 0.400626
vt 0.522032 0.400389
vt 0.446925 0.139262
vt 0.449462 0.136725
vt 0.884929 0.130130
vt 0.888167 0.129811
vt 0.252037 0.010127
vt 0.254353 0.007811
vt 0.524295 0.404079
vt 0.520876 0.403742
vt 0.444298 0.136442
vt 0.446642 0.134098
vt 0.886036 0.128897
vt 0.886911 0.128811
vt 0.886911 0.127646
vt 0.888167 0.127172
vt 0.522969 0.405135
vt 0.522045 0.405044
vt 0.444512 0.135347
vt 0.445547 0.134312
vt 0.359967 0.006215
vt 0.358658 0.006968
vt 0.358452 0.004879
vt 0.359891 0.005434
vt 0.274137 0.066103
vt 0.272713 0.066402
vt 0.275465 0.063650
vt 0.275165 0.065074
vt 0.934048 0.056697
vt 0.934695 0.058374
vt 0.932261 0.058134
vt 0.933138 0.056608
vt 0.443208 0.135777
vt 0.445977 0.133007
vt 0.002387 0.065756
vt 0.001141 0.058306
vt 0.003443 0.058079
vt 0.004688 0.065530
vt 0.268042 0.059710
vt 0.269960 0.057793
vt 0.933378 0.065273
vt 0.930943 0.065033
vt 0.437313 0.130237
vt 0.439243 0.128307
vt 0.000000 0.052056
vt 0.002302 0.051830
vt 0.263239 0.054097
vt 0.264346 0.052989
vt 0.932171 0.070929
vt 0.929736 0.070690
vt 0.432479 0.124588
vt 0.433594 0.123473
vt 0.000497 0.051448
vt 0.001702 0.051329
vt 0.001702 0.050683
vt 0.002302 0.050596
vt 0.437066 0.022515
vt 0.437513 0.023050
vt 0.437407 0.024126
vt 0.436864 0.024569
vt 0.432460 0.124038
vt 0.433044 0.123454
vt 0.448850 0.021271
vt 0.448299 0.021971
vt 0.448066 0.019598
vt 0.448744 0.020192
vt 0.000016 0.016728
vt 0.000000 0.016040
vt 0.001291 0.017331
vt 0.000603 0.017315
vt 0.372735 0.043589
vt 0.373442 0.044395
vt 0.370620 0.044118
vt 0.371452 0.043462
vt 0.370620 0.042605
vt 0.371452 0.042775
vt 0.790656 0.034366
vt 0.789716 0.026906
vt 0.791523 0.026728
vt 0.793403 0.034096
vt 0.006461 0.010020
vt 0.007311 0.010869
vt 0.371511 0.051447
vt 0.369654 0.051264
vt 0.570321 0.073191
vt 0.564310 0.066745
vt 0.565147 0.065908
vt 0.571593 0.071919
vt 0.789881 0.026532
vt 0.791263 0.026396
vt 0.006752 0.009929
vt 0.007402 0.010579
vt 0.627449 0.013732
vt 0.627743 0.013962
vt 0.627622 0.015186
vt 0.627292 0.015333
vt 0.564184 0.066422
vt 0.564824 0.065782
vt 0.734578 0.036273
vt 0.734165 0.035816
vt 0.736236 0.035612
vt 0.735942 0.036138
vt 0.006882 0.009462
vt 0.007869 0.010449
vt 0.859402 0.024319
vt 0.859728 0.024902
vt 0.857432 0.024676
vt 0.857891 0.024170
vt 0.563784 0.066355
vt 0.564757 0.065383
vt 0.733707 0.030550
vt 0.734735 0.030449
vt 0.011046 0.004872
vt 0.011535 0.005361
vt 0.858065 0.029473
vt 0.856925 0.029361
vt 0.560082 0.061253
vt 0.560565 0.060770
vt 0.227199 0.055355
vt 0.228091 0.053621
vt 0.231337 0.053302
vt 0.232617 0.054822
vt 0.699959 0.062754
vt 0.702141 0.064937
vt 0.734163 0.004879
vt 0.735807 0.005974
vt 0.735533 0.008750
vt 0.733707 0.009513
vt 0.466645 0.148713
vt 0.468830 0.146529
vt 0.227831 0.052643
vt 0.231077 0.052323
vt 0.700806 0.061316
vt 0.704491 0.065002
vt 0.474695 0.187201
vt 0.474426 0.190006
vt 0.471071 0.189676
vt 0.471340 0.186871
vt 0.464293 0.148778
vt 0.467981 0.145090
vt 0.226190 0.043022
vt 0.229437 0.042703
vt 0.709137 0.055213
vt 0.710817 0.056892
vt 0.472731 0.197554
vt 0.469376 0.197224
vt 0.457963 0.140662
vt 0.459643 0.138981
vt 0.224591 0.035914
vt 0.227837 0.035595
vt 0.715293 0.047297
vt 0.717868 0.049872
vt 0.471078 0.205968
vt 0.467724 0.205638
vt 0.450906 0.133637
vt 0.453483 0.131060
vt 0.224033 0.032722
vt 0.227279 0.032402
vt 0.718058 0.045151
vt 0.719889 0.046982
vt 0.470501 0.208380
vt 0.467147 0.208050
vt 0.448883 0.130744
vt 0.450716 0.128911
vt 0.253207 0.007648
vt 0.252261 0.007494
vt 0.252037 0.005214
vt 0.252934 0.004871
vt 0.718070 0.044242
vt 0.720743 0.046916
vt 0.470087 0.209399
vt 0.467333 0.209128
vt 0.447978 0.130628
vt 0.450654 0.127953
vt 0.584917 0.020984
vt 0.584351 0.015556
vt 0.586215 0.015372
vt 0.587634 0.020717
vt 0.722610 0.040285
vt 0.724445 0.042119
vt 0.468649 0.213816
vt 0.466759 0.213630
vt 0.444203 0.125756
vt 0.446039 0.123920
vt 0.582485 0.007713
vt 0.584738 0.007491
vt 0.729305 0.032523
vt 0.731521 0.034740
vt 0.467151 0.222260
vt 0.464868 0.222035
vt 0.437153 0.118403
vt 0.439371 0.116185
vt 0.583141 0.006416
vt 0.583932 0.006338
vt 0.583932 0.005422
vt 0.584738 0.004882
vt 0.106608 0.011136
vt 0.107609 0.011835
vt 0.107542 0.012521
vt 0.106416 0.013091
vt 0.437490 0.117300
vt 0.438268 0.116521
vt 0.494319 0.005900
vt 0.493032 0.006509
vt 0.492872 0.004885
vt 0.494254 0.005236
vt 0.190428 0.047818
vt 0.190450 0.046429
vt 0.192341 0.048320
vt 0.191201 0.048591
vt 0.602104 0.056309
vt 0.602519 0.057651
vt 0.600598 0.057462
vt 0.601318 0.056231
vt 0.436436 0.117123
vt 0.438342 0.115217
vt 0.214122 0.083768
vt 0.212831 0.075927
vt 0.214320 0.075780
vt 0.216016 0.083582
vt 0.197177 0.040106
vt 0.198663 0.041593
vt 0.600798 0.065092
vt 0.599288 0.064943
vt 0.430028 0.110308
vt 0.431527 0.108810
vt 0.213205 0.075195
vt 0.213863 0.075130
vt 0.213863 0.074368
vt 0.214320 0.074056
vt 0.095344 0.011671
vt 0.095922 0.012077
vt 0.095865 0.012662
vt 0.095214 0.012994
vt 0.430229 0.109672
vt 0.430891 0.109010
vt 0.897160 0.053779
vt 0.896759 0.053076
vt 0.898106 0.052944
vt 0.897843 0.053712
vt 0.375255 0.009411
vt 0.375255 0.008770
vt 0.376555 0.010071
vt 0.375915 0.010070
vt 0.718617 0.050848
vt 0.718880 0.051616
vt 0.717533 0.051484
vt 0.717934 0.050781
vt 0.429641 0.109727
vt 0.430946 0.108422
vt 0.896131 0.048319
vt 0.896698 0.048263
vt 0.379909 0.004869
vt 0.380457 0.005416
vt 0.717471 0.056297
vt 0.716905 0.056241
vt 0.425662 0.104992
vt 0.426211 0.104443
vt 0.408860 0.024692
vt 0.409588 0.020893
vt 0.412554 0.020601
vt 0.413710 0.024214
vt 0.697250 0.059645
vt 0.699477 0.061872
vt 0.319779 0.036380
vt 0.320742 0.037670
vt 0.320417 0.040979
vt 0.319247 0.041792
vt 0.469317 0.145651
vt 0.471546 0.143423
vt 0.686874 0.415132
vt 0.686351 0.414100
vt 0.690132 0.413728
vt 0.689918 0.414832
vt 0.697752 0.058604
vt 0.700518 0.061370
vt 0.321943 0.037437
vt 0.321538 0.041546
vt 0.468344 0.145217
vt 0.471112 0.142449
vt 0.685199 0.407463
vt 0.688980 0.407091
vt 0.702529 0.052350
vt 0.704059 0.053880
vt 0.029275 0.102652
vt 0.028116 0.110646
vt 0.024313 0.110272
vt 0.025472 0.102278
vt 0.464799 0.137721
vt 0.466331 0.136190
vt 0.683596 0.396772
vt 0.687377 0.396400
vt 0.707804 0.042276
vt 0.710434 0.044906
vt 0.026504 0.120225
vt 0.022701 0.119851
vt 0.458419 0.128740
vt 0.461051 0.126108
vt 0.683300 0.394334
vt 0.687081 0.393961
vt 0.708338 0.039978
vt 0.711759 0.043399
vt 0.026206 0.121834
vt 0.022403 0.121459
vt 0.457094 0.127232
vt 0.460517 0.123809
vt 0.500937 0.008376
vt 0.498598 0.007480
vt 0.498473 0.006206
vt 0.500590 0.004858
vt 0.710482 0.040016
vt 0.711721 0.041255
vt 0.024748 0.124122
vt 0.023371 0.123987
vt 0.456908 0.124862
vt 0.458148 0.123623
vt 0.522572 0.006362
vt 0.521054 0.006703
vt 0.520876 0.004892
vt 0.522442 0.005045
vt 0.709934 0.038483
vt 0.712740 0.041289
vt 0.607076 0.005030
vt 0.607236 0.006126
vt 0.605329 0.005939
vt 0.605688 0.004893
vt 0.455936 0.124944
vt 0.458744 0.122136
vt 0.478402 0.067168
vt 0.477909 0.065001
vt 0.480045 0.064791
vt 0.480538 0.066957
vt 0.711733 0.036124
vt 0.715099 0.039491
vt 0.606796 0.008664
vt 0.604888 0.008476
vt 0.453575 0.123144
vt 0.456944 0.119775
vt 0.477113 0.060724
vt 0.479250 0.060514
vt 0.715282 0.032964
vt 0.717061 0.034743
vt 0.804420 0.048457
vt 0.803719 0.053496
vt 0.801836 0.053311
vt 0.802537 0.048272
vt 0.451611 0.118393
vt 0.453391 0.116613
vt 0.476070 0.056154
vt 0.478206 0.055943
vt 0.719076 0.027959
vt 0.720813 0.029696
vt 0.802800 0.058852
vt 0.800917 0.058667
vt 0.447856 0.113342
vt 0.449595 0.111604
vt 0.476363 0.055179
vt 0.477699 0.055048
vt 0.719819 0.027867
vt 0.720905 0.028953
vt 0.802353 0.059641
vt 0.801176 0.059525
vt 0.447698 0.112532
vt 0.448785 0.111446
vt 0.936480 0.006365
vt 0.935541 0.006955
vt 0.935337 0.004880
vt 0.936372 0.005270
vt 0.719896 0.026818
vt 0.721954 0.028877
vt 0.829029 0.009643
vt 0.830065 0.009252
vt 0.829860 0.011328
vt 0.828921 0.010738
vt 0.446747 0.112554
vt 0.448807 0.110494
vt 0.000000 0.004896
vt 0.000000 0.004896
vt 0.000000 0.000000
vt 0.000000 0.000000
vt 0.001224 0.000000
vt 0.001224 0.000000
vt 0.001224 0.004896
vt 0.001224 0.004896
vt 0.840903 0.021121
vt 0.840123 0.014770
vt 0.841605 0.014624
vt 0.843377 0.020878
vt 0.061609 0.036934
vt 0.066914 0.031325
vt 0.068145 0.032556
vt 0.063664 0.038989
vt 0.988742 0.054754
vt 0.987109 0.061742
vt 0.985744 0.061608
vt 0.986463 0.054530
vt 0.931924 0.016842
vt 0.927394 0.010373
vt 0.928616 0.009151
vt 0.933964 0.014802
vt 0.840369 0.014078
vt 0.841220 0.013994
vt 0.067448 0.031314
vt 0.068156 0.032022
vt 0.986755 0.062323
vt 0.985971 0.062245
vt 0.927331 0.009791
vt 0.928033 0.009088
vt 0.415263 0.050521
vt 0.414848 0.049841
vt 0.416338 0.049695
vt 0.416073 0.050441
vt 0.067520 0.030649
vt 0.068821 0.031950
vt 0.841986 0.004981
vt 0.842293 0.005843
vt 0.840571 0.005673
vt 0.841050 0.004889
vt 0.926730 0.009779
vt 0.928022 0.008487
vt 0.414461 0.045780
vt 0.415223 0.045705
vt 0.070705 0.027092
vt 0.071371 0.027757
vt 0.841004 0.009148
vt 0.840123 0.009062
vt 0.924135 0.005553
vt 0.924796 0.004892
vt 0.045573 0.005213
vt 0.048810 0.004894
vt 0.414491 0.029232
vt 0.413476 0.028812
vt 0.412976 0.025604
vt 0.409876 0.025909
vt 0.476402 0.142068
vt 0.479507 0.143876
vt 0.740743 0.009255
vt 0.739308 0.010041
vt 0.739820 0.004846
vt 0.741070 0.005935
vt 0.919679 0.083320
vt 0.922823 0.081490
vt 0.744505 0.006470
vt 0.745194 0.005683
vt 0.744683 0.010878
vt 0.744178 0.009790
vt 0.873215 0.640572
vt 0.875544 0.636264
vt 0.877665 0.636900
vt 0.875591 0.641284
vt 0.654880 0.018486
vt 0.656808 0.013627
vt 0.661828 0.015838
vt 0.659900 0.020698
vt 0.529065 0.308935
vt 0.531140 0.313319
vt 0.529019 0.313955
vt 0.526690 0.309648
vt 0.488255 0.102117
vt 0.489897 0.106714
vt 0.484810 0.108956
vt 0.483168 0.104358
vt 0.341650 0.004892
vt 0.342451 0.004971
vt 0.342451 0.005755
vt 0.341650 0.005676
vt 0.208490 0.050405
vt 0.203370 0.051195
vt 0.203126 0.048506
vt 0.208246 0.047716
vt 0.750510 0.040426
vt 0.751279 0.035438
vt 0.753381 0.036468
vt 0.752916 0.039483
vt 0.532308 0.314645
vt 0.531026 0.315029
vt 0.658770 0.012309
vt 0.661804 0.013645
vt 0.879125 0.636405
vt 0.877843 0.636020
vt 0.688901 0.094811
vt 0.692033 0.094328
vt 0.694792 0.096319
vt 0.689625 0.096319
vt 0.530653 0.317427
vt 0.529197 0.315971
vt 0.661018 0.004896
vt 0.666024 0.004896
vt 0.877913 0.634890
vt 0.876457 0.636347
vt 0.694086 0.100225
vt 0.690331 0.100225
vt 0.526663 0.321321
vt 0.525605 0.320263
vt 0.682905 0.328030
vt 0.677699 0.328030
vt 0.678411 0.322350
vt 0.682193 0.322350
vt 0.873923 0.630996
vt 0.872865 0.632054
vt 0.694086 0.113028
vt 0.690331 0.113028
vt 0.514893 0.327963
vt 0.513835 0.326905
vt 0.681528 0.395499
vt 0.677699 0.395499
vt 0.677699 0.382445
vt 0.681528 0.382445
vt 0.862151 0.624354
vt 0.861093 0.625412
vt 0.246436 0.392750
vt 0.250685 0.392750
vt 0.250685 0.410252
vt 0.246436 0.410252
vt 0.493702 0.342183
vt 0.492644 0.341125
vt 0.677699 0.358944
vt 0.681528 0.358944
vt 0.840957 0.610131
vt 0.839899 0.611189
vt 0.250685 0.429745
vt 0.246436 0.429745
vt 0.476463 0.358127
vt 0.475300 0.356964
vt 0.677699 0.340176
vt 0.681528 0.340176
vt 0.823716 0.594184
vt 0.822552 0.595348
vt 0.250685 0.440499
vt 0.246436 0.440499
vt 0.466455 0.367289
vt 0.464868 0.365702
vt 0.677699 0.330486
vt 0.681528 0.330486
vt 0.813706 0.585021
vt 0.812119 0.586609
vt 0.249692 0.443224
vt 0.247429 0.443224
vt 0.466466 0.368761
vt 0.465620 0.367916
vt 0.678594 0.328030
vt 0.680633 0.328030
vt 0.813717 0.583549
vt 0.812871 0.584394
vt 0.534934 0.425582
vt 0.537085 0.425582
vt 0.539287 0.429031
vt 0.532733 0.429031
vt 0.537085 0.424594
vt 0.539287 0.426018
vt 0.537085 0.421628
vt 0.534934 0.421628
vt 0.532078 0.417018
vt 0.538569 0.416379
vt 0.532733 0.426018
vt 0.534934 0.424594
vt 0.084012 0.031261
vt 0.084012 0.025520
vt 0.087013 0.026902
vt 0.086533 0.031772
vt 0.932713 0.147007
vt 0.930161 0.149559
vt 0.927625 0.147755
vt 0.929811 0.145569
vt 0.316096 0.026962
vt 0.316650 0.032593
vt 0.314121 0.032532
vt 0.313646 0.027709
vt 0.475991 0.530314
vt 0.473917 0.531655
vt 0.471362 0.529101
vt 0.473803 0.528126
vt 0.834052 0.059383
vt 0.828921 0.059383
vt 0.828921 0.057240
vt 0.834052 0.057240
vt 0.882282 0.630522
vt 0.877097 0.627822
vt 0.882391 0.622528
vt 0.887575 0.625228
vt 0.459267 0.381965
vt 0.464200 0.381965
vt 0.463808 0.382600
vt 0.459659 0.382600
vt 0.529837 0.324495
vt 0.535020 0.321795
vt 0.540313 0.327088
vt 0.535130 0.329788
vt 0.744510 0.041956
vt 0.739308 0.041956
vt 0.739308 0.037524
vt 0.744510 0.037524
vt 0.890410 0.627942
vt 0.886330 0.632022
vt 0.828921 0.046383
vt 0.834052 0.046383
vt 0.834052 0.049313
vt 0.828921 0.049313
vt 0.539068 0.320296
vt 0.543148 0.324375
vt 0.739308 0.031713
vt 0.744510 0.031713
vt 0.893622 0.635283
vt 0.891638 0.637267
vt 0.544375 0.315051
vt 0.546360 0.317035
vt 0.459659 0.318550
vt 0.463808 0.318550
vt 0.463808 0.329420
vt 0.459659 0.329420
vt 0.526844 0.337845
vt 0.522539 0.333540
vt 0.678411 0.313271
vt 0.682193 0.313271
vt 0.869798 0.618775
vt 0.874104 0.614469
vt 0.463808 0.339348
vt 0.459659 0.339348
vt 0.514842 0.345115
vt 0.511529 0.341802
vt 0.678411 0.300120
vt 0.682193 0.300120
vt 0.858787 0.610512
vt 0.862100 0.607199
vt 0.463808 0.349374
vt 0.459659 0.349374
vt 0.503581 0.353457
vt 0.500269 0.350145
vt 0.678411 0.287782
vt 0.682193 0.287782
vt 0.847525 0.602168
vt 0.850838 0.598855
vt 0.463808 0.368069
vt 0.459659 0.368069
vt 0.485016 0.367888
vt 0.482831 0.365703
vt 0.678411 0.267440
vt 0.682193 0.267440
vt 0.830085 0.586607
vt 0.832270 0.584422
vt 0.464200 0.375826
vt 0.459267 0.375826
vt 0.475444 0.375425
vt 0.472564 0.372158
vt 0.678411 0.256951
vt 0.682193 0.256951
vt 0.819815 0.580151
vt 0.822697 0.576884
vt 0.473732 0.377795
vt 0.472819 0.377267
vt 0.678411 0.255076
vt 0.682193 0.255076
vt 0.820071 0.575042
vt 0.820984 0.574514
vt 0.134583 0.004891
vt 0.139667 0.005391
vt 0.139483 0.010797
vt 0.134420 0.010299
vt 0.928258 0.145447
vt 0.933145 0.140561
vt 0.252384 0.078748
vt 0.247396 0.079239
vt 0.247236 0.075284
vt 0.252203 0.074795
vt 0.475359 0.528002
vt 0.470469 0.523112
vt 0.425788 0.071862
vt 0.426513 0.071790
vt 0.426493 0.072166
vt 0.425768 0.072238
vt 0.923405 0.142622
vt 0.928291 0.137736
vt 0.246436 0.070145
vt 0.251403 0.069656
vt 0.480217 0.525175
vt 0.475326 0.520284
vt 0.574027 0.274877
vt 0.578866 0.275353
vt 0.577788 0.283483
vt 0.572949 0.283006
vt 0.439904 0.094237
vt 0.434985 0.091374
vt 0.435027 0.084147
vt 0.437129 0.086249
vt 0.432469 0.102441
vt 0.427679 0.102912
vt 0.426967 0.095631
vt 0.431757 0.095160
vt 0.105649 0.077102
vt 0.100815 0.079915
vt 0.103542 0.072065
vt 0.105607 0.070000
vt 0.576181 0.289946
vt 0.573066 0.289639
vt 0.433225 0.079912
vt 0.436211 0.079898
vt 0.427205 0.091196
vt 0.430288 0.090893
vt 0.104607 0.065660
vt 0.107542 0.065674
vt 0.576242 0.290275
vt 0.572957 0.289952
vt 0.433128 0.079589
vt 0.436278 0.079574
vt 0.427081 0.090888
vt 0.430333 0.090567
vt 0.104526 0.065358
vt 0.107621 0.065373
vt 0.576294 0.291724
vt 0.572626 0.291363
vt 0.432755 0.078168
vt 0.436273 0.078151
vt 0.426716 0.089492
vt 0.430348 0.089135
vt 0.104494 0.063995
vt 0.107951 0.064012
vt 0.575850 0.292121
vt 0.572915 0.291832
vt 0.433144 0.077774
vt 0.435958 0.077761
vt 0.427072 0.089025
vt 0.429977 0.088739
vt 0.104873 0.063543
vt 0.107638 0.063556
vt 0.576192 0.292873
vt 0.572505 0.292510
vt 0.432751 0.077039
vt 0.436286 0.077021
vt 0.426595 0.088357
vt 0.430245 0.087997
vt 0.104479 0.062888
vt 0.107954 0.062904
vt 0.574881 0.297400
vt 0.572313 0.297148
vt 0.431760 0.072435
vt 0.433338 0.072573
vt 0.426583 0.083609
vt 0.429126 0.083359
vt 0.107483 0.058409
vt 0.109033 0.058274
vt 0.574036 0.302115
vt 0.571770 0.301892
vt 0.429075 0.068630
vt 0.431075 0.067941
vt 0.426086 0.079746
vt 0.428330 0.079525
vt 0.109735 0.053828
vt 0.111701 0.054506
vt 0.573843 0.303148
vt 0.571694 0.303157
vt 0.429071 0.067816
vt 0.430851 0.066925
vt 0.426052 0.078697
vt 0.428180 0.078706
vt 0.110073 0.052606
vt 0.111823 0.053482
vt 0.573947 0.304357
vt 0.571284 0.304094
vt 0.428278 0.067096
vt 0.430364 0.065738
vt 0.425662 0.078239
vt 0.428299 0.077980
vt 0.110396 0.051701
vt 0.112446 0.053036
vt 0.572070 0.309226
vt 0.571338 0.309154
vt 0.425662 0.061326
vt 0.426235 0.060953
vt 0.114637 0.046815
vt 0.115201 0.047182
vt 0.207903 0.046519
vt 0.202784 0.047309
vt 0.201736 0.045488
vt 0.206855 0.044699
vt 0.536191 0.306798
vt 0.537502 0.311410
vt 0.535381 0.312046
vt 0.533816 0.307510
vt 0.534871 0.313876
vt 0.536153 0.313492
vt 0.533565 0.320339
vt 0.528779 0.323437
vt 0.517009 0.330079
vt 0.518067 0.331137
vt 0.495818 0.344299
vt 0.496876 0.345357
vt 0.478790 0.360454
vt 0.479954 0.361618
vt 0.469629 0.370463
vt 0.471216 0.372050
vt 0.468156 0.370452
vt 0.469002 0.371298
vt 0.539287 0.419993
vt 0.537085 0.422616
vt 0.923253 0.152128
vt 0.925056 0.154664
vt 0.921995 0.156707
vt 0.921067 0.154314
vt 0.920975 0.152731
vt 0.917333 0.156373
vt 0.916121 0.149906
vt 0.912480 0.153547
vt 0.744909 0.008132
vt 0.745422 0.008183
vt 0.745422 0.008820
vt 0.744909 0.008770
vt 0.486293 0.538936
vt 0.482648 0.535291
vt 0.487506 0.532464
vt 0.491151 0.536109
vt 0.482555 0.536878
vt 0.480367 0.534690
vt 0.481548 0.539350
vt 0.479026 0.536764
vt 0.534934 0.422616
vt 0.532733 0.419993
vt 0.818468 0.580260
vt 0.816881 0.581847
vt 0.815408 0.581858
vt 0.816253 0.581012
vt 0.827207 0.590693
vt 0.826043 0.591857
vt 0.844132 0.606956
vt 0.843074 0.608014
vt 0.865326 0.621179
vt 0.864267 0.622237
vt 0.876039 0.628880
vt 0.880825 0.631978
vt 0.882970 0.637558
vt 0.881688 0.637174
vt 0.884028 0.638809
vt 0.881907 0.638173
vt 0.880342 0.642709
vt 0.882717 0.643422
vt 0.202955 0.047907
vt 0.208075 0.047118
vt 0.531440 0.308223
vt 0.533260 0.312682
vt 0.533590 0.314260
vt 0.532109 0.318883
vt 0.527721 0.322379
vt 0.515951 0.329021
vt 0.494760 0.343241
vt 0.477627 0.359291
vt 0.468042 0.368876
vt 0.467311 0.369607
vt 0.537085 0.423605
vt 0.539287 0.423005
vt 0.927609 0.152111
vt 0.925439 0.149942
vt 0.924616 0.149089
vt 0.919763 0.146264
vt 0.817720 0.006690
vt 0.818277 0.006745
vt 0.818277 0.007390
vt 0.817720 0.007335
vt 0.483861 0.528820
vt 0.479004 0.531647
vt 0.478179 0.532502
vt 0.476471 0.534209
vt 0.532733 0.423005
vt 0.534934 0.423605
vt 0.814562 0.582703
vt 0.815293 0.583434
vt 0.824880 0.593020
vt 0.842015 0.609072
vt 0.863209 0.623295
vt 0.874981 0.629938
vt 0.879369 0.633434
vt 0.880406 0.636789
vt 0.879786 0.637537
vt 0.877966 0.641997
vt 0.722506 0.005965
vt 0.722611 0.004896
vt 0.723183 0.004896
vt 0.723078 0.005965
vt 0.472592 0.386436
vt 0.477673 0.386936
vt 0.475921 0.387601
vt 0.474084 0.387420
vt 0.633244 0.004896
vt 0.637285 0.004896
vt 0.634353 0.006692
vt 0.632893 0.006692
vt 0.637797 0.010101
vt 0.634539 0.008574
vt 0.488415 0.531852
vt 0.489733 0.533169
vt 0.477339 0.388687
vt 0.472436 0.388205
vt 0.510993 0.031303
vt 0.512319 0.032629
vt 0.513635 0.035309
vt 0.510639 0.032313
vt 0.884751 0.325425
vt 0.882924 0.325605
vt 0.881285 0.323038
vt 0.886161 0.322558
vt 0.882924 0.327023
vt 0.881285 0.326243
vt 0.474978 0.399753
vt 0.471586 0.399419
vt 0.507977 0.044673
vt 0.505904 0.042600
vt 0.880440 0.312873
vt 0.883813 0.312541
vt 0.149418 0.073475
vt 0.146460 0.076432
vt 0.141649 0.066141
vt 0.143695 0.064095
vt 0.473861 0.406607
vt 0.470469 0.406273
vt 0.503793 0.051045
vt 0.501720 0.048972
vt 0.879329 0.306056
vt 0.882702 0.305724
vt 0.137519 0.059852
vt 0.139566 0.057805
vt 0.473006 0.407780
vt 0.471015 0.407584
vt 0.502702 0.051280
vt 0.501485 0.050063
vt 0.325935 0.014663
vt 0.326244 0.017805
vt 0.325029 0.017299
vt 0.324848 0.015454
vt 0.137161 0.058648
vt 0.138362 0.057447
vt 0.700102 0.016784
vt 0.700284 0.014942
vt 0.701478 0.014412
vt 0.701183 0.017412
vt 0.502925 0.052480
vt 0.500285 0.049840
vt 0.934739 0.028403
vt 0.932651 0.028609
vt 0.931940 0.027384
vt 0.935340 0.027049
vt 0.136090 0.058981
vt 0.138695 0.056376
vt 0.612638 0.041528
vt 0.615953 0.041855
vt 0.614917 0.048320
vt 0.611603 0.047994
vt 0.498118 0.057239
vt 0.496597 0.055719
vt 0.930878 0.022016
vt 0.934278 0.021681
vt 0.132449 0.053178
vt 0.133950 0.051677
vt 0.614336 0.052884
vt 0.610489 0.052506
vt 0.494576 0.061572
vt 0.492872 0.059869
vt 0.929736 0.017182
vt 0.933681 0.016793
vt 0.128819 0.049128
vt 0.130500 0.047447
vt 0.613057 0.053556
vt 0.611638 0.053416
vt 0.614336 0.054757
vt 0.613057 0.054510
vt 0.891133 0.020053
vt 0.891473 0.023506
vt 0.890656 0.022475
vt 0.890530 0.021201
vt 0.610489 0.054379
vt 0.611638 0.054370
vt 0.616090 0.026379
vt 0.616215 0.025111
vt 0.617022 0.024159
vt 0.616697 0.027458
vt 0.039227 0.004893
vt 0.040115 0.005781
vt 0.040076 0.006621
vt 0.038387 0.004933
vt 0.859991 0.011353
vt 0.858474 0.011503
vt 0.857182 0.010776
vt 0.861131 0.010387
vt 0.858474 0.012523
vt 0.857182 0.012717
vt 0.554727 0.018745
vt 0.558522 0.019119
vt 0.556524 0.025064
vt 0.554481 0.024863
vt 0.034693 0.011404
vt 0.033605 0.010315
vt 0.856925 0.005099
vt 0.859052 0.004889
vt 0.393685 0.092308
vt 0.392057 0.090681
vt 0.397395 0.085922
vt 0.398443 0.086971
vt 0.556085 0.025332
vt 0.554860 0.025211
vt 0.556524 0.026266
vt 0.556085 0.026224
vt 0.330681 0.024152
vt 0.330855 0.025925
vt 0.330553 0.025596
vt 0.330448 0.024533
vt 0.397699 0.085889
vt 0.398477 0.086667
vt 0.577448 0.043736
vt 0.578697 0.043859
vt 0.579173 0.044329
vt 0.576884 0.044103
vt 0.698959 0.009029
vt 0.698157 0.009831
vt 0.697744 0.009765
vt 0.698893 0.008616
vt 0.197959 0.048766
vt 0.196629 0.048897
vt 0.196029 0.048506
vt 0.198467 0.048267
vt 0.196629 0.049865
vt 0.196029 0.049895
vt 0.577419 0.048564
vt 0.576914 0.048514
vt 0.694502 0.005435
vt 0.695055 0.004881
vt 0.196060 0.044402
vt 0.196598 0.044350
vt 0.253144 0.020637
vt 0.252037 0.019530
vt 0.255882 0.015785
vt 0.256415 0.016318
vt 0.481085 0.099984
vt 0.486172 0.097743
vt 0.875800 0.645159
vt 0.874164 0.644668
vt 0.527639 0.305552
vt 0.529275 0.305061
vt 0.880708 0.646631
vt 0.879072 0.646140
vt 0.658737 0.024079
vt 0.653717 0.021867
vt 0.532546 0.304080
vt 0.534182 0.303589
vt 0.877436 0.645650
vt 0.530910 0.304570
vt 0.477811 0.090954
vt 0.482898 0.088713
vt 0.871360 0.653569
vt 0.869887 0.653127
vt 0.523363 0.297094
vt 0.524836 0.296652
vt 0.875779 0.654895
vt 0.874306 0.654453
vt 0.655703 0.032785
vt 0.650683 0.030573
vt 0.527781 0.295769
vt 0.529254 0.295327
vt 0.872833 0.654011
vt 0.526308 0.296210
vt 0.470396 0.068742
vt 0.475483 0.066501
vt 0.857342 0.674491
vt 0.855489 0.673935
vt 0.508966 0.276290
vt 0.510819 0.275734
vt 0.862902 0.676158
vt 0.861048 0.675603
vt 0.647926 0.055186
vt 0.642906 0.052975
vt 0.514525 0.274622
vt 0.516378 0.274066
vt 0.859195 0.675047
vt 0.512672 0.275178
vt 0.459267 0.034741
vt 0.464354 0.032500
vt 0.834100 0.706385
vt 0.832104 0.705786
vt 0.485585 0.244443
vt 0.487581 0.243844
vt 0.840089 0.708182
vt 0.838093 0.707583
vt 0.636771 0.088923
vt 0.631750 0.086711
vt 0.491573 0.242647
vt 0.493569 0.242048
vt 0.836096 0.706984
vt 0.489577 0.243245
vt 0.274569 0.013197
vt 0.269339 0.012391
vt 0.268839 0.005937
vt 0.274069 0.006744
vt 0.829342 0.709815
vt 0.826223 0.708879
vt 0.479705 0.241350
vt 0.482823 0.240415
vt 0.838699 0.712621
vt 0.835580 0.711686
vt 0.634936 0.093600
vt 0.629916 0.091389
vt 0.489060 0.238544
vt 0.492179 0.237609
vt 0.832461 0.710750
vt 0.485942 0.239480
vt 0.485727 0.342739
vt 0.480729 0.344940
vt 0.479479 0.341231
vt 0.484476 0.339030
vt 0.827385 0.713475
vt 0.823853 0.712416
vt 0.477335 0.237814
vt 0.480867 0.236755
vt 0.837980 0.716653
vt 0.834448 0.715594
vt 0.633182 0.097848
vt 0.628161 0.095636
vt 0.487929 0.234637
vt 0.491460 0.233578
vt 0.830917 0.714535
vt 0.484398 0.235696
vt 0.477303 0.336924
vt 0.482301 0.334722
vt 0.828011 0.717256
vt 0.825570 0.716523
vt 0.479052 0.233707
vt 0.481493 0.232975
vt 0.835335 0.719452
vt 0.832894 0.718720
vt 0.632312 0.100797
vt 0.627292 0.098585
vt 0.486375 0.231511
vt 0.488816 0.230779
vt 0.830453 0.717988
vt 0.483934 0.232243
vt 0.476070 0.334728
vt 0.481067 0.332526
vt 0.829718 0.718256
vt 0.827215 0.718617
vt 0.480696 0.231614
vt 0.483199 0.231974
vt 0.832527 0.720211
vt 0.830832 0.718591
vt 0.201630 0.042471
vt 0.206749 0.041681
vt 0.484313 0.231640
vt 0.486008 0.230021
vt 0.830275 0.718423
vt 0.483756 0.231807
vt 0.472592 0.382492
vt 0.477673 0.382992
vt 0.476114 0.383444
vt 0.473927 0.383229
vt 0.476114 0.385141
vt 0.473927 0.384926
vt 0.484542 0.528185
vt 0.486111 0.529753
vt 0.475916 0.384706
vt 0.473729 0.384490
vt 0.396579 0.004872
vt 0.398129 0.006422
vt 0.398946 0.009353
vt 0.395894 0.006024
vt 0.041448 0.010332
vt 0.039417 0.010532
vt 0.039206 0.007549
vt 0.041237 0.007349
vt 0.485708 0.527492
vt 0.489078 0.530580
vt 0.183410 0.004890
vt 0.185685 0.005114
vt 0.185160 0.008172
vt 0.182886 0.007948
vt 0.396109 0.010917
vt 0.393899 0.008707
vt 0.270027 0.427622
vt 0.267625 0.427859
vt 0.267103 0.424445
vt 0.269506 0.424209
vt 0.488424 0.525473
vt 0.490661 0.527710
vt 0.183999 0.015468
vt 0.181724 0.015244
vt 0.391425 0.016590
vt 0.389945 0.015110
vt 0.265877 0.418808
vt 0.268279 0.418571
vt 0.494904 0.521470
vt 0.496402 0.522969
vt 0.182595 0.022427
vt 0.180320 0.022203
vt 0.386040 0.023723
vt 0.383534 0.021217
vt 0.264394 0.412327
vt 0.266796 0.412091
vt 0.501084 0.514983
vt 0.503621 0.517519
vt 0.182463 0.025696
vt 0.179226 0.025378
vt 0.383171 0.026401
vt 0.380856 0.024086
vt 0.263239 0.408974
vt 0.266657 0.408638
vt 0.503904 0.512356
vt 0.506247 0.514700
vt 0.181208 0.026696
vt 0.180332 0.026610
vt 0.182463 0.028335
vt 0.181208 0.027861
vt 0.264407 0.407673
vt 0.265331 0.407582
vt 0.504998 0.512570
vt 0.506033 0.513605
vt 0.593687 0.006204
vt 0.593764 0.005424
vt 0.595202 0.004869
vt 0.594996 0.006957
vt 0.705398 0.005191
vt 0.706427 0.006220
vt 0.706726 0.007643
vt 0.703975 0.004892
vt 0.177937 0.072675
vt 0.177027 0.072764
vt 0.176150 0.071238
vt 0.178584 0.070998
vt 0.504568 0.511266
vt 0.507337 0.514035
vt 0.198415 0.062092
vt 0.200716 0.062319
vt 0.199471 0.069769
vt 0.197170 0.069542
vt 0.701222 0.013500
vt 0.699304 0.011583
vt 0.174833 0.064340
vt 0.177267 0.064100
vt 0.511302 0.506566
vt 0.513231 0.508495
vt 0.198330 0.076017
vt 0.196029 0.075790
vt 0.695609 0.018303
vt 0.694502 0.017195
vt 0.173625 0.058684
vt 0.176060 0.058444
vt 0.516950 0.501733
vt 0.518064 0.502848
vt 0.197730 0.076518
vt 0.196526 0.076399
vt 0.198330 0.077250
vt 0.197730 0.077163
vt 0.582932 0.020915
vt 0.583134 0.022968
vt 0.582591 0.022525
vt 0.582485 0.021450
vt 0.517499 0.501714
vt 0.518083 0.502298
vt 0.050407 0.022245
vt 0.050513 0.021166
vt 0.051192 0.020572
vt 0.050958 0.022944
vt 0.554798 0.018479
vt 0.554210 0.019066
vt 0.553522 0.019081
vt 0.554813 0.017790
vt 0.815200 0.050706
vt 0.813917 0.050832
vt 0.813084 0.050177
vt 0.815906 0.049899
vt 0.813917 0.051520
vt 0.813084 0.051689
vt 0.818660 0.029525
vt 0.821407 0.029795
vt 0.819527 0.037162
vt 0.817720 0.036985
vt 0.547503 0.012621
vt 0.548353 0.011772
vt 0.812119 0.043031
vt 0.813976 0.042848
vt 0.684572 0.030490
vt 0.683300 0.029217
vt 0.689745 0.023207
vt 0.690582 0.024044
vt 0.819267 0.037494
vt 0.817886 0.037358
vt 0.547413 0.012330
vt 0.548062 0.011681
vt 0.549174 0.019022
vt 0.549331 0.020622
vt 0.549001 0.020476
vt 0.548880 0.019252
vt 0.690068 0.023082
vt 0.690708 0.023721
vt 0.807389 0.035512
vt 0.808752 0.035646
vt 0.809047 0.036171
vt 0.806975 0.035968
vt 0.546945 0.012200
vt 0.547932 0.011214
vt 0.030480 0.033986
vt 0.028969 0.034135
vt 0.028511 0.033629
vt 0.030807 0.033404
vt 0.690135 0.022682
vt 0.691107 0.023654
vt 0.807546 0.041334
vt 0.806518 0.041233
vt 0.543280 0.007114
vt 0.543769 0.006624
vt 0.028004 0.028945
vt 0.029143 0.028833
vt 0.694327 0.018070
vt 0.694809 0.018553
vt 0.501638 0.152136
vt 0.507055 0.152669
vt 0.505776 0.154189
vt 0.502530 0.153870
vt 0.919906 0.144600
vt 0.922088 0.142418
vt 0.802560 0.015755
vt 0.803016 0.020388
vt 0.801190 0.019625
vt 0.800917 0.016850
vt 0.481719 0.524785
vt 0.483903 0.526969
vt 0.505516 0.155168
vt 0.502270 0.154848
vt 0.917556 0.144665
vt 0.921241 0.140981
vt 0.418685 0.095269
vt 0.415331 0.095599
vt 0.415062 0.092794
vt 0.418417 0.092464
vt 0.482567 0.523346
vt 0.486255 0.527034
vt 0.503876 0.164786
vt 0.500630 0.164467
vt 0.911232 0.136557
vt 0.912911 0.134878
vt 0.413367 0.085247
vt 0.416721 0.084917
vt 0.490904 0.517239
vt 0.492585 0.518919
vt 0.502277 0.171894
vt 0.499031 0.171574
vt 0.904182 0.129538
vt 0.906756 0.126964
vt 0.411715 0.076835
vt 0.415069 0.076505
vt 0.497064 0.509318
vt 0.499640 0.511895
vt 0.501719 0.175086
vt 0.498473 0.174766
vt 0.902161 0.126648
vt 0.903992 0.124817
vt 0.411138 0.074423
vt 0.414492 0.074093
vt 0.499830 0.507170
vt 0.501663 0.509003
vt 0.621691 0.022440
vt 0.621964 0.019663
vt 0.622861 0.020006
vt 0.622637 0.022285
vt 0.901307 0.126582
vt 0.903979 0.123909
vt 0.411325 0.073345
vt 0.414078 0.073074
vt 0.499892 0.506212
vt 0.502567 0.508887
vt 0.920966 0.028561
vt 0.923682 0.028828
vt 0.922264 0.034172
vt 0.920400 0.033988
vt 0.897606 0.121786
vt 0.899440 0.119952
vt 0.410750 0.068844
vt 0.412640 0.068658
vt 0.504506 0.502180
vt 0.506342 0.504016
vt 0.920787 0.042051
vt 0.918534 0.041830
vt 0.890530 0.114408
vt 0.892747 0.112191
vt 0.408860 0.060440
vt 0.411143 0.060215
vt 0.511173 0.494446
vt 0.513391 0.496664
vt 0.919981 0.043205
vt 0.919191 0.043127
vt 0.920787 0.044660
vt 0.919981 0.044121
vt 0.790717 0.015818
vt 0.790909 0.017773
vt 0.789783 0.017204
vt 0.789716 0.016517
vt 0.512276 0.494782
vt 0.513055 0.495561
vt 0.907333 0.005910
vt 0.907398 0.005247
vt 0.908779 0.004896
vt 0.908620 0.006519
vt 0.243469 0.040480
vt 0.242696 0.041253
vt 0.241556 0.040982
vt 0.243447 0.039091
vt 0.254852 0.087553
vt 0.254067 0.087630
vt 0.253347 0.086400
vt 0.255268 0.086211
vt 0.512202 0.493478
vt 0.514108 0.495384
vt 0.729397 0.077290
vt 0.731291 0.077477
vt 0.729595 0.085277
vt 0.728107 0.085131
vt 0.235234 0.034256
vt 0.236721 0.032769
vt 0.252037 0.078920
vt 0.253547 0.078771
vt 0.519016 0.487072
vt 0.520514 0.488570
vt 0.729138 0.085927
vt 0.728481 0.085863
vt 0.729595 0.087001
vt 0.729138 0.086689
vt 0.045384 0.011666
vt 0.045515 0.012989
vt 0.044864 0.012656
vt 0.044807 0.012072
vt 0.519652 0.487272
vt 0.520314 0.487934
vt 0.846752 0.057231
vt 0.847435 0.057298
vt 0.847698 0.058066
vt 0.846352 0.057933
vt 0.425262 0.009419
vt 0.424602 0.010078
vt 0.423962 0.010079
vt 0.425262 0.008779
vt 0.007312 0.060518
vt 0.006629 0.060586
vt 0.006229 0.059883
vt 0.007575 0.059750
vt 0.519597 0.486684
vt 0.520901 0.487989
vt 0.846290 0.062745
vt 0.845724 0.062690
vt 0.420061 0.005425
vt 0.420608 0.004878
vt 0.005601 0.055126
vt 0.006167 0.055071
vt 0.524331 0.482706
vt 0.524880 0.483255
vt 0.033605 0.027134
vt 0.038454 0.027612
vt 0.037298 0.031224
vt 0.034333 0.030933
vt 0.922570 0.141536
vt 0.924796 0.139309
vt 0.903895 0.039679
vt 0.904428 0.045089
vt 0.903258 0.044276
vt 0.902932 0.040968
vt 0.479003 0.521679
vt 0.481232 0.523908
vt 0.854898 0.415361
vt 0.857942 0.415661
vt 0.858156 0.416765
vt 0.854375 0.416393
vt 0.921529 0.141034
vt 0.924295 0.138269
vt 0.902136 0.044844
vt 0.901732 0.040735
vt 0.479437 0.520706
vt 0.482205 0.523474
vt 0.857004 0.423401
vt 0.853223 0.423029
vt 0.917988 0.133545
vt 0.919518 0.132015
vt 0.690171 0.081703
vt 0.686368 0.082078
vt 0.685210 0.074084
vt 0.689012 0.073710
vt 0.484217 0.514448
vt 0.485749 0.515979
vt 0.855401 0.434091
vt 0.851620 0.433719
vt 0.911614 0.124573
vt 0.914244 0.121943
vt 0.683597 0.064507
vt 0.687400 0.064133
vt 0.489496 0.504368
vt 0.492128 0.506999
vt 0.855105 0.436529
vt 0.851325 0.436157
vt 0.910290 0.123066
vt 0.913710 0.119646
vt 0.683300 0.062899
vt 0.687102 0.062525
vt 0.490030 0.502069
vt 0.493453 0.505491
vt 0.380856 0.017908
vt 0.381202 0.014390
vt 0.383319 0.015738
vt 0.383194 0.017012
vt 0.910328 0.120922
vt 0.911566 0.119684
vt 0.684268 0.060372
vt 0.685645 0.060236
vt 0.492399 0.501882
vt 0.493639 0.503122
vt 0.890530 0.006359
vt 0.890660 0.005041
vt 0.892225 0.004889
vt 0.892047 0.006700
vt 0.909309 0.120956
vt 0.912114 0.118151
vt 0.069397 0.014785
vt 0.068009 0.014922
vt 0.067650 0.013876
vt 0.069557 0.013689
vt 0.491804 0.500396
vt 0.494611 0.503204
vt 0.814451 0.069507
vt 0.816587 0.069717
vt 0.816094 0.071884
vt 0.813958 0.071673
vt 0.906950 0.119158
vt 0.910316 0.115792
vt 0.067210 0.011339
vt 0.069117 0.011151
vt 0.493603 0.498035
vt 0.496972 0.501404
vt 0.815299 0.076160
vt 0.813162 0.075949
vt 0.904989 0.114411
vt 0.906767 0.112632
vt 0.457168 0.085093
vt 0.455286 0.085278
vt 0.454585 0.080240
vt 0.456467 0.080055
vt 0.497155 0.494873
vt 0.498935 0.496653
vt 0.814255 0.080730
vt 0.812119 0.080519
vt 0.901237 0.109365
vt 0.902974 0.107628
vt 0.453666 0.074884
vt 0.455548 0.074699
vt 0.500951 0.489865
vt 0.502689 0.491603
vt 0.813748 0.081625
vt 0.812413 0.081494
vt 0.901145 0.108621
vt 0.902231 0.107536
vt 0.453925 0.074026
vt 0.455102 0.073910
vt 0.501761 0.489707
vt 0.502847 0.490794
vt 0.056008 0.012620
vt 0.056116 0.011525
vt 0.057151 0.011135
vt 0.056947 0.013210
vt 0.900096 0.108545
vt 0.902154 0.106487
vt 0.807554 0.010413
vt 0.807661 0.011508
vt 0.806722 0.012098
vt 0.806518 0.010023
vt 0.501739 0.488756
vt 0.503799 0.490815
vt 0.000000 0.004896
vt 0.000000 0.000001
vt 0.000000 0.000001
vt 0.000000 0.004896
vt 0.001224 0.000001
vt 0.001224 0.000001
vt 0.001224 0.004896
vt 0.001224 0.004896
vt 0.650475 0.049960
vt 0.652948 0.050204
vt 0.651177 0.056457
vt 0.649695 0.056311
vt 0.614648 0.039522
vt 0.612593 0.041577
vt 0.608113 0.035144
vt 0.609344 0.033913
vt 0.210228 0.070805
vt 0.207949 0.071030
vt 0.207230 0.063953
vt 0.208595 0.063819
vt 0.881369 0.036728
vt 0.879329 0.034688
vt 0.884677 0.029038
vt 0.885898 0.030260
vt 0.650792 0.057087
vt 0.649941 0.057003
vt 0.608103 0.034610
vt 0.608810 0.033903
vt 0.207457 0.063316
vt 0.208241 0.063239
vt 0.885259 0.028975
vt 0.885961 0.029678
vt 0.213633 0.048078
vt 0.214443 0.048158
vt 0.214709 0.048904
vt 0.213219 0.048757
vt 0.607438 0.034539
vt 0.608739 0.033238
vt 0.875591 0.020289
vt 0.874655 0.020382
vt 0.874176 0.019597
vt 0.875898 0.019427
vt 0.885270 0.028374
vt 0.886562 0.029666
vt 0.213593 0.052893
vt 0.212831 0.052818
vt 0.604888 0.030346
vt 0.605554 0.029681
vt 0.873728 0.016209
vt 0.874608 0.016123
vt 0.888496 0.024780
vt 0.889156 0.025440
vt 0.138422 0.011673
vt 0.135186 0.011355
vt 0.039236 0.022594
vt 0.037721 0.026222
vt 0.038220 0.023015
vt 0.034621 0.025917
vt 0.471043 0.522133
vt 0.474148 0.520325
vt 0.917384 0.085100
vt 0.917058 0.081780
vt 0.918308 0.080692
vt 0.918819 0.085886
vt 0.438760 0.094146
vt 0.435615 0.092316
vt 0.913622 0.082315
vt 0.913949 0.085635
vt 0.913445 0.086723
vt 0.912934 0.081529
vt 0.571089 0.148780
vt 0.567059 0.169919
vt 0.564742 0.169477
vt 0.568771 0.148338
vt 0.563029 0.191058
vt 0.560712 0.190616
vt 0.519933 0.344826
vt 0.518249 0.366538
vt 0.515911 0.366538
vt 0.517595 0.344826
vt 0.519933 0.388251
vt 0.517595 0.388251
vt 0.462356 0.192651
vt 0.458326 0.171512
vt 0.460643 0.171071
vt 0.464673 0.192210
vt 0.454296 0.150373
vt 0.456613 0.149931
vt 0.528797 0.381467
vt 0.527113 0.359754
vt 0.529451 0.359754
vt 0.531135 0.381467
vt 0.528797 0.338041
vt 0.531135 0.338041
vt 0.222638 0.869521
vt 0.241454 0.877455
vt 0.222638 0.896610
vt 0.203822 0.877455
vt 0.196029 0.896610
vt 0.203822 0.915764
vt 0.222638 0.923698
vt 0.241454 0.915764
vt 0.249248 0.896610
vt 0.991964 0.896544
vt 0.973148 0.904478
vt 0.973148 0.877389
vt 0.954332 0.896544
vt 0.946539 0.877389
vt 0.954332 0.858234
vt 0.973148 0.850300
vt 0.991964 0.858234
vt 0.999758 0.877389
vt 0.047829 0.465560
vt 0.029012 0.457625
vt 0.028995 0.455199
vt 0.049497 0.463844
vt 0.678672 0.472332
vt 0.697489 0.464397
vt 0.699192 0.466113
vt 0.678690 0.474758
vt 0.010195 0.465560
vt 0.008492 0.463844
vt 0.659855 0.464397
vt 0.658187 0.466113
vt 0.002401 0.484716
vt 0.000000 0.484716
vt 0.652061 0.445241
vt 0.649695 0.445241
vt 0.010195 0.503872
vt 0.008492 0.505587
vt 0.659855 0.426086
vt 0.658187 0.424370
vt 0.029012 0.511806
vt 0.028995 0.514233
vt 0.678672 0.418151
vt 0.678690 0.415725
vt 0.047829 0.503872
vt 0.049497 0.505587
vt 0.697489 0.426086
vt 0.699192 0.424370
vt 0.055624 0.484716
vt 0.057989 0.484716
vt 0.705283 0.445241
vt 0.707684 0.445241
vt 0.941568 0.200438
vt 0.945266 0.219840
vt 0.944636 0.219960
vt 0.940938 0.200558
vt 0.571718 0.148900
vt 0.567689 0.170039
vt 0.948965 0.239242
vt 0.948335 0.239362
vt 0.563659 0.191178
vt 0.454302 0.423736
vt 0.455848 0.443664
vt 0.455212 0.443664
vt 0.453666 0.423736
vt 0.520569 0.344826
vt 0.518884 0.366538
vt 0.454302 0.463593
vt 0.453666 0.463593
vt 0.520569 0.388251
vt 0.481670 0.318685
vt 0.485369 0.299284
vt 0.485999 0.299404
vt 0.482300 0.318805
vt 0.461726 0.192771
vt 0.457696 0.171632
vt 0.489068 0.279882
vt 0.489697 0.280002
vt 0.453666 0.150493
vt 0.459267 0.465954
vt 0.460813 0.446026
vt 0.461448 0.446026
vt 0.459903 0.465954
vt 0.528161 0.381467
vt 0.526477 0.359754
vt 0.459267 0.426098
vt 0.459903 0.426098
vt 0.528161 0.338041
vt 0.597385 0.302376
vt 0.593687 0.282975
vt 0.594317 0.282854
vt 0.598015 0.302255
vt 0.564112 0.169357
vt 0.568141 0.148218
vt 0.601084 0.321777
vt 0.601714 0.321657
vt 0.560082 0.190496
vt 0.539224 0.456267
vt 0.537679 0.436339
vt 0.538314 0.436339
vt 0.539860 0.456267
vt 0.515275 0.366538
vt 0.516960 0.344826
vt 0.537679 0.476194
vt 0.538314 0.476194
vt 0.516960 0.388251
vt 0.474797 0.302723
vt 0.471099 0.322125
vt 0.470469 0.322005
vt 0.474167 0.302603
vt 0.461273 0.170950
vt 0.465303 0.192090
vt 0.478496 0.283322
vt 0.477866 0.283202
vt 0.457243 0.149811
vt 0.545461 0.455483
vt 0.543915 0.475411
vt 0.543280 0.475411
vt 0.544825 0.455483
vt 0.530086 0.359754
vt 0.531770 0.381467
vt 0.543915 0.435555
vt 0.543280 0.435555
vt 0.531770 0.338041
vn 0.190573 -0.979720 -0.061894
vn 0.162106 -0.979719 -0.117779
vn 0.269867 -0.942724 -0.196069
vn 0.317245 -0.942727 -0.103063
vn 0.117758 -0.979723 -0.162096
vn 0.196071 -0.942723 -0.269868
vn 0.061909 -0.979725 -0.190543
vn 0.103078 -0.942724 -0.317247
vn -0.000000 -0.979722 -0.200363
vn -0.000000 -0.942722 -0.333579
vn -0.061913 -0.979724 -0.190546
vn -0.103079 -0.942723 -0.317251
vn -0.117762 -0.979722 -0.162105
vn -0.196069 -0.942724 -0.269870
vn -0.162107 -0.979717 -0.117794
vn -0.269865 -0.942726 -0.196064
vn -0.190562 -0.979721 -0.061905
vn -0.317241 -0.942728 -0.103062
vn -0.200352 -0.979724 -0.000016
vn -0.333577 -0.942723 -0.000010
vn -0.190572 -0.979720 0.061894
vn -0.317243 -0.942728 0.103062
vn -0.162110 -0.979718 0.117781
vn -0.269858 -0.942728 0.196063
vn -0.117756 -0.979724 0.162094
vn -0.196064 -0.942728 0.269857
vn -0.061914 -0.979721 0.190559
vn -0.103076 -0.942726 0.317243
vn -0.000001 -0.979720 0.200372
vn -0.000000 -0.942723 0.333576
vn 0.061910 -0.979726 0.190538
vn 0.103078 -0.942725 0.317246
vn 0.117761 -0.979722 0.162105
vn 0.196071 -0.942722 0.269872
vn 0.162107 -0.979718 0.117790
vn 0.269866 -0.942725 0.196065
vn 0.190569 -0.979720 0.061909
vn 0.317240 -0.942729 0.103061
vn 0.200370 -0.979720 0.000017
vn 0.333575 -0.942724 0.000010
vn 0.380852 -0.882260 -0.276710
vn 0.447711 -0.882267 -0.145465
vn 0.276695 -0.882269 -0.380843
vn 0.145467 -0.882269 -0.447706
vn 0.000001 -0.882264 -0.470755
vn -0.145466 -0.882272 -0.447700
vn -0.276691 -0.882273 -0.380836
vn -0.380845 -0.882269 -0.276692
vn -0.447706 -0.882271 -0.145457
vn -0.470748 -0.882268 -0.000006
vn -0.447707 -0.882269 0.145463
vn -0.380838 -0.882270 0.276700
vn -0.276687 -0.882276 0.380831
vn -0.145463 -0.882275 0.447695
vn 0.000000 -0.882267 0.470750
vn 0.145471 -0.882266 0.447712
vn 0.276696 -0.882268 0.380846
vn 0.380845 -0.882269 0.276693
vn 0.447700 -0.882274 0.145453
vn 0.470733 -0.882276 0.000006
vn 0.485143 -0.800243 -0.352487
vn 0.570313 -0.800253 -0.185305
vn 0.352487 -0.800235 -0.485156
vn 0.185310 -0.800246 -0.570321
vn -0.000000 -0.800252 -0.599664
vn -0.185304 -0.800251 -0.570316
vn -0.352478 -0.800248 -0.485141
vn -0.485142 -0.800246 -0.352482
vn -0.570317 -0.800251 -0.185301
vn -0.599662 -0.800253 -0.000000
vn -0.570317 -0.800250 0.185305
vn -0.485133 -0.800252 0.352480
vn -0.352475 -0.800250 0.485141
vn -0.185307 -0.800253 0.570313
vn -0.000000 -0.800256 0.599659
vn 0.185308 -0.800245 0.570323
vn 0.352481 -0.800242 0.485150
vn 0.485145 -0.800244 0.352483
vn 0.570322 -0.800248 0.185301
vn 0.599663 -0.800253 0.000001
vn 0.578699 -0.698799 -0.420461
vn 0.680311 -0.698796 -0.221046
vn 0.420464 -0.698782 -0.578718
vn 0.221057 -0.698781 -0.680323
vn -0.000000 -0.698784 -0.715332
vn -0.221053 -0.698779 -0.680327
vn -0.420466 -0.698781 -0.578717
vn -0.578705 -0.698794 -0.420462
vn -0.680314 -0.698794 -0.221043
vn -0.715336 -0.698780 0.000002
vn -0.680312 -0.698795 0.221047
vn -0.578697 -0.698803 0.420458
vn -0.420461 -0.698785 0.578716
vn -0.221056 -0.698779 0.680325
vn -0.000001 -0.698783 0.715333
vn 0.221054 -0.698778 0.680327
vn 0.420463 -0.698783 0.578716
vn 0.578700 -0.698802 0.420455
vn 0.680317 -0.698791 0.221043
vn 0.715344 -0.698773 -0.000001
vn 0.658797 -0.580410 -0.478656
vn 0.774478 -0.580399 -0.251637
vn 0.478637 -0.580416 -0.658804
vn 0.251639 -0.580398 -0.774478
vn -0.000001 -0.580392 -0.814338
vn -0.251640 -0.580397 -0.774478
vn -0.478641 -0.580414 -0.658803
vn -0.658799 -0.580408 -0.478655
vn -0.774480 -0.580397 -0.251633
vn -0.814329 -0.580404 0.000003
vn -0.774472 -0.580408 0.251637
vn -0.658798 -0.580409 0.478655
vn -0.478642 -0.580404 0.658812
vn -0.251641 -0.580391 0.774482
vn 0.000000 -0.580393 0.814337
vn 0.251642 -0.580398 0.774477
vn 0.478644 -0.580406 0.658809
vn 0.658798 -0.580409 0.478655
vn 0.774475 -0.580406 0.251631
vn 0.814326 -0.580408 -0.000004
vn 0.723295 -0.447987 -0.525501
vn 0.850285 -0.447990 -0.276262
vn 0.525494 -0.447993 -0.723297
vn 0.276270 -0.447989 -0.850282
vn -0.000001 -0.447990 -0.894039
vn -0.276273 -0.447990 -0.850281
vn -0.525495 -0.448002 -0.723291
vn -0.723291 -0.448003 -0.525494
vn -0.850289 -0.447982 -0.276262
vn -0.894047 -0.447973 0.000001
vn -0.850287 -0.447987 0.276262
vn -0.723292 -0.448001 0.525494
vn -0.525491 -0.447998 0.723296
vn -0.276270 -0.447986 0.850284
vn 0.000001 -0.447989 0.894039
vn 0.276273 -0.447993 0.850280
vn 0.525497 -0.447992 0.723295
vn 0.723296 -0.447989 0.525499
vn 0.850291 -0.447978 0.276264
vn 0.894042 -0.447984 0.000002
vn 0.770526 -0.304788 -0.559815
vn 0.905811 -0.304783 -0.294304
vn 0.559813 -0.304789 -0.770528
vn 0.294311 -0.304790 -0.905806
vn -0.000001 -0.304795 -0.952418
vn -0.294313 -0.304787 -0.905806
vn -0.559814 -0.304789 -0.770527
vn -0.770531 -0.304790 -0.559808
vn -0.905808 -0.304790 -0.294304
vn -0.952415 -0.304803 -0.000000
vn -0.905804 -0.304803 0.294302
vn -0.770526 -0.304804 0.559808
vn -0.559815 -0.304786 0.770528
vn -0.294314 -0.304774 0.905810
vn 0.000000 -0.304788 0.952420
vn 0.294313 -0.304779 0.905809
vn 0.559818 -0.304774 0.770530
vn 0.770529 -0.304792 0.559810
vn 0.905806 -0.304797 0.294304
vn 0.952421 -0.304787 0.000009
vn 0.799337 -0.154247 -0.580749
vn 0.939674 -0.154249 -0.305320
vn 0.580752 -0.154250 -0.799334
vn 0.305317 -0.154252 -0.939674
vn 0.000000 -0.154255 -0.988031
vn -0.305316 -0.154246 -0.939676
vn -0.580749 -0.154244 -0.799337
vn -0.799343 -0.154239 -0.580742
vn -0.939677 -0.154247 -0.305313
vn -0.988029 -0.154270 0.000000
vn -0.939674 -0.154257 0.305314
vn -0.799336 -0.154259 0.580746
vn -0.580745 -0.154256 0.799337
vn -0.305321 -0.154245 0.939674
vn -0.000000 -0.154254 0.988031
vn 0.305318 -0.154243 0.939676
vn 0.580743 -0.154231 0.799344
vn 0.799339 -0.154232 0.580749
vn 0.939675 -0.154261 0.305312
vn 0.988029 -0.154268 0.000009
vn 0.809018 -0.000000 -0.587784
vn 0.951056 -0.000000 -0.309019
vn 0.587782 -0.000000 -0.809020
vn 0.309012 -0.000001 -0.951058
vn 0.000000 -0.000000 -1.000000
vn -0.309012 0.000000 -0.951058
vn -0.587784 0.000000 -0.809018
vn -0.809023 0.000000 -0.587776
vn -0.951055 -0.000000 -0.309022
vn -1.000000 0.000000 0.000001
vn -0.951055 0.000000 0.309022
vn -0.809020 -0.000000 0.587782
vn -0.587790 -0.000000 0.809013
vn -0.309016 -0.000000 0.951057
vn -0.000000 -0.000000 1.000000
vn 0.309015 0.000000 0.951057
vn 0.587790 0.000000 0.809013
vn 0.809020 0.000000 0.587782
vn 0.951055 -0.000000 0.309022
vn 1.000000 -0.000000 0.000009
vn 0.799335 0.154246 -0.580751
vn 0.939674 0.154248 -0.305319
vn 0.580750 0.154248 -0.799335
vn 0.305320 0.154251 -0.939674
vn -0.000000 0.154256 -0.988031
vn -0.305322 0.154249 -0.939673
vn -0.580755 0.154238 -0.799333
vn -0.799344 0.154232 -0.580742
vn -0.939675 0.154245 -0.305318
vn -0.988029 0.154269 0.000000
vn -0.939674 0.154256 0.305316
vn -0.799337 0.154253 0.580746
vn -0.580746 0.154255 0.799337
vn -0.305323 0.154251 0.939673
vn 0.000000 0.154253 0.988031
vn 0.305324 0.154243 0.939674
vn 0.580749 0.154231 0.799339
vn 0.799340 0.154230 0.580748
vn 0.939673 0.154259 0.305317
vn 0.988029 0.154267 0.000011
vn 0.770529 0.304789 -0.559812
vn 0.905811 0.304783 -0.294302
vn 0.559815 0.304790 -0.770526
vn 0.294314 0.304788 -0.905806
vn -0.000001 0.304796 -0.952418
vn -0.294315 0.304791 -0.905804
vn -0.559817 0.304783 -0.770527
vn -0.770534 0.304784 -0.559807
vn -0.905808 0.304790 -0.294304
vn -0.952415 0.304803 -0.000002
vn -0.905805 0.304802 0.294301
vn -0.770529 0.304792 0.559810
vn -0.559818 0.304778 0.770528
vn -0.294315 0.304782 0.905807
vn 0.000001 0.304790 0.952420
vn 0.294316 0.304777 0.905809
vn 0.559817 0.304773 0.770531
vn 0.770528 0.304791 0.559811
vn 0.905806 0.304797 0.294304
vn 0.952421 0.304786 0.000010
vn 0.723293 0.447988 -0.525503
vn 0.850282 0.447998 -0.276258
vn 0.525491 0.447994 -0.723298
vn 0.276271 0.447997 -0.850279
vn -0.000000 0.447999 -0.894034
vn -0.276269 0.448006 -0.850274
vn -0.525489 0.448013 -0.723288
vn -0.723281 0.448020 -0.525492
vn -0.850280 0.447999 -0.276261
vn -0.894043 0.447980 -0.000004
vn -0.850283 0.447995 0.276260
vn -0.723289 0.448001 0.525498
vn -0.525489 0.447998 0.723297
vn -0.276271 0.447997 0.850278
vn 0.000000 0.447994 0.894036
vn 0.276269 0.448001 0.850277
vn 0.525493 0.448003 0.723292
vn 0.723292 0.447995 0.525499
vn 0.850286 0.447985 0.276266
vn 0.894038 0.447991 0.000006
vn 0.658799 0.580404 -0.478660
vn 0.774478 0.580400 -0.251635
vn 0.478637 0.580412 -0.658808
vn 0.251640 0.580400 -0.774476
vn 0.000000 0.580387 -0.814341
vn -0.251636 0.580408 -0.774471
vn -0.478636 0.580430 -0.658793
vn -0.658789 0.580424 -0.478650
vn -0.774472 0.580409 -0.251632
vn -0.814328 0.580405 -0.000002
vn -0.774471 0.580409 0.251635
vn -0.658796 0.580409 0.478658
vn -0.478639 0.580408 0.658810
vn -0.251640 0.580397 0.774478
vn -0.000001 0.580389 0.814340
vn 0.251636 0.580407 0.774472
vn 0.478644 0.580413 0.658803
vn 0.658799 0.580406 0.478657
vn 0.774473 0.580407 0.251635
vn 0.814325 0.580409 0.000002
vn 0.578697 0.698800 -0.420462
vn 0.680315 0.698789 -0.221055
vn 0.420459 0.698787 -0.578715
vn 0.221055 0.698782 -0.680322
vn -0.000000 0.698783 -0.715334
vn -0.221055 0.698781 -0.680323
vn -0.420460 0.698786 -0.578715
vn -0.578702 0.698796 -0.420461
vn -0.680314 0.698791 -0.221051
vn -0.715338 0.698779 0.000000
vn -0.680308 0.698797 0.221053
vn -0.578696 0.698800 0.420463
vn -0.420463 0.698781 0.578719
vn -0.221054 0.698784 0.680321
vn -0.000000 0.698788 0.715329
vn 0.221055 0.698782 0.680323
vn 0.420466 0.698779 0.578720
vn 0.578703 0.698794 0.420464
vn 0.680317 0.698788 0.221052
vn 0.715350 0.698767 0.000000
vn 0.485138 0.800248 -0.352482
vn 0.570316 0.800248 -0.185319
vn 0.352485 0.800247 -0.485137
vn 0.185308 0.800257 -0.570306
vn -0.000001 0.800262 -0.599650
vn -0.185309 0.800255 -0.570309
vn -0.352485 0.800241 -0.485147
vn -0.485152 0.800236 -0.352491
vn -0.570323 0.800243 -0.185317
vn -0.599665 0.800251 0.000005
vn -0.570315 0.800248 0.185318
vn -0.485141 0.800245 0.352485
vn -0.352483 0.800248 0.485137
vn -0.185307 0.800259 0.570305
vn -0.000000 0.800259 0.599654
vn 0.185313 0.800245 0.570323
vn 0.352488 0.800238 0.485150
vn 0.485146 0.800241 0.352488
vn 0.570321 0.800245 0.185316
vn 0.599671 0.800247 -0.000005
vn 0.380856 0.882258 -0.276712
vn 0.447716 0.882262 -0.145481
vn 0.276704 0.882265 -0.380846
vn 0.145470 0.882267 -0.447709
vn -0.000001 0.882258 -0.470767
vn -0.145470 0.882265 -0.447714
vn -0.276700 0.882267 -0.380844
vn -0.380861 0.882256 -0.276712
vn -0.447724 0.882258 -0.145477
vn -0.470760 0.882261 0.000008
vn -0.447722 0.882258 0.145483
vn -0.380856 0.882258 0.276711
vn -0.276702 0.882265 0.380846
vn -0.145471 0.882265 0.447713
vn 0.000000 0.882256 0.470769
vn 0.145472 0.882261 0.447721
vn 0.276703 0.882264 0.380848
vn 0.380854 0.882260 0.276707
vn 0.447709 0.882267 0.145473
vn 0.470746 0.882269 -0.000007
vn 0.269857 0.942727 -0.196071
vn 0.317231 0.942730 -0.103073
vn 0.196068 0.942721 -0.269878
vn 0.103076 0.942728 -0.317238
vn -0.000000 0.942729 -0.333561
vn -0.103075 0.942728 -0.317238
vn -0.196058 0.942728 -0.269863
vn -0.269850 0.942731 -0.196061
vn -0.317229 0.942731 -0.103072
vn -0.333562 0.942728 0.000000
vn -0.317232 0.942730 0.103073
vn -0.269852 0.942729 0.196067
vn -0.196059 0.942727 0.269863
vn -0.103073 0.942730 0.317231
vn 0.000001 0.942729 0.333559
vn 0.103070 0.942732 0.317228
vn 0.196060 0.942727 0.269863
vn 0.269853 0.942729 0.196064
vn 0.317226 0.942732 0.103071
vn 0.333561 0.942729 -0.000000
vn 0.162106 0.979719 -0.117778
vn 0.190571 0.979720 -0.061891
vn 0.117765 0.979722 -0.162097
vn 0.061914 0.979725 -0.190540
vn -0.000001 0.979725 -0.200349
vn -0.061913 0.979724 -0.190547
vn -0.117763 0.979720 -0.162111
vn -0.162115 0.979716 -0.117793
vn -0.190572 0.979720 -0.061892
vn -0.200352 0.979724 -0.000000
vn -0.190567 0.979721 0.061890
vn -0.162108 0.979719 0.117779
vn -0.117759 0.979725 0.162087
vn -0.061915 0.979724 0.190547
vn 0.000001 0.979723 0.200357
vn 0.061909 0.979726 0.190538
vn 0.117764 0.979720 0.162112
vn 0.162110 0.979717 0.117790
vn 0.190573 0.979720 0.061891
vn 0.200370 0.979720 0.000000
vn -0.000000 -1.000000 0.000001
vn 0.000000 1.000000 -0.000001
vn 0.329234 -0.923880 -0.195066
vn 0.329234 -0.923880 -0.195066
vn 0.329234 -0.923880 -0.195066
vn 0.329234 -0.923880 -0.195066
vn -0.329235 -0.923880 0.195066
vn -0.329235 -0.923880 0.195066
vn -0.329235 -0.923880 0.195066
vn -0.329235 -0.923880 0.195066
vn -0.794846 -0.382683 0.470929
vn -0.794846 -0.382683 0.470929
vn -0.794846 -0.382683 0.470929
vn -0.794846 -0.382683 0.470929
vn -0.794846 0.382682 0.470929
vn -0.794846 0.382682 0.470929
vn -0.794846 0.382682 0.470929
vn -0.794846 0.382682 0.470929
vn -0.329235 0.923880 0.195065
vn -0.329235 0.923880 0.195065
vn -0.329235 0.923880 0.195065
vn -0.329235 0.923880 0.195065
vn 0.329235 0.923880 -0.195065
vn 0.329235 0.923880 -0.195065
vn 0.329235 0.923880 -0.195065
vn 0.329235 0.923880 -0.195065
vn 0.794846 0.382683 -0.470928
vn 0.794846 0.382683 -0.470928
vn 0.794846 0.382683 -0.470928
vn 0.794846 0.382683 -0.470928
vn 0.794846 -0.382683 -0.470929
vn 0.794846 -0.382683 -0.470929
vn 0.794846 -0.382683 -0.470929
vn 0.794846 -0.382683 -0.470929
vn 0.509732 0.000000 0.860333
vn 0.509733 -0.000000 0.860333
vn 0.509732 0.000000 0.860333
vn 0.509732 0.000000 0.860333
vn 0.509732 0.000000 0.860333
vn 0.509732 0.000000 0.860333
vn 0.509732 0.000000 0.860333
vn 0.509733 0.000000 0.860333
vn 0.509733 0.000000 0.860333
vn -0.509732 0.000000 -0.860333
vn -0.509732 0.000000 -0.860333
vn -0.509732 0.000000 -0.860333
vn -0.509732 -0.000000 -0.860333
vn -0.509732 0.000000 -0.860333
vn -0.509732 0.000000 -0.860333
vn -0.509732 0.000000 -0.860333
vn -0.509732 -0.000000 -0.860333
vn -0.509732 0.000000 -0.860333
vn 0.495485 0.038718 0.867753
vn 0.495485 0.038718 0.867753
vn 0.495485 0.038718 0.867753
vn 0.495486 0.038718 0.867753
vn -0.523082 0.038719 -0.851403
vn -0.523082 0.038719 -0.851403
vn -0.523082 0.038719 -0.851403
vn -0.523082 0.038719 -0.851403
vn 0.523082 0.038720 0.851402
vn 0.523082 0.038720 0.851402
vn 0.523082 0.038720 0.851402
vn 0.523082 0.038720 0.851402
vn -0.495485 0.038719 -0.867753
vn -0.495485 0.038719 -0.867753
vn -0.495485 0.038719 -0.867753
vn -0.495485 0.038719 -0.867753
vn 0.542597 0.016038 0.839840
vn 0.542597 0.016038 0.839840
vn 0.542597 0.016038 0.839840
vn 0.542597 0.016038 0.839840
vn -0.475970 0.016037 -0.879316
vn -0.475970 0.016037 -0.879316
vn -0.475970 0.016037 -0.879316
vn -0.475970 0.016037 -0.879316
vn 0.542596 -0.016039 0.839840
vn 0.542596 -0.016039 0.839840
vn 0.542596 -0.016039 0.839840
vn 0.542596 -0.016039 0.839840
vn -0.475970 -0.016038 -0.879315
vn -0.475970 -0.016038 -0.879315
vn -0.475970 -0.016038 -0.879315
vn -0.475970 -0.016038 -0.879315
vn 0.523083 -0.038720 0.851402
vn 0.523083 -0.038720 0.851402
vn 0.523083 -0.038720 0.851402
vn 0.523083 -0.038720 0.851402
vn -0.495487 -0.038717 -0.867752
vn -0.495487 -0.038717 -0.867752
vn -0.495487 -0.038717 -0.867752
vn -0.495487 -0.038717 -0.867752
vn 0.495488 -0.038719 0.867752
vn 0.495488 -0.038719 0.867752
vn 0.495488 -0.038719 0.867752
vn 0.495488 -0.038719 0.867752
vn -0.523083 -0.038717 -0.851402
vn -0.523083 -0.038717 -0.851402
vn -0.523083 -0.038717 -0.851402
vn -0.523083 -0.038717 -0.851402
vn 0.475971 -0.016038 0.879315
vn 0.475971 -0.016038 0.879315
vn 0.475971 -0.016038 0.879315
vn 0.475971 -0.016038 0.879315
vn -0.542594 -0.016037 -0.839842
vn -0.542594 -0.016037 -0.839842
vn -0.542594 -0.016037 -0.839842
vn -0.542594 -0.016037 -0.839842
vn 0.475971 0.016038 0.879315
vn 0.475971 0.016038 0.879315
vn 0.475971 0.016038 0.879315
vn 0.475971 0.016038 0.879315
vn -0.542594 0.016038 -0.839842
vn -0.542594 0.016038 -0.839842
vn -0.542594 0.016038 -0.839842
vn -0.542594 0.016038 -0.839842
vn -0.329235 0.923881 0.195060
vn -0.329235 0.923881 0.195060
vn -0.329235 0.923881 0.195060
vn -0.329235 0.923881 0.195060
vn 0.329234 -0.923880 -0.195066
vn 0.329234 -0.923880 -0.195066
vn 0.329234 -0.923880 -0.195066
vn 0.329234 -0.923880 -0.195066
vn 0.329234 0.923880 -0.195065
vn 0.329234 0.923880 -0.195065
vn 0.329234 0.923880 -0.195065
vn 0.329234 0.923880 -0.195065
vn -0.329240 -0.923879 0.195063
vn -0.329240 -0.923878 0.195063
vn -0.329240 -0.923879 0.195063
vn -0.329240 -0.923879 0.195063
vn 0.794835 0.382681 -0.470948
vn 0.794835 0.382681 -0.470948
vn 0.794835 0.382681 -0.470948
vn 0.794835 0.382681 -0.470948
vn -0.794851 -0.382681 0.470922
vn -0.794851 -0.382681 0.470922
vn -0.794851 -0.382681 0.470922
vn -0.794851 -0.382681 0.470922
vn 0.794835 -0.382683 -0.470947
vn 0.794835 -0.382683 -0.470947
vn 0.794835 -0.382683 -0.470947
vn 0.794835 -0.382683 -0.470947
vn -0.794852 0.382680 0.470921
vn -0.794852 0.382680 0.470921
vn -0.794852 0.382680 0.470921
vn -0.794852 0.382680 0.470921
vn 0.329234 -0.923880 -0.195065
vn 0.329234 -0.923880 -0.195065
vn 0.329234 -0.923880 -0.195065
vn 0.329234 -0.923880 -0.195065
vn -0.329237 0.923880 0.195060
vn -0.329237 0.923880 0.195060
vn -0.329237 0.923880 0.195060
vn -0.329237 0.923880 0.195060
vn -0.329234 -0.923882 0.195059
vn -0.329234 -0.923882 0.195059
vn -0.329234 -0.923882 0.195059
vn -0.329234 -0.923882 0.195059
vn 0.329232 0.923879 -0.195073
vn 0.329232 0.923879 -0.195073
vn 0.329232 0.923879 -0.195073
vn 0.329232 0.923879 -0.195073
vn -0.794846 -0.382687 0.470925
vn -0.794846 -0.382687 0.470925
vn -0.794846 -0.382687 0.470925
vn -0.794846 -0.382687 0.470925
vn 0.794834 0.382688 -0.470944
vn 0.794834 0.382688 -0.470944
vn 0.794834 0.382688 -0.470944
vn 0.794834 0.382688 -0.470944
vn -0.794846 0.382688 0.470925
vn -0.794846 0.382688 0.470925
vn -0.794846 0.382688 0.470925
vn -0.794846 0.382688 0.470925
vn 0.794836 -0.382684 -0.470945
vn 0.794836 -0.382684 -0.470945
vn 0.794836 -0.382684 -0.470945
vn 0.794836 -0.382684 -0.470945
vn -0.329237 0.923878 0.195069
vn -0.329237 0.923878 0.195069
vn -0.329237 0.923878 0.195069
vn -0.329237 0.923878 0.195069
vn 0.329239 -0.923879 -0.195062
vn 0.329239 -0.923879 -0.195062
vn 0.329239 -0.923879 -0.195062
vn 0.329239 -0.923879 -0.195062
vn 0.329230 0.923883 -0.195059
vn 0.329230 0.923883 -0.195059
vn 0.329230 0.923883 -0.195059
vn 0.329230 0.923883 -0.195059
vn -0.329236 -0.923879 0.195067
vn -0.329236 -0.923879 0.195067
vn -0.329236 -0.923879 0.195067
vn -0.329236 -0.923879 0.195067
vn 0.794844 0.382688 -0.470928
vn 0.794844 0.382688 -0.470928
vn 0.794844 0.382688 -0.470928
vn 0.794844 0.382688 -0.470928
vn -0.794836 -0.382683 0.470945
vn -0.794836 -0.382683 0.470945
vn -0.794836 -0.382683 0.470945
vn -0.794836 -0.382683 0.470945
vn 0.794844 -0.382687 -0.470928
vn 0.794844 -0.382687 -0.470928
vn 0.794844 -0.382687 -0.470928
vn 0.794844 -0.382687 -0.470928
vn -0.794836 0.382684 0.470945
vn -0.794836 0.382684 0.470945
vn -0.794836 0.382684 0.470945
vn -0.794836 0.382684 0.470945
vn 0.329233 -0.923882 -0.195060
vn 0.329233 -0.923882 -0.195060
vn 0.329233 -0.923882 -0.195060
vn 0.329233 -0.923882 -0.195060
vn -0.329237 0.923877 0.195077
vn -0.329237 0.923877 0.195077
vn -0.329237 0.923877 0.195077
vn -0.329237 0.923877 0.195077
vn -0.329235 -0.923879 0.195067
vn -0.329235 -0.923879 0.195067
vn -0.329235 -0.923879 0.195067
vn -0.329235 -0.923879 0.195067
vn 0.329239 0.923879 -0.195061
vn 0.329239 0.923879 -0.195061
vn 0.329239 0.923879 -0.195061
vn 0.329239 0.923879 -0.195061
vn -0.794836 -0.382681 0.470948
vn -0.794836 -0.382681 0.470948
vn -0.794835 -0.382681 0.470948
vn -0.794836 -0.382681 0.470948
vn 0.794847 0.382681 -0.470929
vn 0.794847 0.382681 -0.470929
vn 0.794847 0.382681 -0.470929
vn 0.794847 0.382681 -0.470929
vn -0.794834 0.382683 0.470948
vn -0.794834 0.382683 0.470948
vn -0.794834 0.382683 0.470948
vn -0.794834 0.382683 0.470948
vn 0.794845 -0.382684 -0.470929
vn 0.794845 -0.382684 -0.470929
vn 0.794845 -0.382684 -0.470929
vn 0.794845 -0.382684 -0.470929
vn 0.382683 -0.923880 0.000000
vn 0.382683 -0.923880 0.000000
vn 0.382683 -0.923880 0.000000
vn 0.382683 -0.923880 0.000000
vn -0.382683 -0.923880 0.000000
vn -0.382683 -0.923880 0.000000
vn -0.382683 -0.923880 0.000000
vn -0.382683 -0.923880 0.000000
vn -0.923880 -0.382683 0.000000
vn -0.923880 -0.382683 0.000000
vn -0.923880 -0.382683 0.000000
vn -0.923880 -0.382683 0.000000
vn -0.923880 0.382683 0.000000
vn -0.923880 0.382683 0.000000
vn -0.923880 0.382683 0.000000
vn -0.923880 0.382683 0.000000
vn -0.382683 0.923880 0.000000
vn -0.382683 0.923880 0.000000
vn -0.382683 0.923880 0.000000
vn -0.382683 0.923880 0.000000
vn 0.382683 0.923880 0.000000
vn 0.382683 0.923880 0.000000
vn 0.382683 0.923880 0.000000
vn 0.382683 0.923880 0.000000
vn 0.923880 0.382683 0.000000
vn 0.923880 0.382683 0.000000
vn 0.923880 0.382683 0.000000
vn 0.923880 0.382683 0.000000
vn 0.923880 -0.382683 0.000000
vn 0.923880 -0.382683 0.000000
vn 0.923880 -0.382683 0.000000
vn 0.923880 -0.382683 0.000000
vn -0.000000 0.000000 1.000000
vn 0.000000 0.000000 1.000000
vn 0.000000 0.000000 1.000000
vn -0.000000 0.000000 1.000000
vn 0.000000 0.000000 1.000000
vn 0.000000 0.000000 1.000000
vn 0.000000 0.000000 1.000000
vn 0.000000 0.000000 1.000000
vn 0.000000 0.000000 1.000000
vn 0.000001 0.000000 -1.000000
vn 0.000000 0.000000 -1.000000
vn 0.000000 0.000000 -1.000000
vn -0.000001 0.000000 -1.000000
vn 0.000000 0.000000 -1.000000
vn -0.000001 0.000000 -1.000000
vn 0.000000 0.000000 -1.000000
vn 0.000001 0.000000 -1.000000
vn 0.000000 0.000000 -1.000000
vn -0.016038 0.038718 0.999122
vn -0.016038 0.038718 0.999121
vn -0.016038 0.038718 0.999122
vn -0.016038 0.038718 0.999121
vn -0.016037 0.038718 -0.999122
vn -0.016037 0.038718 -0.999121
vn -0.016037 0.038718 -0.999121
vn -0.016037 0.038718 -0.999122
vn 0.016038 0.038718 0.999121
vn 0.016038 0.038718 0.999121
vn 0.016038 0.038718 0.999121
vn 0.016038 0.038718 0.999122
vn 0.016037 0.038718 -0.999122
vn 0.016037 0.038718 -0.999122
vn 0.016037 0.038718 -0.999122
vn 0.016037 0.038718 -0.999121
vn 0.038720 0.016038 0.999121
vn 0.038720 0.016038 0.999121
vn 0.038720 0.016038 0.999121
vn 0.038720 0.016038 0.999121
vn 0.038718 0.016038 -0.999121
vn 0.038718 0.016038 -0.999121
vn 0.038718 0.016038 -0.999122
vn 0.038718 0.016038 -0.999122
vn 0.038721 -0.016038 0.999121
vn 0.038721 -0.016038 0.999121
vn 0.038721 -0.016038 0.999121
vn 0.038721 -0.016038 0.999121
vn 0.038720 -0.016038 -0.999121
vn 0.038720 -0.016038 -0.999121
vn 0.038720 -0.016038 -0.999121
vn 0.038720 -0.016038 -0.999121
vn 0.016038 -0.038718 0.999121
vn 0.016038 -0.038718 0.999121
vn 0.016038 -0.038718 0.999122
vn 0.016038 -0.038718 0.999121
vn 0.016037 -0.038718 -0.999121
vn 0.016037 -0.038718 -0.999121
vn 0.016037 -0.038718 -0.999121
vn 0.016037 -0.038718 -0.999122
vn -0.016038 -0.038718 0.999121
vn -0.016038 -0.038718 0.999121
vn -0.016038 -0.038718 0.999121
vn -0.016038 -0.038718 0.999121
vn -0.016037 -0.038718 -0.999121
vn -0.016037 -0.038718 -0.999121
vn -0.016037 -0.038718 -0.999121
vn -0.016037 -0.038718 -0.999121
vn -0.038720 -0.016038 0.999121
vn -0.038720 -0.016038 0.999121
vn -0.038720 -0.016038 0.999121
vn -0.038720 -0.016038 0.999121
vn -0.038718 -0.016038 -0.999122
vn -0.038718 -0.016038 -0.999122
vn -0.038718 -0.016038 -0.999122
vn -0.038718 -0.016038 -0.999122
vn -0.038721 0.016038 0.999121
vn -0.038721 0.016038 0.999121
vn -0.038721 0.016038 0.999121
vn -0.038721 0.016038 0.999121
vn -0.038720 0.016038 -0.999121
vn -0.038720 0.016038 -0.999121
vn -0.038720 0.016038 -0.999121
vn -0.038720 0.016038 -0.999121
vn -0.382682 0.923880 0.000000
vn -0.382682 0.923880 0.000000
vn -0.382682 0.923880 0.000000
vn -0.382682 0.923880 0.000000
vn 0.382682 -0.923880 0.000000
vn 0.382682 -0.923880 0.000000
vn 0.382682 -0.923880 0.000000
vn 0.382682 -0.923880 0.000000
vn 0.382682 0.923880 0.000000
vn 0.382682 0.923880 0.000000
vn 0.382682 0.923880 0.000000
vn 0.382682 0.923880 0.000000
vn -0.382682 -0.923880 0.000000
vn -0.382682 -0.923880 0.000000
vn -0.382682 -0.923880 0.000000
vn -0.382682 -0.923880 0.000000
vn 0.923879 0.382684 0.000000
vn 0.923879 0.382684 0.000000
vn 0.923879 0.382684 0.000000
vn 0.923879 0.382684 0.000000
vn -0.923879 -0.382684 0.000000
vn -0.923879 -0.382684 0.000000
vn -0.923879 -0.382684 0.000000
vn -0.923879 -0.382684 0.000000
vn 0.923879 -0.382684 0.000000
vn 0.923879 -0.382684 0.000000
vn 0.923879 -0.382684 0.000000
vn 0.923879 -0.382684 0.000000
vn -0.923879 0.382684 0.000000
vn -0.923879 0.382684 0.000000
vn -0.923879 0.382684 0.000000
vn -0.923879 0.382684 0.000000
vn 0.382682 -0.923880 0.000000
vn 0.382682 -0.923880 0.000000
vn 0.382682 -0.923880 0.000000
vn 0.382682 -0.923880 0.000000
vn -0.382682 0.923880 0.000000
vn -0.382682 0.923880 0.000000
vn -0.382682 0.923880 0.000000
vn -0.382682 0.923880 0.000000
vn -0.382682 -0.923880 0.000000
vn -0.382682 -0.923880 0.000000
vn -0.382682 -0.923880 0.000000
vn -0.382682 -0.923880 0.000000
vn 0.382682 0.923880 0.000000
vn 0.382682 0.923880 0.000000
vn 0.382682 0.923880 0.000000
vn 0.382682 0.923880 0.000000
vn -0.923879 -0.382684 0.000000
vn -0.923879 -0.382684 0.000000
vn -0.923879 -0.382684 0.000000
vn -0.923879 -0.382684 0.000000
vn 0.923879 0.382684 0.000000
vn 0.923879 0.382684 0.000000
vn 0.923879 0.382684 0.000000
vn 0.923879 0.382684 0.000000
vn -0.923880 0.382684 0.000000
vn -0.923880 0.382684 0.000000
vn -0.923880 0.382684 0.000000
vn -0.923880 0.382684 0.000000
vn 0.923879 -0.382684 0.000000
vn 0.923879 -0.382684 0.000000
vn 0.923879 -0.382684 0.000000
vn 0.923879 -0.382684 0.000000
vn -0.382687 0.923878 0.000000
vn -0.382687 0.923878 0.000000
vn -0.382687 0.923878 0.000000
vn -0.382687 0.923878 0.000000
vn 0.382682 -0.923880 0.000000
vn 0.382682 -0.923880 0.000000
vn 0.382682 -0.923880 0.000000
vn 0.382682 -0.923880 0.000000
vn 0.382687 0.923878 0.000000
vn 0.382687 0.923878 0.000000
vn 0.382687 0.923878 0.000000
vn 0.382687 0.923878 0.000000
vn -0.382682 -0.923880 0.000000
vn -0.382682 -0.923880 0.000000
vn -0.382682 -0.923880 0.000000
vn -0.382682 -0.923880 0.000000
vn 0.923879 0.382684 0.000000
vn 0.923879 0.382684 0.000000
vn 0.923879 0.382684 0.000000
vn 0.923879 0.382684 0.000000
vn -0.923879 -0.382684 0.000000
vn -0.923879 -0.382684 0.000000
vn -0.923879 -0.382684 0.000000
vn -0.923879 -0.382684 0.000000
vn 0.923879 -0.382684 0.000000
vn 0.923879 -0.382684 0.000000
vn 0.923879 -0.382684 0.000000
vn 0.923879 -0.382684 0.000000
vn -0.923879 0.382684 0.000000
vn -0.923879 0.382684 0.000000
vn -0.923879 0.382684 0.000000
vn -0.923879 0.382684 0.000000
vn 0.382687 -0.923878 0.000000
vn 0.382687 -0.923878 0.000000
vn 0.382687 -0.923878 0.000000
vn 0.382687 -0.923878 0.000000
vn -0.382682 0.923880 0.000000
vn -0.382682 0.923880 0.000000
vn -0.382682 0.923880 0.000000
vn -0.382682 0.923880 0.000000
vn -0.382687 -0.923878 0.000000
vn -0.382687 -0.923878 0.000000
vn -0.382687 -0.923878 0.000000
vn -0.382687 -0.923878 0.000000
vn 0.382682 0.923880 0.000000
vn 0.382682 0.923880 0.000000
vn 0.382682 0.923880 0.000000
vn 0.382682 0.923880 0.000000
vn -0.923879 -0.382684 0.000000
vn -0.923879 -0.382684 0.000000
vn -0.923879 -0.382684 0.000000
vn -0.923879 -0.382684 0.000000
vn 0.923879 0.382684 0.000000
vn 0.923879 0.382684 0.000000
vn 0.923879 0.382684 0.000000
vn 0.923879 0.382684 0.000000
vn -0.923880 0.382684 0.000000
vn -0.923880 0.382684 0.000000
vn -0.923880 0.382684 0.000000
vn -0.923880 0.382684 0.000000
vn 0.923879 -0.382684 0.000000
vn 0.923879 -0.382684 0.000000
vn 0.923879 -0.382684 0.000000
vn 0.923879 -0.382684 0.000000
vn 0.329236 -0.923879 -0.195066
vn 0.329236 -0.923879 -0.195066
vn 0.329236 -0.923879 -0.195066
vn 0.329236 -0.923879 -0.195066
vn -0.329236 -0.923879 0.195066
vn -0.329236 -0.923879 0.195066
vn -0.329236 -0.923879 0.195066
vn -0.329236 -0.923879 0.195066
vn -0.794845 -0.382685 0.470928
vn -0.794845 -0.382685 0.470928
vn -0.794845 -0.382685 0.470928
vn -0.794845 -0.382685 0.470928
vn -0.794845 0.382686 0.470928
vn -0.794845 0.382686 0.470928
vn -0.794845 0.382686 0.470928
vn -0.794845 0.382686 0.470928
vn -0.329236 0.923879 0.195065
vn -0.329236 0.923879 0.195065
vn -0.329236 0.923879 0.195065
vn -0.329236 0.923879 0.195065
vn 0.329236 0.923880 -0.195065
vn 0.329236 0.923880 -0.195065
vn 0.329236 0.923879 -0.195065
vn 0.329236 0.923879 -0.195065
vn 0.794845 0.382684 -0.470929
vn 0.794845 0.382684 -0.470929
vn 0.794845 0.382684 -0.470929
vn 0.794846 0.382684 -0.470929
vn 0.794845 -0.382683 -0.470929
vn 0.794845 -0.382683 -0.470929
vn 0.794845 -0.382684 -0.470929
vn 0.794845 -0.382684 -0.470929
vn 0.509729 0.000000 0.860335
vn 0.509729 0.000000 0.860335
vn 0.509729 0.000000 0.860335
vn 0.509729 0.000000 0.860335
vn 0.509729 0.000000 0.860335
vn 0.509729 0.000000 0.860335
vn 0.509729 0.000000 0.860335
vn 0.509729 0.000000 0.860335
vn 0.509729 0.000000 0.860335
vn -0.509729 0.000000 -0.860335
vn -0.509729 0.000000 -0.860335
vn -0.509729 0.000000 -0.860335
vn -0.509729 0.000000 -0.860335
vn -0.509729 0.000000 -0.860335
vn -0.509729 0.000000 -0.860335
vn -0.509729 0.000000 -0.860335
vn -0.509729 -0.000000 -0.860335
vn -0.509729 0.000000 -0.860335
vn 0.495482 0.038721 0.867755
vn 0.495482 0.038721 0.867755
vn 0.495482 0.038721 0.867755
vn 0.495482 0.038721 0.867755
vn -0.523079 0.038718 -0.851404
vn -0.523079 0.038718 -0.851404
vn -0.523079 0.038718 -0.851404
vn -0.523079 0.038718 -0.851404
vn 0.523079 0.038720 0.851404
vn 0.523079 0.038720 0.851404
vn 0.523079 0.038720 0.851404
vn 0.523079 0.038720 0.851404
vn -0.495482 0.038721 -0.867755
vn -0.495482 0.038721 -0.867755
vn -0.495482 0.038721 -0.867755
vn -0.495482 0.038721 -0.867755
vn 0.542595 0.016039 0.839841
vn 0.542595 0.016039 0.839841
vn 0.542595 0.016039 0.839841
vn 0.542595 0.016039 0.839841
vn -0.475971 0.016038 -0.879315
vn -0.475971 0.016038 -0.879315
vn -0.475971 0.016038 -0.879315
vn -0.475971 0.016038 -0.879315
vn 0.542595 -0.016038 0.839841
vn 0.542595 -0.016038 0.839841
vn 0.542595 -0.016038 0.839841
vn 0.542595 -0.016038 0.839841
vn -0.475970 -0.016039 -0.879315
vn -0.475970 -0.016039 -0.879315
vn -0.475970 -0.016039 -0.879315
vn -0.475970 -0.016039 -0.879315
vn 0.523079 -0.038721 0.851404
vn 0.523079 -0.038721 0.851404
vn 0.523079 -0.038721 0.851404
vn 0.523079 -0.038721 0.851404
vn -0.495484 -0.038721 -0.867754
vn -0.495484 -0.038721 -0.867754
vn -0.495484 -0.038721 -0.867754
vn -0.495484 -0.038721 -0.867754
vn 0.495484 -0.038722 0.867754
vn 0.495484 -0.038722 0.867754
vn 0.495484 -0.038722 0.867754
vn 0.495484 -0.038722 0.867754
vn -0.523079 -0.038721 -0.851404
vn -0.523079 -0.038721 -0.851404
vn -0.523079 -0.038721 -0.851404
vn -0.523079 -0.038721 -0.851404
vn 0.475972 -0.016037 0.879314
vn 0.475972 -0.016037 0.879314
vn 0.475972 -0.016037 0.879314
vn 0.475972 -0.016037 0.879314
vn -0.542595 -0.016038 -0.839841
vn -0.542595 -0.016038 -0.839841
vn -0.542595 -0.016038 -0.839841
vn -0.542595 -0.016038 -0.839841
vn 0.475973 0.016038 0.879314
vn 0.475973 0.016038 0.879313
vn 0.475973 0.016038 0.879313
vn 0.475973 0.016038 0.879314
vn -0.542594 0.016038 -0.839842
vn -0.542594 0.016038 -0.839842
vn -0.542594 0.016038 -0.839842
vn -0.542594 0.016038 -0.839842
vn -0.329236 0.923879 0.195069
vn -0.329236 0.923879 0.195069
vn -0.329236 0.923879 0.195069
vn -0.329236 0.923879 0.195069
vn 0.329232 -0.923881 -0.195063
vn 0.329232 -0.923881 -0.195063
vn 0.329232 -0.923881 -0.195063
vn 0.329232 -0.923881 -0.195063
vn 0.329232 0.923879 -0.195072
vn 0.329232 0.923879 -0.195072
vn 0.329232 0.923879 -0.195072
vn 0.329232 0.923879 -0.195072
vn -0.329234 -0.923880 0.195067
vn -0.329234 -0.923880 0.195067
vn -0.329234 -0.923880 0.195067
vn -0.329234 -0.923880 0.195067
vn 0.794850 0.382687 -0.470919
vn 0.794850 0.382687 -0.470919
vn 0.794850 0.382687 -0.470919
vn 0.794850 0.382687 -0.470919
vn -0.794849 -0.382678 0.470928
vn -0.794849 -0.382678 0.470927
vn -0.794849 -0.382678 0.470928
vn -0.794849 -0.382678 0.470928
vn 0.794850 -0.382687 -0.470919
vn 0.794850 -0.382687 -0.470919
vn 0.794850 -0.382687 -0.470919
vn 0.794850 -0.382687 -0.470919
vn -0.794849 0.382679 0.470927
vn -0.794849 0.382679 0.470927
vn -0.794849 0.382679 0.470927
vn -0.794849 0.382679 0.470927
vn 0.329231 -0.923879 -0.195078
vn 0.329231 -0.923879 -0.195078
vn 0.329231 -0.923878 -0.195078
vn 0.329231 -0.923879 -0.195078
vn -0.329232 0.923882 0.195059
vn -0.329232 0.923882 0.195059
vn -0.329232 0.923882 0.195059
vn -0.329232 0.923882 0.195059
vn -0.329233 -0.923879 0.195072
vn -0.329233 -0.923879 0.195072
vn -0.329233 -0.923879 0.195072
vn -0.329233 -0.923879 0.195072
vn 0.329230 0.923881 -0.195071
vn 0.329230 0.923881 -0.195071
vn 0.329230 0.923881 -0.195071
vn 0.329230 0.923881 -0.195071
vn -0.794845 -0.382686 0.470928
vn -0.794845 -0.382686 0.470928
vn -0.794845 -0.382686 0.470928
vn -0.794845 -0.382686 0.470928
vn 0.794843 0.382686 -0.470931
vn 0.794843 0.382686 -0.470931
vn 0.794843 0.382686 -0.470931
vn 0.794843 0.382686 -0.470931
vn -0.794844 0.382687 0.470928
vn -0.794844 0.382687 0.470928
vn -0.794844 0.382687 0.470928
vn -0.794844 0.382687 0.470928
vn 0.794844 -0.382687 -0.470928
vn 0.794844 -0.382687 -0.470928
vn 0.794844 -0.382687 -0.470928
vn 0.794844 -0.382687 -0.470928
vn -0.329234 0.923879 0.195071
vn -0.329234 0.923879 0.195071
vn -0.329234 0.923879 0.195071
vn -0.329234 0.923879 0.195071
vn 0.329235 -0.923879 -0.195069
vn 0.329235 -0.923879 -0.195069
vn 0.329235 -0.923879 -0.195069
vn 0.329236 -0.923879 -0.195069
vn 0.329238 0.923878 -0.195068
vn 0.329238 0.923878 -0.195068
vn 0.329238 0.923878 -0.195068
vn 0.329238 0.923878 -0.195068
vn -0.329236 -0.923880 0.195065
vn -0.329236 -0.923880 0.195065
vn -0.329236 -0.923880 0.195065
vn -0.329236 -0.923880 0.195065
vn 0.794850 0.382685 -0.470919
vn 0.794850 0.382685 -0.470919
vn 0.794850 0.382685 -0.470919
vn 0.794850 0.382685 -0.470919
vn -0.794842 -0.382680 0.470937
vn -0.794842 -0.382680 0.470937
vn -0.794842 -0.382680 0.470937
vn -0.794842 -0.382680 0.470937
vn 0.794852 -0.382681 -0.470920
vn 0.794852 -0.382681 -0.470920
vn 0.794852 -0.382681 -0.470920
vn 0.794852 -0.382681 -0.470920
vn -0.794840 0.382681 0.470940
vn -0.794840 0.382681 0.470940
vn -0.794840 0.382681 0.470940
vn -0.794840 0.382681 0.470940
vn 0.329236 -0.923878 -0.195072
vn 0.329236 -0.923878 -0.195072
vn 0.329236 -0.923878 -0.195072
vn 0.329236 -0.923878 -0.195073
vn -0.329233 0.923879 0.195073
vn -0.329233 0.923879 0.195073
vn -0.329233 0.923879 0.195073
vn -0.329233 0.923879 0.195073
vn -0.329234 -0.923878 0.195078
vn -0.329234 -0.923878 0.195078
vn -0.329234 -0.923878 0.195078
vn -0.329234 -0.923878 0.195078
vn 0.329233 0.923881 -0.195061
vn 0.329233 0.923881 -0.195061
vn 0.329233 0.923881 -0.195061
vn 0.329233 0.923881 -0.195061
vn -0.794844 -0.382687 0.470928
vn -0.794844 -0.382687 0.470928
vn -0.794844 -0.382687 0.470928
vn -0.794844 -0.382687 0.470928
vn 0.794846 0.382679 -0.470932
vn 0.794846 0.382679 -0.470932
vn 0.794846 0.382679 -0.470932
vn 0.794846 0.382679 -0.470932
vn -0.794845 0.382684 0.470928
vn -0.794845 0.382684 0.470928
vn -0.794845 0.382684 0.470928
vn -0.794845 0.382685 0.470928
vn 0.794845 -0.382681 -0.470932
vn 0.794845 -0.382681 -0.470932
vn 0.794845 -0.382681 -0.470932
vn 0.794845 -0.382681 -0.470932
vn -0.121862 -0.970095 -0.209917
vn -0.906148 -0.139762 -0.399202
vn -0.856544 -0.093036 -0.507619
vn -0.051423 -0.769592 -0.636462
vn -0.588682 0.799614 0.118625
vn 0.089697 0.904247 0.417482
vn 0.226203 0.958487 0.173595
vn -0.513642 0.844372 -0.152342
vn 0.906148 0.139765 0.399201
vn 0.475848 -0.877905 0.053402
vn 0.688418 -0.655479 -0.310528
vn 0.940892 0.184201 0.284241
vn -0.787943 -0.426860 0.443776
vn -0.834612 0.281669 -0.473377
vn 0.765876 0.124132 -0.630893
vn 0.761283 -0.579328 0.291252
vn -0.109574 -0.414540 0.903410
vn -0.219769 0.034013 0.974959
vn -0.572813 -0.020456 0.819431
vn -0.478218 -0.471407 0.741001
vn -0.045483 -0.428014 -0.902627
vn 0.976696 -0.116052 0.180544
vn 0.876411 0.346759 0.334160
vn 0.249197 0.952431 -0.175429
vn -0.183946 0.914338 -0.360764
vn -0.779694 -0.100995 -0.617962
vn -0.362097 -0.648711 0.669372
vn 0.434136 -0.595412 0.676025
vn 0.977826 0.084990 0.191400
vn 0.973679 0.148667 0.172766
vn -0.956953 0.274980 0.092886
vn -0.979394 -0.128250 -0.156010
vn -0.429269 -0.550105 0.716319
vn 0.429268 -0.550105 0.716319
vn 0.999230 -0.027749 -0.027749
vn 0.823296 0.279943 -0.493778
vn 0.888409 0.247817 -0.386414
vn -0.888409 0.247817 -0.386414
vn -0.823296 0.279941 -0.493778
vn -0.999230 -0.027748 -0.027749
vn -0.396766 -0.490925 0.775609
vn 0.396766 -0.490924 0.775610
vn 1.000000 0.000001 0.000000
vn 0.986154 -0.088173 -0.140447
vn 0.382067 0.494248 -0.780861
vn -0.382067 0.494248 -0.780861
vn -0.986154 -0.088173 -0.140447
vn -1.000000 -0.000002 0.000000
vn -0.386700 -0.567211 0.727141
vn 0.386699 -0.567212 0.727141
vn 1.000000 0.000001 0.000000
vn 0.422275 0.566161 -0.707916
vn -0.422275 0.566161 -0.707917
vn -1.000000 -0.000001 0.000000
vn -0.445054 -0.593404 0.670670
vn 0.445053 -0.593406 0.670669
vn 1.000000 -0.000000 0.000000
vn 0.454186 0.642264 -0.617424
vn -0.454186 0.642264 -0.617424
vn -1.000000 0.000000 0.000000
vn -0.462164 -0.636381 0.617595
vn 0.462163 -0.636383 0.617594
vn 0.998787 -0.034823 -0.034821
vn 0.462163 0.617592 -0.636385
vn -0.462163 0.617593 -0.636384
vn -0.998787 -0.034822 -0.034821
vn -0.258471 0.450144 0.854730
vn 0.258470 0.450143 0.854731
vn 0.744566 0.472027 0.472030
vn 0.308996 0.895284 0.320916
vn -0.150365 0.903595 0.401131
vn -0.744567 0.472027 0.472028
vn -0.313169 -0.257254 0.914191
vn 0.499539 -0.231908 0.834674
vn 1.000000 -0.000490 -0.000490
vn 0.487539 0.829974 -0.271015
vn -0.322934 0.932330 -0.162711
vn -0.847984 0.374783 0.374782
vn -0.478227 0.125355 0.869244
vn 0.707827 -0.146285 0.691073
vn 0.946913 -0.227328 -0.227328
vn 0.725675 0.627056 -0.283189
vn -0.578686 0.812888 -0.065848
vn -0.985007 0.121988 0.121986
vn 0.645958 -0.311662 0.696853
vn 0.663130 0.742098 -0.097721
vn -0.663129 0.742099 -0.097720
vn -0.645959 -0.311660 0.696854
vn -0.471660 -0.864872 -0.171854
vn -0.584594 0.461345 -0.667391
vn 0.584596 0.461339 -0.667394
vn 0.471658 -0.864873 -0.171853
vn 0.764566 -0.376933 0.522838
vn -0.764566 -0.376933 0.522838
vn -0.667999 0.637718 -0.383527
vn 0.668000 0.637718 -0.383527
vn -0.883174 -0.322224 0.340844
vn 0.883175 -0.322223 0.340844
vn 0.849391 0.318127 -0.421106
vn -0.849391 0.318127 -0.421106
vn -0.820836 -0.341409 0.457895
vn 0.820837 -0.341408 0.457894
vn 0.829193 0.311486 -0.464128
vn -0.829193 0.311485 -0.464129
vn -0.764279 -0.412703 0.495535
vn 0.764279 -0.412702 0.495535
vn 0.766345 0.389874 -0.510601
vn -0.766345 0.389873 -0.510602
vn -0.743351 -0.411552 0.527309
vn 0.743351 -0.411551 0.527309
vn 0.744168 0.413047 -0.524983
vn -0.744168 0.413047 -0.524982
vn -0.615641 -0.604864 0.505100
vn 0.615640 -0.604865 0.505100
vn 0.713574 0.474323 -0.515588
vn -0.713573 0.474324 -0.515587
vn -0.656913 0.354463 0.665448
vn 0.829080 0.208060 0.518978
vn 0.990357 -0.097961 -0.097961
vn 0.696187 0.704658 -0.137044
vn -0.559927 0.828436 -0.013246
vn -0.990687 0.096283 0.096280
vn -0.670044 -0.512180 0.537320
vn -0.710905 0.262291 -0.652547
vn 0.608512 0.132430 -0.782416
vn 0.649417 -0.642051 0.407466
vn 0.884904 -0.430272 -0.178356
vn 0.965645 -0.175925 -0.191259
vn 0.645711 0.426529 -0.633349
vn -0.661102 0.555150 -0.504730
vn -0.999844 0.017527 0.002194
vn -0.968798 -0.247820 0.004093
vn -0.216517 -0.200477 0.955473
vn -0.512604 -0.176659 0.840255
vn 0.621263 -0.288258 0.728656
vn 0.354080 -0.256636 0.899314
vn 0.482815 -0.002757 -0.875718
vn 0.577754 -0.000083 -0.816211
vn -0.634100 0.107176 -0.765788
vn -0.713421 0.126999 -0.689131
vn -0.361111 -0.146689 0.920913
vn 0.496891 -0.231134 0.836467
vn 0.383994 0.278270 -0.880406
vn -0.485675 0.363860 -0.794811
vn -0.577258 0.190654 0.793993
vn 0.745466 0.060477 0.663795
vn 0.643755 0.213980 -0.734705
vn -0.719847 0.348184 -0.600489
vn -0.655607 -0.037885 0.754152
vn 0.768983 -0.178106 0.613957
vn 0.595732 -0.033012 -0.802505
vn -0.734424 0.097911 -0.671592
vn -0.618732 0.046933 0.784199
vn 0.755713 -0.088343 0.648918
vn 0.615370 -0.081475 -0.784017
vn -0.759103 0.053796 -0.648744
vn -0.429643 -0.374031 0.821893
vn 0.499798 -0.465513 0.730411
vn 0.636518 0.082410 -0.766846
vn -0.744492 0.218342 -0.630919
vn -0.548980 -0.404429 0.731476
vn 0.591264 -0.516661 0.619249
vn 0.582274 0.190782 -0.790291
vn -0.675905 0.314622 -0.666457
vn -0.560493 -0.293977 0.774226
vn 0.615308 -0.414265 0.670657
vn 0.499795 0.367048 -0.784526
vn -0.581544 0.465004 -0.667516
vn -0.511564 -0.138360 0.848032
vn 0.635368 -0.243102 0.732945
vn 0.763686 0.283307 -0.580104
vn -0.773344 0.478020 -0.416456
vn -0.660265 -0.423232 0.620423
vn 0.685442 -0.547457 0.480063
vn 0.654621 0.232989 -0.719157
vn -0.711735 0.369183 -0.597610
vn -0.029498 -0.630458 0.775663
vn -0.164405 -0.223086 0.960835
vn -0.533047 -0.279945 0.798431
vn -0.382523 -0.684913 0.620137
vn 0.906148 0.139766 0.399201
vn 0.940893 0.184198 0.284239
vn 0.907541 0.301072 0.292789
vn 0.973349 0.117958 0.196667
vn 0.999230 -0.027748 -0.027749
vn 1.000000 0.000001 0.000000
vn 1.000000 -0.000001 0.000000
vn 1.000000 -0.000002 0.000000
vn 0.998787 -0.034822 -0.034821
vn 0.725370 0.515563 0.456107
vn 0.993326 0.115292 -0.003226
vn 0.950250 -0.210784 -0.229336
vn 0.990356 -0.097968 -0.097969
vn 0.934137 -0.241928 -0.262411
vn -0.673249 -0.555135 0.488427
vn -0.701328 0.401533 -0.588991
vn 0.638490 0.269659 -0.720843
vn 0.634777 -0.683876 0.359683
vn -0.996019 -0.051954 -0.072435
vn -0.990690 0.096264 0.096263
vn -0.988454 0.090079 0.121838
vn -0.867871 0.313452 0.385420
vn -0.753188 0.456947 0.473188
vn -0.998787 -0.034822 -0.034820
vn -1.000000 0.000000 0.000000
vn -1.000000 0.000001 0.000000
vn -1.000000 -0.000001 0.000000
vn -0.999230 -0.027749 -0.027749
vn -0.973122 -0.152775 -0.172316
vn -0.875884 -0.150865 -0.458332
vn -0.856544 -0.093036 -0.507620
vn -0.906148 -0.139763 -0.399202
vn -0.095806 -0.311060 0.945549
vn -0.543761 -0.380154 0.748203
vn 0.906148 0.139764 0.399201
vn 0.940893 0.184198 0.284239
vn 0.895577 0.319566 0.309548
vn 0.975357 0.104172 0.194491
vn 0.999230 -0.027748 -0.027749
vn 1.000000 0.000001 0.000000
vn 1.000000 -0.000000 0.000000
vn 1.000000 0.000000 0.000000
vn 0.998787 -0.034820 -0.034820
vn 0.744564 0.472028 0.472032
vn 1.000000 -0.000490 -0.000490
vn 0.946267 -0.228668 -0.228669
vn 0.990356 -0.097968 -0.097969
vn 0.953124 -0.186036 -0.238633
vn -0.858429 -0.368558 0.356743
vn -0.858443 0.356739 -0.368528
vn 0.823512 0.191213 -0.534103
vn 0.823528 -0.534092 0.191176
vn -0.998899 0.006089 -0.046509
vn -0.990690 0.096263 0.096262
vn -0.984900 0.122419 0.122419
vn -0.847983 0.374783 0.374783
vn -0.744566 0.472029 0.472028
vn -0.998787 -0.034824 -0.034820
vn -1.000000 -0.000002 0.000000
vn -1.000000 -0.000001 0.000000
vn -1.000000 -0.000001 0.000000
vn -0.999230 -0.027749 -0.027749
vn -0.975723 -0.143035 -0.165848
vn -0.842203 -0.132051 -0.522739
vn -0.856544 -0.093034 -0.507618
vn -0.906148 -0.139763 -0.399201
vn -0.572622 -0.566063 0.593024
vn -0.628848 0.446407 -0.636609
vn 0.568235 0.328582 -0.754416
vn 0.556070 -0.677148 0.481930
vn -0.514450 -0.825640 0.231644
vn 0.380187 -0.913694 0.143599
vn 0.732140 0.154574 -0.663383
vn -0.802558 0.305638 -0.512335
vn -0.632959 -0.634773 0.443200
vn 0.571907 -0.753359 0.324612
vn 0.738260 0.559793 -0.376303
vn -0.674767 0.698866 -0.237226
vn -0.706946 -0.593651 0.384456
vn 0.639677 -0.726189 0.251917
vn 0.656265 0.573272 -0.490587
vn -0.615353 0.698429 -0.365429
vn -0.725136 -0.544965 0.420941
vn 0.673613 -0.682643 0.283275
vn 0.634115 0.544320 -0.549194
vn -0.610952 0.666864 -0.426651
vn -0.682425 -0.272452 0.678281
vn 0.729522 -0.381127 0.567926
vn 0.729547 0.567926 -0.381079
vn -0.682425 0.678290 -0.272431
vn -0.637769 -0.539053 0.550158
vn 0.617352 -0.660847 0.426800
vn 0.691833 0.498429 -0.522432
vn -0.669153 0.632346 -0.390350
vn -0.668189 -0.529830 0.522306
vn 0.641336 -0.658719 0.393417
vn 0.646941 0.507236 -0.569368
vn -0.634355 0.633340 -0.443255
vn -0.606472 -0.575379 0.548754
vn 0.578288 -0.691983 0.432137
vn 0.561367 0.539523 -0.627520
vn -0.557016 0.649604 -0.517444
vn -0.522536 -0.631864 0.572454
vn 0.491165 -0.731668 0.472672
vn 0.491159 0.472699 -0.731655
vn -0.522549 0.572424 -0.631881
vn -0.611135 -0.517814 0.598651
vn 0.603517 -0.637362 0.479100
vn 0.603526 0.479092 -0.637359
vn -0.611141 0.598647 -0.517811
vn -0.590833 -0.601844 0.537308
vn 0.555921 -0.714707 0.424436
vn 0.555920 0.424436 -0.714708
vn -0.590841 0.537302 -0.601842
vn -0.530660 -0.349496 0.772174
vn 0.592098 -0.459991 0.661686
vn 0.592133 0.661666 -0.459975
vn -0.530606 0.772250 -0.349410
vn -0.728424 -0.441258 0.524108
vn 0.716728 -0.583501 0.381874
vn 0.673456 0.346221 -0.653138
vn -0.707101 0.482113 -0.517277
vn 0.540383 -0.841390 -0.007001
vn -0.128857 -0.944613 -0.301832
vn -0.906148 -0.139762 -0.399202
vn 0.906149 0.139763 0.399200
vn -0.906148 -0.139764 -0.399202
vn -0.582790 0.769002 0.262665
vn -0.010541 0.857265 0.514768
vn 0.906147 0.139766 0.399202
vn -0.906148 -0.139765 -0.399202
vn 0.906148 0.139763 0.399202
vn 0.607575 -0.747318 -0.269014
vn -0.006270 -0.841999 -0.539443
vn -0.906148 -0.139762 -0.399202
vn 0.906149 0.139762 0.399201
vn -0.906149 -0.139761 -0.399201
vn -0.570954 0.775566 0.269276
vn -0.024583 0.859836 0.509978
vn 0.906147 0.139766 0.399203
vn -0.906148 -0.139762 -0.399202
vn 0.906147 0.139766 0.399203
vn 0.636659 -0.710494 -0.299772
vn -0.012019 -0.810548 -0.585548
vn -0.906148 -0.139762 -0.399202
vn 0.906148 0.139765 0.399202
vn -0.906149 -0.139762 -0.399200
vn -0.603823 0.741352 0.292910
vn -0.011904 0.832647 0.553677
vn 0.906147 0.139767 0.399203
vn -0.906150 -0.139758 -0.399200
vn 0.906147 0.139769 0.399203
vn 0.641998 -0.674333 -0.364847
vn 0.022474 -0.769892 -0.637779
vn -0.906149 -0.139762 -0.399200
vn 0.906147 0.139767 0.399202
vn -0.906149 -0.139762 -0.399199
vn -0.671735 0.701383 0.238399
vn 0.081262 0.817526 0.570130
vn 0.906147 0.139768 0.399203
vn -0.906150 -0.139758 -0.399200
vn 0.906146 0.139770 0.399203
vn 0.726901 -0.512514 -0.457104
vn -0.006311 -0.625605 -0.780115
vn -0.906153 -0.139763 -0.399191
vn 0.906148 0.139767 0.399201
vn -0.906148 -0.139767 -0.399201
vn -0.661657 0.745476 -0.080474
vn 0.294312 0.892926 0.340680
vn 0.906147 0.139768 0.399202
vn -0.906148 -0.139768 -0.399201
vn 0.906148 0.139768 0.399201
vn 0.519736 -0.840999 0.150314
vn -0.229499 -0.956565 -0.179762
vn -0.906147 -0.139761 -0.399204
vn 0.906146 0.139772 0.399203
vn -0.906144 -0.139772 -0.399207
vn -0.680666 0.724506 0.108559
vn 0.175080 0.856494 0.485556
vn 0.906146 0.139770 0.399204
vn -0.906146 -0.139766 -0.399204
vn 0.906147 0.139764 0.399203
vn 0.323402 -0.750508 0.576324
vn -0.434548 -0.867416 0.242400
vn -0.906149 -0.139757 -0.399202
vn 0.906150 0.139772 0.399195
vn -0.906142 -0.139780 -0.399209
vn -0.754187 0.426300 0.499470
vn 0.014997 0.544948 0.838336
vn 0.906144 0.139768 0.399209
vn -0.906145 -0.139766 -0.399208
vn 0.906147 0.139760 0.399205
vn -0.660490 -0.739882 0.127779
vn 0.517200 -0.855782 0.011849
vn 0.492361 -0.361259 -0.791879
vn -0.696322 -0.244268 -0.674885
vn -0.867778 -0.327404 0.373855
vn 0.843760 -0.495864 0.205396
vn 0.789605 0.509754 -0.341576
vn -0.727113 0.659039 -0.192286
vn -0.814175 -0.416033 0.405014
vn 0.781098 -0.573046 0.247999
vn 0.845720 0.276091 -0.456653
vn -0.848442 0.442835 -0.289902
vn -0.821325 -0.357815 0.444291
vn 0.806804 -0.518060 0.284044
vn 0.810311 0.382937 -0.443572
vn -0.791222 0.540562 -0.285937
vn -0.789234 -0.322058 0.522865
vn 0.798004 -0.478287 0.366648
vn 0.788070 0.412574 -0.456868
vn -0.766668 0.565597 -0.303842
vn -0.836258 -0.347959 0.423788
vn 0.819108 -0.510894 0.260864
vn 0.819112 0.260854 -0.510892
vn -0.836256 0.423786 -0.347966
vn -0.871095 -0.403980 0.279274
vn 0.813899 -0.569822 0.113451
vn 0.813893 0.113439 -0.569834
vn -0.871080 0.279308 -0.403989
vn -0.808686 -0.355362 0.468769
vn 0.799850 -0.513676 0.310447
vn 0.846669 0.346042 -0.404236
vn -0.825715 0.510654 -0.239640
vn -0.810739 -0.387017 0.439227
vn 0.790003 -0.544569 0.281674
vn 0.777601 0.350567 -0.521958
vn -0.781139 0.503985 -0.368540
vn -0.733397 -0.465939 0.495004
vn 0.711131 -0.608115 0.352830
vn 0.711140 0.352825 -0.608107
vn -0.733410 0.494999 -0.465925
vn -0.476480 -0.263114 0.838891
vn 0.569562 -0.366076 0.735926
vn 0.569514 0.735987 -0.366029
vn -0.476414 0.838947 -0.263053
vn -0.601046 -0.511307 0.614254
vn 0.598077 -0.629331 0.496232
vn 0.598083 0.496224 -0.629331
vn -0.601046 0.614250 -0.511312
vn -0.600561 -0.553783 0.576759
vn 0.582163 -0.670195 0.460353
vn 0.582158 0.460351 -0.670201
vn -0.600540 0.576764 -0.553800
vn -0.508078 -0.316532 0.801040
vn 0.582331 -0.423815 0.693738
vn 0.582332 0.693704 -0.423869
vn -0.508142 0.801001 -0.316527
vn -0.620448 -0.462601 0.633280
vn 0.629819 -0.585659 0.510227
vn 0.555904 0.431407 -0.710534
vn -0.588648 0.544069 -0.597899
vn -0.776427 -0.603938 0.180054
vn 0.665056 -0.745817 0.038172
vn 0.752361 0.039337 -0.657576
vn -0.843141 0.196376 -0.500550
vn -0.770606 -0.417688 0.481356
vn 0.753605 -0.567711 0.331337
vn 0.753681 0.404494 -0.518024
vn -0.746959 0.552192 -0.370320
vn -0.787798 -0.359302 0.500276
vn 0.785075 -0.514112 0.345466
vn 0.768387 0.337994 -0.543454
vn -0.778854 0.490281 -0.391166
vn -0.688799 -0.405097 0.601209
vn 0.700489 -0.541835 0.464468
vn 0.708516 0.399170 -0.581953
vn -0.716882 0.539461 -0.441658
vn -0.793802 -0.390092 0.466590
vn 0.778389 -0.544845 0.311858
vn 0.777184 0.282282 -0.562407
vn -0.801737 0.437684 -0.407001
vn -0.818704 -0.332314 0.468286
vn 0.813836 -0.492999 0.307608
vn 0.798381 0.290647 -0.527364
vn -0.813739 0.449323 -0.368697
vn -0.848917 -0.283766 0.445888
vn 0.847951 -0.450784 0.278877
vn 0.836442 0.254278 -0.485497
vn -0.849291 0.420202 -0.319586
vn -0.831010 -0.294540 0.471878
vn 0.833662 -0.458390 0.308036
vn 0.840761 0.257117 -0.476458
vn -0.851156 0.423645 -0.309932
vn -0.889442 -0.389772 0.238684
vn 0.826485 -0.558615 0.069802
vn 0.760701 -0.006358 -0.649071
vn -0.858351 0.152979 -0.489726
vn -0.834081 -0.281893 0.474178
vn 0.839504 -0.446616 0.309462
vn 0.841678 0.299737 -0.449150
vn -0.838543 0.465103 -0.283769
vn -0.850034 -0.324492 0.414906
vn 0.835180 -0.490359 0.249042
vn 0.835178 0.249045 -0.490361
vn -0.850036 0.414903 -0.324491
vn -0.875452 -0.450875 0.174056
vn 0.788761 -0.614614 0.010308
vn 0.788750 0.010210 -0.614629
vn -0.875464 0.174093 -0.450837
vn -0.839185 -0.322852 0.437647
vn 0.829455 -0.487086 0.273407
vn 0.829445 0.273432 -0.487090
vn -0.839192 0.437649 -0.322832
vn -0.691788 -0.699238 -0.180263
vn 0.495652 -0.816111 -0.297139
vn 0.688584 0.292866 -0.663386
vn -0.733968 0.432874 -0.523366
vn -0.649412 -0.353995 0.673017
vn 0.686325 -0.485468 0.541552
vn 0.525249 0.367006 -0.767737
vn -0.582659 0.476054 -0.658697
vn -0.624737 -0.334909 0.705365
vn 0.672522 -0.462594 0.577685
vn 0.607480 0.337354 -0.719138
vn -0.658107 0.461923 -0.594577
vn -0.563218 -0.283045 0.776319
vn 0.637063 -0.401183 0.658181
vn 0.659611 0.368575 -0.655031
vn -0.689850 0.501398 -0.522213
vn -0.653504 -0.489124 0.577659
vn 0.645767 -0.616998 0.449776
vn 0.678511 0.133991 -0.722267
vn -0.766323 0.276196 -0.580056
vn -0.824261 -0.561750 0.070928
vn 0.698140 -0.711599 -0.078914
vn 0.641938 -0.133433 -0.755057
vn -0.789116 0.007422 -0.614200
vn -0.869652 -0.056795 0.490387
vn 0.920323 -0.232974 0.314210
vn 0.925363 0.265498 -0.270582
vn -0.891166 0.444294 -0.091792
vn -0.890244 -0.216039 0.400989
vn 0.892120 -0.391465 0.225559
vn 0.847706 0.188729 -0.495759
vn -0.874772 0.358264 -0.326223
vn -0.858121 -0.245275 0.451076
vn 0.865246 -0.414893 0.281450
vn 0.843205 0.166738 -0.511081
vn -0.877649 0.336109 -0.341706
vn -0.771866 -0.340210 0.537103
vn 0.780544 -0.493006 0.384313
vn 0.801366 0.226583 -0.553599
vn -0.834057 0.387544 -0.392631
vn -0.762132 -0.125239 0.635194
vn 0.831648 -0.282039 0.478347
vn 0.831645 0.478331 -0.282075
vn -0.762111 0.635228 -0.125192
vn -0.387186 0.263209 0.883633
vn 0.593901 0.166633 0.787093
vn 0.593920 0.787072 0.166664
vn -0.387199 0.883626 0.263213
vn -0.818164 -0.342260 0.462024
vn 0.810198 -0.502521 0.301748
vn 0.747038 0.253472 -0.614562
vn -0.788364 0.404595 -0.463450
vn -0.790543 -0.386318 0.475185
vn 0.777683 -0.540643 0.320802
vn 0.786171 0.202915 -0.583748
vn -0.829816 0.361975 -0.424711
vn -0.810073 -0.253316 0.528784
vn 0.832432 -0.415050 0.367138
vn 0.832405 0.367184 -0.415063
vn -0.810031 0.528823 -0.253371
vn -0.810803 -0.291562 0.507533
vn 0.821691 -0.452233 0.346856
vn 0.742662 0.289610 -0.603804
vn -0.775108 0.438998 -0.454410
vn -0.678721 0.530443 0.507906
vn 0.853446 0.379615 0.357104
vn 0.685486 -0.514583 -0.515086
vn -0.858266 -0.362636 -0.363146
vn 0.707093 0.707094 -0.006115
vn -0.000000 0.999981 -0.006115
vn 0.000000 0.999981 0.006115
vn 0.707093 0.707094 0.006115
vn -0.707093 0.707094 -0.006115
vn -0.707093 0.707094 0.006115
vn -0.999981 0.000000 -0.006115
vn -0.999981 0.000000 0.006115
vn -0.707093 -0.707094 -0.006115
vn -0.707093 -0.707094 0.006115
vn 0.000000 -0.999981 -0.006115
vn -0.000000 -0.999981 0.006115
vn 0.707093 -0.707094 -0.006115
vn 0.707093 -0.707094 0.006115
vn 0.999981 0.000000 -0.006115
vn 0.999981 0.000000 0.006115
vn 0.000000 0.000000 -1.000000
vn 0.000000 0.000000 1.000000
vn 0.000000 1.000000 0.000000
vn 0.000000 1.000000 0.000000
vn -0.200624 0.843978 0.497445
vn -0.251426 0.778657 0.574872
vn 0.000000 1.000000 0.000000
vn -0.178452 0.884169 0.431740
vn 0.000000 1.000000 0.000000
vn -0.064974 0.923251 0.378663
vn -0.032392 0.995432 0.089814
vn -0.052214 0.881044 0.470143
vn -0.031395 0.964788 0.261147
vn -0.051149 0.815236 0.576866
vn 0.038908 0.962587 0.268165
vn 0.102913 0.856684 0.505472
vn 0.051356 0.992364 0.112147
vn 0.123290 0.955019 0.269701
vn 0.000000 1.000000 0.000000
vn 0.052997 0.970635 0.234648
vn 0.000000 1.000000 0.000000
vn 0.198887 0.869710 0.451717
vn 0.000000 1.000000 0.000000
vn 0.204262 0.833325 0.513661
vn -0.204590 0.871435 0.445808
vn -0.281815 0.863973 0.417290
vn -0.236259 0.851625 0.467886
vn -0.120994 0.844536 0.521651
vn -0.060953 0.854764 0.515425
vn -0.059444 0.906277 0.418483
vn 0.183269 0.936378 0.299348
vn 0.184356 0.966113 0.180659
vn 0.030927 0.956324 0.290669
vn 0.188906 0.902862 0.386205
vn 0.240110 0.894104 0.378055
vn -0.048105 0.952602 -0.300393
vn -0.031425 0.831533 -0.554586
vn -0.135315 0.990618 -0.019109
vn -0.128799 0.973018 0.191432
vn -0.064178 0.949353 0.307586
vn 0.031304 0.988250 0.149605
vn 0.240015 0.968505 -0.066262
vn 0.125122 0.989421 0.073418
vn -0.056586 0.993006 0.103622
vn 0.045843 0.964924 -0.258495
vn 0.042957 0.870946 -0.489497
vn -0.098716 0.945942 -0.308948
vn 0.034187 0.874048 -0.484635
vn -0.131511 0.979745 -0.151010
vn -0.162065 0.981686 -0.100134
vn -0.171460 0.970318 0.170543
vn 0.114885 0.922338 0.368909
vn 0.254244 0.934203 0.250249
vn 0.071780 0.975513 0.207897
vn 0.044190 0.996485 0.071170
vn 0.095360 0.960651 -0.260877
vn -0.020960 0.902287 -0.430626
vn -0.176069 0.984371 -0.003614
vn 0.000000 1.000000 0.000000
vn -0.121036 0.990255 -0.068889
vn -0.138860 0.975631 -0.169891
vn -0.252860 0.939478 -0.231178
vn 0.090217 0.987316 -0.130646
vn 0.304809 0.952146 -0.022595
vn 0.076188 0.995786 -0.051053
vn 0.104718 0.985561 -0.133054
vn 0.146000 0.984016 -0.101969
vn 0.000000 1.000000 0.000000
vn -0.174712 0.984612 -0.003862
vn 0.000000 1.000000 0.000000
vn -0.115833 0.990957 0.067722
vn -0.120002 0.981564 0.148766
vn -0.183578 0.981835 -0.047951
vn 0.087244 0.930473 -0.355820
vn 0.176640 0.972666 -0.150726
vn 0.065379 0.986506 0.150108
vn 0.123498 0.988664 0.085389
vn 0.107668 0.993008 -0.048411
vn 0.000000 1.000000 0.000000
vn -0.140918 0.989985 0.008452
vn 0.034656 0.978907 0.201346
vn -0.190302 0.970280 -0.149475
vn -0.220249 0.974246 -0.048336
vn -0.069703 0.997536 0.007976
vn 0.149211 0.976126 -0.157845
vn 0.051268 0.989483 -0.135260
vn 0.064396 0.997924 -0.001126
vn 0.215612 0.976309 0.018251
vn 0.110737 0.993848 0.001996
vn 0.000000 1.000000 0.000000
vn -0.076354 0.995769 -0.051128
vn 0.016235 0.962826 0.269632
vn -0.174996 0.934752 -0.309216
vn -0.271628 0.894702 -0.354580
vn -0.067027 0.965808 -0.250445
vn 0.191724 0.957184 -0.216891
vn 0.077197 0.913272 -0.399968
vn 0.093567 0.858936 -0.503463
vn 0.222319 0.891955 -0.393689
vn 0.129006 0.977992 -0.163982
vn 0.000000 1.000000 0.000000
vn -0.089479 0.979495 -0.180511
vn -0.140339 0.974782 -0.173507
vn -0.128227 0.964755 -0.229793
vn -0.194718 0.900411 -0.389030
vn -0.078203 0.845162 -0.528759
vn 0.143903 0.866022 -0.478851
vn 0.105364 0.931509 -0.348122
vn 0.052394 0.948452 -0.312559
vn 0.099781 0.966737 -0.235508
vn 0.059662 0.994178 -0.089728
vn 0.000000 1.000000 0.000000
vn -0.171420 0.919650 -0.353355
vn -0.224016 0.881501 -0.415660
vn -0.115717 0.963590 -0.241049
vn -0.140418 0.870292 -0.472095
vn -0.053504 0.725245 -0.686408
vn 0.088856 0.766584 -0.635967
vn 0.093162 0.961559 -0.258311
vn 0.000000 1.000000 0.000000
vn 0.000000 1.000000 0.000000
vn 0.000000 1.000000 0.000000
vn 0.000000 1.000000 0.000000
vn -0.382683 -0.923880 0.000000
vn -0.382683 -0.923880 0.000000
vn -0.382683 -0.923880 0.000000
vn -0.382683 -0.923880 0.000000
vn 0.382683 -0.923880 0.000000
vn 0.382683 -0.923880 0.000000
vn 0.382683 -0.923880 0.000000
vn 0.382683 -0.923880 0.000000
vn 0.923880 -0.382683 0.000000
vn 0.923880 -0.382683 0.000000
vn 0.923880 -0.382683 0.000000
vn 0.923880 -0.382683 0.000000
vn 0.923880 0.382683 0.000000
vn 0.923880 0.382683 0.000000
vn 0.923880 0.382683 0.000000
vn 0.923880 0.382683 0.000000
vn 0.382683 0.923880 0.000000
vn 0.382683 0.923880 0.000000
vn 0.382683 0.923880 0.000000
vn 0.382683 0.923880 0.000000
vn -0.382683 0.923880 0.000000
vn -0.382683 0.923880 0.000000
vn -0.382683 0.923880 0.000000
vn -0.382683 0.923880 0.000000
vn -0.923880 0.382683 0.000000
vn -0.923880 0.382683 0.000000
vn -0.923880 0.382683 0.000000
vn -0.923880 0.382683 0.000000
vn -0.923880 -0.382683 0.000000
vn -0.923880 -0.382683 0.000000
vn -0.923880 -0.382683 0.000000
vn -0.923880 -0.382683 0.000000
vn 0.000000 0.000000 -1.000000
vn 0.000000 0.000000 -1.000000
vn -0.000000 0.000000 -1.000000
vn 0.000000 0.000000 -1.000000
vn 0.000000 0.000000 -1.000000
vn 0.000000 0.000000 -1.000000
vn -0.000000 0.000000 -1.000000
vn -0.000000 0.000000 -1.000000
vn 0.000000 0.000000 -1.000000
vn -0.000001 0.000000 1.000000
vn 0.000000 0.000000 1.000000
vn -0.000000 0.000000 1.000000
vn 0.000001 0.000000 1.000000
vn 0.000000 0.000000 1.000000
vn 0.000001 0.000000 1.000000
vn -0.000000 0.000000 1.000000
vn -0.000001 0.000000 1.000000
vn 0.000000 0.000000 1.000000
vn 0.016038 0.038718 -0.999122
vn 0.016038 0.038718 -0.999121
vn 0.016038 0.038718 -0.999122
vn 0.016038 0.038718 -0.999121
vn 0.016037 0.038718 0.999122
vn 0.016037 0.038718 0.999121
vn 0.016037 0.038718 0.999121
vn 0.016037 0.038718 0.999122
vn -0.016038 0.038718 -0.999121
vn -0.016038 0.038718 -0.999121
vn -0.016038 0.038718 -0.999121
vn -0.016038 0.038718 -0.999122
vn -0.016037 0.038718 0.999122
vn -0.016037 0.038718 0.999122
vn -0.016037 0.038718 0.999122
vn -0.016037 0.038718 0.999121
vn -0.038720 0.016038 -0.999121
vn -0.038720 0.016038 -0.999121
vn -0.038720 0.016038 -0.999121
vn -0.038720 0.016038 -0.999121
vn -0.038718 0.016038 0.999121
vn -0.038718 0.016038 0.999121
vn -0.038718 0.016038 0.999122
vn -0.038718 0.016038 0.999122
vn -0.038721 -0.016038 -0.999121
vn -0.038721 -0.016038 -0.999121
vn -0.038721 -0.016038 -0.999121
vn -0.038721 -0.016038 -0.999121
vn -0.038720 -0.016038 0.999121
vn -0.038720 -0.016038 0.999121
vn -0.038720 -0.016038 0.999121
vn -0.038720 -0.016038 0.999121
vn -0.016038 -0.038718 -0.999121
vn -0.016038 -0.038718 -0.999121
vn -0.016038 -0.038718 -0.999122
vn -0.016038 -0.038718 -0.999121
vn -0.016037 -0.038718 0.999121
vn -0.016037 -0.038718 0.999121
vn -0.016037 -0.038718 0.999121
vn -0.016037 -0.038718 0.999122
vn 0.016038 -0.038718 -0.999121
vn 0.016038 -0.038718 -0.999121
vn 0.016038 -0.038718 -0.999121
vn 0.016038 -0.038718 -0.999121
vn 0.016037 -0.038718 0.999121
vn 0.016037 -0.038718 0.999121
vn 0.016037 -0.038718 0.999121
vn 0.016037 -0.038718 0.999121
vn 0.038720 -0.016038 -0.999121
vn 0.038720 -0.016038 -0.999121
vn 0.038720 -0.016038 -0.999121
vn 0.038720 -0.016038 -0.999121
vn 0.038718 -0.016038 0.999122
vn 0.038718 -0.016038 0.999122
vn 0.038718 -0.016038 0.999122
vn 0.038718 -0.016038 0.999122
vn 0.038721 0.016038 -0.999121
vn 0.038721 0.016038 -0.999121
vn 0.038721 0.016038 -0.999121
vn 0.038721 0.016038 -0.999121
vn 0.038720 0.016038 0.999121
vn 0.038720 0.016038 0.999121
vn 0.038720 0.016038 0.999121
vn 0.038720 0.016038 0.999121
vn 0.382682 0.923880 0.000000
vn 0.382682 0.923880 0.000000
vn 0.382682 0.923880 0.000000
vn 0.382682 0.923880 0.000000
vn -0.382682 -0.923880 0.000000
vn -0.382682 -0.923880 0.000000
vn -0.382682 -0.923880 0.000000
vn -0.382682 -0.923880 0.000000
vn -0.382682 0.923880 -0.000000
vn -0.382682 0.923880 -0.000000
vn -0.382682 0.923880 -0.000000
vn -0.382682 0.923880 -0.000000
vn 0.382682 -0.923880 0.000000
vn 0.382682 -0.923880 0.000000
vn 0.382682 -0.923880 0.000000
vn 0.382682 -0.923880 0.000000
vn -0.923879 0.382684 0.000000
vn -0.923879 0.382684 0.000000
vn -0.923879 0.382684 0.000000
vn -0.923879 0.382684 0.000000
vn 0.923879 -0.382684 0.000000
vn 0.923879 -0.382684 0.000000
vn 0.923879 -0.382684 0.000000
vn 0.923879 -0.382684 0.000000
vn -0.923879 -0.382684 0.000000
vn -0.923879 -0.382684 0.000000
vn -0.923879 -0.382684 0.000000
vn -0.923879 -0.382684 0.000000
vn 0.923879 0.382684 0.000000
vn 0.923879 0.382684 0.000000
vn 0.923879 0.382684 0.000000
vn 0.923879 0.382684 0.000000
vn -0.382682 -0.923880 0.000000
vn -0.382682 -0.923880 0.000000
vn -0.382682 -0.923880 0.000000
vn -0.382682 -0.923880 0.000000
vn 0.382682 0.923880 0.000000
vn 0.382682 0.923880 0.000000
vn 0.382682 0.923880 0.000000
vn 0.382682 0.923880 0.000000
vn 0.382682 -0.923880 -0.000000
vn 0.382682 -0.923880 -0.000000
vn 0.382682 -0.923880 -0.000000
vn 0.382682 -0.923880 -0.000000
vn -0.382682 0.923880 0.000000
vn -0.382682 0.923880 0.000000
vn -0.382682 0.923880 0.000000
vn -0.382682 0.923880 0.000000
vn 0.923879 -0.382684 0.000000
vn 0.923879 -0.382684 0.000000
vn 0.923879 -0.382684 0.000000
vn 0.923879 -0.382684 0.000000
vn -0.923879 0.382684 0.000000
vn -0.923879 0.382684 0.000000
vn -0.923879 0.382684 0.000000
vn -0.923879 0.382684 0.000000
vn 0.923880 0.382684 0.000000
vn 0.923880 0.382684 0.000000
vn 0.923880 0.382684 0.000000
vn 0.923880 0.382684 0.000000
vn -0.923879 -0.382684 0.000000
vn -0.923879 -0.382684 0.000000
vn -0.923879 -0.382684 0.000000
vn -0.923879 -0.382684 0.000000
vn 0.382687 0.923878 0.000000
vn 0.382687 0.923878 0.000000
vn 0.382687 0.923878 0.000000
vn 0.382687 0.923878 0.000000
vn -0.382682 -0.923880 0.000000
vn -0.382682 -0.923880 0.000000
vn -0.382682 -0.923880 0.000000
vn -0.382682 -0.923880 0.000000
vn -0.382687 0.923878 0.000000
vn -0.382687 0.923878 0.000000
vn -0.382687 0.923878 0.000000
vn -0.382687 0.923878 0.000000
vn 0.382682 -0.923880 0.000000
vn 0.382682 -0.923880 0.000000
vn 0.382682 -0.923880 0.000000
vn 0.382682 -0.923880 0.000000
vn -0.923879 0.382684 0.000000
vn -0.923879 0.382684 0.000000
vn -0.923879 0.382684 0.000000
vn -0.923879 0.382684 0.000000
vn 0.923879 -0.382684 0.000000
vn 0.923879 -0.382684 0.000000
vn 0.923879 -0.382684 0.000000
vn 0.923879 -0.382684 0.000000
vn -0.923879 -0.382684 0.000000
vn -0.923879 -0.382684 0.000000
vn -0.923879 -0.382684 0.000000
vn -0.923879 -0.382684 0.000000
vn 0.923879 0.382684 0.000000
vn 0.923879 0.382684 0.000000
vn 0.923879 0.382684 0.000000
vn 0.923879 0.382684 0.000000
vn -0.382687 -0.923878 0.000000
vn -0.382687 -0.923878 0.000000
vn -0.382687 -0.923878 0.000000
vn -0.382687 -0.923878 0.000000
vn 0.382682 0.923880 0.000000
vn 0.382682 0.923880 0.000000
vn 0.382682 0.923880 0.000000
vn 0.382682 0.923880 0.000000
vn 0.382687 -0.923878 0.000000
vn 0.382687 -0.923878 0.000000
vn 0.382687 -0.923878 0.000000
vn 0.382687 -0.923878 0.000000
vn -0.382682 0.923880 0.000000
vn -0.382682 0.923880 0.000000
vn -0.382682 0.923880 0.000000
vn -0.382682 0.923880 0.000000
vn 0.923879 -0.382684 0.000000
vn 0.923879 -0.382684 0.000000
vn 0.923879 -0.382684 0.000000
vn 0.923879 -0.382684 0.000000
vn -0.923879 0.382684 0.000000
vn -0.923879 0.382684 0.000000
vn -0.923879 0.382684 0.000000
vn -0.923879 0.382684 0.000000
vn 0.923880 0.382684 0.000000
vn 0.923880 0.382684 0.000000
vn 0.923880 0.382684 0.000000
vn 0.923880 0.382684 0.000000
vn -0.923879 -0.382684 0.000000
vn -0.923879 -0.382684 0.000000
vn -0.923879 -0.382684 0.000000
vn -0.923879 -0.382684 0.000000
vn -0.121862 -0.970095 0.209916
vn -0.051422 -0.769593 0.636461
vn -0.856544 -0.093038 0.507619
vn -0.906148 -0.139764 0.399201
vn -0.588682 0.799614 -0.118624
vn -0.513641 0.844373 0.152342
vn 0.226205 0.958486 -0.173596
vn 0.089698 0.904247 -0.417483
vn 0.906149 0.139763 -0.399201
vn 0.940893 0.184198 -0.284239
vn 0.688417 -0.655480 0.310528
vn 0.475848 -0.877905 -0.053404
vn -0.787982 -0.426827 -0.443738
vn 0.761247 -0.579350 -0.291302
vn 0.765859 0.124139 0.630911
vn -0.834626 0.281658 0.473358
vn -0.109573 -0.414549 -0.903406
vn -0.478220 -0.471412 -0.740997
vn -0.572815 -0.020486 -0.819429
vn -0.219776 0.033978 -0.974958
vn 0.976697 -0.116054 -0.180542
vn -0.045483 -0.428015 0.902626
vn 0.876412 0.346753 -0.334161
vn -0.183945 0.914338 0.360765
vn 0.249195 0.952432 0.175431
vn -0.779694 -0.100994 0.617962
vn 0.434139 -0.595412 -0.676023
vn -0.362098 -0.648712 -0.669372
vn 0.977826 0.084990 -0.191399
vn -0.956952 0.274981 -0.092885
vn 0.973678 0.148669 -0.172766
vn -0.979394 -0.128252 0.156010
vn 0.429272 -0.550104 -0.716317
vn -0.429271 -0.550105 -0.716317
vn 0.999230 -0.027749 0.027749
vn 0.823295 0.279943 0.493779
vn -0.823295 0.279943 0.493778
vn -0.888409 0.247818 0.386414
vn 0.888409 0.247818 0.386414
vn -0.999230 -0.027749 0.027749
vn 0.396764 -0.490925 -0.775610
vn -0.396764 -0.490925 -0.775610
vn 1.000000 0.000000 0.000000
vn 0.986154 -0.088172 0.140447
vn -0.986154 -0.088172 0.140447
vn -0.382066 0.494248 0.780861
vn 0.382067 0.494248 0.780861
vn -1.000000 -0.000001 0.000000
vn 0.386691 -0.567215 -0.727144
vn -0.386691 -0.567215 -0.727144
vn 1.000000 -0.000000 0.000000
vn -0.422277 0.566160 0.707916
vn 0.422277 0.566160 0.707916
vn -1.000000 0.000000 0.000000
vn 0.445043 -0.593409 -0.670673
vn -0.445044 -0.593409 -0.670673
vn 1.000000 -0.000000 0.000000
vn -0.454185 0.642264 0.617424
vn 0.454186 0.642264 0.617424
vn -1.000000 0.000000 0.000000
vn 0.462162 -0.636379 -0.617599
vn -0.462162 -0.636379 -0.617598
vn 0.998787 -0.034822 0.034822
vn -0.462165 0.617593 0.636382
vn 0.462165 0.617593 0.636383
vn -0.998787 -0.034823 0.034822
vn 0.258464 0.450152 -0.854728
vn -0.258465 0.450151 -0.854728
vn 0.744578 0.472027 -0.472011
vn -0.150355 0.903594 -0.401138
vn 0.308993 0.895284 -0.320920
vn -0.744579 0.472027 -0.472010
vn 0.499539 -0.231927 -0.834668
vn -0.313166 -0.257274 -0.914187
vn 1.000000 -0.000488 0.000490
vn -0.322943 0.932327 0.162708
vn 0.487535 0.829976 0.271014
vn -0.847986 0.374782 -0.374779
vn 0.707835 -0.146296 -0.691062
vn -0.478217 0.125343 -0.869251
vn 0.946912 -0.227329 0.227329
vn -0.578647 0.812916 0.065839
vn 0.725671 0.627060 0.283192
vn -0.985007 0.121987 -0.121987
vn 0.645958 -0.311662 -0.696854
vn -0.645958 -0.311661 -0.696854
vn -0.663129 0.742099 0.097720
vn 0.663129 0.742099 0.097720
vn -0.471628 -0.864890 0.171853
vn 0.471627 -0.864890 0.171853
vn 0.584622 0.461346 0.667366
vn -0.584621 0.461346 0.667366
vn -0.764566 -0.376933 -0.522839
vn 0.764566 -0.376933 -0.522839
vn -0.667999 0.637718 0.383527
vn 0.667999 0.637718 0.383527
vn 0.883175 -0.322223 -0.340843
vn -0.883175 -0.322223 -0.340843
vn 0.849392 0.318126 0.421105
vn -0.849392 0.318126 0.421105
vn 0.820835 -0.341410 -0.457895
vn -0.820836 -0.341410 -0.457895
vn 0.829193 0.311484 0.464130
vn -0.829193 0.311485 0.464130
vn 0.764273 -0.412708 -0.495539
vn -0.764272 -0.412709 -0.495540
vn 0.766340 0.389877 0.510607
vn -0.766339 0.389877 0.510607
vn 0.743343 -0.411555 -0.527317
vn -0.743343 -0.411556 -0.527317
vn 0.744165 0.413051 0.524983
vn -0.744165 0.413051 0.524984
vn 0.615641 -0.604864 -0.505099
vn -0.615641 -0.604865 -0.505099
vn 0.713567 0.474328 0.515592
vn -0.713567 0.474328 0.515592
vn 0.829082 0.208058 -0.518975
vn -0.656909 0.354465 -0.665451
vn 0.990357 -0.097961 0.097962
vn -0.559934 0.828432 0.013239
vn 0.696183 0.704660 0.137052
vn -0.990686 0.096282 -0.096281
vn -0.670015 -0.512194 -0.537344
vn 0.649434 -0.642046 -0.407447
vn 0.608520 0.132434 0.782410
vn -0.710881 0.262304 0.652568
vn 0.965645 -0.175927 0.191259
vn 0.884901 -0.430279 0.178357
vn -0.661105 0.555146 0.504731
vn 0.645709 0.426527 0.633352
vn -0.999844 0.017526 -0.002195
vn -0.968796 -0.247826 -0.004094
vn -0.216518 -0.200482 -0.955472
vn 0.354067 -0.256642 -0.899317
vn 0.621261 -0.288257 -0.728658
vn -0.512596 -0.176659 -0.840260
vn 0.577750 -0.000078 0.816214
vn 0.482808 -0.002754 0.875722
vn -0.713418 0.127002 0.689134
vn -0.634098 0.107177 0.765789
vn 0.496895 -0.231125 -0.836466
vn -0.361108 -0.146678 -0.920916
vn 0.383998 0.278263 0.880406
vn -0.485679 0.363859 0.794810
vn 0.745483 0.060473 -0.663775
vn -0.577242 0.190653 -0.794004
vn 0.643770 0.213993 0.734688
vn -0.719842 0.348203 0.600485
vn 0.768990 -0.178107 -0.613949
vn -0.655620 -0.037879 -0.754140
vn 0.595726 -0.033003 0.802509
vn -0.734432 0.097925 0.671581
vn 0.755709 -0.088330 -0.648923
vn -0.618735 0.046944 -0.784196
vn 0.615390 -0.081419 0.784007
vn -0.759125 0.053853 0.648713
vn 0.499805 -0.465514 -0.730406
vn -0.429666 -0.374028 -0.821882
vn 0.636530 0.082399 0.766838
vn -0.744489 0.218332 0.630926
vn 0.591260 -0.516664 -0.619249
vn -0.548999 -0.404421 -0.731467
vn 0.582294 0.190761 0.790281
vn -0.675905 0.314615 0.666461
vn 0.615324 -0.414260 -0.670645
vn -0.560492 -0.293973 -0.774228
vn 0.499797 0.367053 0.784522
vn -0.581551 0.465010 0.667505
vn 0.635334 -0.243133 -0.732964
vn -0.511586 -0.138393 -0.848014
vn 0.763692 0.283293 0.580103
vn -0.773346 0.478007 0.416467
vn 0.685442 -0.547461 -0.480058
vn -0.660262 -0.423244 -0.620419
vn 0.654625 0.232990 0.719153
vn -0.711730 0.369182 0.597616
vn -0.029513 -0.630462 -0.775659
vn -0.382548 -0.684914 -0.620121
vn -0.533049 -0.279971 -0.798420
vn -0.164408 -0.223116 -0.960827
vn 0.940893 0.184197 -0.284240
vn 0.906148 0.139764 -0.399202
vn 0.907539 0.301076 -0.292789
vn 0.973349 0.117960 -0.196668
vn 0.999230 -0.027749 0.027749
vn 1.000000 -0.000000 0.000000
vn 1.000000 0.000000 0.000000
vn 1.000000 0.000000 0.000000
vn 0.998787 -0.034821 0.034822
vn 0.725369 0.515561 -0.456110
vn 0.993327 0.115289 0.003228
vn 0.950251 -0.210782 0.229336
vn 0.990356 -0.097969 0.097968
vn 0.934136 -0.241930 0.262412
vn -0.673191 -0.555174 -0.488462
vn 0.634767 -0.683877 -0.359700
vn 0.638403 0.269747 0.720887
vn -0.701348 0.401530 0.588970
vn -0.990690 0.096264 -0.096264
vn -0.996019 -0.051953 0.072433
vn -0.988454 0.090079 -0.121838
vn -0.867876 0.313443 -0.385415
vn -0.753189 0.456939 -0.473195
vn -0.998787 -0.034820 0.034822
vn -1.000000 0.000000 0.000000
vn -1.000000 0.000000 0.000000
vn -1.000000 0.000000 0.000000
vn -0.999230 -0.027749 0.027749
vn -0.973122 -0.152777 0.172317
vn -0.875882 -0.150867 0.458333
vn -0.856543 -0.093037 0.507620
vn -0.906148 -0.139765 0.399201
vn -0.543789 -0.380113 -0.748203
vn -0.095854 -0.311026 -0.945555
vn 0.906148 0.139765 -0.399201
vn 0.940893 0.184199 -0.284238
vn 0.895578 0.319563 -0.309547
vn 0.975357 0.104172 -0.194490
vn 0.999230 -0.027749 0.027749
vn 1.000000 -0.000000 0.000000
vn 1.000000 0.000000 0.000000
vn 1.000000 0.000000 0.000000
vn 0.998787 -0.034820 0.034819
vn 0.744553 0.472039 -0.472038
vn 1.000000 -0.000485 0.000489
vn 0.946267 -0.228669 0.228670
vn 0.990356 -0.097969 0.097969
vn 0.953123 -0.186039 0.238633
vn -0.858390 -0.368597 -0.356794
vn 0.823541 -0.534076 -0.191163
vn 0.823514 0.191207 0.534102
vn -0.858434 0.356743 0.368545
vn -0.998899 0.006086 0.046509
vn -0.990690 0.096264 -0.096263
vn -0.984899 0.122420 -0.122420
vn -0.847983 0.374786 -0.374782
vn -0.744556 0.472038 -0.472035
vn -0.998787 -0.034821 0.034819
vn -1.000000 0.000000 0.000000
vn -1.000000 0.000000 0.000000
vn -1.000000 -0.000000 0.000000
vn -0.999230 -0.027749 0.027749
vn -0.975723 -0.143036 0.165849
vn -0.842202 -0.132053 0.522741
vn -0.856544 -0.093038 0.507618
vn -0.906148 -0.139764 0.399201
vn -0.572577 -0.566093 -0.593038
vn 0.556002 -0.677181 -0.481963
vn 0.568256 0.328585 0.754398
vn -0.628834 0.446423 0.636611
vn 0.380171 -0.913701 -0.143598
vn -0.514452 -0.825642 -0.231633
vn 0.732152 0.154544 0.663377
vn -0.802559 0.305625 0.512340
vn 0.571903 -0.753362 -0.324612
vn -0.632957 -0.634775 -0.443200
vn 0.738254 0.559798 0.376306
vn -0.674764 0.698868 0.237227
vn 0.639672 -0.726193 -0.251919
vn -0.706947 -0.593647 -0.384459
vn 0.656263 0.573274 0.490587
vn -0.615352 0.698430 0.365428
vn 0.673622 -0.682634 -0.283275
vn -0.725131 -0.544964 -0.420950
vn 0.634115 0.544319 0.549196
vn -0.610943 0.666870 0.426655
vn 0.729536 -0.381113 -0.567917
vn -0.682473 -0.272437 -0.678240
vn 0.729522 0.567964 0.381069
vn -0.682472 0.678241 0.272435
vn 0.617340 -0.660854 -0.426806
vn -0.637770 -0.539055 -0.550153
vn 0.691860 0.498410 0.522414
vn -0.669149 0.632352 0.390347
vn 0.641328 -0.658727 -0.393418
vn -0.668197 -0.529824 -0.522301
vn 0.646957 0.507215 0.569367
vn -0.634350 0.633336 0.443266
vn 0.578261 -0.691995 -0.432154
vn -0.606466 -0.575384 -0.548755
vn 0.561387 0.539500 0.627522
vn -0.557021 0.649591 0.517455
vn 0.491130 -0.731696 -0.472665
vn -0.522485 -0.631881 -0.572482
vn 0.491177 0.472647 0.731676
vn -0.522472 0.572463 0.631910
vn 0.603513 -0.637365 -0.479102
vn -0.611149 -0.517807 -0.598643
vn 0.603503 0.479116 0.637364
vn -0.611117 0.598663 0.517820
vn 0.555880 -0.714722 -0.424463
vn -0.590855 -0.601830 -0.537299
vn 0.555898 0.424460 0.714711
vn -0.590826 0.537317 0.601843
vn 0.592136 -0.460082 -0.661588
vn -0.530472 -0.349434 -0.772331
vn 0.592227 0.661521 0.460062
vn -0.530583 0.772178 0.349605
vn 0.716723 -0.583498 -0.381889
vn -0.728408 -0.441287 -0.524106
vn 0.673364 0.346308 0.653186
vn -0.707101 0.482109 0.517281
vn -0.128857 -0.944613 0.301832
vn 0.540383 -0.841390 0.006999
vn -0.906148 -0.139764 0.399202
vn 0.906148 0.139763 -0.399201
vn -0.582790 0.769002 -0.262664
vn -0.906148 -0.139764 0.399202
vn -0.010542 0.857265 -0.514768
vn 0.906148 0.139763 -0.399202
vn -0.906148 -0.139764 0.399202
vn 0.906148 0.139764 -0.399201
vn -0.006273 -0.841997 0.539446
vn 0.607575 -0.747318 0.269016
vn -0.906148 -0.139764 0.399202
vn 0.906148 0.139764 -0.399202
vn -0.570955 0.775565 -0.269276
vn -0.906147 -0.139765 0.399202
vn -0.024586 0.859836 -0.509978
vn 0.906147 0.139764 -0.399203
vn -0.906148 -0.139763 0.399201
vn 0.906147 0.139765 -0.399203
vn -0.012019 -0.810548 0.585549
vn 0.636650 -0.710499 0.299780
vn -0.906147 -0.139764 0.399203
vn 0.906150 0.139759 -0.399200
vn -0.603821 0.741353 -0.292910
vn -0.906147 -0.139765 0.399202
vn -0.011906 0.832647 -0.553676
vn 0.906148 0.139764 -0.399203
vn -0.906151 -0.139758 0.399198
vn 0.906147 0.139765 -0.399203
vn 0.022478 -0.769893 0.637777
vn 0.641980 -0.674343 0.364861
vn -0.906147 -0.139768 0.399203
vn 0.906150 0.139758 -0.399199
vn -0.671729 0.701388 -0.238399
vn -0.906148 -0.139763 0.399201
vn 0.081262 0.817528 -0.570127
vn 0.906148 0.139765 -0.399202
vn -0.906152 -0.139756 0.399196
vn 0.906149 0.139762 -0.399201
vn -0.006307 -0.625593 0.780124
vn 0.726904 -0.512503 0.457112
vn -0.906148 -0.139765 0.399200
vn 0.906146 0.139770 -0.399205
vn -0.661659 0.745474 0.080475
vn -0.906146 -0.139767 0.399204
vn 0.294316 0.892924 -0.340683
vn 0.906149 0.139757 -0.399203
vn -0.906151 -0.139764 0.399195
vn 0.906149 0.139760 -0.399200
vn -0.229501 -0.956562 0.179773
vn 0.519729 -0.841007 -0.150293
vn -0.906148 -0.139759 0.399204
vn 0.906148 0.139766 -0.399202
vn -0.680675 0.724498 -0.108555
vn -0.906145 -0.139766 0.399208
vn 0.175091 0.856487 -0.485564
vn 0.906148 0.139763 -0.399201
vn -0.906145 -0.139766 0.399208
vn 0.906150 0.139765 -0.399196
vn -0.434560 -0.867409 -0.242404
vn 0.323415 -0.750502 -0.576324
vn -0.906148 -0.139759 0.399204
vn 0.906151 0.139764 -0.399194
vn -0.754184 0.426301 -0.499474
vn -0.906146 -0.139769 0.399205
vn 0.015011 0.544945 -0.838338
vn 0.906147 0.139767 -0.399202
vn -0.906144 -0.139771 0.399208
vn 0.906151 0.139767 -0.399193
vn 0.517185 -0.855792 -0.011858
vn -0.660500 -0.739874 -0.127770
vn 0.492374 -0.361258 0.791871
vn -0.696311 -0.244259 0.674899
vn 0.843761 -0.495862 -0.205397
vn -0.867777 -0.327406 -0.373856
vn 0.789589 0.509765 0.341597
vn -0.727105 0.659049 0.192280
vn 0.781092 -0.573053 -0.248005
vn -0.814172 -0.416036 -0.405016
vn 0.845721 0.276084 0.456655
vn -0.848439 0.442836 0.289910
vn 0.806805 -0.518058 -0.284044
vn -0.821325 -0.357813 -0.444291
vn 0.810312 0.382937 0.443569
vn -0.791216 0.540569 0.285941
vn 0.798004 -0.478288 -0.366648
vn -0.789234 -0.322060 -0.522865
vn 0.788068 0.412578 0.456868
vn -0.766662 0.565603 0.303846
vn 0.819112 -0.510893 -0.260853
vn -0.836248 -0.347980 -0.423792
vn 0.819115 0.260851 0.510889
vn -0.836259 0.423779 0.347968
vn 0.813894 -0.569826 -0.113468
vn -0.871069 -0.404011 -0.279309
vn 0.813876 0.113439 0.569858
vn -0.871072 0.279309 0.404006
vn 0.799853 -0.513674 -0.310442
vn -0.808691 -0.355358 -0.468764
vn 0.846655 0.346066 0.404245
vn -0.825722 0.510649 0.239626
vn 0.790010 -0.544561 -0.281669
vn -0.810737 -0.387020 -0.439228
vn 0.777589 0.350578 0.521967
vn -0.781138 0.503986 0.368540
vn 0.711123 -0.608120 -0.352837
vn -0.733395 -0.465940 -0.495007
vn 0.711142 0.352811 0.608113
vn -0.733426 0.494980 0.465920
vn 0.569566 -0.366116 -0.735903
vn -0.476429 -0.263187 -0.838897
vn 0.569582 0.735944 0.366010
vn -0.476319 0.838998 0.263063
vn 0.598071 -0.629334 -0.496236
vn -0.601027 -0.511320 -0.614262
vn 0.598029 0.496254 0.629359
vn -0.601052 0.614250 0.511306
vn 0.582150 -0.670200 -0.460363
vn -0.600507 -0.553816 -0.576783
vn 0.582131 0.460364 0.670215
vn -0.600572 0.576751 0.553780
vn 0.582331 -0.423749 -0.693777
vn -0.508085 -0.316496 -0.801050
vn 0.582250 0.693749 0.423907
vn -0.508081 0.801046 0.316512
vn 0.629781 -0.585689 -0.510240
vn -0.620428 -0.462624 -0.633283
vn 0.555908 0.431403 0.710534
vn -0.588601 0.544083 0.597932
vn 0.665060 -0.745814 -0.038171
vn -0.776421 -0.603949 -0.180045
vn 0.752358 0.039333 0.657579
vn -0.843146 0.196371 0.500543
vn 0.753610 -0.567704 -0.331337
vn -0.770609 -0.417683 -0.481354
vn 0.753689 0.404491 0.518016
vn -0.746957 0.552196 0.370317
vn 0.785074 -0.514112 -0.345466
vn -0.787802 -0.359299 -0.500273
vn 0.768392 0.337990 0.543449
vn -0.778855 0.490280 0.391166
vn 0.700489 -0.541835 -0.464467
vn -0.688802 -0.405095 -0.601207
vn 0.708519 0.399168 0.581949
vn -0.716883 0.539461 0.441656
vn 0.778399 -0.544837 -0.311845
vn -0.793794 -0.390096 -0.466601
vn 0.777176 0.282279 0.562420
vn -0.801739 0.437678 0.407004
vn 0.813833 -0.493000 -0.307614
vn -0.818705 -0.332319 -0.468281
vn 0.798386 0.290633 0.527364
vn -0.813731 0.449318 0.368720
vn 0.847955 -0.450779 -0.278876
vn -0.848916 -0.283765 -0.445891
vn 0.836444 0.254275 0.485495
vn -0.849288 0.420204 0.319590
vn 0.833674 -0.458379 -0.308019
vn -0.831005 -0.294546 -0.471883
vn 0.840760 0.257121 0.476457
vn -0.851146 0.423657 0.309944
vn 0.826453 -0.558661 -0.069813
vn -0.889455 -0.389750 -0.238674
vn 0.760707 -0.006416 0.649063
vn -0.858363 0.153023 0.489691
vn 0.839501 -0.446620 -0.309467
vn -0.834082 -0.281886 -0.474180
vn 0.841680 0.299730 0.449151
vn -0.838540 0.465104 0.283777
vn 0.835164 -0.490377 -0.249061
vn -0.850040 -0.324485 -0.414900
vn 0.835176 0.249043 0.490365
vn -0.850043 0.414896 0.324482
vn 0.788772 -0.614600 -0.010316
vn -0.875432 -0.450898 -0.174096
vn 0.788738 0.010239 0.614644
vn -0.875452 0.174012 0.450892
vn 0.829468 -0.487068 -0.273401
vn -0.839178 -0.322854 -0.437659
vn 0.829432 0.273446 0.487104
vn -0.839167 0.437671 0.322866
vn 0.495650 -0.816114 0.297134
vn -0.691792 -0.699236 0.180259
vn 0.688578 0.292878 0.663388
vn -0.733975 0.432876 0.523354
vn 0.686326 -0.485465 -0.541553
vn -0.649413 -0.353991 -0.673018
vn 0.525244 0.367013 0.767737
vn -0.582654 0.476058 0.658697
vn 0.672521 -0.462594 -0.577687
vn -0.624728 -0.334915 -0.705370
vn 0.607474 0.337357 0.719142
vn -0.658104 0.461923 0.594580
vn 0.637060 -0.401183 -0.658185
vn -0.563212 -0.283049 -0.776322
vn 0.659608 0.368578 0.655033
vn -0.689857 0.501393 0.522209
vn 0.645763 -0.616992 -0.449790
vn -0.653505 -0.489114 -0.577667
vn 0.678507 0.134007 0.722268
vn -0.766304 0.276212 0.580073
vn 0.698129 -0.711611 0.078910
vn -0.824264 -0.561745 -0.070932
vn 0.641943 -0.133451 0.755049
vn -0.789110 0.007403 0.614207
vn 0.920329 -0.232964 -0.314203
vn -0.869651 -0.056784 -0.490390
vn 0.925359 0.265506 0.270587
vn -0.891162 0.444302 0.091794
vn 0.892118 -0.391466 -0.225565
vn -0.890244 -0.216038 -0.400992
vn 0.847704 0.188727 0.495762
vn -0.874772 0.358262 0.326225
vn 0.865244 -0.414896 -0.281451
vn -0.858121 -0.245278 -0.451073
vn 0.843208 0.166735 0.511077
vn -0.877649 0.336109 0.341705
vn 0.780544 -0.493007 -0.384311
vn -0.771868 -0.340207 -0.537102
vn 0.801364 0.226585 0.553601
vn -0.834052 0.387553 0.392633
vn 0.831635 -0.282077 -0.478348
vn -0.762143 -0.125167 -0.635194
vn 0.831630 0.478375 0.282046
vn -0.762141 0.635188 0.125209
vn 0.593924 0.166672 -0.787067
vn -0.387205 0.263198 -0.883628
vn 0.593925 0.787071 -0.166650
vn -0.387163 0.883648 -0.263194
vn 0.810192 -0.502529 -0.301750
vn -0.818174 -0.342252 -0.462012
vn 0.747057 0.253457 0.614545
vn -0.788376 0.404588 0.463435
vn 0.777670 -0.540654 -0.320815
vn -0.790584 -0.386280 -0.475147
vn 0.786169 0.202917 0.583750
vn -0.829824 0.361969 0.424700
vn 0.832460 -0.415005 -0.367125
vn -0.810021 -0.253332 -0.528856
vn 0.832465 0.367045 0.415067
vn -0.810026 0.528811 0.253412
vn 0.821686 -0.452236 -0.346865
vn -0.810814 -0.291549 -0.507523
vn 0.742657 0.289605 0.603813
vn -0.775116 0.438986 0.454407
vn 0.853437 0.379650 -0.357088
vn -0.678702 0.530461 -0.507912
vn 0.685483 -0.514593 0.515080
vn -0.858251 -0.362661 0.363155
vn 0.329235 -0.923880 0.195066
vn 0.329235 -0.923880 0.195066
vn 0.329235 -0.923880 0.195066
vn 0.329235 -0.923880 0.195066
vn -0.329235 -0.923879 -0.195066
vn -0.329235 -0.923879 -0.195066
vn -0.329235 -0.923879 -0.195066
vn -0.329235 -0.923879 -0.195066
vn -0.794846 -0.382683 -0.470928
vn -0.794846 -0.382683 -0.470928
vn -0.794846 -0.382683 -0.470928
vn -0.794846 -0.382683 -0.470928
vn -0.794846 0.382683 -0.470929
vn -0.794846 0.382683 -0.470929
vn -0.794846 0.382683 -0.470929
vn -0.794846 0.382683 -0.470929
vn -0.329235 0.923880 -0.195065
vn -0.329235 0.923880 -0.195065
vn -0.329235 0.923880 -0.195065
vn -0.329235 0.923880 -0.195065
vn 0.329235 0.923880 0.195065
vn 0.329235 0.923880 0.195065
vn 0.329235 0.923880 0.195065
vn 0.329236 0.923880 0.195065
vn 0.794847 0.382682 0.470928
vn 0.794847 0.382682 0.470928
vn 0.794847 0.382682 0.470928
vn 0.794847 0.382682 0.470928
vn 0.794847 -0.382681 0.470928
vn 0.794847 -0.382681 0.470928
vn 0.794847 -0.382681 0.470928
vn 0.794847 -0.382681 0.470928
vn -0.509732 0.000000 0.860333
vn -0.509732 0.000000 0.860333
vn -0.509732 -0.000000 0.860333
vn -0.509732 -0.000000 0.860333
vn -0.509732 -0.000000 0.860333
vn -0.509732 0.000000 0.860333
vn -0.509732 0.000000 0.860333
vn -0.509732 -0.000000 0.860333
vn -0.509732 -0.000000 0.860333
vn 0.509732 0.000000 -0.860333
vn 0.509732 0.000000 -0.860333
vn 0.509732 -0.000000 -0.860333
vn 0.509732 0.000000 -0.860333
vn 0.509732 -0.000000 -0.860333
vn 0.509732 -0.000000 -0.860333
vn 0.509732 0.000000 -0.860334
vn 0.509732 0.000000 -0.860333
vn 0.509733 0.000000 -0.860333
vn -0.523083 0.038719 0.851402
vn -0.523083 0.038719 0.851402
vn -0.523083 0.038719 0.851402
vn -0.523083 0.038719 0.851402
vn 0.495487 0.038719 -0.867752
vn 0.495487 0.038719 -0.867752
vn 0.495487 0.038719 -0.867752
vn 0.495487 0.038719 -0.867752
vn -0.495487 0.038717 0.867752
vn -0.495487 0.038717 0.867752
vn -0.495487 0.038717 0.867752
vn -0.495487 0.038717 0.867752
vn 0.523082 0.038720 -0.851402
vn 0.523082 0.038720 -0.851402
vn 0.523082 0.038720 -0.851402
vn 0.523082 0.038720 -0.851402
vn -0.475974 0.016037 0.879313
vn -0.475973 0.016037 0.879313
vn -0.475974 0.016037 0.879313
vn -0.475974 0.016037 0.879313
vn 0.542592 0.016037 -0.839843
vn 0.542592 0.016037 -0.839843
vn 0.542592 0.016037 -0.839843
vn 0.542592 0.016037 -0.839843
vn -0.475973 -0.016036 0.879314
vn -0.475973 -0.016036 0.879314
vn -0.475973 -0.016036 0.879314
vn -0.475973 -0.016036 0.879314
vn 0.542592 -0.016036 -0.839843
vn 0.542592 -0.016036 -0.839843
vn 0.542592 -0.016036 -0.839843
vn 0.542592 -0.016036 -0.839843
vn -0.495488 -0.038719 0.867752
vn -0.495488 -0.038719 0.867752
vn -0.495488 -0.038719 0.867752
vn -0.495488 -0.038719 0.867752
vn 0.523083 -0.038720 -0.851402
vn 0.523083 -0.038720 -0.851402
vn 0.523083 -0.038720 -0.851402
vn 0.523083 -0.038720 -0.851402
vn -0.523083 -0.038718 0.851402
vn -0.523083 -0.038718 0.851402
vn -0.523083 -0.038718 0.851402
vn -0.523083 -0.038718 0.851402
vn 0.495489 -0.038718 -0.867751
vn 0.495489 -0.038718 -0.867751
vn 0.495489 -0.038718 -0.867751
vn 0.495489 -0.038718 -0.867751
vn -0.542593 -0.016036 0.839842
vn -0.542593 -0.016036 0.839842
vn -0.542593 -0.016036 0.839842
vn -0.542593 -0.016036 0.839842
vn 0.475972 -0.016040 -0.879314
vn 0.475972 -0.016040 -0.879314
vn 0.475972 -0.016040 -0.879314
vn 0.475972 -0.016040 -0.879314
vn -0.542595 0.016037 0.839842
vn -0.542595 0.016037 0.839842
vn -0.542595 0.016037 0.839842
vn -0.542595 0.016037 0.839842
vn 0.475973 0.016039 -0.879313
vn 0.475973 0.016039 -0.879314
vn 0.475973 0.016039 -0.879313
vn 0.475973 0.016039 -0.879314
vn -0.329237 0.923878 -0.195071
vn -0.329237 0.923878 -0.195071
vn -0.329237 0.923878 -0.195071
vn -0.329237 0.923878 -0.195071
vn 0.329235 -0.923880 0.195066
vn 0.329235 -0.923879 0.195066
vn 0.329235 -0.923879 0.195066
vn 0.329235 -0.923880 0.195066
vn 0.329230 0.923882 0.195065
vn 0.329230 0.923882 0.195065
vn 0.329230 0.923882 0.195065
vn 0.329230 0.923882 0.195065
vn -0.329231 -0.923881 -0.195068
vn -0.329231 -0.923881 -0.195068
vn -0.329231 -0.923881 -0.195068
vn -0.329231 -0.923881 -0.195068
vn 0.794845 0.382686 0.470928
vn 0.794845 0.382686 0.470928
vn 0.794845 0.382686 0.470928
vn 0.794845 0.382686 0.470928
vn -0.794835 -0.382681 -0.470948
vn -0.794835 -0.382681 -0.470948
vn -0.794835 -0.382681 -0.470948
vn -0.794835 -0.382681 -0.470948
vn 0.794844 -0.382687 0.470928
vn 0.794844 -0.382687 0.470928
vn 0.794844 -0.382687 0.470928
vn 0.794844 -0.382687 0.470928
vn -0.794835 0.382684 -0.470947
vn -0.794835 0.382684 -0.470947
vn -0.794835 0.382684 -0.470947
vn -0.794835 0.382684 -0.470947
vn 0.329232 -0.923881 0.195067
vn 0.329232 -0.923881 0.195067
vn 0.329232 -0.923881 0.195067
vn 0.329232 -0.923881 0.195067
vn -0.329233 0.923879 -0.195071
vn -0.329233 0.923879 -0.195071
vn -0.329233 0.923879 -0.195071
vn -0.329233 0.923879 -0.195071
vn -0.329239 -0.923879 -0.195062
vn -0.329239 -0.923879 -0.195062
vn -0.329239 -0.923879 -0.195062
vn -0.329239 -0.923879 -0.195062
vn 0.329236 0.923879 0.195068
vn 0.329236 0.923879 0.195068
vn 0.329236 0.923879 0.195068
vn 0.329236 0.923879 0.195068
vn -0.794835 -0.382682 -0.470948
vn -0.794835 -0.382682 -0.470948
vn -0.794835 -0.382682 -0.470948
vn -0.794835 -0.382682 -0.470948
vn 0.794845 0.382682 0.470932
vn 0.794845 0.382682 0.470932
vn 0.794845 0.382682 0.470932
vn 0.794845 0.382682 0.470932
vn -0.794837 0.382681 -0.470945
vn -0.794837 0.382681 -0.470945
vn -0.794837 0.382681 -0.470945
vn -0.794837 0.382681 -0.470945
vn 0.794844 -0.382684 0.470930
vn 0.794844 -0.382684 0.470930
vn 0.794844 -0.382684 0.470930
vn 0.794844 -0.382684 0.470930
vn -0.329233 0.923880 -0.195067
vn -0.329233 0.923880 -0.195067
vn -0.329233 0.923880 -0.195067
vn -0.329233 0.923880 -0.195067
vn 0.329235 -0.923879 0.195070
vn 0.329235 -0.923879 0.195070
vn 0.329235 -0.923879 0.195070
vn 0.329235 -0.923879 0.195070
vn 0.329235 0.923879 0.195071
vn 0.329235 0.923879 0.195071
vn 0.329235 0.923879 0.195071
vn 0.329235 0.923879 0.195071
vn -0.329236 -0.923879 -0.195067
vn -0.329236 -0.923879 -0.195067
vn -0.329236 -0.923879 -0.195067
vn -0.329236 -0.923879 -0.195067
vn 0.794835 0.382688 0.470944
vn 0.794835 0.382688 0.470944
vn 0.794835 0.382688 0.470944
vn 0.794835 0.382688 0.470944
vn -0.794844 -0.382685 -0.470930
vn -0.794844 -0.382685 -0.470930
vn -0.794844 -0.382685 -0.470930
vn -0.794844 -0.382685 -0.470930
vn 0.794835 -0.382685 0.470945
vn 0.794835 -0.382685 0.470945
vn 0.794835 -0.382685 0.470945
vn 0.794835 -0.382685 0.470945
vn -0.794844 0.382684 -0.470931
vn -0.794844 0.382684 -0.470931
vn -0.794844 0.382684 -0.470931
vn -0.794844 0.382684 -0.470931
vn 0.329236 -0.923881 0.195060
vn 0.329236 -0.923881 0.195060
vn 0.329236 -0.923881 0.195060
vn 0.329236 -0.923881 0.195060
vn -0.329237 0.923879 -0.195068
vn -0.329236 0.923879 -0.195068
vn -0.329236 0.923879 -0.195068
vn -0.329237 0.923879 -0.195068
vn -0.329233 -0.923880 -0.195067
vn -0.329233 -0.923880 -0.195067
vn -0.329233 -0.923880 -0.195067
vn -0.329233 -0.923880 -0.195067
vn 0.329236 0.923878 0.195073
vn 0.329236 0.923878 0.195072
vn 0.329236 0.923878 0.195072
vn 0.329236 0.923878 0.195073
vn -0.794844 -0.382688 -0.470928
vn -0.794844 -0.382688 -0.470928
vn -0.794844 -0.382688 -0.470928
vn -0.794844 -0.382688 -0.470928
vn 0.794831 0.382690 0.470948
vn 0.794831 0.382690 0.470948
vn 0.794831 0.382690 0.470948
vn 0.794831 0.382690 0.470948
vn -0.794845 0.382685 -0.470928
vn -0.794845 0.382685 -0.470928
vn -0.794845 0.382685 -0.470928
vn -0.794845 0.382685 -0.470928
vn 0.794831 -0.382689 0.470949
vn 0.794831 -0.382689 0.470949
vn 0.794831 -0.382689 0.470949
vn 0.794831 -0.382689 0.470949
vn -0.374497 0.038149 0.926443
vn 0.420929 -0.011654 0.907019
vn 0.420933 0.011654 0.907017
vn -0.374498 -0.038149 0.926443
vn -0.990991 -0.117426 0.064408
vn 0.874310 0.482739 0.050450
vn 0.918246 0.395814 0.012465
vn -0.962121 -0.272557 0.005910
vn -0.374502 -0.038150 -0.926441
vn 0.420929 0.011654 -0.907019
vn 0.420931 -0.011654 -0.907018
vn -0.374501 0.038149 -0.926441
vn -0.962122 0.272557 0.005910
vn 0.918246 -0.395814 0.012466
vn 0.874310 -0.482739 0.050451
vn -0.990991 0.117426 0.064408
vn 0.998255 -0.059037 0.001363
vn 0.998256 -0.059032 0.000000
vn 0.998256 0.059032 -0.000000
vn 0.998255 0.059037 0.001363
vn -0.998287 -0.058507 -0.000001
vn -0.998287 0.058507 -0.000002
vn -0.998286 0.058512 -0.001361
vn -0.998286 -0.058512 -0.001361
vn 0.917193 -0.398440 -0.001773
vn -0.961639 0.274279 -0.004560
vn 0.998253 0.059029 0.002473
vn 0.998253 -0.059029 0.002473
vn -0.961640 -0.274279 -0.004560
vn 0.917193 0.398440 -0.001773
vn -0.998284 0.058502 -0.002471
vn -0.998284 -0.058502 -0.002472
vn -0.991493 -0.105314 -0.076494
vn 0.869244 0.490813 -0.059316
vn 0.916760 0.399432 -0.002284
vn -0.961644 -0.274288 0.002703
vn 0.998255 0.059037 -0.001364
vn 0.998255 -0.059037 -0.001363
vn 0.998253 -0.059029 -0.002473
vn 0.998253 0.059029 -0.002473
vn 0.869244 -0.490813 -0.059316
vn -0.991493 0.105314 -0.076494
vn -0.961644 0.274289 0.002703
vn 0.916760 -0.399433 -0.002283
vn -0.998286 0.058512 0.001360
vn -0.998286 -0.058512 0.001360
vn -0.998284 -0.058502 0.002472
vn -0.998284 0.058502 0.002472
vn -0.999209 0.039740 -0.001161
vn 0.842218 -0.539130 0.002581
vn 0.917209 -0.398296 0.009415
vn -0.961208 0.275826 -0.000515
vn 0.998252 -0.059027 0.002814
vn 0.998252 0.059027 0.002814
vn 0.998252 0.059024 0.003164
vn 0.998252 -0.059024 0.003163
vn 0.842219 0.539130 0.002581
vn -0.999209 -0.039741 -0.001161
vn -0.961208 -0.275826 -0.000516
vn 0.917209 0.398296 0.009415
vn -0.998284 -0.058500 -0.002808
vn -0.998284 0.058500 -0.002808
vn -0.998283 0.058498 -0.003167
vn -0.998283 -0.058498 -0.003167
vn -0.994394 -0.102211 -0.027071
vn 0.868825 0.494593 -0.022807
vn 0.917410 0.397889 0.006591
vn -0.961373 -0.275139 0.007827
vn 0.998252 0.059027 -0.002814
vn 0.998252 -0.059027 -0.002814
vn 0.998252 -0.059024 -0.003163
vn 0.998252 0.059024 -0.003163
vn 0.868826 -0.494593 -0.022807
vn -0.994394 0.102211 -0.027072
vn -0.961373 0.275139 0.007827
vn 0.917410 -0.397889 0.006591
vn -0.998283 0.058500 0.002807
vn -0.998284 -0.058500 0.002807
vn -0.998283 -0.058498 0.003167
vn -0.998283 0.058498 0.003167
vn -0.997381 0.072034 -0.006451
vn 0.858866 -0.512196 0.002313
vn 0.918289 -0.395222 0.023348
vn -0.961338 0.275371 0.000413
vn 0.998244 -0.059025 0.004960
vn 0.998244 0.059025 0.004960
vn 0.998234 0.059014 0.006807
vn 0.998234 -0.059014 0.006807
vn 0.858866 0.512196 0.002314
vn -0.997381 -0.072034 -0.006450
vn -0.961338 -0.275371 0.000414
vn 0.918289 0.395221 0.023348
vn -0.998275 -0.058501 -0.004965
vn -0.998275 0.058501 -0.004966
vn -0.998265 0.058487 -0.006810
vn -0.998265 -0.058487 -0.006810
vn -0.991659 -0.125978 0.027247
vn 0.878391 0.477805 0.011440
vn 0.917040 0.398779 -0.003622
vn -0.962710 -0.270394 0.008711
vn 0.998244 0.059025 -0.004960
vn 0.998244 -0.059025 -0.004960
vn 0.998234 -0.059014 -0.006807
vn 0.998234 0.059014 -0.006807
vn 0.878392 -0.477805 0.011440
vn -0.991659 0.125978 0.027247
vn -0.962710 0.270394 0.008711
vn 0.917040 -0.398779 -0.003622
vn -0.998275 0.058501 0.004965
vn -0.998275 -0.058501 0.004965
vn -0.998265 -0.058487 0.006810
vn -0.998265 0.058487 0.006810
vn 0.973671 0.227960 0.000295
vn 0.974154 0.225877 0.002007
vn -0.973754 -0.227601 -0.000300
vn -0.974247 -0.225477 -0.002014
vn -0.974490 -0.224417 -0.002391
vn 0.974393 0.224840 0.002396
vn 0.974587 0.223994 -0.002494
vn 0.974255 0.225441 -0.002087
vn -0.974688 -0.223555 0.002490
vn -0.974349 -0.225032 0.002095
vn -0.974693 -0.223520 -0.003361
vn -0.974607 -0.223906 -0.002854
vn 0.974593 0.223960 0.003353
vn 0.974507 0.224338 0.002853
vn 0.974412 0.224752 -0.002961
vn 0.974392 0.224833 -0.003111
vn -0.974509 -0.224330 0.002964
vn -0.974490 -0.224411 0.003115
vn -0.974011 -0.226384 -0.007299
vn -0.973819 -0.227270 -0.005007
vn 0.676193 0.118206 0.727180
vn -0.600542 -0.231596 0.765319
vn 0.973922 0.226766 0.007296
vn 0.973734 0.227635 0.005009
vn 0.973953 0.226648 -0.006819
vn 0.974126 0.225956 -0.004809
vn -0.614594 -0.237337 -0.752293
vn 0.700333 0.121866 -0.703337
vn -0.974042 -0.226263 0.006814
vn -0.974218 -0.225558 0.004805
vn 0.973670 -0.227960 0.000296
vn 0.974154 -0.225877 0.002008
vn -0.973754 0.227601 -0.000301
vn -0.974247 0.225476 -0.002014
vn 0.974393 -0.224840 0.002396
vn -0.974490 0.224417 -0.002390
vn -0.974688 0.223555 0.002490
vn -0.974349 0.225032 0.002095
vn 0.974587 -0.223995 -0.002494
vn 0.974255 -0.225441 -0.002087
vn 0.974593 -0.223960 0.003352
vn 0.974507 -0.224338 0.002853
vn -0.974693 0.223520 -0.003361
vn -0.974607 0.223906 -0.002853
vn -0.974509 0.224330 0.002964
vn -0.974490 0.224412 0.003115
vn 0.974411 -0.224752 -0.002961
vn 0.974392 -0.224833 -0.003111
vn 0.973922 -0.226766 0.007296
vn 0.973734 -0.227635 0.005009
vn -0.600542 0.231596 0.765318
vn 0.676193 -0.118206 0.727180
vn -0.974011 0.226384 -0.007300
vn -0.973819 0.227270 -0.005008
vn -0.974042 0.226264 0.006814
vn -0.974218 0.225557 0.004805
vn 0.700338 -0.121868 -0.703331
vn -0.614592 0.237337 -0.752295
vn 0.973953 -0.226648 -0.006819
vn 0.974126 -0.225956 -0.004809
vn 0.436481 0.228482 0.870219
vn -0.351812 -0.058265 0.934256
vn -0.471570 -0.112556 -0.874616
vn 0.588894 0.281459 -0.757618
vn -0.351814 0.058265 0.934255
vn 0.436480 -0.228482 0.870219
vn 0.588902 -0.281462 -0.757610
vn -0.471569 0.112556 -0.874617
vn -0.998287 0.058507 0.000000
vn -0.998287 -0.058507 0.000000
vn -0.973952 0.226753 -0.000016
vn -0.962797 0.270227 0.000330
vn 0.917244 -0.398325 0.000686
vn 0.973865 -0.227129 0.000016
vn 0.998256 -0.059032 0.000000
vn 0.998256 0.059032 0.000000
vn 0.973865 0.227129 0.000017
vn 0.917244 0.398326 0.000688
vn -0.962797 -0.270227 0.000330
vn -0.973952 -0.226753 -0.000016
vn -0.998287 -0.058507 -0.000000
vn -0.998287 0.058507 -0.000000
vn -0.998287 0.058507 -0.000000
vn -0.998287 -0.058507 -0.000000
vn -0.973943 0.226791 0.000353
vn -0.974340 0.225083 0.000528
vn -0.961664 0.274147 -0.006717
vn -0.993524 0.097395 -0.058526
vn 0.866890 -0.496799 -0.041146
vn 0.918264 -0.395706 -0.014445
vn 0.974245 -0.225491 -0.000521
vn 0.973856 -0.227165 -0.000348
vn 0.998256 -0.059032 -0.000001
vn 0.998256 -0.059032 -0.000000
vn 0.998256 0.059032 -0.000000
vn 0.998256 0.059032 -0.000001
vn 0.973856 0.227165 -0.000348
vn 0.974245 0.225491 -0.000520
vn 0.918264 0.395706 -0.014444
vn 0.866890 0.496799 -0.041145
vn -0.961664 -0.274147 -0.006718
vn -0.993524 -0.097395 -0.058526
vn -0.974340 -0.225083 0.000528
vn -0.973944 -0.226791 0.000353
vn -0.998287 -0.058507 -0.000000
vn -0.998287 0.058507 0.000000
vn -0.974566 -0.224101 -0.000033
vn -0.961206 -0.275830 0.000605
vn 0.917523 0.397680 0.001323
vn 0.974467 0.224530 0.000032
vn 0.998256 0.059032 0.000000
vn 0.998256 -0.059032 0.000000
vn 0.974467 -0.224529 0.000033
vn 0.917523 -0.397680 0.001323
vn -0.961206 0.275829 0.000604
vn -0.974566 0.224101 -0.000033
vn -0.998284 0.058500 0.002469
vn -0.998284 -0.058500 0.002469
vn -0.998284 -0.058499 0.002456
vn -0.998285 0.058499 0.002457
vn -0.974488 0.224428 0.002150
vn -0.974319 0.225160 0.002540
vn -0.994729 0.093838 0.041326
vn -0.962525 0.271190 0.001660
vn 0.865602 -0.500090 0.025380
vn 0.916669 -0.399623 -0.004486
vn 0.974224 -0.225567 -0.002541
vn 0.974391 -0.224851 -0.002158
vn 0.998253 -0.059027 -0.002464
vn 0.998253 -0.059028 -0.002465
vn 0.998253 0.059028 -0.002465
vn 0.998253 0.059027 -0.002464
vn 0.974391 0.224851 -0.002157
vn 0.974224 0.225567 -0.002541
vn 0.865602 0.500090 0.025380
vn 0.916668 0.399623 -0.004486
vn -0.994729 -0.093838 0.041327
vn -0.962524 -0.271190 0.001661
vn -0.974319 -0.225160 0.002540
vn -0.974488 -0.224428 0.002151
vn -0.998283 0.058497 0.003170
vn -0.998283 -0.058497 0.003170
vn -0.998283 -0.058495 0.003165
vn -0.998283 0.058495 0.003165
vn -0.974246 0.225467 0.002975
vn -0.974233 0.225519 0.003422
vn -0.996848 0.072689 0.031786
vn -0.961795 0.273771 -0.000770
vn 0.857827 -0.513627 0.017892
vn 0.917541 -0.397457 -0.012087
vn 0.974140 -0.225918 -0.003416
vn 0.974154 -0.225866 -0.002978
vn 0.998252 -0.059019 -0.003169
vn 0.998252 -0.059022 -0.003175
vn 0.998252 0.059022 -0.003175
vn 0.998252 0.059019 -0.003169
vn 0.974154 0.225866 -0.002977
vn 0.974140 0.225918 -0.003416
vn 0.857827 0.513627 0.017891
vn 0.917541 0.397457 -0.012087
vn -0.996848 -0.072689 0.031786
vn -0.961795 -0.273770 -0.000771
vn -0.974233 -0.225519 0.003421
vn -0.974246 -0.225467 0.002975
vn -0.998265 0.058484 0.006803
vn -0.998265 -0.058484 0.006803
vn -0.998121 -0.060196 0.011474
vn -0.998121 0.060196 0.011472
vn -0.974131 0.225873 0.007149
vn -0.970972 0.238977 0.010141
vn -0.993105 0.115547 -0.019778
vn -0.965960 0.258692 -0.000038
vn 0.874570 -0.484290 -0.024300
vn 0.908070 -0.417925 -0.027332
vn 0.970932 -0.239139 -0.010155
vn 0.974040 -0.226265 -0.007145
vn 0.998084 -0.060797 -0.011491
vn 0.998234 -0.059011 -0.006813
vn 0.998234 0.059011 -0.006813
vn 0.998084 0.060797 -0.011491
vn 0.974040 0.226265 -0.007146
vn 0.970932 0.239139 -0.010156
vn 0.874570 0.484291 -0.024300
vn 0.908071 0.417924 -0.027333
vn -0.993105 -0.115547 -0.019778
vn -0.965960 -0.258691 -0.000033
vn -0.970972 -0.238977 0.010145
vn -0.974131 -0.225873 0.007150
vn -0.998284 -0.058500 -0.002469
vn -0.998284 0.058500 -0.002469
vn -0.998284 0.058499 -0.002457
vn -0.998284 -0.058499 -0.002457
vn -0.974539 -0.224201 -0.002695
vn -0.974627 -0.223822 -0.002454
vn -0.997885 -0.061024 0.022384
vn -0.961103 -0.276171 -0.003308
vn 0.851967 0.523225 0.019685
vn 0.917502 0.397731 0.000964
vn 0.974527 0.224257 0.002456
vn 0.974441 0.224628 0.002693
vn 0.998253 0.059027 0.002464
vn 0.998253 0.059028 0.002465
vn 0.998253 -0.059028 0.002465
vn 0.998253 -0.059027 0.002464
vn 0.974441 -0.224628 0.002693
vn 0.974527 -0.224257 0.002456
vn 0.851967 -0.523225 0.019685
vn 0.917502 -0.397731 0.000964
vn -0.997885 0.061024 0.022383
vn -0.961103 0.276171 -0.003309
vn -0.974627 0.223822 -0.002454
vn -0.974539 0.224201 -0.002696
vn -0.998283 -0.058497 -0.003170
vn -0.998283 0.058497 -0.003170
vn -0.998283 0.058495 -0.003165
vn -0.998283 -0.058495 -0.003165
vn -0.974534 -0.224224 -0.002766
vn -0.974064 -0.226256 -0.002788
vn -0.994741 -0.087128 -0.053835
vn -0.961361 -0.275067 -0.011104
vn 0.862650 0.504705 -0.033291
vn 0.918292 0.395670 -0.013638
vn 0.973975 0.226640 0.002793
vn 0.974436 0.224649 0.002772
vn 0.998252 0.059018 0.003169
vn 0.998252 0.059021 0.003175
vn 0.998252 -0.059021 0.003175
vn 0.998252 -0.059018 0.003169
vn 0.974436 -0.224649 0.002772
vn 0.973975 -0.226640 0.002793
vn 0.862650 -0.504705 -0.033291
vn 0.918291 -0.395670 -0.013638
vn -0.994741 0.087127 -0.053835
vn -0.961361 0.275067 -0.011105
vn -0.974064 0.226256 -0.002788
vn -0.974534 0.224224 -0.002766
vn -0.998265 -0.058483 -0.006803
vn -0.998265 0.058483 -0.006803
vn -0.998121 0.060197 -0.011472
vn -0.998121 -0.060197 -0.011472
vn -0.974314 -0.225084 -0.007058
vn -0.970995 -0.238919 -0.009314
vn -0.994673 -0.102474 0.011168
vn -0.964574 -0.263317 -0.016160
vn 0.869421 0.493737 0.018196
vn 0.909424 0.415813 -0.006910
vn 0.970954 0.239084 0.009337
vn 0.974219 0.225493 0.007056
vn 0.998084 0.060797 0.011491
vn 0.998234 0.059011 0.006812
vn 0.998234 -0.059011 0.006812
vn 0.998084 -0.060797 0.011491
vn 0.974219 -0.225493 0.007056
vn 0.970954 -0.239083 0.009336
vn 0.869421 -0.493737 0.018196
vn 0.909424 -0.415813 -0.006911
vn -0.994673 0.102474 0.011168
vn -0.964574 0.263318 -0.016159
vn -0.970995 0.238920 -0.009314
vn -0.974314 0.225084 -0.007058
vn -0.998287 -0.058507 0.000000
vn -0.998287 0.058507 0.000000
vn -0.973704 0.227818 0.000186
vn -0.994307 0.104564 -0.020493
vn 0.871900 -0.489477 -0.014263
vn 0.973621 -0.228172 -0.000182
vn 0.998256 -0.059032 0.000001
vn 0.998256 0.059032 0.000001
vn 0.973621 0.228173 -0.000183
vn 0.871900 0.489477 -0.014263
vn -0.994307 -0.104564 -0.020492
vn -0.973704 -0.227818 0.000186
vn -0.998287 -0.058507 0.000001
vn -0.998287 0.058507 0.000001
vn -0.974252 0.225462 -0.000654
vn -0.991958 0.105151 0.070446
vn 0.869712 -0.491080 0.049413
vn 0.974159 -0.225863 0.000645
vn 0.998256 -0.059032 0.000001
vn 0.998256 0.059032 0.000001
vn 0.974159 0.225863 0.000645
vn 0.869712 0.491080 0.049413
vn -0.991958 -0.105151 0.070447
vn -0.974252 -0.225462 -0.000654
vn 0.329235 -0.923880 0.195066
vn 0.329235 -0.923880 0.195066
vn 0.329235 -0.923880 0.195066
vn 0.329235 -0.923880 0.195066
vn -0.329235 -0.923880 -0.195066
vn -0.329235 -0.923880 -0.195066
vn -0.329235 -0.923880 -0.195066
vn -0.329235 -0.923880 -0.195066
vn -0.794847 -0.382681 -0.470928
vn -0.794847 -0.382681 -0.470928
vn -0.794847 -0.382681 -0.470928
vn -0.794847 -0.382681 -0.470928
vn -0.794847 0.382682 -0.470928
vn -0.794847 0.382682 -0.470928
vn -0.794847 0.382682 -0.470928
vn -0.794847 0.382682 -0.470928
vn -0.329234 0.923880 -0.195064
vn -0.329234 0.923880 -0.195064
vn -0.329234 0.923880 -0.195064
vn -0.329234 0.923880 -0.195064
vn 0.329235 0.923880 0.195065
vn 0.329235 0.923880 0.195065
vn 0.329235 0.923880 0.195065
vn 0.329235 0.923880 0.195065
vn 0.794846 0.382683 0.470929
vn 0.794846 0.382683 0.470929
vn 0.794846 0.382683 0.470929
vn 0.794846 0.382683 0.470929
vn 0.794845 -0.382684 0.470929
vn 0.794845 -0.382684 0.470929
vn 0.794845 -0.382684 0.470929
vn 0.794845 -0.382684 0.470929
vn -0.509732 0.000000 0.860333
vn -0.509732 0.000000 0.860333
vn -0.509732 -0.000000 0.860333
vn -0.509732 -0.000000 0.860333
vn -0.509732 -0.000000 0.860333
vn -0.509732 0.000000 0.860333
vn -0.509732 0.000000 0.860333
vn -0.509732 -0.000000 0.860333
vn -0.509732 -0.000000 0.860333
vn 0.509732 -0.000000 -0.860333
vn 0.509732 0.000000 -0.860333
vn 0.509732 -0.000000 -0.860333
vn 0.509732 0.000000 -0.860333
vn 0.509732 0.000000 -0.860333
vn 0.509732 0.000000 -0.860333
vn 0.509732 0.000000 -0.860333
vn 0.509732 0.000000 -0.860333
vn 0.509732 0.000000 -0.860333
vn -0.523082 0.038718 0.851402
vn -0.523082 0.038718 0.851402
vn -0.523082 0.038718 0.851402
vn -0.523082 0.038718 0.851402
vn 0.495486 0.038719 -0.867753
vn 0.495486 0.038719 -0.867753
vn 0.495486 0.038719 -0.867753
vn 0.495486 0.038719 -0.867753
vn -0.495486 0.038717 0.867753
vn -0.495486 0.038717 0.867753
vn -0.495486 0.038717 0.867753
vn -0.495486 0.038717 0.867753
vn 0.523082 0.038720 -0.851402
vn 0.523082 0.038720 -0.851402
vn 0.523082 0.038720 -0.851402
vn 0.523082 0.038720 -0.851402
vn -0.475972 0.016038 0.879314
vn -0.475972 0.016038 0.879314
vn -0.475972 0.016038 0.879314
vn -0.475972 0.016038 0.879314
vn 0.542597 0.016039 -0.839840
vn 0.542597 0.016039 -0.839840
vn 0.542597 0.016039 -0.839840
vn 0.542597 0.016039 -0.839840
vn -0.475972 -0.016037 0.879314
vn -0.475972 -0.016037 0.879314
vn -0.475972 -0.016037 0.879314
vn -0.475972 -0.016037 0.879314
vn 0.542596 -0.016038 -0.839841
vn 0.542596 -0.016038 -0.839841
vn 0.542596 -0.016038 -0.839841
vn 0.542596 -0.016038 -0.839841
vn -0.495487 -0.038719 0.867752
vn -0.495487 -0.038719 0.867752
vn -0.495487 -0.038719 0.867752
vn -0.495487 -0.038719 0.867752
vn 0.523083 -0.038720 -0.851402
vn 0.523083 -0.038720 -0.851402
vn 0.523083 -0.038720 -0.851402
vn 0.523083 -0.038720 -0.851402
vn -0.523083 -0.038719 0.851402
vn -0.523083 -0.038719 0.851402
vn -0.523083 -0.038719 0.851402
vn -0.523083 -0.038719 0.851402
vn 0.495487 -0.038718 -0.867752
vn 0.495487 -0.038718 -0.867752
vn 0.495487 -0.038718 -0.867752
vn 0.495487 -0.038718 -0.867752
vn -0.542595 -0.016038 0.839842
vn -0.542595 -0.016038 0.839842
vn -0.542595 -0.016038 0.839842
vn -0.542595 -0.016038 0.839842
vn 0.475972 -0.016038 -0.879314
vn 0.475972 -0.016038 -0.879314
vn 0.475972 -0.016038 -0.879314
vn 0.475972 -0.016038 -0.879314
vn -0.542596 0.016038 0.839841
vn -0.542596 0.016038 0.839841
vn -0.542596 0.016038 0.839841
vn -0.542596 0.016038 0.839841
vn 0.475972 0.016038 -0.879314
vn 0.475972 0.016038 -0.879314
vn 0.475972 0.016038 -0.879314
vn 0.475972 0.016038 -0.879314
vn -0.329236 0.923877 -0.195074
vn -0.329236 0.923877 -0.195074
vn -0.329236 0.923877 -0.195074
vn -0.329236 0.923877 -0.195074
vn 0.329239 -0.923878 0.195067
vn 0.329239 -0.923878 0.195067
vn 0.329239 -0.923878 0.195067
vn 0.329239 -0.923878 0.195067
vn 0.329232 0.923881 0.195066
vn 0.329232 0.923881 0.195066
vn 0.329232 0.923881 0.195066
vn 0.329232 0.923881 0.195066
vn -0.329238 -0.923878 -0.195071
vn -0.329238 -0.923878 -0.195071
vn -0.329238 -0.923878 -0.195071
vn -0.329238 -0.923878 -0.195071
vn 0.794844 0.382687 0.470928
vn 0.794844 0.382687 0.470928
vn 0.794844 0.382687 0.470928
vn 0.794844 0.382687 0.470928
vn -0.794832 -0.382687 -0.470949
vn -0.794832 -0.382687 -0.470949
vn -0.794832 -0.382687 -0.470949
vn -0.794832 -0.382687 -0.470949
vn 0.794844 -0.382688 0.470928
vn 0.794844 -0.382688 0.470928
vn 0.794844 -0.382688 0.470928
vn 0.794844 -0.382688 0.470928
vn -0.794832 0.382686 -0.470949
vn -0.794832 0.382686 -0.470949
vn -0.794832 0.382686 -0.470949
vn -0.794832 0.382686 -0.470949
vn 0.329230 -0.923882 0.195065
vn 0.329230 -0.923882 0.195065
vn 0.329230 -0.923882 0.195065
vn 0.329230 -0.923882 0.195065
vn -0.329235 0.923878 -0.195072
vn -0.329235 0.923878 -0.195072
vn -0.329235 0.923878 -0.195072
vn -0.329235 0.923878 -0.195072
vn -0.329234 -0.923881 -0.195061
vn -0.329234 -0.923881 -0.195061
vn -0.329234 -0.923881 -0.195061
vn -0.329234 -0.923881 -0.195061
vn 0.329238 0.923878 0.195067
vn 0.329238 0.923878 0.195067
vn 0.329238 0.923878 0.195067
vn 0.329238 0.923878 0.195067
vn -0.794834 -0.382684 -0.470948
vn -0.794834 -0.382684 -0.470948
vn -0.794834 -0.382684 -0.470947
vn -0.794834 -0.382684 -0.470948
vn 0.794847 0.382682 0.470927
vn 0.794847 0.382682 0.470927
vn 0.794847 0.382682 0.470927
vn 0.794847 0.382682 0.470927
vn -0.794836 0.382681 -0.470948
vn -0.794835 0.382681 -0.470948
vn -0.794836 0.382681 -0.470948
vn -0.794835 0.382681 -0.470948
vn 0.794849 -0.382679 0.470926
vn 0.794849 -0.382679 0.470926
vn 0.794849 -0.382679 0.470926
vn 0.794849 -0.382679 0.470926
vn -0.329231 0.923881 -0.195065
vn -0.329231 0.923881 -0.195065
vn -0.329231 0.923881 -0.195065
vn -0.329231 0.923881 -0.195065
vn 0.329232 -0.923880 0.195068
vn 0.329232 -0.923880 0.195068
vn 0.329232 -0.923880 0.195068
vn 0.329232 -0.923880 0.195068
vn 0.329234 0.923879 0.195071
vn 0.329234 0.923879 0.195071
vn 0.329234 0.923879 0.195071
vn 0.329234 0.923879 0.195071
vn -0.329237 -0.923879 -0.195066
vn -0.329237 -0.923879 -0.195066
vn -0.329237 -0.923879 -0.195066
vn -0.329237 -0.923879 -0.195066
vn 0.794835 0.382683 0.470947
vn 0.794835 0.382683 0.470947
vn 0.794835 0.382683 0.470947
vn 0.794835 0.382683 0.470947
vn -0.794848 -0.382683 -0.470926
vn -0.794848 -0.382683 -0.470926
vn -0.794848 -0.382683 -0.470926
vn -0.794848 -0.382683 -0.470926
vn 0.794835 -0.382681 0.470948
vn 0.794835 -0.382681 0.470948
vn 0.794835 -0.382681 0.470948
vn 0.794835 -0.382681 0.470948
vn -0.794847 0.382684 -0.470926
vn -0.794847 0.382684 -0.470926
vn -0.794847 0.382684 -0.470926
vn -0.794847 0.382684 -0.470926
vn 0.329234 -0.923881 0.195059
vn 0.329234 -0.923881 0.195059
vn 0.329234 -0.923881 0.195059
vn 0.329234 -0.923881 0.195059
vn -0.329240 0.923878 -0.195068
vn -0.329240 0.923878 -0.195068
vn -0.329240 0.923878 -0.195068
vn -0.329240 0.923878 -0.195068
vn -0.329232 -0.923881 -0.195066
vn -0.329232 -0.923881 -0.195066
vn -0.329232 -0.923881 -0.195066
vn -0.329232 -0.923881 -0.195066
vn 0.329234 0.923879 0.195071
vn 0.329234 0.923879 0.195071
vn 0.329234 0.923879 0.195071
vn 0.329234 0.923879 0.195071
vn -0.794846 -0.382688 -0.470925
vn -0.794846 -0.382688 -0.470925
vn -0.794846 -0.382688 -0.470925
vn -0.794846 -0.382688 -0.470925
vn 0.794836 0.382684 0.470945
vn 0.794836 0.382684 0.470945
vn 0.794836 0.382684 0.470945
vn 0.794836 0.382684 0.470945
vn -0.794846 0.382687 -0.470925
vn -0.794846 0.382687 -0.470925
vn -0.794846 0.382687 -0.470925
vn -0.794846 0.382687 -0.470925
vn 0.794834 -0.382688 0.470944
vn 0.794834 -0.382688 0.470944
vn 0.794834 -0.382688 0.470944
vn 0.794834 -0.382688 0.470944
vn 0.707096 -0.005417 -0.707096
vn 0.000000 -0.005417 -0.999985
vn 0.000000 0.005417 -0.999985
vn 0.707096 0.005417 -0.707096
vn -0.707096 -0.005417 -0.707096
vn -0.707096 0.005417 -0.707096
vn -0.999985 -0.005417 0.000000
vn -0.999985 0.005417 -0.000000
vn -0.707096 -0.005417 0.707096
vn -0.707096 0.005417 0.707096
vn -0.000000 -0.005417 0.999985
vn -0.000000 0.005417 0.999985
vn 0.707096 -0.005417 0.707096
vn 0.707096 0.005417 0.707096
vn 0.999985 -0.005417 0.000000
vn 0.999985 0.005417 0.000000
vn 0.000000 -1.000000 0.000000
vn 0.000000 1.000000 -0.000002
vn 0.190573 -0.979720 -0.061894
vn 0.162106 -0.979719 -0.117779
vn 0.269864 -0.942726 -0.196067
vn 0.317242 -0.942728 -0.103062
vn 0.117758 -0.979723 -0.162096
vn 0.196071 -0.942723 -0.269868
vn 0.061911 -0.979723 -0.190552
vn 0.103079 -0.942723 -0.317251
vn -0.000000 -0.979720 -0.200373
vn -0.000000 -0.942723 -0.333577
vn -0.061912 -0.979724 -0.190547
vn -0.103076 -0.942726 -0.317244
vn -0.117762 -0.979722 -0.162105
vn -0.196068 -0.942723 -0.269870
vn -0.162113 -0.979716 -0.117796
vn -0.269870 -0.942724 -0.196066
vn -0.190567 -0.979720 -0.061908
vn -0.317246 -0.942726 -0.103065
vn -0.200352 -0.979724 -0.000016
vn -0.333577 -0.942723 -0.000010
vn -0.190571 -0.979720 0.061894
vn -0.317243 -0.942728 0.103062
vn -0.162110 -0.979718 0.117781
vn -0.269863 -0.942726 0.196067
vn -0.117756 -0.979724 0.162094
vn -0.196064 -0.942728 0.269856
vn -0.061911 -0.979723 0.190550
vn -0.103074 -0.942728 0.317238
vn 0.000001 -0.979720 0.200372
vn 0.000000 -0.942720 0.333584
vn 0.061911 -0.979724 0.190546
vn 0.103075 -0.942726 0.317244
vn 0.117761 -0.979722 0.162105
vn 0.196070 -0.942723 0.269872
vn 0.162107 -0.979718 0.117791
vn 0.269871 -0.942723 0.196067
vn 0.190569 -0.979720 0.061909
vn 0.317240 -0.942729 0.103062
vn 0.200370 -0.979720 0.000017
vn 0.333575 -0.942724 0.000010
vn 0.380844 -0.882265 -0.276707
vn 0.447700 -0.882273 -0.145460
vn 0.276694 -0.882270 -0.380841
vn 0.145467 -0.882269 -0.447706
vn 0.000001 -0.882270 -0.470743
vn -0.145463 -0.882276 -0.447694
vn -0.276694 -0.882271 -0.380840
vn -0.380852 -0.882265 -0.276696
vn -0.447714 -0.882266 -0.145460
vn -0.470748 -0.882268 -0.000006
vn -0.447707 -0.882269 0.145463
vn -0.380842 -0.882267 0.276703
vn -0.276694 -0.882269 0.380843
vn -0.145466 -0.882271 0.447702
vn 0.000000 -0.882267 0.470749
vn 0.145468 -0.882268 0.447707
vn 0.276698 -0.882267 0.380846
vn 0.380850 -0.882265 0.276697
vn 0.447700 -0.882274 0.145453
vn 0.470727 -0.882279 0.000006
vn 0.485135 -0.800249 -0.352486
vn 0.570305 -0.800260 -0.185299
vn 0.352483 -0.800241 -0.485149
vn 0.185308 -0.800246 -0.570322
vn 0.000001 -0.800251 -0.599665
vn -0.185306 -0.800250 -0.570317
vn -0.352482 -0.800243 -0.485147
vn -0.485144 -0.800244 -0.352483
vn -0.570318 -0.800250 -0.185303
vn -0.599661 -0.800254 0.000000
vn -0.570318 -0.800249 0.185306
vn -0.485139 -0.800247 0.352483
vn -0.352482 -0.800240 0.485152
vn -0.185310 -0.800246 0.570321
vn 0.000000 -0.800251 0.599665
vn 0.185311 -0.800237 0.570334
vn 0.352485 -0.800237 0.485154
vn 0.485139 -0.800248 0.352480
vn 0.570318 -0.800251 0.185300
vn 0.599661 -0.800254 -0.000000
vn 0.578698 -0.698800 -0.420461
vn 0.680304 -0.698804 -0.221043
vn 0.420466 -0.698778 -0.578720
vn 0.221055 -0.698786 -0.680318
vn -0.000000 -0.698785 -0.715331
vn -0.221052 -0.698784 -0.680321
vn -0.420463 -0.698788 -0.578712
vn -0.578700 -0.698800 -0.420458
vn -0.680310 -0.698799 -0.221042
vn -0.715337 -0.698780 0.000002
vn -0.680320 -0.698786 0.221051
vn -0.578705 -0.698794 0.420461
vn -0.420458 -0.698790 0.578713
vn -0.221056 -0.698784 0.680320
vn 0.000001 -0.698776 0.715341
vn 0.221054 -0.698771 0.680334
vn 0.420461 -0.698788 0.578713
vn 0.578697 -0.698806 0.420452
vn 0.680315 -0.698792 0.221044
vn 0.715344 -0.698772 -0.000003
vn 0.658807 -0.580392 -0.478663
vn 0.774476 -0.580402 -0.251637
vn 0.478647 -0.580393 -0.658818
vn 0.251640 -0.580400 -0.774476
vn -0.000001 -0.580396 -0.814334
vn -0.251641 -0.580399 -0.774477
vn -0.478643 -0.580408 -0.658808
vn -0.658803 -0.580402 -0.478657
vn -0.774480 -0.580398 -0.251632
vn -0.814330 -0.580403 0.000003
vn -0.774477 -0.580400 0.251638
vn -0.658798 -0.580408 0.478656
vn -0.478640 -0.580408 0.658810
vn -0.251642 -0.580390 0.774483
vn 0.000001 -0.580387 0.814341
vn 0.251640 -0.580397 0.774478
vn 0.478640 -0.580415 0.658804
vn 0.658797 -0.580412 0.478652
vn 0.774473 -0.580409 0.251631
vn 0.814324 -0.580410 -0.000004
vn 0.723299 -0.447977 -0.525504
vn 0.850285 -0.447990 -0.276262
vn 0.525495 -0.447986 -0.723300
vn 0.276270 -0.447993 -0.850281
vn -0.000001 -0.447989 -0.894039
vn -0.276273 -0.447994 -0.850279
vn -0.525495 -0.448001 -0.723291
vn -0.723292 -0.448000 -0.525495
vn -0.850288 -0.447984 -0.276262
vn -0.894047 -0.447973 0.000001
vn -0.850287 -0.447986 0.276261
vn -0.723294 -0.447991 0.525499
vn -0.525497 -0.447981 0.723302
vn -0.276272 -0.447979 0.850287
vn 0.000000 -0.447987 0.894040
vn 0.276273 -0.447996 0.850278
vn 0.525495 -0.448000 0.723292
vn 0.723294 -0.447993 0.525497
vn 0.850290 -0.447980 0.276263
vn 0.894042 -0.447984 0.000002
vn 0.770525 -0.304794 -0.559814
vn 0.905809 -0.304786 -0.294303
vn 0.559812 -0.304794 -0.770527
vn 0.294312 -0.304790 -0.905806
vn -0.000000 -0.304794 -0.952418
vn -0.294313 -0.304791 -0.905805
vn -0.559815 -0.304787 -0.770527
vn -0.770532 -0.304785 -0.559810
vn -0.905808 -0.304790 -0.294304
vn -0.952415 -0.304803 -0.000000
vn -0.905804 -0.304803 0.294302
vn -0.770528 -0.304791 0.559811
vn -0.559817 -0.304775 0.770530
vn -0.294314 -0.304783 0.905807
vn 0.000000 -0.304795 0.952418
vn 0.294314 -0.304787 0.905806
vn 0.559815 -0.304788 0.770527
vn 0.770528 -0.304796 0.559810
vn 0.905807 -0.304794 0.294304
vn 0.952421 -0.304787 0.000009
vn 0.799337 -0.154247 -0.580748
vn 0.939674 -0.154249 -0.305320
vn 0.580752 -0.154241 -0.799335
vn 0.305318 -0.154242 -0.939676
vn 0.000000 -0.154254 -0.988031
vn -0.305317 -0.154241 -0.939676
vn -0.580749 -0.154247 -0.799336
vn -0.799342 -0.154248 -0.580741
vn -0.939676 -0.154249 -0.305312
vn -0.988028 -0.154272 0.000000
vn -0.939675 -0.154255 0.305315
vn -0.799338 -0.154245 0.580748
vn -0.580747 -0.154244 0.799338
vn -0.305322 -0.154249 0.939673
vn -0.000000 -0.154256 0.988031
vn 0.305319 -0.154242 0.939676
vn 0.580743 -0.154239 0.799342
vn 0.799336 -0.154250 0.580748
vn 0.939674 -0.154267 0.305311
vn 0.988030 -0.154264 0.000009
vn 0.809018 -0.000000 -0.587784
vn 0.951056 -0.000000 -0.309019
vn 0.587782 -0.000000 -0.809019
vn 0.309012 -0.000001 -0.951058
vn -0.000000 -0.000000 -1.000000
vn -0.309013 0.000000 -0.951058
vn -0.587784 0.000000 -0.809018
vn -0.809023 0.000000 -0.587777
vn -0.951055 -0.000000 -0.309022
vn -1.000000 0.000000 0.000001
vn -0.951055 0.000000 0.309022
vn -0.809019 -0.000000 0.587782
vn -0.587791 -0.000000 0.809013
vn -0.309017 -0.000002 0.951057
vn 0.000000 -0.000000 1.000000
vn 0.309016 0.000002 0.951057
vn 0.587790 0.000000 0.809013
vn 0.809020 0.000000 0.587782
vn 0.951055 -0.000000 0.309022
vn 1.000000 -0.000000 0.000009
vn 0.799336 0.154246 -0.580750
vn 0.939674 0.154248 -0.305319
vn 0.580751 0.154239 -0.799336
vn 0.305320 0.154242 -0.939675
vn -0.000000 0.154257 -0.988031
vn -0.305323 0.154244 -0.939674
vn -0.580755 0.154241 -0.799333
vn -0.799343 0.154240 -0.580742
vn -0.939675 0.154247 -0.305317
vn -0.988029 0.154271 0.000000
vn -0.939674 0.154254 0.305316
vn -0.799338 0.154244 0.580747
vn -0.580747 0.154243 0.799338
vn -0.305324 0.154245 0.939673
vn 0.000000 0.154256 0.988031
vn 0.305325 0.154245 0.939673
vn 0.580748 0.154245 0.799338
vn 0.799337 0.154254 0.580747
vn 0.939672 0.154265 0.305316
vn 0.988030 0.154263 0.000011
vn 0.770527 0.304795 -0.559811
vn 0.905810 0.304786 -0.294302
vn 0.559814 0.304796 -0.770524
vn 0.294314 0.304789 -0.905805
vn -0.000000 0.304796 -0.952418
vn -0.294316 0.304792 -0.905804
vn -0.559816 0.304785 -0.770527
vn -0.770534 0.304785 -0.559807
vn -0.905808 0.304790 -0.294304
vn -0.952415 0.304803 -0.000002
vn -0.905805 0.304802 0.294301
vn -0.770529 0.304791 0.559811
vn -0.559818 0.304776 0.770529
vn -0.294316 0.304783 0.905806
vn 0.000000 0.304798 0.952417
vn 0.294316 0.304791 0.905804
vn 0.559813 0.304796 0.770525
vn 0.770525 0.304801 0.559810
vn 0.905807 0.304794 0.294304
vn 0.952421 0.304787 0.000010
vn 0.723293 0.447989 -0.525503
vn 0.850282 0.447998 -0.276258
vn 0.525490 0.448000 -0.723295
vn 0.276269 0.448002 -0.850276
vn 0.000001 0.447997 -0.894035
vn -0.276271 0.448001 -0.850276
vn -0.525489 0.448011 -0.723289
vn -0.723280 0.448022 -0.525492
vn -0.850280 0.448000 -0.276261
vn -0.894043 0.447980 -0.000004
vn -0.850283 0.447995 0.276260
vn -0.723290 0.447998 0.525499
vn -0.525492 0.447993 0.723299
vn -0.276271 0.447994 0.850280
vn 0.000000 0.447992 0.894038
vn 0.276269 0.448007 0.850273
vn 0.525489 0.448014 0.723288
vn 0.723290 0.448000 0.525497
vn 0.850285 0.447987 0.276265
vn 0.894038 0.447991 0.000006
vn 0.658799 0.580402 -0.478662
vn 0.774475 0.580403 -0.251635
vn 0.478641 0.580408 -0.658809
vn 0.251638 0.580400 -0.774477
vn 0.000001 0.580389 -0.814339
vn -0.251637 0.580409 -0.774471
vn -0.478643 0.580412 -0.658804
vn -0.658796 0.580409 -0.478657
vn -0.774471 0.580410 -0.251632
vn -0.814329 0.580404 -0.000002
vn -0.774474 0.580405 0.251635
vn -0.658796 0.580407 0.478660
vn -0.478637 0.580414 0.658806
vn -0.251639 0.580401 0.774475
vn 0.000000 0.580379 0.814347
vn 0.251636 0.580404 0.774474
vn 0.478638 0.580423 0.658798
vn 0.658798 0.580409 0.478655
vn 0.774471 0.580409 0.251634
vn 0.814324 0.580411 0.000002
vn 0.578695 0.698802 -0.420462
vn 0.680310 0.698794 -0.221054
vn 0.420461 0.698785 -0.578716
vn 0.221056 0.698779 -0.680325
vn 0.000000 0.698780 -0.715337
vn -0.221050 0.698794 -0.680312
vn -0.420461 0.698788 -0.578712
vn -0.578704 0.698792 -0.420466
vn -0.680310 0.698796 -0.221049
vn -0.715338 0.698778 0.000000
vn -0.680312 0.698793 0.221054
vn -0.578702 0.698792 0.420468
vn -0.420461 0.698784 0.578717
vn -0.221055 0.698786 0.680318
vn -0.000000 0.698779 0.715338
vn 0.221055 0.698781 0.680323
vn 0.420462 0.698786 0.578714
vn 0.578703 0.698794 0.420463
vn 0.680318 0.698787 0.221053
vn 0.715349 0.698767 0.000000
vn 0.485142 0.800244 -0.352486
vn 0.570319 0.800246 -0.185319
vn 0.352484 0.800249 -0.485137
vn 0.185311 0.800250 -0.570316
vn 0.000000 0.800254 -0.599661
vn -0.185305 0.800259 -0.570305
vn -0.352482 0.800249 -0.485137
vn -0.485145 0.800241 -0.352489
vn -0.570320 0.800246 -0.185315
vn -0.599664 0.800252 0.000005
vn -0.570316 0.800247 0.185319
vn -0.485143 0.800243 0.352487
vn -0.352488 0.800242 0.485144
vn -0.185311 0.800253 0.570311
vn -0.000001 0.800259 0.599655
vn 0.185313 0.800245 0.570322
vn 0.352489 0.800238 0.485150
vn 0.485147 0.800241 0.352488
vn 0.570324 0.800242 0.185318
vn 0.599669 0.800248 -0.000004
vn 0.380856 0.882258 -0.276712
vn 0.447714 0.882263 -0.145479
vn 0.276701 0.882267 -0.380844
vn 0.145471 0.882263 -0.447716
vn -0.000000 0.882260 -0.470763
vn -0.145466 0.882270 -0.447705
vn -0.276700 0.882267 -0.380844
vn -0.380859 0.882257 -0.276711
vn -0.447723 0.882259 -0.145476
vn -0.470761 0.882261 0.000008
vn -0.447722 0.882258 0.145483
vn -0.380856 0.882258 0.276711
vn -0.276701 0.882266 0.380845
vn -0.145470 0.882267 0.447710
vn -0.000000 0.882257 0.470768
vn 0.145472 0.882261 0.447720
vn 0.276706 0.882262 0.380852
vn 0.380859 0.882258 0.276710
vn 0.447709 0.882267 0.145473
vn 0.470740 0.882272 -0.000007
vn 0.269854 0.942728 -0.196069
vn 0.317227 0.942732 -0.103071
vn 0.196068 0.942721 -0.269878
vn 0.103078 0.942726 -0.317242
vn -0.000000 0.942729 -0.333559
vn -0.103070 0.942733 -0.317225
vn -0.196058 0.942728 -0.269862
vn -0.269855 0.942729 -0.196064
vn -0.317228 0.942732 -0.103072
vn -0.333562 0.942728 0.000000
vn -0.317232 0.942730 0.103073
vn -0.269857 0.942727 0.196069
vn -0.196061 0.942725 0.269870
vn -0.103074 0.942730 0.317233
vn -0.000000 0.942727 0.333566
vn 0.103073 0.942730 0.317233
vn 0.196064 0.942725 0.269869
vn 0.269858 0.942727 0.196067
vn 0.317226 0.942732 0.103071
vn 0.333561 0.942729 -0.000000
vn 0.162106 0.979719 -0.117778
vn 0.190571 0.979720 -0.061891
vn 0.117765 0.979722 -0.162097
vn 0.061916 0.979723 -0.190548
vn -0.000001 0.979723 -0.200357
vn -0.061913 0.979724 -0.190547
vn -0.117763 0.979720 -0.162111
vn -0.162111 0.979717 -0.117791
vn -0.190567 0.979721 -0.061889
vn -0.200352 0.979724 -0.000000
vn -0.190567 0.979721 0.061890
vn -0.162108 0.979719 0.117779
vn -0.117759 0.979725 0.162087
vn -0.061912 0.979725 0.190539
vn 0.000001 0.979723 0.200357
vn 0.061912 0.979724 0.190546
vn 0.117764 0.979720 0.162112
vn 0.162109 0.979717 0.117790
vn 0.190573 0.979720 0.061891
vn 0.200370 0.979720 0.000000
vn 0.000000 -1.000000 0.000001
vn -0.000000 1.000000 -0.000001
vn 0.000000 0.736313 0.676641
vn 0.000000 0.736313 0.676641
vn 0.000000 0.872008 -0.489492
vn 0.000000 0.872008 -0.489492
vn 0.000000 0.993092 -0.117342
vn 0.000000 0.993092 -0.117342
vn 0.000000 0.993092 0.117342
vn 0.000000 0.993092 0.117342
vn 0.000000 0.872008 0.489492
vn 0.000000 0.872008 0.489492
vn 0.000000 0.736313 -0.676641
vn 0.000000 0.736313 -0.676641
vn 0.000000 -0.992712 -0.120508
vn 0.000000 -0.992712 -0.120508
vn 0.000000 -0.992712 0.120508
vn 0.000000 -0.992712 0.120508
vn 0.543317 -0.829600 0.128727
vn 0.543317 -0.829600 -0.128727
vn 0.624046 -0.442933 0.643721
vn 0.624045 -0.442933 -0.643721
vn -0.543317 -0.829600 -0.128727
vn -0.543317 -0.829600 0.128727
vn -0.624046 -0.442933 -0.643721
vn -0.624045 -0.442933 0.643721
vn 0.000000 -0.895326 0.445411
vn 0.000000 -0.895326 0.445411
vn 0.082940 -0.070507 -0.994057
vn 0.519007 -0.768295 0.374640
vn 0.000000 0.882471 -0.470367
vn 0.000000 0.882471 -0.470367
vn -0.519007 -0.768295 0.374640
vn -0.082940 -0.070506 -0.994057
vn 0.000000 0.882471 0.470367
vn 0.000000 0.882471 0.470367
vn 0.519007 -0.768295 -0.374640
vn 0.082940 -0.070506 0.994057
vn 0.000000 -0.895326 -0.445411
vn 0.000000 -0.895326 -0.445411
vn -0.082940 -0.070507 0.994057
vn -0.519007 -0.768295 -0.374640
vn 0.000000 -0.756596 0.653883
vn 0.000000 -0.756596 0.653883
vn 0.017304 0.021696 -0.999615
vn 0.485997 -0.708436 0.511787
vn 0.000000 0.748173 -0.663504
vn 0.000000 0.748173 -0.663504
vn -0.485997 -0.708436 0.511787
vn -0.017304 0.021696 -0.999615
vn 0.000000 0.748173 0.663504
vn 0.000000 0.748173 0.663504
vn 0.485997 -0.708436 -0.511787
vn 0.017304 0.021696 0.999615
vn 0.000000 -0.756596 -0.653883
vn 0.000000 -0.756596 -0.653883
vn -0.017304 0.021696 0.999615
vn -0.485997 -0.708436 -0.511787
vn 0.000000 -0.688499 0.725237
vn 0.000000 -0.688499 0.725237
vn 0.070616 -0.028268 -0.997103
vn 0.537591 -0.586806 0.605520
vn 0.000000 0.759491 -0.650518
vn 0.000000 0.759491 -0.650518
vn -0.537591 -0.586806 0.605520
vn -0.070616 -0.028268 -0.997103
vn 0.000000 0.759491 0.650518
vn 0.000000 0.759491 0.650518
vn 0.537591 -0.586806 -0.605520
vn 0.070617 -0.028269 0.997103
vn 0.000000 -0.688499 -0.725237
vn 0.000000 -0.688499 -0.725237
vn -0.070616 -0.028269 0.997103
vn -0.537591 -0.586806 -0.605520
vn 0.000000 -0.596192 0.802842
vn 0.000000 -0.596192 0.802842
vn 0.008164 -0.048758 -0.998777
vn 0.611862 -0.424600 0.667338
vn 0.000000 0.698342 -0.715764
vn 0.000000 0.698342 -0.715765
vn -0.611862 -0.424600 0.667338
vn -0.008165 -0.048758 -0.998777
vn 0.000000 0.698342 0.715764
vn 0.000000 0.698342 0.715765
vn 0.611863 -0.424600 -0.667337
vn 0.008166 -0.048757 0.998777
vn 0.000000 -0.596192 -0.802842
vn 0.000000 -0.596192 -0.802842
vn -0.008165 -0.048758 0.998777
vn -0.611862 -0.424600 -0.667337
vn 0.003967 -0.991832 -0.127487
vn 0.003967 -0.991832 0.127487
vn -0.003587 0.992241 -0.124275
vn -0.003587 0.992241 0.124275
vn -0.020946 0.872689 -0.487827
vn 0.022435 -0.886049 0.463048
vn 0.022435 -0.886049 -0.463048
vn -0.020946 0.872689 0.487827
vn -0.045604 0.731288 -0.680543
vn 0.051169 -0.739303 0.671426
vn 0.051169 -0.739303 -0.671426
vn -0.045604 0.731288 0.680543
vn -0.053123 0.749003 -0.660434
vn 0.071996 -0.671368 0.737619
vn 0.071996 -0.671368 -0.737619
vn -0.053123 0.749003 0.660434
vn -0.082289 0.659167 -0.747481
vn 0.075265 0.716433 0.693584
vn -0.044181 0.880924 -0.471191
vn 0.099171 -0.564388 0.819531
vn 0.099171 -0.564388 -0.819531
vn -0.044181 0.880924 0.471191
vn 0.075265 0.716433 -0.693584
vn -0.082289 0.659167 0.747481
vn -0.003967 -0.991832 0.127487
vn -0.003967 -0.991832 -0.127487
vn 0.003587 0.992241 0.124275
vn 0.003587 0.992241 -0.124275
vn -0.022435 -0.886049 0.463048
vn 0.020946 0.872689 -0.487827
vn 0.020946 0.872689 0.487827
vn -0.022435 -0.886049 -0.463048
vn -0.051169 -0.739303 0.671426
vn 0.045604 0.731288 -0.680543
vn 0.045604 0.731288 0.680543
vn -0.051169 -0.739303 -0.671426
vn -0.071996 -0.671368 0.737619
vn 0.053123 0.749003 -0.660434
vn 0.053123 0.749003 0.660434
vn -0.071996 -0.671368 -0.737619
vn -0.099171 -0.564388 0.819531
vn 0.044181 0.880924 -0.471191
vn -0.075265 0.716433 0.693584
vn 0.082289 0.659167 -0.747481
vn 0.082289 0.659167 0.747481
vn -0.075265 0.716433 -0.693584
vn 0.044181 0.880924 0.471191
vn -0.099171 -0.564388 -0.819531
vn 0.012908 -0.989654 -0.142891
vn 0.012908 -0.989654 0.142891
vn -0.011667 0.990187 -0.139264
vn -0.011667 0.990187 0.139264
vn -0.066047 0.845043 -0.530603
vn 0.071092 -0.860220 0.504943
vn 0.071092 -0.860220 -0.504943
vn -0.066047 0.845043 0.530603
vn -0.139035 0.684671 -0.715469
vn 0.156036 -0.691693 0.705134
vn 0.156036 -0.691693 -0.705134
vn -0.139035 0.684671 0.715469
vn -0.168591 0.681396 -0.712233
vn 0.211631 -0.616374 0.758483
vn 0.211631 -0.616374 -0.758483
vn -0.168591 0.681396 0.712233
vn -0.243933 0.619155 -0.746421
vn 0.245511 0.644466 0.724146
vn -0.164074 0.851441 -0.498124
vn 0.264887 -0.517188 0.813850
vn 0.264887 -0.517188 -0.813850
vn -0.164074 0.851441 0.498125
vn 0.245511 0.644466 -0.724146
vn -0.243933 0.619155 0.746421
vn -0.012908 -0.989654 0.142891
vn -0.012908 -0.989654 -0.142891
vn 0.011667 0.990187 0.139264
vn 0.011667 0.990187 -0.139264
vn -0.071092 -0.860220 0.504943
vn 0.066047 0.845043 -0.530603
vn 0.066047 0.845043 0.530603
vn -0.071092 -0.860220 -0.504943
vn -0.156036 -0.691693 0.705134
vn 0.139035 0.684671 -0.715469
vn 0.139035 0.684671 0.715469
vn -0.156036 -0.691693 -0.705134
vn -0.211631 -0.616374 0.758483
vn 0.168591 0.681396 -0.712233
vn 0.168591 0.681396 0.712233
vn -0.211631 -0.616374 -0.758483
vn -0.264887 -0.517188 0.813850
vn 0.164074 0.851441 -0.498124
vn -0.245511 0.644466 0.724146
vn 0.243933 0.619155 -0.746421
vn 0.243933 0.619155 0.746421
vn -0.245511 0.644466 -0.724146
vn 0.164074 0.851441 0.498125
vn -0.264887 -0.517188 -0.813850
vn 0.152441 -0.974216 -0.166327
vn 0.152441 -0.974216 0.166327
vn -0.092984 0.979567 -0.178335
vn -0.092984 0.979567 0.178335
vn -0.202561 0.757182 -0.621002
vn 0.262466 -0.790984 0.552680
vn 0.262466 -0.790985 -0.552680
vn -0.202561 0.757182 0.621003
vn -0.298479 0.574090 -0.762451
vn 0.362084 -0.596724 0.716111
vn 0.362084 -0.596724 -0.716111
vn -0.298479 0.574090 0.762451
vn -0.356767 0.469804 -0.807466
vn 0.418242 -0.494329 0.762045
vn 0.418242 -0.494329 -0.762045
vn -0.356767 0.469804 0.807466
vn -0.423057 0.408861 -0.808613
vn 0.464566 0.444376 0.765969
vn -0.301627 0.780713 -0.547274
vn 0.465056 -0.400291 0.789614
vn 0.465056 -0.400291 -0.789614
vn -0.301627 0.780712 0.547274
vn 0.464565 0.444377 -0.765969
vn -0.423057 0.408861 0.808613
vn -0.152441 -0.974216 0.166327
vn -0.152441 -0.974216 -0.166327
vn 0.092984 0.979567 0.178335
vn 0.092984 0.979567 -0.178335
vn -0.262466 -0.790985 0.552680
vn 0.202561 0.757182 -0.621003
vn 0.202561 0.757182 0.621002
vn -0.262466 -0.790984 -0.552680
vn -0.362084 -0.596724 0.716111
vn 0.298479 0.574090 -0.762451
vn 0.298479 0.574090 0.762451
vn -0.362084 -0.596724 -0.716111
vn -0.418242 -0.494329 0.762045
vn 0.356767 0.469804 -0.807466
vn 0.356767 0.469804 0.807466
vn -0.418242 -0.494329 -0.762045
vn -0.465056 -0.400291 0.789614
vn 0.301627 0.780713 -0.547274
vn -0.464565 0.444376 0.765969
vn 0.423057 0.408861 -0.808613
vn 0.423057 0.408861 0.808613
vn -0.464565 0.444377 -0.765969
vn 0.301627 0.780713 0.547274
vn -0.465056 -0.400291 -0.789614
vn 0.507733 -0.834274 -0.214929
vn 0.507733 -0.834274 0.214929
vn -0.269532 0.920607 -0.282553
vn -0.269532 0.920607 0.282553
vn -0.341741 0.622971 -0.703648
vn 0.508971 -0.652644 0.561252
vn 0.508971 -0.652644 -0.561252
vn -0.341741 0.622970 0.703648
vn -0.369485 0.499102 -0.783823
vn 0.481476 -0.530840 0.697417
vn 0.481476 -0.530840 -0.697417
vn -0.369485 0.499102 0.783823
vn -0.402713 0.366117 -0.838916
vn 0.471902 -0.459230 0.752606
vn 0.471902 -0.459230 -0.752606
vn -0.402713 0.366117 0.838916
vn -0.419345 0.346917 -0.838927
vn 0.430156 0.566821 0.702623
vn -0.326952 0.694298 -0.641134
vn 0.488406 -0.353834 0.797660
vn 0.488406 -0.353833 -0.797660
vn -0.326952 0.694298 0.641134
vn 0.430156 0.566822 -0.702623
vn -0.419345 0.346917 0.838927
vn -0.507733 -0.834274 0.214929
vn -0.507733 -0.834274 -0.214929
vn 0.269532 0.920607 0.282553
vn 0.269532 0.920607 -0.282553
vn -0.508971 -0.652644 0.561252
vn 0.341741 0.622970 -0.703648
vn 0.341741 0.622971 0.703648
vn -0.508971 -0.652644 -0.561252
vn -0.481476 -0.530840 0.697417
vn 0.369485 0.499102 -0.783823
vn 0.369485 0.499102 0.783822
vn -0.481476 -0.530840 -0.697417
vn -0.471902 -0.459230 0.752606
vn 0.402713 0.366117 -0.838916
vn 0.402713 0.366117 0.838916
vn -0.471902 -0.459230 -0.752606
vn -0.488406 -0.353833 0.797660
vn 0.326952 0.694298 -0.641134
vn -0.430156 0.566821 0.702623
vn 0.419345 0.346917 -0.838927
vn 0.419345 0.346917 0.838927
vn -0.430156 0.566823 -0.702622
vn 0.326952 0.694298 0.641134
vn -0.488406 -0.353833 -0.797660
vn 0.027539 0.356682 -0.933820
vn 0.745645 0.107961 0.657539
vn -0.745645 0.107961 0.657539
vn -0.027540 0.356683 -0.933820
vn 0.745645 0.107961 -0.657539
vn 0.027541 0.356684 0.933819
vn -0.027540 0.356684 0.933819
vn -0.745645 0.107962 -0.657539
vn 0.375914 -0.923880 -0.071661
vn 0.375914 -0.923880 -0.071661
vn 0.375914 -0.923880 -0.071661
vn 0.375914 -0.923880 -0.071661
vn -0.375915 -0.923879 0.071662
vn -0.375915 -0.923879 0.071662
vn -0.375915 -0.923879 0.071662
vn -0.375915 -0.923879 0.071662
vn -0.907536 -0.382684 0.173007
vn -0.907536 -0.382684 0.173007
vn -0.907536 -0.382684 0.173007
vn -0.907536 -0.382684 0.173007
vn -0.907536 0.382684 0.173007
vn -0.907536 0.382684 0.173007
vn -0.907536 0.382684 0.173007
vn -0.907536 0.382684 0.173007
vn -0.375915 0.923879 0.071661
vn -0.375915 0.923879 0.071661
vn -0.375915 0.923879 0.071661
vn -0.375915 0.923879 0.071661
vn 0.375914 0.923880 -0.071662
vn 0.375914 0.923880 -0.071662
vn 0.375914 0.923880 -0.071662
vn 0.375914 0.923880 -0.071662
vn 0.907535 0.382686 -0.173008
vn 0.907535 0.382686 -0.173008
vn 0.907535 0.382686 -0.173008
vn 0.907535 0.382686 -0.173008
vn 0.907535 -0.382685 -0.173008
vn 0.907535 -0.382685 -0.173008
vn 0.907535 -0.382685 -0.173008
vn 0.907535 -0.382685 -0.173008
vn 0.187262 0.000000 0.982310
vn 0.187262 0.000000 0.982310
vn 0.187262 -0.000000 0.982310
vn 0.187262 0.000000 0.982310
vn 0.187262 -0.000000 0.982310
vn 0.187262 -0.000000 0.982310
vn 0.187262 0.000000 0.982310
vn 0.187262 0.000000 0.982310
vn 0.187262 0.000000 0.982310
vn -0.187261 -0.000000 -0.982310
vn -0.187261 0.000000 -0.982310
vn -0.187262 -0.000000 -0.982310
vn -0.187262 0.000000 -0.982310
vn -0.187262 -0.000000 -0.982310
vn -0.187262 -0.000000 -0.982310
vn -0.187261 0.000000 -0.982310
vn -0.187261 0.000000 -0.982310
vn -0.187262 -0.000000 -0.982310
vn 0.171342 0.038719 0.984451
vn 0.171342 0.038719 0.984451
vn 0.171342 0.038719 0.984451
vn 0.171342 0.038719 0.984451
vn -0.202850 0.038719 -0.978444
vn -0.202850 0.038719 -0.978444
vn -0.202850 0.038719 -0.978444
vn -0.202850 0.038719 -0.978444
vn 0.202849 0.038719 0.978444
vn 0.202849 0.038719 0.978444
vn 0.202849 0.038719 0.978444
vn 0.202849 0.038719 0.978444
vn -0.171342 0.038718 -0.984451
vn -0.171342 0.038718 -0.984451
vn -0.171342 0.038718 -0.984451
vn -0.171342 0.038718 -0.984451
vn 0.225130 0.016038 0.974197
vn 0.225130 0.016038 0.974197
vn 0.225130 0.016038 0.974197
vn 0.225130 0.016038 0.974197
vn -0.149064 0.016037 -0.988698
vn -0.149064 0.016037 -0.988698
vn -0.149064 0.016037 -0.988698
vn -0.149064 0.016037 -0.988698
vn 0.225131 -0.016038 0.974197
vn 0.225131 -0.016038 0.974196
vn 0.225131 -0.016038 0.974196
vn 0.225131 -0.016038 0.974197
vn -0.149065 -0.016037 -0.988697
vn -0.149065 -0.016037 -0.988697
vn -0.149065 -0.016037 -0.988697
vn -0.149065 -0.016037 -0.988697
vn 0.202850 -0.038719 0.978444
vn 0.202850 -0.038719 0.978444
vn 0.202850 -0.038719 0.978444
vn 0.202850 -0.038719 0.978444
vn -0.171343 -0.038718 -0.984450
vn -0.171343 -0.038718 -0.984450
vn -0.171343 -0.038718 -0.984450
vn -0.171343 -0.038718 -0.984450
vn 0.171343 -0.038719 0.984450
vn 0.171343 -0.038719 0.984450
vn 0.171343 -0.038719 0.984450
vn 0.171343 -0.038719 0.984450
vn -0.202850 -0.038719 -0.978444
vn -0.202850 -0.038719 -0.978444
vn -0.202850 -0.038719 -0.978444
vn -0.202850 -0.038719 -0.978444
vn 0.149064 -0.016037 0.988698
vn 0.149064 -0.016037 0.988698
vn 0.149064 -0.016037 0.988698
vn 0.149064 -0.016037 0.988698
vn -0.225131 -0.016037 -0.974197
vn -0.225131 -0.016037 -0.974197
vn -0.225131 -0.016037 -0.974197
vn -0.225131 -0.016037 -0.974197
vn 0.149064 0.016037 0.988698
vn 0.149064 0.016037 0.988698
vn 0.149064 0.016037 0.988698
vn 0.149064 0.016037 0.988698
vn -0.225132 0.016037 -0.974196
vn -0.225132 0.016037 -0.974196
vn -0.225132 0.016037 -0.974196
vn -0.225132 0.016037 -0.974196
vn -0.375915 0.923880 0.071658
vn -0.375914 0.923880 0.071658
vn -0.375915 0.923880 0.071658
vn -0.375914 0.923880 0.071658
vn 0.375916 -0.923879 -0.071658
vn 0.375916 -0.923879 -0.071658
vn 0.375916 -0.923879 -0.071658
vn 0.375916 -0.923879 -0.071658
vn 0.375915 0.923880 -0.071656
vn 0.375915 0.923880 -0.071656
vn 0.375915 0.923880 -0.071656
vn 0.375915 0.923880 -0.071656
vn -0.375906 -0.923882 0.071664
vn -0.375906 -0.923882 0.071664
vn -0.375906 -0.923882 0.071664
vn -0.375906 -0.923882 0.071664
vn 0.907535 0.382686 -0.173006
vn 0.907535 0.382686 -0.173006
vn 0.907535 0.382686 -0.173006
vn 0.907535 0.382686 -0.173006
vn -0.907538 -0.382680 0.173007
vn -0.907538 -0.382680 0.173007
vn -0.907538 -0.382680 0.173007
vn -0.907538 -0.382680 0.173007
vn 0.907535 -0.382686 -0.173009
vn 0.907535 -0.382686 -0.173009
vn 0.907535 -0.382686 -0.173009
vn 0.907535 -0.382686 -0.173009
vn -0.907538 0.382680 0.173007
vn -0.907538 0.382680 0.173007
vn -0.907538 0.382680 0.173007
vn -0.907538 0.382680 0.173007
vn 0.375915 -0.923879 -0.071659
vn 0.375915 -0.923879 -0.071659
vn 0.375915 -0.923879 -0.071659
vn 0.375915 -0.923879 -0.071659
vn -0.375906 0.923882 0.071670
vn -0.375906 0.923882 0.071670
vn -0.375906 0.923882 0.071670
vn -0.375906 0.923882 0.071670
vn -0.375915 -0.923879 0.071669
vn -0.375915 -0.923879 0.071669
vn -0.375915 -0.923879 0.071669
vn -0.375915 -0.923879 0.071669
vn 0.375915 0.923878 -0.071671
vn 0.375915 0.923878 -0.071671
vn 0.375915 0.923878 -0.071671
vn 0.375915 0.923878 -0.071671
vn -0.907539 -0.382680 0.173002
vn -0.907539 -0.382680 0.173002
vn -0.907539 -0.382680 0.173002
vn -0.907539 -0.382680 0.173002
vn 0.907539 0.382677 -0.173005
vn 0.907539 0.382677 -0.173005
vn 0.907539 0.382677 -0.173005
vn 0.907539 0.382677 -0.173005
vn -0.907538 0.382680 0.173005
vn -0.907538 0.382680 0.173005
vn -0.907538 0.382680 0.173005
vn -0.907538 0.382680 0.173005
vn 0.907540 -0.382677 -0.173003
vn 0.907540 -0.382677 -0.173003
vn 0.907540 -0.382677 -0.173003
vn 0.907540 -0.382677 -0.173003
vn -0.375915 0.923880 0.071656
vn -0.375915 0.923880 0.071656
vn -0.375915 0.923880 0.071656
vn -0.375915 0.923880 0.071656
vn 0.375911 -0.923881 -0.071664
vn 0.375911 -0.923881 -0.071664
vn 0.375911 -0.923881 -0.071664
vn 0.375911 -0.923881 -0.071664
vn 0.375910 0.923882 -0.071659
vn 0.375910 0.923882 -0.071659
vn 0.375910 0.923882 -0.071659
vn 0.375910 0.923882 -0.071659
vn -0.375912 -0.923881 0.071659
vn -0.375912 -0.923881 0.071659
vn -0.375912 -0.923881 0.071659
vn -0.375912 -0.923881 0.071659
vn 0.907538 0.382679 -0.173008
vn 0.907538 0.382679 -0.173008
vn 0.907538 0.382679 -0.173008
vn 0.907538 0.382679 -0.173008
vn -0.907538 -0.382681 0.173005
vn -0.907538 -0.382681 0.173005
vn -0.907538 -0.382681 0.173005
vn -0.907538 -0.382681 0.173005
vn 0.907538 -0.382679 -0.173005
vn 0.907538 -0.382679 -0.173005
vn 0.907538 -0.382679 -0.173005
vn 0.907538 -0.382679 -0.173005
vn -0.907538 0.382681 0.173007
vn -0.907538 0.382681 0.173007
vn -0.907537 0.382681 0.173007
vn -0.907538 0.382681 0.173007
vn 0.375909 -0.923881 -0.071669
vn 0.375909 -0.923881 -0.071669
vn 0.375909 -0.923881 -0.071669
vn 0.375909 -0.923881 -0.071669
vn -0.375912 0.923880 0.071672
vn -0.375912 0.923880 0.071672
vn -0.375912 0.923880 0.071672
vn -0.375912 0.923880 0.071672
vn -0.375915 -0.923879 0.071659
vn -0.375915 -0.923879 0.071659
vn -0.375915 -0.923879 0.071659
vn -0.375915 -0.923879 0.071659
vn 0.375911 0.923880 -0.071670
vn 0.375911 0.923880 -0.071670
vn 0.375911 0.923880 -0.071670
vn 0.375911 0.923880 -0.071670
vn -0.907533 -0.382689 0.173011
vn -0.907533 -0.382689 0.173011
vn -0.907533 -0.382689 0.173011
vn -0.907533 -0.382689 0.173011
vn 0.907539 0.382677 -0.173005
vn 0.907539 0.382677 -0.173005
vn 0.907539 0.382677 -0.173005
vn 0.907539 0.382677 -0.173005
vn -0.907533 0.382690 0.173009
vn -0.907533 0.382690 0.173009
vn -0.907533 0.382690 0.173009
vn -0.907533 0.382690 0.173009
vn 0.907539 -0.382677 -0.173005
vn 0.907539 -0.382677 -0.173005
vn 0.907539 -0.382677 -0.173005
vn 0.907539 -0.382677 -0.173005
vn 0.375913 -0.923880 0.071661
vn 0.375913 -0.923880 0.071661
vn 0.375913 -0.923880 0.071661
vn 0.375913 -0.923880 0.071661
vn -0.375914 -0.923879 -0.071662
vn -0.375914 -0.923879 -0.071662
vn -0.375914 -0.923879 -0.071662
vn -0.375914 -0.923879 -0.071662
vn -0.907537 -0.382683 -0.173006
vn -0.907537 -0.382683 -0.173006
vn -0.907537 -0.382683 -0.173006
vn -0.907536 -0.382683 -0.173006
vn -0.907537 0.382683 -0.173006
vn -0.907537 0.382683 -0.173006
vn -0.907537 0.382683 -0.173006
vn -0.907537 0.382683 -0.173006
vn -0.375914 0.923879 -0.071661
vn -0.375914 0.923879 -0.071661
vn -0.375914 0.923879 -0.071661
vn -0.375914 0.923879 -0.071661
vn 0.375913 0.923880 0.071662
vn 0.375913 0.923880 0.071662
vn 0.375913 0.923880 0.071662
vn 0.375913 0.923880 0.071662
vn 0.907537 0.382683 0.173006
vn 0.907537 0.382683 0.173006
vn 0.907537 0.382683 0.173006
vn 0.907537 0.382683 0.173006
vn 0.907537 -0.382683 0.173006
vn 0.907537 -0.382683 0.173006
vn 0.907537 -0.382683 0.173006
vn 0.907537 -0.382683 0.173006
vn -0.187261 0.000000 0.982310
vn -0.187261 0.000000 0.982310
vn -0.187261 0.000000 0.982310
vn -0.187261 0.000000 0.982310
vn -0.187261 0.000000 0.982310
vn -0.187261 0.000000 0.982310
vn -0.187261 0.000000 0.982310
vn -0.187261 0.000000 0.982310
vn -0.187261 0.000000 0.982310
vn 0.187261 0.000000 -0.982310
vn 0.187261 0.000000 -0.982310
vn 0.187261 0.000000 -0.982310
vn 0.187261 0.000000 -0.982310
vn 0.187261 0.000000 -0.982310
vn 0.187261 0.000000 -0.982310
vn 0.187261 0.000000 -0.982310
vn 0.187261 -0.000000 -0.982310
vn 0.187261 0.000000 -0.982310
vn -0.202851 0.038719 0.978444
vn -0.202851 0.038719 0.978444
vn -0.202851 0.038719 0.978444
vn -0.202851 0.038719 0.978444
vn 0.171342 0.038718 -0.984451
vn 0.171342 0.038718 -0.984451
vn 0.171342 0.038718 -0.984451
vn 0.171342 0.038718 -0.984451
vn -0.171344 0.038719 0.984450
vn -0.171344 0.038719 0.984450
vn -0.171344 0.038719 0.984450
vn -0.171344 0.038719 0.984450
vn 0.202851 0.038719 -0.978444
vn 0.202851 0.038719 -0.978444
vn 0.202851 0.038719 -0.978444
vn 0.202851 0.038719 -0.978444
vn -0.149066 0.016037 0.988697
vn -0.149066 0.016037 0.988697
vn -0.149066 0.016037 0.988697
vn -0.149066 0.016037 0.988697
vn 0.225131 0.016038 -0.974197
vn 0.225131 0.016038 -0.974197
vn 0.225131 0.016038 -0.974196
vn 0.225131 0.016038 -0.974196
vn -0.149067 -0.016037 0.988697
vn -0.149067 -0.016037 0.988697
vn -0.149067 -0.016037 0.988697
vn -0.149067 -0.016037 0.988697
vn 0.225130 -0.016038 -0.974197
vn 0.225130 -0.016038 -0.974197
vn 0.225130 -0.016038 -0.974197
vn 0.225130 -0.016038 -0.974197
vn -0.171343 -0.038719 0.984450
vn -0.171343 -0.038719 0.984450
vn -0.171343 -0.038719 0.984450
vn -0.171343 -0.038718 0.984450
vn 0.202851 -0.038719 -0.978444
vn 0.202851 -0.038719 -0.978444
vn 0.202851 -0.038719 -0.978444
vn 0.202851 -0.038719 -0.978444
vn -0.202852 -0.038719 0.978444
vn -0.202852 -0.038719 0.978444
vn -0.202852 -0.038719 0.978444
vn -0.202852 -0.038719 0.978444
vn 0.171342 -0.038718 -0.984451
vn 0.171342 -0.038718 -0.984451
vn 0.171342 -0.038718 -0.984451
vn 0.171342 -0.038718 -0.984451
vn -0.225128 -0.016038 0.974197
vn -0.225128 -0.016038 0.974197
vn -0.225128 -0.016038 0.974197
vn -0.225128 -0.016038 0.974197
vn 0.149067 -0.016037 -0.988697
vn 0.149067 -0.016037 -0.988697
vn 0.149067 -0.016037 -0.988697
vn 0.149067 -0.016037 -0.988697
vn -0.225128 0.016038 0.974197
vn -0.225128 0.016038 0.974197
vn -0.225128 0.016038 0.974197
vn -0.225128 0.016038 0.974197
vn 0.149067 0.016037 -0.988697
vn 0.149067 0.016037 -0.988697
vn 0.149067 0.016037 -0.988697
vn 0.149067 0.016037 -0.988697
vn -0.375915 0.923879 -0.071659
vn -0.375915 0.923879 -0.071659
vn -0.375915 0.923879 -0.071659
vn -0.375915 0.923879 -0.071659
vn 0.375917 -0.923878 0.071664
vn 0.375917 -0.923878 0.071664
vn 0.375917 -0.923878 0.071664
vn 0.375918 -0.923878 0.071664
vn 0.375915 0.923880 0.071656
vn 0.375915 0.923880 0.071656
vn 0.375915 0.923880 0.071656
vn 0.375915 0.923880 0.071656
vn -0.375911 -0.923881 -0.071660
vn -0.375911 -0.923881 -0.071660
vn -0.375911 -0.923881 -0.071660
vn -0.375911 -0.923881 -0.071660
vn 0.907533 0.382688 0.173015
vn 0.907533 0.382688 0.173015
vn 0.907533 0.382688 0.173015
vn 0.907533 0.382688 0.173015
vn -0.907534 -0.382689 -0.173008
vn -0.907534 -0.382689 -0.173008
vn -0.907534 -0.382689 -0.173008
vn -0.907534 -0.382689 -0.173008
vn 0.907533 -0.382688 0.173014
vn 0.907533 -0.382688 0.173014
vn 0.907533 -0.382688 0.173014
vn 0.907533 -0.382688 0.173014
vn -0.907534 0.382688 -0.173009
vn -0.907534 0.382688 -0.173009
vn -0.907534 0.382688 -0.173009
vn -0.907534 0.382688 -0.173009
vn 0.375914 -0.923879 0.071671
vn 0.375914 -0.923879 0.071671
vn 0.375914 -0.923879 0.071671
vn 0.375914 -0.923879 0.071671
vn -0.375911 0.923880 -0.071670
vn -0.375911 0.923880 -0.071670
vn -0.375911 0.923880 -0.071670
vn -0.375911 0.923880 -0.071670
vn -0.375915 -0.923880 -0.071656
vn -0.375915 -0.923880 -0.071656
vn -0.375915 -0.923880 -0.071656
vn -0.375915 -0.923880 -0.071656
vn 0.375918 0.923877 0.071670
vn 0.375918 0.923877 0.071670
vn 0.375918 0.923877 0.071670
vn 0.375918 0.923877 0.071670
vn -0.907537 -0.382681 -0.173010
vn -0.907537 -0.382681 -0.173010
vn -0.907537 -0.382681 -0.173010
vn -0.907537 -0.382681 -0.173010
vn 0.907534 0.382686 0.173011
vn 0.907534 0.382686 0.173011
vn 0.907534 0.382686 0.173011
vn 0.907534 0.382686 0.173011
vn -0.907537 0.382681 -0.173007
vn -0.907537 0.382681 -0.173007
vn -0.907537 0.382681 -0.173007
vn -0.907537 0.382681 -0.173007
vn 0.907534 -0.382686 0.173013
vn 0.907534 -0.382686 0.173013
vn 0.907534 -0.382686 0.173013
vn 0.907534 -0.382686 0.173013
vn -0.375914 0.923880 -0.071656
vn -0.375914 0.923880 -0.071656
vn -0.375914 0.923880 -0.071656
vn -0.375914 0.923880 -0.071656
vn 0.375917 -0.923879 0.071660
vn 0.375917 -0.923879 0.071660
vn 0.375917 -0.923879 0.071660
vn 0.375917 -0.923879 0.071660
vn 0.375915 0.923879 0.071659
vn 0.375915 0.923879 0.071659
vn 0.375915 0.923879 0.071659
vn 0.375915 0.923879 0.071659
vn -0.375913 -0.923880 -0.071664
vn -0.375913 -0.923880 -0.071664
vn -0.375913 -0.923880 -0.071664
vn -0.375913 -0.923880 -0.071664
vn 0.907536 0.382683 0.173007
vn 0.907536 0.382683 0.173007
vn 0.907537 0.382683 0.173007
vn 0.907536 0.382683 0.173007
vn -0.907534 -0.382686 -0.173010
vn -0.907534 -0.382686 -0.173010
vn -0.907534 -0.382686 -0.173010
vn -0.907534 -0.382686 -0.173010
vn 0.907536 -0.382683 0.173010
vn 0.907536 -0.382683 0.173010
vn 0.907536 -0.382683 0.173010
vn 0.907536 -0.382683 0.173010
vn -0.907534 0.382687 -0.173011
vn -0.907534 0.382687 -0.173011
vn -0.907534 0.382687 -0.173011
vn -0.907534 0.382687 -0.173011
vn 0.375915 -0.923880 0.071656
vn 0.375915 -0.923880 0.071656
vn 0.375915 -0.923880 0.071656
vn 0.375915 -0.923880 0.071656
vn -0.375913 0.923879 -0.071670
vn -0.375913 0.923879 -0.071670
vn -0.375913 0.923879 -0.071670
vn -0.375913 0.923879 -0.071670
vn -0.375915 -0.923878 -0.071671
vn -0.375915 -0.923879 -0.071671
vn -0.375915 -0.923879 -0.071671
vn -0.375915 -0.923879 -0.071671
vn 0.375916 0.923878 0.071670
vn 0.375916 0.923878 0.071670
vn 0.375916 0.923878 0.071670
vn 0.375916 0.923878 0.071670
vn -0.907535 -0.382688 -0.173006
vn -0.907535 -0.382688 -0.173006
vn -0.907535 -0.382688 -0.173006
vn -0.907535 -0.382688 -0.173006
vn 0.907534 0.382688 0.173009
vn 0.907534 0.382688 0.173009
vn 0.907534 0.382688 0.173009
vn 0.907534 0.382688 0.173009
vn -0.907534 0.382688 -0.173009
vn -0.907534 0.382688 -0.173009
vn -0.907534 0.382688 -0.173009
vn -0.907534 0.382688 -0.173009
vn 0.907534 -0.382689 0.173005
vn 0.907534 -0.382689 0.173005
vn 0.907534 -0.382689 0.173005
vn 0.907534 -0.382689 0.173005
vn 0.000000 0.000000 1.000000
vn 0.000000 0.000000 1.000000
vn 0.000000 0.000000 1.000000
vn 0.000000 0.000000 1.000000
vn 0.000000 1.000000 0.000000
vn 0.000000 1.000000 0.000000
vn 0.000000 1.000000 0.000000
vn 0.000000 1.000000 0.000000
vn -0.650707 0.759329 0.000000
vn -0.650707 0.759329 0.000000
vn -0.650707 0.759329 0.000000
vn -0.650707 0.759329 0.000000
vn 0.005821 -0.999983 0.000000
vn 0.005821 -0.999983 0.000000
vn 0.005821 -0.999983 0.000000
vn 0.005821 -0.999983 0.000000
vn 0.000000 0.000000 1.000000
vn 0.000000 0.000000 1.000000
vn 0.000000 0.000000 1.000000
vn 0.000000 0.000000 1.000000
vn 0.000000 0.000000 1.000000
vn 0.000000 0.000000 1.000000
vn 0.000000 0.000000 1.000000
vn 0.000000 0.000000 1.000000
vn 0.025760 0.999668 0.000000
vn 0.025760 0.999668 0.000000
vn 0.025760 0.999668 0.000000
vn 0.025760 0.999668 0.000000
vn 0.485952 -0.873985 0.000000
vn 0.485952 -0.873985 0.000000
vn 0.485952 -0.873985 0.000000
vn 0.485952 -0.873985 0.000000
vn 0.000000 0.000000 1.000000
vn 0.000000 0.000000 1.000000
vn 0.000000 0.000000 1.000000
vn 0.000000 0.000000 1.000000
vn -0.000000 0.000000 1.000000
vn -0.000000 0.000000 1.000000
vn -0.000000 0.000000 1.000000
vn -0.000000 0.000000 1.000000
vn 0.594968 0.803749 0.000000
vn 0.594968 0.803749 0.000000
vn 0.594968 0.803749 0.000000
vn 0.594968 0.803749 0.000000
vn 0.624764 -0.780814 0.000000
vn 0.624764 -0.780814 0.000000
vn 0.624764 -0.780814 0.000000
vn 0.624764 -0.780814 0.000000
vn 0.000000 0.000000 1.000000
vn 0.000000 0.000000 1.000000
vn 0.000000 0.000000 1.000000
vn 0.000000 0.000000 1.000000
vn 0.000000 0.000000 1.000000
vn 0.000000 0.000000 1.000000
vn 0.000000 0.000000 1.000000
vn 0.000000 0.000000 1.000000
vn 0.624764 0.780814 0.000000
vn 0.624764 0.780814 0.000000
vn 0.624764 0.780814 0.000000
vn 0.624764 0.780814 0.000000
vn 0.706063 -0.708149 0.000000
vn 0.706063 -0.708149 0.000000
vn 0.706063 -0.708149 0.000000
vn 0.706063 -0.708149 0.000000
vn 0.000000 0.000000 1.000000
vn 0.000000 0.000000 1.000000
vn 0.000000 0.000000 1.000000
vn 0.000000 0.000000 1.000000
vn 0.000000 0.000000 1.000000
vn 0.000000 0.000000 1.000000
vn 0.000000 0.000000 1.000000
vn 0.000000 0.000000 1.000000
vn 0.722271 0.691610 0.000000
vn 0.722271 0.691610 0.000000
vn 0.722271 0.691610 0.000000
vn 0.722271 0.691610 0.000000
vn 0.958272 0.285857 0.000000
vn 0.958272 0.285857 0.000000
vn 0.958272 0.285857 0.000000
vn 0.958272 0.285857 0.000000
vn 0.000000 0.000000 1.000000
vn 0.000000 0.000000 1.000000
vn 0.000000 0.000000 1.000000
vn 0.000000 0.000000 1.000000
vn 0.000000 0.000000 1.000000
vn 0.000000 0.000000 1.000000
vn 0.000000 0.000000 1.000000
vn 0.000000 0.000000 1.000000
vn 0.934954 -0.354770 0.000000
vn 0.934954 -0.354770 0.000000
vn 0.934954 -0.354770 0.000000
vn 0.934954 -0.354770 0.000000
vn 0.938873 -0.341732 0.041676
vn 0.938873 -0.341732 0.041676
vn 0.938873 -0.341732 0.041676
vn 0.938873 -0.341732 0.041676
vn -0.007654 -0.002557 0.999968
vn -0.007654 -0.002557 0.999968
vn -0.007654 -0.002557 0.999968
vn -0.007654 -0.002557 0.999968
vn 0.000000 0.000000 1.000000
vn 0.000000 0.000000 1.000000
vn 0.000000 0.000000 1.000000
vn 0.000000 0.000000 1.000000
vn 0.992800 0.119785 0.000000
vn 0.992800 0.119785 0.000000
vn 0.992800 0.119785 0.000000
vn 0.992800 0.119785 0.000000
vn -0.006983 0.010606 0.999919
vn -0.006983 0.010606 0.999919
vn -0.006983 0.010606 0.999919
vn -0.006983 0.010606 0.999919
vn 0.000000 0.000000 1.000000
vn 0.000000 0.000000 1.000000
vn 0.000000 0.000000 1.000000
vn 0.000000 0.000000 1.000000
vn 0.859980 0.510328 0.000000
vn 0.859980 0.510328 0.000000
vn 0.859980 0.510328 0.000000
vn 0.859980 0.510328 0.000000
vn 0.000000 0.000000 1.000000
vn 0.000000 0.000000 1.000000
vn 0.000000 0.000000 1.000000
vn 0.000000 0.000000 1.000000
vn -0.535390 0.844605 0.000000
vn -0.535390 0.844605 0.000000
vn -0.535390 0.844605 0.000000
vn -0.535390 0.844605 0.000000
vn -0.000354 0.999925 0.012234
vn -0.000354 0.999925 0.012234
vn -0.000354 0.999925 0.012234
vn -0.000354 0.999925 0.012234
vn -0.214645 -0.943132 0.253830
vn -0.214645 -0.943132 0.253830
vn -0.214645 -0.943132 0.253830
vn -0.214645 -0.943132 0.253830
vn -0.999825 -0.005856 0.017740
vn -0.999826 -0.005856 0.017740
vn -0.999825 -0.005856 0.017740
vn -0.999826 -0.005856 0.017740
vn -0.150702 -0.269559 0.951119
vn -0.150702 -0.269559 0.951119
vn -0.150702 -0.269559 0.951119
vn -0.150702 -0.269559 0.951119
vn 0.701435 0.188292 0.687412
vn 0.701435 0.188292 0.687412
vn 0.701435 0.188292 0.687412
vn 0.701435 0.188292 0.687412
vn -0.030181 0.503553 -0.863437
vn -0.030181 0.503553 -0.863437
vn -0.030181 0.503553 -0.863437
vn -0.030181 0.503553 -0.863437
vn -0.999682 -0.014539 0.020615
vn -0.999682 -0.014539 0.020615
vn -0.999682 -0.014539 0.020615
vn -0.999682 -0.014539 0.020615
vn 0.060020 -0.575286 0.815747
vn 0.060020 -0.575286 0.815747
vn 0.060020 -0.575286 0.815747
vn 0.060020 -0.575286 0.815747
vn 0.999682 0.014531 -0.020609
vn 0.999682 0.014531 -0.020609
vn 0.999682 0.014531 -0.020609
vn 0.999682 0.014531 -0.020609
vn -0.060015 0.575287 -0.815747
vn -0.060015 0.575287 -0.815747
vn -0.060015 0.575287 -0.815747
vn -0.060015 0.575287 -0.815747
vn -0.999737 -0.021492 0.007967
vn -0.999737 -0.021492 0.007967
vn -0.999737 -0.021492 0.007967
vn -0.999737 -0.021492 0.007967
vn 0.026937 -0.905148 0.424243
vn 0.026937 -0.905148 0.424243
vn 0.026937 -0.905148 0.424243
vn 0.026937 -0.905148 0.424243
vn 0.999736 0.021567 -0.007868
vn 0.999736 0.021567 -0.007868
vn 0.999736 0.021567 -0.007868
vn 0.999736 0.021567 -0.007868
vn 0.003103 0.999347 -0.036011
vn 0.003103 0.999347 -0.036011
vn 0.003103 0.999347 -0.036011
vn 0.003103 0.999347 -0.036011
vn -0.070070 0.356522 -0.931656
vn -0.070070 0.356522 -0.931656
vn -0.070070 0.356522 -0.931656
vn -0.070070 0.356522 -0.931656
vn -0.999998 0.000203 -0.001810
vn -0.999998 0.000203 -0.001810
vn -0.999998 0.000203 -0.001810
vn -0.999998 0.000203 -0.001810
vn 0.064667 0.679665 0.730666
vn 0.064667 0.679665 0.730667
vn 0.064667 0.679665 0.730667
vn 0.064667 0.679665 0.730666
vn 0.999998 -0.000168 0.001939
vn 0.999998 -0.000168 0.001939
vn 0.999998 -0.000168 0.001939
vn 0.999998 -0.000168 0.001939
vn -0.075459 0.137300 -0.987651
vn -0.075459 0.137300 -0.987651
vn -0.075459 0.137300 -0.987651
vn -0.075459 0.137300 -0.987651
vn -0.999639 -0.000006 -0.026882
vn -0.999639 -0.000006 -0.026882
vn -0.999639 -0.000006 -0.026882
vn -0.999639 -0.000006 -0.026882
vn 0.078995 0.138686 0.987181
vn 0.078995 0.138686 0.987181
vn 0.078995 0.138686 0.987181
vn 0.078995 0.138686 0.987181
vn 0.999626 -0.000011 0.027336
vn 0.999626 -0.000011 0.027336
vn 0.999626 -0.000011 0.027336
vn 0.999626 -0.000011 0.027336
vn -0.076725 -0.167797 -0.982831
vn -0.076725 -0.167797 -0.982831
vn -0.076725 -0.167797 -0.982831
vn -0.076725 -0.167797 -0.982831
vn -0.998683 -0.010447 -0.050235
vn -0.998683 -0.010447 -0.050235
vn -0.998683 -0.010447 -0.050235
vn -0.998683 -0.010447 -0.050235
vn 0.077524 0.237366 0.968322
vn 0.077524 0.237366 0.968322
vn 0.077524 0.237366 0.968322
vn 0.077524 0.237366 0.968322
vn 0.998646 0.010596 0.050940
vn 0.998646 0.010596 0.050940
vn 0.998646 0.010596 0.050940
vn 0.998645 0.010596 0.050940
vn -0.071136 0.321045 -0.944389
vn -0.071136 0.321045 -0.944389
vn -0.071136 0.321045 -0.944389
vn -0.071136 0.321045 -0.944389
vn -0.995610 0.017144 -0.092021
vn -0.995610 0.017144 -0.092021
vn -0.995610 0.017144 -0.092021
vn -0.995610 0.017144 -0.092021
vn 0.077526 -0.031460 0.996494
vn 0.077526 -0.031460 0.996494
vn 0.077526 -0.031460 0.996494
vn 0.077526 -0.031460 0.996494
vn 0.995510 -0.017389 0.093042
vn 0.995510 -0.017389 0.093042
vn 0.995510 -0.017389 0.093042
vn 0.995510 -0.017389 0.093042
vn -0.999902 -0.013928 0.001476
vn -0.999902 -0.013928 0.001476
vn -0.999902 -0.013928 0.001476
vn -0.999902 -0.013928 0.001476
vn 0.006644 -0.982867 0.184198
vn 0.006644 -0.982867 0.184199
vn 0.006644 -0.982867 0.184198
vn 0.006644 -0.982867 0.184198
vn 0.999902 0.013932 -0.001465
vn 0.999902 0.013932 -0.001465
vn 0.999902 0.013932 -0.001465
vn 0.999902 0.013932 -0.001465
vn -0.000704 0.993409 -0.114620
vn -0.000704 0.993409 -0.114620
vn -0.000704 0.993409 -0.114620
vn -0.000704 0.993409 -0.114620
vn -0.999963 -0.008577 0.000371
vn -0.999963 -0.008577 0.000371
vn -0.999963 -0.008577 0.000371
vn -0.999963 -0.008577 0.000371
vn 0.002038 -0.992985 0.118222
vn 0.002038 -0.992985 0.118222
vn 0.002038 -0.992985 0.118222
vn 0.002038 -0.992985 0.118222
vn 0.999963 0.008586 -0.000357
vn 0.999963 0.008586 -0.000357
vn 0.999963 0.008586 -0.000357
vn 0.999963 0.008586 -0.000357
vn 0.006662 0.999833 -0.017034
vn 0.006662 0.999833 -0.017034
vn 0.006662 0.999833 -0.017034
vn 0.006662 0.999833 -0.017034
vn -0.058538 0.664120 -0.745331
vn -0.058538 0.664120 -0.745331
vn -0.058538 0.664120 -0.745331
vn -0.058538 0.664120 -0.745331
vn -0.999956 0.005270 -0.007764
vn -0.999956 0.005270 -0.007764
vn -0.999956 0.005270 -0.007764
vn -0.999956 0.005270 -0.007764
vn 0.076797 -0.378440 0.922435
vn 0.076797 -0.378440 0.922435
vn 0.076797 -0.378440 0.922435
vn 0.076797 -0.378440 0.922435
vn 0.999955 -0.005285 0.007819
vn 0.999956 -0.005285 0.007819
vn 0.999956 -0.005285 0.007819
vn 0.999956 -0.005285 0.007819
vn -0.082394 0.188925 -0.978529
vn -0.082394 0.188925 -0.978529
vn -0.082394 0.188925 -0.978529
vn -0.082394 0.188925 -0.978529
vn -0.999488 0.004960 -0.031598
vn -0.999488 0.004960 -0.031598
vn -0.999488 0.004960 -0.031598
vn -0.999488 0.004960 -0.031598
vn 0.084356 -0.120688 0.989100
vn 0.084356 -0.120688 0.989100
vn 0.084356 -0.120688 0.989100
vn 0.084356 -0.120688 0.989100
vn 0.999484 -0.004987 0.031747
vn 0.999484 -0.004987 0.031747
vn 0.999484 -0.004987 0.031747
vn 0.999484 -0.004987 0.031747
vn -0.085829 -0.104905 -0.990772
vn -0.085829 -0.104905 -0.990772
vn -0.085829 -0.104905 -0.990772
vn -0.085829 -0.104905 -0.990772
vn -0.997609 -0.010984 -0.068227
vn -0.997609 -0.010984 -0.068227
vn -0.997609 -0.010984 -0.068227
vn -0.997609 -0.010984 -0.068227
vn 0.085542 0.210575 0.973828
vn 0.085542 0.210575 0.973828
vn 0.085542 0.210575 0.973828
vn 0.085542 0.210575 0.973828
vn 0.997592 0.011025 0.068475
vn 0.997592 0.011025 0.068475
vn 0.997592 0.011025 0.068475
vn 0.997592 0.011025 0.068475
vn -0.999599 -0.002845 0.028174
vn -0.999599 -0.002845 0.028174
vn -0.999599 -0.002845 0.028174
vn -0.999599 -0.002845 0.028174
vn 0.021630 -0.944166 0.328760
vn 0.021630 -0.944166 0.328760
vn 0.021630 -0.944166 0.328760
vn 0.021630 -0.944166 0.328760
vn 0.999599 0.002839 -0.028181
vn 0.999599 0.002839 -0.028181
vn 0.999599 0.002839 -0.028181
vn 0.999599 0.002839 -0.028181
vn -0.012253 0.974596 -0.223634
vn -0.012253 0.974596 -0.223634
vn -0.012253 0.974596 -0.223634
vn -0.012253 0.974596 -0.223634
vn -0.999599 -0.002825 0.028183
vn -0.999599 -0.002825 0.028183
vn -0.999599 -0.002825 0.028183
vn -0.999599 -0.002825 0.028183
vn 0.026585 -0.928112 0.371350
vn 0.026585 -0.928113 0.371350
vn 0.026585 -0.928113 0.371350
vn 0.026585 -0.928112 0.371350
vn 0.999600 0.002860 -0.028144
vn 0.999600 0.002860 -0.028144
vn 0.999600 0.002860 -0.028144
vn 0.999600 0.002860 -0.028144
vn -0.018926 0.959467 -0.281185
vn -0.018926 0.959467 -0.281185
vn -0.018926 0.959467 -0.281185
vn -0.018926 0.959467 -0.281185
vn -0.999598 -0.002836 0.028197
vn -0.999598 -0.002836 0.028197
vn -0.999598 -0.002836 0.028197
vn -0.999598 -0.002836 0.028197
vn 0.073701 -0.338845 0.937951
vn 0.073701 -0.338845 0.937951
vn 0.073701 -0.338845 0.937951
vn 0.073701 -0.338845 0.937951
vn 0.999599 0.002830 -0.028191
vn 0.999599 0.002830 -0.028191
vn 0.999599 0.002830 -0.028191
vn 0.999599 0.002830 -0.028191
vn -0.073236 0.354051 -0.932354
vn -0.073236 0.354051 -0.932354
vn -0.073236 0.354051 -0.932354
vn -0.073236 0.354051 -0.932354
vn -0.999599 -0.002858 0.028188
vn -0.999599 -0.002858 0.028188
vn -0.999599 -0.002858 0.028188
vn -0.999599 -0.002858 0.028188
vn 0.079429 0.080393 0.993594
vn 0.079429 0.080393 0.993594
vn 0.079429 0.080393 0.993594
vn 0.079429 0.080393 0.993594
vn 0.999599 0.002828 -0.028177
vn 0.999599 0.002828 -0.028177
vn 0.999599 0.002828 -0.028177
vn 0.999599 0.002828 -0.028177
vn -0.079494 0.105217 -0.991267
vn -0.079494 0.105217 -0.991267
vn -0.079494 0.105217 -0.991267
vn -0.079494 0.105217 -0.991267
vn -0.999595 -0.002742 0.028328
vn -0.999595 -0.002742 0.028328
vn -0.999595 -0.002742 0.028328
vn -0.999595 -0.002742 0.028328
vn 0.073105 0.478426 0.875079
vn 0.073105 0.478426 0.875080
vn 0.073105 0.478426 0.875079
vn 0.073105 0.478426 0.875080
vn 0.999596 0.002693 -0.028304
vn 0.999596 0.002693 -0.028304
vn 0.999596 0.002693 -0.028304
vn 0.999596 0.002693 -0.028304
vn -0.081597 -0.222697 -0.971467
vn -0.081597 -0.222697 -0.971467
vn -0.081597 -0.222697 -0.971467
vn -0.081597 -0.222697 -0.971467
vn 0.000000 -1.000000 0.000000
vn 0.000000 -1.000000 0.000000
vn 0.000000 -1.000000 0.000000
vn 0.000000 -1.000000 0.000000
vn 0.000000 1.000000 0.000000
vn 0.000000 1.000000 0.000000
vn 0.000000 1.000000 0.000000
vn 0.000000 1.000000 0.000000
vn -0.025760 0.999668 0.000000
vn -0.025760 0.999668 0.000000
vn -0.025760 0.999668 0.000000
vn -0.025760 0.999668 0.000000
vn -0.005821 -0.999983 0.000000
vn -0.005821 -0.999983 0.000000
vn -0.005821 -0.999983 0.000000
vn -0.005821 -0.999983 0.000000
vn -0.594968 0.803749 0.000000
vn -0.594968 0.803749 0.000000
vn -0.594968 0.803749 0.000000
vn -0.594968 0.803749 0.000000
vn -0.485952 -0.873985 0.000000
vn -0.485952 -0.873985 0.000000
vn -0.485952 -0.873985 0.000000
vn -0.485952 -0.873985 0.000000
vn -0.624764 0.780814 0.000000
vn -0.624764 0.780814 0.000000
vn -0.624764 0.780814 0.000000
vn -0.624764 0.780814 0.000000
vn -0.624764 -0.780814 0.000000
vn -0.624764 -0.780814 0.000000
vn -0.624764 -0.780814 0.000000
vn -0.624764 -0.780814 0.000000
vn -0.722271 0.691610 0.000000
vn -0.722271 0.691610 0.000000
vn -0.722271 0.691610 0.000000
vn -0.722271 0.691610 0.000000
vn -0.744266 -0.667883 0.000000
vn -0.744266 -0.667883 0.000000
vn -0.744266 -0.667883 0.000000
vn -0.744266 -0.667883 0.000000
vn -0.934954 -0.354770 0.000000
vn -0.934954 -0.354770 0.000000
vn -0.934954 -0.354770 0.000000
vn -0.934954 -0.354770 0.000000
vn -0.934954 0.354770 0.000000
vn -0.934954 0.354770 0.000000
vn -0.934954 0.354770 0.000000
vn -0.934954 0.354770 0.000000
vn -0.944611 0.328193 0.000000
vn -0.944611 0.328193 0.000000
vn -0.944611 0.328193 0.000000
vn -0.944611 0.328193 0.000000
vn -0.992800 -0.119785 0.000000
vn -0.992800 -0.119785 0.000000
vn -0.992800 -0.119785 0.000000
vn -0.992800 -0.119785 0.000000
vn -0.846550 0.532310 0.000000
vn -0.846550 0.532310 0.000000
vn -0.846550 0.532310 0.000000
vn -0.846550 0.532310 0.000000
vn -0.923416 0.383801 0.000000
vn -0.923416 0.383801 0.000000
vn -0.923416 0.383801 0.000000
vn -0.923416 0.383801 0.000000
vn 0.195779 -0.980648 0.000000
vn 0.195779 -0.980648 0.000000
vn 0.195779 -0.980648 0.000000
vn 0.195779 -0.980648 0.000000
vn 0.977964 -0.182871 0.100725
vn 0.977964 -0.182871 0.100725
vn 0.977964 -0.182871 0.100725
vn 0.977964 -0.182871 0.100725
vn 0.007347 0.999973 0.000000
vn 0.007347 0.999973 0.000000
vn 0.007347 0.999973 0.000000
vn 0.007347 0.999973 0.000000
vn 0.000000 0.000000 -1.000000
vn 0.000000 0.000000 -1.000000
vn 0.000000 0.000000 -1.000000
vn 0.000000 0.000000 -1.000000
vn 0.000000 1.000000 0.000000
vn 0.000000 1.000000 0.000000
vn 0.000000 1.000000 0.000000
vn 0.000000 1.000000 0.000000
vn -0.650708 0.759328 0.000000
vn -0.650708 0.759329 0.000000
vn -0.650708 0.759328 0.000000
vn -0.650708 0.759328 0.000000
vn 0.005821 -0.999983 0.000000
vn 0.005821 -0.999983 0.000000
vn 0.005821 -0.999983 0.000000
vn 0.005821 -0.999983 0.000000
vn 0.000000 0.000000 -1.000000
vn 0.000000 0.000000 -1.000000
vn 0.000000 0.000000 -1.000000
vn 0.000000 0.000000 -1.000000
vn -0.000000 0.000000 -1.000000
vn -0.000000 0.000000 -1.000000
vn -0.000000 0.000000 -1.000000
vn -0.000000 0.000000 -1.000000
vn 0.025760 0.999668 0.000000
vn 0.025760 0.999668 0.000000
vn 0.025760 0.999668 0.000000
vn 0.025760 0.999668 0.000000
vn 0.485952 -0.873985 0.000000
vn 0.485952 -0.873985 0.000000
vn 0.485952 -0.873985 0.000000
vn 0.485952 -0.873985 0.000000
vn 0.000000 0.000000 -1.000000
vn 0.000000 0.000000 -1.000000
vn 0.000000 0.000000 -1.000000
vn 0.000000 0.000000 -1.000000
vn 0.000000 0.000000 -1.000000
vn 0.000000 0.000000 -1.000000
vn 0.000000 0.000000 -1.000000
vn 0.000000 0.000000 -1.000000
vn 0.594968 0.803749 0.000000
vn 0.594968 0.803749 0.000000
vn 0.594968 0.803749 0.000000
vn 0.594968 0.803749 0.000000
vn 0.624764 -0.780814 0.000000
vn 0.624764 -0.780814 0.000000
vn 0.624764 -0.780814 0.000000
vn 0.624764 -0.780814 0.000000
vn 0.000000 0.000000 -1.000000
vn 0.000000 0.000000 -1.000000
vn 0.000000 0.000000 -1.000000
vn 0.000000 0.000000 -1.000000
vn 0.000000 0.000000 -1.000000
vn 0.000000 0.000000 -1.000000
vn 0.000000 0.000000 -1.000000
vn 0.000000 0.000000 -1.000000
vn 0.624764 0.780814 0.000000
vn 0.624764 0.780814 0.000000
vn 0.624764 0.780814 0.000000
vn 0.624764 0.780814 0.000000
vn 0.706063 -0.708149 0.000000
vn 0.706063 -0.708149 0.000000
vn 0.706063 -0.708149 0.000000
vn 0.706063 -0.708149 0.000000
vn 0.000000 0.000000 -1.000000
vn 0.000000 0.000000 -1.000000
vn 0.000000 0.000000 -1.000000
vn 0.000000 0.000000 -1.000000
vn 0.000000 0.000000 -1.000000
vn 0.000000 0.000000 -1.000000
vn 0.000000 0.000000 -1.000000
vn 0.000000 0.000000 -1.000000
vn 0.722271 0.691610 0.000000
vn 0.722271 0.691610 0.000000
vn 0.722271 0.691610 0.000000
vn 0.722271 0.691610 0.000000
vn 0.958272 0.285857 0.000000
vn 0.958272 0.285857 0.000000
vn 0.958272 0.285857 0.000000
vn 0.958272 0.285857 0.000000
vn 0.000000 0.000000 -1.000000
vn 0.000000 0.000000 -1.000000
vn 0.000000 0.000000 -1.000000
vn 0.000000 0.000000 -1.000000
vn 0.000000 0.000000 -1.000000
vn 0.000000 0.000000 -1.000000
vn 0.000000 0.000000 -1.000000
vn 0.000000 0.000000 -1.000000
vn 0.934954 -0.354770 0.000000
vn 0.934954 -0.354770 0.000000
vn 0.934954 -0.354770 0.000000
vn 0.934954 -0.354770 0.000000
vn 0.938873 -0.341732 -0.041676
vn 0.938873 -0.341732 -0.041676
vn 0.938873 -0.341732 -0.041676
vn 0.938873 -0.341732 -0.041676
vn -0.007654 -0.002557 -0.999968
vn -0.007654 -0.002557 -0.999968
vn -0.007654 -0.002557 -0.999967
vn -0.007654 -0.002557 -0.999968
vn 0.000000 0.000000 -1.000000
vn 0.000000 0.000000 -1.000000
vn 0.000000 0.000000 -1.000000
vn 0.000000 0.000000 -1.000000
vn 0.992800 0.119785 0.000000
vn 0.992800 0.119785 0.000000
vn 0.992800 0.119785 0.000000
vn 0.992800 0.119785 0.000000
vn -0.006983 0.010606 -0.999919
vn -0.006983 0.010606 -0.999919
vn -0.006983 0.010606 -0.999919
vn -0.006983 0.010606 -0.999919
vn 0.000000 0.000000 -1.000000
vn 0.000000 0.000000 -1.000000
vn 0.000000 0.000000 -1.000000
vn 0.000000 0.000000 -1.000000
vn 0.859980 0.510328 0.000000
vn 0.859980 0.510328 0.000000
vn 0.859980 0.510328 0.000000
vn 0.859980 0.510328 0.000000
vn 0.000000 0.000000 -1.000000
vn 0.000000 0.000000 -1.000000
vn 0.000000 0.000000 -1.000000
vn 0.000000 0.000000 -1.000000
vn -0.535390 0.844605 0.000000
vn -0.535390 0.844605 0.000000
vn -0.535390 0.844605 0.000000
vn -0.535390 0.844605 0.000000
vn -0.000354 0.999925 -0.012237
vn -0.000354 0.999925 -0.012237
vn -0.000354 0.999925 -0.012237
vn -0.000354 0.999925 -0.012237
vn -0.214646 -0.943132 -0.253829
vn -0.214646 -0.943132 -0.253829
vn -0.214646 -0.943132 -0.253829
vn -0.214646 -0.943132 -0.253829
vn -0.999826 -0.005857 -0.017740
vn -0.999825 -0.005857 -0.017740
vn -0.999826 -0.005857 -0.017740
vn -0.999825 -0.005857 -0.017740
vn -0.150702 -0.269559 -0.951119
vn -0.150702 -0.269559 -0.951119
vn -0.150702 -0.269559 -0.951119
vn -0.150702 -0.269559 -0.951119
vn 0.910774 0.311260 0.271307
vn 0.910774 0.311260 0.271307
vn 0.910774 0.311260 0.271307
vn 0.910774 0.311260 0.271307
vn -0.030181 0.503553 0.863437
vn -0.030181 0.503553 0.863437
vn -0.030181 0.503553 0.863437
vn -0.030181 0.503553 0.863437
vn -0.999682 -0.014541 -0.020615
vn -0.999682 -0.014541 -0.020615
vn -0.999682 -0.014541 -0.020615
vn -0.999682 -0.014541 -0.020615
vn 0.060020 -0.575286 -0.815747
vn 0.060020 -0.575286 -0.815747
vn 0.060020 -0.575286 -0.815747
vn 0.060020 -0.575286 -0.815747
vn 0.999682 0.014532 0.020609
vn 0.999682 0.014532 0.020609
vn 0.999682 0.014532 0.020609
vn 0.999682 0.014532 0.020609
vn -0.060015 0.575286 0.815748
vn -0.060015 0.575286 0.815748
vn -0.060015 0.575286 0.815748
vn -0.060015 0.575286 0.815748
vn -0.999737 -0.021490 -0.007967
vn -0.999737 -0.021490 -0.007967
vn -0.999737 -0.021490 -0.007967
vn -0.999737 -0.021490 -0.007967
vn 0.026937 -0.905149 -0.424240
vn 0.026937 -0.905149 -0.424240
vn 0.026937 -0.905149 -0.424240
vn 0.026937 -0.905149 -0.424240
vn 0.999736 0.021565 0.007868
vn 0.999737 0.021565 0.007868
vn 0.999737 0.021565 0.007868
vn 0.999737 0.021565 0.007868
vn 0.003103 0.999347 0.036012
vn 0.003103 0.999347 0.036012
vn 0.003103 0.999347 0.036012
vn 0.003103 0.999347 0.036012
vn -0.070070 0.356523 0.931655
vn -0.070070 0.356523 0.931655
vn -0.070070 0.356523 0.931655
vn -0.070070 0.356523 0.931655
vn -0.999998 0.000206 0.001810
vn -0.999998 0.000206 0.001810
vn -0.999998 0.000206 0.001810
vn -0.999998 0.000206 0.001810
vn 0.064667 0.679664 -0.730667
vn 0.064667 0.679664 -0.730667
vn 0.064667 0.679664 -0.730667
vn 0.064667 0.679664 -0.730667
vn 0.999998 -0.000166 -0.001939
vn 0.999998 -0.000166 -0.001939
vn 0.999998 -0.000166 -0.001939
vn 0.999998 -0.000166 -0.001939
vn -0.075459 0.137301 0.987651
vn -0.075459 0.137301 0.987651
vn -0.075459 0.137301 0.987651
vn -0.075459 0.137301 0.987651
vn -0.999639 -0.000008 0.026882
vn -0.999639 -0.000008 0.026882
vn -0.999639 -0.000008 0.026882
vn -0.999639 -0.000008 0.026882
vn 0.078995 0.138687 -0.987181
vn 0.078995 0.138687 -0.987181
vn 0.078995 0.138687 -0.987181
vn 0.078995 0.138687 -0.987181
vn 0.999626 -0.000011 -0.027336
vn 0.999626 -0.000011 -0.027336
vn 0.999626 -0.000011 -0.027336
vn 0.999626 -0.000011 -0.027336
vn -0.076725 -0.167796 0.982832
vn -0.076725 -0.167796 0.982832
vn -0.076725 -0.167796 0.982832
vn -0.076725 -0.167796 0.982832
vn -0.998683 -0.010444 0.050235
vn -0.998683 -0.010444 0.050235
vn -0.998683 -0.010444 0.050235
vn -0.998683 -0.010444 0.050235
vn 0.077524 0.237364 -0.968323
vn 0.077524 0.237364 -0.968323
vn 0.077524 0.237364 -0.968323
vn 0.077524 0.237364 -0.968323
vn 0.998646 0.010598 -0.050940
vn 0.998645 0.010598 -0.050940
vn 0.998646 0.010598 -0.050940
vn 0.998645 0.010598 -0.050940
vn -0.071136 0.321046 0.944388
vn -0.071136 0.321046 0.944388
vn -0.071136 0.321046 0.944388
vn -0.071136 0.321046 0.944388
vn -0.995609 0.017151 0.092021
vn -0.995609 0.017151 0.092021
vn -0.995609 0.017151 0.092021
vn -0.995609 0.017151 0.092021
vn 0.077526 -0.031460 -0.996494
vn 0.077526 -0.031460 -0.996494
vn 0.077526 -0.031460 -0.996494
vn 0.077526 -0.031460 -0.996494
vn 0.995510 -0.017391 -0.093042
vn 0.995510 -0.017391 -0.093042
vn 0.995510 -0.017391 -0.093042
vn 0.995510 -0.017391 -0.093042
vn -0.999902 -0.013925 -0.001476
vn -0.999902 -0.013925 -0.001476
vn -0.999902 -0.013925 -0.001476
vn -0.999902 -0.013925 -0.001476
vn 0.006644 -0.982867 -0.184199
vn 0.006644 -0.982867 -0.184199
vn 0.006644 -0.982867 -0.184199
vn 0.006644 -0.982867 -0.184199
vn 0.999902 0.013932 0.001465
vn 0.999902 0.013932 0.001465
vn 0.999902 0.013932 0.001465
vn 0.999902 0.013932 0.001465
vn -0.000704 0.993409 0.114620
vn -0.000704 0.993409 0.114620
vn -0.000704 0.993409 0.114620
vn -0.000704 0.993409 0.114620
vn -0.999963 -0.008576 -0.000371
vn -0.999963 -0.008576 -0.000371
vn -0.999963 -0.008576 -0.000371
vn -0.999963 -0.008576 -0.000371
vn 0.002038 -0.992985 -0.118222
vn 0.002038 -0.992985 -0.118222
vn 0.002038 -0.992985 -0.118222
vn 0.002038 -0.992985 -0.118222
vn 0.999963 0.008585 0.000357
vn 0.999963 0.008585 0.000357
vn 0.999963 0.008585 0.000357
vn 0.999963 0.008585 0.000357
vn 0.006662 0.999833 0.017030
vn 0.006662 0.999833 0.017030
vn 0.006662 0.999833 0.017030
vn 0.006662 0.999833 0.017030
vn -0.058538 0.664119 0.745331
vn -0.058538 0.664119 0.745332
vn -0.058538 0.664119 0.745332
vn -0.058538 0.664119 0.745332
vn -0.999956 0.005274 0.007764
vn -0.999956 0.005274 0.007764
vn -0.999956 0.005274 0.007764
vn -0.999956 0.005274 0.007764
vn 0.076797 -0.378441 -0.922434
vn 0.076797 -0.378441 -0.922434
vn 0.076797 -0.378441 -0.922434
vn 0.076797 -0.378441 -0.922434
vn 0.999955 -0.005287 -0.007819
vn 0.999955 -0.005287 -0.007819
vn 0.999956 -0.005287 -0.007819
vn 0.999955 -0.005287 -0.007819
vn -0.082395 0.188925 0.978529
vn -0.082395 0.188925 0.978529
vn -0.082395 0.188925 0.978529
vn -0.082395 0.188925 0.978529
vn -0.999488 0.004960 0.031598
vn -0.999488 0.004960 0.031598
vn -0.999488 0.004960 0.031598
vn -0.999488 0.004960 0.031598
vn 0.084356 -0.120688 -0.989100
vn 0.084356 -0.120688 -0.989100
vn 0.084356 -0.120688 -0.989100
vn 0.084356 -0.120688 -0.989100
vn 0.999484 -0.004988 -0.031747
vn 0.999484 -0.004988 -0.031747
vn 0.999484 -0.004988 -0.031747
vn 0.999484 -0.004988 -0.031747
vn -0.085829 -0.104905 0.990772
vn -0.085829 -0.104905 0.990772
vn -0.085829 -0.104905 0.990772
vn -0.085829 -0.104905 0.990772
vn -0.997609 -0.010984 0.068227
vn -0.997609 -0.010984 0.068227
vn -0.997609 -0.010984 0.068227
vn -0.997609 -0.010984 0.068227
vn 0.085543 0.210576 -0.973828
vn 0.085543 0.210576 -0.973828
vn 0.085543 0.210576 -0.973828
vn 0.085543 0.210576 -0.973828
vn 0.997592 0.011025 -0.068475
vn 0.997592 0.011025 -0.068475
vn 0.997592 0.011025 -0.068475
vn 0.997592 0.011025 -0.068475
vn -0.999599 -0.002849 -0.028174
vn -0.999599 -0.002849 -0.028174
vn -0.999599 -0.002849 -0.028174
vn -0.999599 -0.002849 -0.028174
vn 0.021630 -0.944166 -0.328760
vn 0.021630 -0.944166 -0.328760
vn 0.021630 -0.944166 -0.328760
vn 0.021630 -0.944166 -0.328760
vn 0.999599 0.002840 0.028181
vn 0.999599 0.002840 0.028181
vn 0.999599 0.002840 0.028181
vn 0.999599 0.002840 0.028181
vn -0.012253 0.974596 0.223633
vn -0.012253 0.974596 0.223633
vn -0.012253 0.974596 0.223633
vn -0.012253 0.974596 0.223633
vn -0.999599 -0.002826 -0.028183
vn -0.999599 -0.002826 -0.028183
vn -0.999599 -0.002826 -0.028183
vn -0.999599 -0.002826 -0.028183
vn 0.026585 -0.928112 -0.371350
vn 0.026585 -0.928112 -0.371350
vn 0.026585 -0.928112 -0.371350
vn 0.026585 -0.928112 -0.371350
vn 0.999600 0.002858 0.028144
vn 0.999600 0.002858 0.028144
vn 0.999600 0.002858 0.028144
vn 0.999600 0.002858 0.028144
vn -0.018926 0.959467 0.281187
vn -0.018926 0.959467 0.281187
vn -0.018926 0.959467 0.281187
vn -0.018926 0.959467 0.281187
vn -0.999598 -0.002837 -0.028197
vn -0.999598 -0.002837 -0.028197
vn -0.999598 -0.002837 -0.028197
vn -0.999598 -0.002837 -0.028197
vn 0.073701 -0.338845 -0.937951
vn 0.073701 -0.338845 -0.937951
vn 0.073701 -0.338845 -0.937951
vn 0.073701 -0.338845 -0.937951
vn 0.999599 0.002828 0.028191
vn 0.999599 0.002828 0.028191
vn 0.999599 0.002828 0.028191
vn 0.999599 0.002828 0.028191
vn -0.073237 0.354051 0.932354
vn -0.073237 0.354051 0.932354
vn -0.073237 0.354051 0.932354
vn -0.073237 0.354051 0.932354
vn -0.999599 -0.002860 -0.028188
vn -0.999599 -0.002860 -0.028188
vn -0.999599 -0.002860 -0.028188
vn -0.999599 -0.002860 -0.028188
vn 0.079429 0.080392 -0.993594
vn 0.079429 0.080392 -0.993594
vn 0.079429 0.080392 -0.993594
vn 0.079429 0.080392 -0.993594
vn 0.999599 0.002828 0.028177
vn 0.999599 0.002828 0.028177
vn 0.999599 0.002828 0.028177
vn 0.999599 0.002828 0.028177
vn -0.079494 0.105217 0.991267
vn -0.079494 0.105217 0.991267
vn -0.079494 0.105217 0.991267
vn -0.079494 0.105217 0.991267
vn -0.999595 -0.002744 -0.028327
vn -0.999595 -0.002744 -0.028327
vn -0.999595 -0.002744 -0.028327
vn -0.999595 -0.002744 -0.028327
vn 0.073105 0.478426 -0.875080
vn 0.073105 0.478426 -0.875080
vn 0.073105 0.478426 -0.875080
vn 0.073105 0.478426 -0.875080
vn 0.999596 0.002688 0.028304
vn 0.999596 0.002688 0.028304
vn 0.999596 0.002688 0.028304
vn 0.999596 0.002688 0.028304
vn -0.081597 -0.222698 0.971467
vn -0.081597 -0.222698 0.971467
vn -0.081597 -0.222698 0.971467
vn -0.081597 -0.222698 0.971467
vn 0.000000 -1.000000 0.000000
vn 0.000000 -1.000000 0.000000
vn 0.000000 -1.000000 0.000000
vn 0.000000 -1.000000 0.000000
vn 0.000000 1.000000 0.000000
vn 0.000000 1.000000 0.000000
vn 0.000000 1.000000 0.000000
vn 0.000000 1.000000 0.000000
vn -0.025760 0.999668 0.000000
vn -0.025760 0.999668 0.000000
vn -0.025760 0.999668 0.000000
vn -0.025760 0.999668 0.000000
vn -0.005821 -0.999983 0.000000
vn -0.005821 -0.999983 0.000000
vn -0.005821 -0.999983 0.000000
vn -0.005821 -0.999983 0.000000
vn -0.594968 0.803749 0.000000
vn -0.594968 0.803749 0.000000
vn -0.594968 0.803749 0.000000
vn -0.594968 0.803749 0.000000
vn -0.485952 -0.873985 0.000000
vn -0.485952 -0.873985 0.000000
vn -0.485952 -0.873985 0.000000
vn -0.485952 -0.873985 0.000000
vn -0.624764 0.780814 0.000000
vn -0.624764 0.780814 0.000000
vn -0.624764 0.780814 0.000000
vn -0.624764 0.780814 0.000000
vn -0.624764 -0.780814 0.000000
vn -0.624764 -0.780814 0.000000
vn -0.624764 -0.780814 0.000000
vn -0.624764 -0.780814 0.000000
vn -0.722271 0.691610 0.000000
vn -0.722271 0.691610 0.000000
vn -0.722271 0.691610 0.000000
vn -0.722271 0.691610 0.000000
vn -0.744266 -0.667883 0.000000
vn -0.744266 -0.667883 0.000000
vn -0.744266 -0.667883 0.000000
vn -0.744266 -0.667883 0.000000
vn -0.934954 -0.354770 0.000000
vn -0.934954 -0.354770 0.000000
vn -0.934954 -0.354770 0.000000
vn -0.934954 -0.354770 0.000000
vn -0.934954 0.354770 0.000000
vn -0.934954 0.354770 0.000000
vn -0.934954 0.354770 0.000000
vn -0.934954 0.354770 0.000000
vn -0.944611 0.328193 0.000000
vn -0.944611 0.328193 0.000000
vn -0.944611 0.328193 0.000000
vn -0.944611 0.328193 0.000000
vn -0.992800 -0.119785 0.000000
vn -0.992800 -0.119785 0.000000
vn -0.992800 -0.119785 0.000000
vn -0.992800 -0.119785 0.000000
vn -0.846550 0.532310 0.000000
vn -0.846550 0.532310 0.000000
vn -0.846550 0.532310 0.000000
vn -0.846550 0.532310 0.000000
vn -0.923416 0.383801 0.000000
vn -0.923416 0.383801 0.000000
vn -0.923416 0.383801 0.000000
vn -0.923416 0.383801 0.000000
vn 0.195779 -0.980648 0.000000
vn 0.195779 -0.980648 0.000000
vn 0.195779 -0.980648 0.000000
vn 0.195779 -0.980648 0.000000
vn 0.977965 -0.182867 -0.100720
vn 0.977965 -0.182867 -0.100720
vn 0.977965 -0.182868 -0.100720
vn 0.977965 -0.182868 -0.100720
vn 0.007347 0.999973 0.000000
vn 0.007347 0.999973 0.000000
vn 0.007347 0.999973 0.000000
vn 0.007347 0.999973 0.000000
vn 0.024614 -0.524862 0.850831
vn 0.024614 -0.524862 0.850831
vn 0.024614 -0.524862 0.850831
vn -0.024195 0.117734 0.992750
vn -0.024195 0.117734 0.992750
vn -0.024195 0.117734 0.992750
vn -0.024195 0.117734 0.992750
vn -0.229766 -0.944755 0.233763
vn -0.229766 -0.944755 0.233763
vn -0.229766 -0.944755 0.233763
vn -0.229766 -0.944755 0.233763
vn -0.171531 -0.948494 -0.266337
vn -0.171531 -0.948494 -0.266337
vn -0.171531 -0.948494 -0.266337
vn -0.171531 -0.948494 -0.266337
vn -0.091019 0.130341 -0.987283
vn -0.091019 0.130341 -0.987283
vn -0.091019 0.130341 -0.987283
vn -0.091019 0.130341 -0.987283
vn 0.024614 -0.524862 -0.850831
vn 0.024614 -0.524862 -0.850831
vn 0.024614 -0.524862 -0.850831
vn 0.004945 0.013521 0.999896
vn 0.004945 0.013521 0.999896
vn 0.004945 0.013521 0.999896
vn 0.004945 0.013521 0.999896
vn -0.862460 0.506124 0.000000
vn -0.862460 0.506124 0.000000
vn -0.862460 0.506124 0.000000
vn -0.862460 0.506124 0.000000
vn -0.862460 0.506124 0.000000
vn -0.862460 0.506124 0.000000
vn -0.862460 0.506124 0.000000
vn -0.862460 0.506124 0.000000
vn 0.004945 0.013521 -0.999896
vn 0.004945 0.013521 -0.999896
vn 0.004945 0.013521 -0.999896
vn 0.004945 0.013521 -0.999896
vn -0.999801 -0.011083 -0.016584
vn -0.999801 -0.011083 -0.016584
vn -0.999801 -0.011083 -0.016584
vn -0.999801 -0.011083 -0.016584
vn -0.999682 -0.014528 -0.020603
vn -0.999682 -0.014528 -0.020603
vn -0.999682 -0.014528 -0.020603
vn -0.999682 -0.014528 -0.020603
vn -0.999773 -0.016787 -0.013087
vn -0.999774 -0.016787 -0.013087
vn -0.999773 -0.016787 -0.013087
vn -0.999774 -0.016787 -0.013087
vn -0.999906 -0.013476 -0.002601
vn -0.999906 -0.013476 -0.002601
vn -0.999906 -0.013476 -0.002601
vn -0.999906 -0.013476 -0.002601
vn -0.999964 -0.008309 -0.001691
vn -0.999964 -0.008309 -0.001691
vn -0.999964 -0.008309 -0.001691
vn -0.999964 -0.008309 -0.001691
vn -0.999599 -0.002839 -0.028182
vn -0.999599 -0.002839 -0.028182
vn -0.999599 -0.002839 -0.028182
vn -0.999599 -0.002839 -0.028182
vn -0.999599 -0.002836 -0.028172
vn -0.999599 -0.002836 -0.028172
vn -0.999599 -0.002836 -0.028172
vn -0.999599 -0.002836 -0.028172
vn -0.999599 -0.002834 -0.028185
vn -0.999599 -0.002834 -0.028185
vn -0.999599 -0.002834 -0.028185
vn -0.999599 -0.002834 -0.028185
vn -0.999599 -0.002848 -0.028173
vn -0.999599 -0.002848 -0.028173
vn -0.999599 -0.002848 -0.028173
vn -0.999599 -0.002848 -0.028173
vn -0.999595 -0.002815 -0.028321
vn -0.999595 -0.002815 -0.028321
vn -0.999595 -0.002815 -0.028321
vn -0.999595 -0.002815 -0.028321
vn -0.000349 0.999925 -0.012232
vn -0.000349 0.999925 -0.012232
vn -0.000349 0.999925 -0.012232
vn -0.000349 0.999925 -0.012232
vn 0.999595 0.002754 0.028321
vn 0.999595 0.002754 0.028321
vn 0.999595 0.002754 0.028321
vn 0.999595 0.002754 0.028321
vn 0.999599 0.002820 0.028180
vn 0.999599 0.002820 0.028180
vn 0.999599 0.002820 0.028180
vn 0.999599 0.002820 0.028180
vn 0.999599 0.002828 0.028188
vn 0.999599 0.002828 0.028188
vn 0.999599 0.002828 0.028188
vn 0.999599 0.002828 0.028188
vn 0.999601 0.002863 0.028112
vn 0.999601 0.002863 0.028112
vn 0.999601 0.002863 0.028112
vn 0.999601 0.002863 0.028112
vn 0.999599 0.002831 0.028188
vn 0.999599 0.002831 0.028188
vn 0.999599 0.002831 0.028188
vn 0.999599 0.002831 0.028188
vn 0.999964 0.008309 0.001676
vn 0.999964 0.008309 0.001676
vn 0.999964 0.008309 0.001676
vn 0.999964 0.008309 0.001676
vn 0.999906 0.013475 0.002591
vn 0.999906 0.013475 0.002591
vn 0.999906 0.013475 0.002591
vn 0.999906 0.013475 0.002591
vn 0.999773 0.016835 0.013035
vn 0.999773 0.016835 0.013035
vn 0.999773 0.016835 0.013035
vn 0.999773 0.016835 0.013035
vn 0.999682 0.014535 0.020609
vn 0.999682 0.014535 0.020609
vn 0.999682 0.014535 0.020609
vn 0.999682 0.014535 0.020609
vn 0.999798 0.011006 0.016823
vn 0.999798 0.011006 0.016823
vn 0.999798 0.011006 0.016823
vn 0.999798 0.011006 0.016823
vn 0.693273 0.552818 -0.462347
vn 0.693273 0.552818 -0.462347
vn 0.693273 0.552818 -0.462347
vn 0.994543 0.104325 0.000000
vn 0.994543 0.104325 0.000000
vn 0.994543 0.104325 0.000000
vn 0.994543 0.104325 0.000000
vn 0.994543 0.104326 0.000000
vn 0.994543 0.104326 0.000000
vn 0.994543 0.104326 0.000000
vn 0.994543 0.104326 0.000000
vn 0.693274 0.552815 0.462348
vn 0.693274 0.552815 0.462348
vn 0.693274 0.552815 0.462348
vn 0.893268 0.449371 -0.011798
vn 0.893268 0.449371 -0.011798
vn 0.893268 0.449371 -0.011798
vn 0.893268 0.449371 -0.011798
vn 0.999682 0.014535 -0.020609
vn 0.999682 0.014535 -0.020609
vn 0.999682 0.014535 -0.020609
vn 0.999682 0.014535 -0.020609
vn 0.999773 0.016841 -0.013035
vn 0.999773 0.016841 -0.013035
vn 0.999773 0.016841 -0.013035
vn 0.999773 0.016841 -0.013035
vn 0.999906 0.013475 -0.002591
vn 0.999906 0.013475 -0.002591
vn 0.999906 0.013475 -0.002591
vn 0.999906 0.013475 -0.002591
vn 0.999964 0.008311 -0.001676
vn 0.999964 0.008311 -0.001676
vn 0.999964 0.008311 -0.001676
vn 0.999964 0.008311 -0.001676
vn 0.999599 0.002835 -0.028188
vn 0.999599 0.002835 -0.028188
vn 0.999599 0.002835 -0.028188
vn 0.999599 0.002835 -0.028188
vn 0.999601 0.002862 -0.028112
vn 0.999601 0.002862 -0.028112
vn 0.999601 0.002862 -0.028112
vn 0.999601 0.002862 -0.028112
vn 0.999599 0.002828 -0.028188
vn 0.999599 0.002828 -0.028188
vn 0.999599 0.002828 -0.028188
vn 0.999599 0.002828 -0.028188
vn 0.999599 0.002820 -0.028180
vn 0.999599 0.002820 -0.028180
vn 0.999599 0.002820 -0.028180
vn 0.999599 0.002820 -0.028180
vn 0.999595 0.002752 -0.028321
vn 0.999595 0.002752 -0.028321
vn 0.999595 0.002752 -0.028321
vn 0.999595 0.002752 -0.028321
vn -0.000349 0.999925 0.012247
vn -0.000349 0.999925 0.012247
vn -0.000349 0.999925 0.012247
vn -0.000349 0.999925 0.012247
vn -0.999595 -0.002815 0.028320
vn -0.999595 -0.002815 0.028320
vn -0.999595 -0.002815 0.028320
vn -0.999595 -0.002815 0.028320
vn -0.999599 -0.002849 0.028173
vn -0.999599 -0.002849 0.028173
vn -0.999599 -0.002849 0.028173
vn -0.999599 -0.002849 0.028173
vn -0.999599 -0.002834 0.028185
vn -0.999599 -0.002834 0.028185
vn -0.999599 -0.002834 0.028185
vn -0.999599 -0.002834 0.028185
vn -0.999599 -0.002828 0.028172
vn -0.999599 -0.002828 0.028172
vn -0.999599 -0.002828 0.028172
vn -0.999599 -0.002828 0.028172
vn -0.999599 -0.002839 0.028182
vn -0.999599 -0.002839 0.028182
vn -0.999599 -0.002839 0.028182
vn -0.999599 -0.002839 0.028182
vn -0.999964 -0.008311 0.001691
vn -0.999964 -0.008311 0.001691
vn -0.999964 -0.008311 0.001691
vn -0.999964 -0.008311 0.001691
vn -0.999906 -0.013476 0.002601
vn -0.999906 -0.013476 0.002601
vn -0.999906 -0.013476 0.002601
vn -0.999906 -0.013476 0.002601
vn -0.999773 -0.016787 0.013087
vn -0.999774 -0.016787 0.013087
vn -0.999773 -0.016787 0.013087
vn -0.999774 -0.016787 0.013087
vn -0.999682 -0.014531 0.020603
vn -0.999682 -0.014531 0.020603
vn -0.999682 -0.014531 0.020603
vn -0.999682 -0.014531 0.020603
vn -0.999801 -0.011081 0.016584
vn -0.999801 -0.011081 0.016584
vn -0.999801 -0.011081 0.016584
vn -0.999801 -0.011081 0.016584
vn 0.078632 -0.996904 0.000000
vn 0.078632 -0.996904 0.000000
vn 0.078632 -0.996904 0.000000
vn 0.078632 -0.996904 0.000000
vn -0.114194 0.792672 -0.598859
vn -0.114193 0.792672 -0.598859
vn -0.114193 0.792672 -0.598859
vn -0.022732 -0.524893 -0.850865
vn -0.022732 -0.524893 -0.850865
vn -0.022732 -0.524893 -0.850865
vn 0.078632 -0.996904 0.000000
vn 0.078632 -0.996904 0.000000
vn 0.078632 -0.996904 0.000000
vn 0.078632 -0.996904 0.000000
vn -0.022732 -0.524893 0.850865
vn -0.022732 -0.524893 0.850865
vn -0.022732 -0.524893 0.850865
vn -0.114194 0.792672 0.598859
vn -0.114193 0.792672 0.598859
vn -0.114193 0.792672 0.598859
vn 0.676173 0.736648 0.011824
vn 0.676173 0.736648 0.011824
vn 0.676173 0.736648 0.011824
vn 0.676173 0.736648 0.011824
vn 0.492717 0.210189 0.844423
vn 0.492717 0.210189 0.844423
vn 0.492717 0.210189 0.844423
vn 0.492717 0.210189 0.844423
vn 0.121483 -0.983047 0.137331
vn 0.121483 -0.983047 0.137331
vn 0.121483 -0.983047 0.137331
vn 0.121483 -0.983047 0.137331
vn 0.055363 -0.983573 -0.171812
vn 0.055363 -0.983573 -0.171812
vn 0.055363 -0.983573 -0.171812
vn 0.055363 -0.983573 -0.171812
vn 0.506434 0.217647 -0.834359
vn 0.506434 0.217647 -0.834359
vn 0.506434 0.217647 -0.834359
vn 0.506434 0.217647 -0.834359
vn 0.676173 0.736648 -0.011824
vn 0.676173 0.736648 -0.011824
vn 0.676173 0.736648 -0.011824
vn 0.676173 0.736648 -0.011824
vn 0.244800 0.967919 -0.056625
vn 0.244800 0.967919 -0.056625
vn 0.244800 0.967919 -0.056625
vn 0.244800 0.967919 -0.056625
vn 0.144728 0.050646 0.988175
vn 0.144728 0.050646 0.988175
vn 0.144728 0.050646 0.988175
vn 0.144728 0.050646 0.988175
vn -0.162382 -0.986606 0.015549
vn -0.162382 -0.986606 0.015549
vn -0.162382 -0.986606 0.015549
vn -0.162382 -0.986606 0.015549
vn -0.162382 -0.986606 -0.015549
vn -0.162382 -0.986606 -0.015549
vn -0.162382 -0.986606 -0.015549
vn -0.162382 -0.986606 -0.015549
vn 0.144727 0.050646 -0.988175
vn 0.144727 0.050646 -0.988175
vn 0.144727 0.050646 -0.988175
vn 0.144727 0.050646 -0.988175
vn 0.244800 0.967919 0.056625
vn 0.244800 0.967919 0.056625
vn 0.244800 0.967919 0.056625
vn 0.244800 0.967919 0.056625
vn 0.246469 0.967925 -0.048716
vn 0.246469 0.967925 -0.048716
vn 0.246469 0.967925 -0.048716
vn 0.246469 0.967925 -0.048716
vn -0.042057 -0.512092 0.857901
vn -0.042057 -0.512092 0.857900
vn -0.042057 -0.512092 0.857900
vn -0.042057 -0.512092 0.857900
vn -0.164435 -0.986369 0.006159
vn -0.164435 -0.986369 0.006159
vn -0.164435 -0.986369 0.006159
vn -0.164435 -0.986369 0.006159
vn -0.164434 -0.986369 -0.006159
vn -0.164434 -0.986369 -0.006159
vn -0.164434 -0.986369 -0.006159
vn -0.164434 -0.986369 -0.006159
vn -0.042057 -0.512091 -0.857901
vn -0.042057 -0.512091 -0.857901
vn -0.042057 -0.512091 -0.857901
vn -0.042057 -0.512091 -0.857901
vn 0.246469 0.967925 0.048718
vn 0.246469 0.967926 0.048718
vn 0.246469 0.967926 0.048718
vn 0.246469 0.967925 0.048718
vn -0.989878 0.110341 -0.089258
vn -0.989878 0.110341 -0.089258
vn -0.989878 0.110341 -0.089258
vn -0.989878 0.110341 -0.089258
vn -0.166189 -0.986079 0.005461
vn -0.166189 -0.986079 0.005461
vn -0.166189 -0.986079 0.005461
vn -0.166189 -0.986079 0.005461
vn 0.987930 -0.123653 0.093300
vn 0.987930 -0.123653 0.093300
vn 0.987930 -0.123653 0.093300
vn 0.987930 -0.123653 0.093300
vn 0.248045 0.968006 -0.037913
vn 0.248045 0.968006 -0.037913
vn 0.248045 0.968006 -0.037913
vn 0.248045 0.968006 -0.037913
vn -0.989877 0.110344 0.089258
vn -0.989877 0.110344 0.089258
vn -0.989877 0.110344 0.089258
vn -0.989877 0.110344 0.089258
vn 0.248056 0.968004 0.037912
vn 0.248056 0.968004 0.037912
vn 0.248056 0.968004 0.037912
vn 0.248056 0.968004 0.037912
vn 0.987929 -0.123648 -0.093311
vn 0.987929 -0.123648 -0.093311
vn 0.987929 -0.123648 -0.093311
vn 0.987929 -0.123648 -0.093311
vn -0.166188 -0.986079 -0.005461
vn -0.166188 -0.986079 -0.005461
vn -0.166188 -0.986079 -0.005461
vn -0.166188 -0.986079 -0.005461
vn 0.199247 0.182111 -0.962879
vn 0.199247 0.182111 -0.962879
vn 0.199247 0.182111 -0.962879
vn 0.199247 0.182111 -0.962879
vn -0.842875 0.526284 -0.112190
vn -0.842875 0.526284 -0.112190
vn -0.842875 0.526284 -0.112190
vn -0.842875 0.526284 -0.112190
vn 0.069580 0.169277 0.983109
vn 0.069580 0.169277 0.983109
vn 0.069580 0.169277 0.983109
vn 0.069580 0.169277 0.983109
vn 0.975096 0.198404 0.099115
vn 0.975096 0.198404 0.099115
vn 0.975096 0.198404 0.099115
vn 0.975096 0.198404 0.099115
vn 0.199249 0.182109 0.962879
vn 0.199249 0.182109 0.962879
vn 0.199249 0.182109 0.962879
vn 0.199249 0.182109 0.962879
vn 0.975097 0.198398 -0.099116
vn 0.975097 0.198398 -0.099116
vn 0.975097 0.198398 -0.099116
vn 0.975097 0.198398 -0.099116
vn 0.069580 0.169275 -0.983110
vn 0.069580 0.169275 -0.983110
vn 0.069580 0.169275 -0.983110
vn 0.069580 0.169275 -0.983110
vn -0.842870 0.526290 0.112201
vn -0.842870 0.526290 0.112201
vn -0.842870 0.526290 0.112201
vn -0.842870 0.526290 0.112201
vn 0.000000 -1.000000 0.000000
vn 0.000000 -1.000000 0.000000
vn 0.000000 -1.000000 0.000000
vn 0.000000 -1.000000 0.000000
vn 0.066717 0.616128 -0.784815
vn 0.066717 0.616128 -0.784815
vn 0.066717 0.616129 -0.784815
vn 0.066718 0.616129 -0.784815
vn 0.336292 0.935429 -0.108999
vn 0.336292 0.935429 -0.108999
vn 0.336292 0.935429 -0.108999
vn 0.336292 0.935429 -0.108999
vn 0.000000 -1.000000 0.000000
vn 0.000000 -1.000000 0.000000
vn 0.000000 -1.000000 0.000000
vn 0.000000 -1.000000 0.000000
vn 0.336294 0.935428 0.109001
vn 0.336294 0.935428 0.109001
vn 0.336294 0.935428 0.109001
vn 0.336294 0.935428 0.109001
vn 0.066717 0.616128 0.784815
vn 0.066717 0.616128 0.784815
vn 0.066717 0.616129 0.784815
vn 0.066717 0.616129 0.784815
vn -0.928994 -0.127792 -0.347332
vn -0.928994 -0.127792 -0.347332
vn -0.928994 -0.127792 -0.347332
vn -0.928994 -0.127792 -0.347332
vn 0.238386 0.964158 -0.116493
vn 0.238386 0.964158 -0.116493
vn 0.238386 0.964158 -0.116493
vn 0.238386 0.964158 -0.116493
vn 0.994543 0.104330 0.000000
vn 0.994543 0.104330 0.000000
vn 0.994543 0.104330 0.000000
vn 0.994543 0.104330 0.000000
vn 0.000000 -1.000000 0.000000
vn 0.000000 -1.000000 0.000000
vn 0.000000 -1.000000 0.000000
vn 0.000000 -1.000000 0.000000
vn -0.928993 -0.127799 0.347332
vn -0.928993 -0.127799 0.347332
vn -0.928993 -0.127799 0.347332
vn -0.928993 -0.127799 0.347332
vn 0.000000 -1.000000 0.000000
vn 0.000000 -1.000000 0.000000
vn 0.000000 -1.000000 0.000000
vn 0.000000 -1.000000 0.000000
vn 0.994543 0.104327 0.000000
vn 0.994543 0.104327 0.000000
vn 0.994543 0.104327 0.000000
vn 0.994543 0.104327 0.000000
vn 0.238386 0.964158 0.116493
vn 0.238386 0.964158 0.116493
vn 0.238386 0.964158 0.116493
vn 0.238386 0.964158 0.116493
vn 0.000000 -0.216488 0.976285
vn 0.000000 -0.216488 0.976285
vn 0.000000 -0.216488 0.976285
vn 0.000000 -0.216488 0.976285
vn -0.984538 -0.175171 0.000000
vn -0.984538 -0.175171 0.000000
vn -0.984538 -0.175171 0.000000
vn -0.984538 -0.175171 0.000000
vn 0.000000 -0.216490 -0.976285
vn 0.000000 -0.216490 -0.976285
vn 0.000000 -0.216490 -0.976285
vn 0.000000 -0.216490 -0.976285
vn 0.984539 -0.175166 0.000000
vn 0.984539 -0.175166 0.000000
vn 0.984539 -0.175166 0.000000
vn 0.984539 -0.175166 0.000000
vn 0.000000 -0.216488 -0.976285
vn 0.000000 -0.216488 -0.976285
vn 0.000000 -0.216488 -0.976285
vn 0.000000 -0.216488 -0.976285
vn 0.984539 -0.175166 0.000000
vn 0.984539 -0.175166 0.000000
vn 0.984539 -0.175166 0.000000
vn 0.984539 -0.175166 0.000000
vn 0.000000 -0.216490 0.976285
vn 0.000000 -0.216490 0.976285
vn 0.000000 -0.216490 0.976285
vn 0.000000 -0.216490 0.976285
vn -0.984539 -0.175168 0.000000
vn -0.984539 -0.175168 0.000000
vn -0.984539 -0.175168 0.000000
vn -0.984539 -0.175168 0.000000
vn 0.000000 -0.352512 0.935807
vn 0.000000 -0.352512 0.935807
vn 0.000000 -0.352512 0.935807
vn 0.000000 -0.352512 0.935807
vn -0.957236 -0.289309 0.000000
vn -0.957236 -0.289309 0.000000
vn -0.957236 -0.289309 0.000000
vn -0.957236 -0.289309 0.000000
vn 0.000000 -0.352512 -0.935807
vn 0.000000 -0.352512 -0.935807
vn 0.000000 -0.352512 -0.935807
vn 0.000000 -0.352512 -0.935807
vn 0.957241 -0.289291 0.000000
vn 0.957241 -0.289291 0.000000
vn 0.957241 -0.289291 0.000000
vn 0.957241 -0.289291 0.000000
vn 0.000000 -0.352511 -0.935808
vn 0.000000 -0.352511 -0.935808
vn 0.000000 -0.352511 -0.935808
vn 0.000000 -0.352511 -0.935808
vn 0.957242 -0.289287 0.000000
vn 0.957242 -0.289287 0.000000
vn 0.957242 -0.289287 0.000000
vn 0.957242 -0.289287 0.000000
vn 0.000000 -0.352511 0.935808
vn 0.000000 -0.352511 0.935808
vn 0.000000 -0.352511 0.935808
vn 0.000000 -0.352511 0.935808
vn -0.957229 -0.289330 0.000000
vn -0.957229 -0.289330 0.000000
vn -0.957229 -0.289330 0.000000
vn -0.957229 -0.289330 0.000000
vn 0.250984 0.460839 -0.851255
vn 0.250984 0.460839 -0.851255
vn 0.250984 0.460839 -0.851255
vn 0.250984 0.460839 -0.851255
vn -0.799701 0.589819 -0.112216
vn -0.799701 0.589819 -0.112216
vn -0.799701 0.589819 -0.112216
vn -0.799701 0.589819 -0.112216
vn 0.012233 0.572183 0.820035
vn 0.012233 0.572183 0.820035
vn 0.012233 0.572183 0.820035
vn 0.012233 0.572183 0.820035
vn 0.959066 0.273719 0.072603
vn 0.959066 0.273719 0.072603
vn 0.959066 0.273719 0.072603
vn 0.959065 0.273719 0.072603
vn 0.250986 0.460840 0.851253
vn 0.250986 0.460840 0.851253
vn 0.250986 0.460840 0.851253
vn 0.250986 0.460840 0.851253
vn 0.959071 0.273701 -0.072602
vn 0.959071 0.273701 -0.072602
vn 0.959071 0.273701 -0.072602
vn 0.959071 0.273701 -0.072602
vn 0.012233 0.572195 -0.820027
vn 0.012233 0.572195 -0.820027
vn 0.012233 0.572195 -0.820027
vn 0.012233 0.572195 -0.820026
vn -0.799686 0.589835 0.112238
vn -0.799686 0.589835 0.112238
vn -0.799686 0.589834 0.112238
vn -0.799686 0.589835 0.112238
vn 0.183657 0.158596 0.970112
vn 0.183657 0.158596 0.970112
vn 0.183657 0.158596 0.970112
vn 0.183657 0.158596 0.970112
vn 0.183657 0.158596 0.970112
vn 0.194921 0.916037 0.350546
vn 0.194921 0.916037 0.350545
vn 0.194921 0.916037 0.350546
vn 0.194921 0.916037 0.350546
vn 0.194921 0.916037 0.350546
vn 0.218098 0.960695 0.171753
vn 0.218098 0.960695 0.171753
vn 0.218098 0.960695 0.171752
vn 0.218098 0.960695 0.171753
vn 0.218098 0.960695 0.171753
vn 0.054993 0.132244 0.989691
vn 0.054993 0.132244 0.989691
vn 0.054993 0.132244 0.989691
vn 0.054993 0.132244 0.989691
vn 0.054993 0.132244 0.989691
vn -0.083571 0.028743 -0.996087
vn -0.083571 0.028743 -0.996087
vn -0.083571 0.028743 -0.996087
vn -0.083571 0.028743 -0.996087
vn -0.083571 0.028743 -0.996087
vn 0.218098 0.960695 -0.171752
vn 0.218098 0.960695 -0.171752
vn 0.218098 0.960695 -0.171752
vn 0.218098 0.960695 -0.171752
vn 0.218098 0.960695 -0.171752
vn 0.194921 0.916037 -0.350545
vn 0.194921 0.916037 -0.350545
vn 0.194921 0.916037 -0.350545
vn 0.194921 0.916037 -0.350545
vn 0.194921 0.916037 -0.350545
vn 0.183657 0.158595 -0.970112
vn 0.183657 0.158595 -0.970112
vn 0.183657 0.158595 -0.970112
vn 0.183657 0.158595 -0.970112
vn 0.183657 0.158596 -0.970112
vn 0.375913 -0.923880 -0.071661
vn 0.375913 -0.923880 -0.071661
vn 0.375913 -0.923880 -0.071661
vn 0.375913 -0.923880 -0.071661
vn -0.375914 -0.923879 0.071662
vn -0.375914 -0.923879 0.071662
vn -0.375914 -0.923879 0.071662
vn -0.375914 -0.923879 0.071662
vn -0.907537 -0.382683 0.173006
vn -0.907537 -0.382683 0.173006
vn -0.907537 -0.382683 0.173006
vn -0.907537 -0.382683 0.173006
vn -0.907537 0.382683 0.173006
vn -0.907537 0.382683 0.173006
vn -0.907537 0.382683 0.173006
vn -0.907537 0.382683 0.173006
vn -0.375914 0.923879 0.071661
vn -0.375914 0.923879 0.071661
vn -0.375914 0.923879 0.071661
vn -0.375914 0.923879 0.071661
vn 0.375913 0.923880 -0.071662
vn 0.375913 0.923880 -0.071662
vn 0.375913 0.923880 -0.071662
vn 0.375913 0.923880 -0.071662
vn 0.907537 0.382682 -0.173006
vn 0.907537 0.382682 -0.173006
vn 0.907537 0.382682 -0.173006
vn 0.907537 0.382682 -0.173006
vn 0.907537 -0.382682 -0.173006
vn 0.907537 -0.382682 -0.173006
vn 0.907537 -0.382682 -0.173006
vn 0.907537 -0.382682 -0.173006
vn 0.187262 0.000000 0.982310
vn 0.187262 0.000000 0.982310
vn 0.187261 -0.000000 0.982310
vn 0.187261 -0.000000 0.982310
vn 0.187261 -0.000000 0.982310
vn 0.187261 0.000000 0.982310
vn 0.187261 0.000000 0.982310
vn 0.187262 -0.000000 0.982310
vn 0.187261 -0.000000 0.982310
vn -0.187261 0.000000 -0.982310
vn -0.187261 0.000000 -0.982310
vn -0.187261 -0.000000 -0.982310
vn -0.187261 0.000000 -0.982310
vn -0.187261 0.000000 -0.982310
vn -0.187262 0.000000 -0.982310
vn -0.187261 0.000000 -0.982310
vn -0.187261 -0.000000 -0.982310
vn -0.187261 -0.000000 -0.982310
vn 0.171341 0.038718 0.984451
vn 0.171341 0.038718 0.984451
vn 0.171341 0.038718 0.984451
vn 0.171341 0.038718 0.984451
vn -0.202851 0.038719 -0.978444
vn -0.202851 0.038719 -0.978444
vn -0.202851 0.038719 -0.978444
vn -0.202851 0.038719 -0.978444
vn 0.202850 0.038719 0.978444
vn 0.202850 0.038719 0.978444
vn 0.202850 0.038719 0.978444
vn 0.202850 0.038719 0.978444
vn -0.171343 0.038718 -0.984450
vn -0.171343 0.038718 -0.984450
vn -0.171343 0.038718 -0.984450
vn -0.171343 0.038718 -0.984450
vn 0.225129 0.016038 0.974197
vn 0.225129 0.016038 0.974197
vn 0.225129 0.016038 0.974197
vn 0.225129 0.016038 0.974197
vn -0.149067 0.016037 -0.988697
vn -0.149067 0.016037 -0.988697
vn -0.149067 0.016037 -0.988697
vn -0.149067 0.016037 -0.988697
vn 0.225128 -0.016038 0.974197
vn 0.225128 -0.016038 0.974197
vn 0.225128 -0.016038 0.974197
vn 0.225128 -0.016038 0.974197
vn -0.149067 -0.016037 -0.988697
vn -0.149067 -0.016037 -0.988697
vn -0.149067 -0.016037 -0.988697
vn -0.149067 -0.016037 -0.988697
vn 0.202851 -0.038719 0.978444
vn 0.202851 -0.038719 0.978444
vn 0.202851 -0.038719 0.978444
vn 0.202851 -0.038719 0.978444
vn -0.171344 -0.038719 -0.984450
vn -0.171344 -0.038719 -0.984450
vn -0.171344 -0.038719 -0.984450
vn -0.171344 -0.038719 -0.984450
vn 0.171343 -0.038718 0.984450
vn 0.171343 -0.038718 0.984450
vn 0.171343 -0.038718 0.984450
vn 0.171343 -0.038718 0.984450
vn -0.202852 -0.038719 -0.978444
vn -0.202852 -0.038719 -0.978444
vn -0.202852 -0.038719 -0.978444
vn -0.202852 -0.038719 -0.978444
vn 0.149063 -0.016037 0.988698
vn 0.149063 -0.016037 0.988698
vn 0.149063 -0.016037 0.988698
vn 0.149063 -0.016037 0.988698
vn -0.225131 -0.016038 -0.974197
vn -0.225131 -0.016038 -0.974196
vn -0.225131 -0.016038 -0.974196
vn -0.225131 -0.016038 -0.974197
vn 0.149064 0.016037 0.988698
vn 0.149064 0.016037 0.988698
vn 0.149064 0.016037 0.988698
vn 0.149064 0.016037 0.988698
vn -0.225130 0.016038 -0.974197
vn -0.225130 0.016038 -0.974197
vn -0.225130 0.016038 -0.974197
vn -0.225130 0.016038 -0.974197
vn -0.375915 0.923879 0.071658
vn -0.375915 0.923879 0.071658
vn -0.375915 0.923879 0.071658
vn -0.375915 0.923879 0.071659
vn 0.375916 -0.923879 -0.071658
vn 0.375916 -0.923879 -0.071658
vn 0.375916 -0.923879 -0.071658
vn 0.375916 -0.923879 -0.071658
vn 0.375915 0.923880 -0.071656
vn 0.375915 0.923880 -0.071656
vn 0.375915 0.923880 -0.071656
vn 0.375915 0.923880 -0.071656
vn -0.375913 -0.923880 0.071665
vn -0.375913 -0.923880 0.071665
vn -0.375913 -0.923880 0.071665
vn -0.375913 -0.923880 0.071665
vn 0.907537 0.382683 -0.173007
vn 0.907537 0.382683 -0.173007
vn 0.907537 0.382683 -0.173007
vn 0.907537 0.382683 -0.173007
vn -0.907534 -0.382687 0.173011
vn -0.907534 -0.382687 0.173011
vn -0.907534 -0.382687 0.173011
vn -0.907534 -0.382687 0.173011
vn 0.907536 -0.382683 -0.173010
vn 0.907536 -0.382683 -0.173010
vn 0.907536 -0.382683 -0.173010
vn 0.907536 -0.382683 -0.173010
vn -0.907534 0.382687 0.173010
vn -0.907534 0.382687 0.173010
vn -0.907534 0.382686 0.173010
vn -0.907534 0.382687 0.173010
vn 0.375915 -0.923879 -0.071659
vn 0.375915 -0.923879 -0.071659
vn 0.375915 -0.923879 -0.071659
vn 0.375915 -0.923879 -0.071659
vn -0.375913 0.923880 0.071670
vn -0.375913 0.923880 0.071670
vn -0.375912 0.923879 0.071670
vn -0.375913 0.923879 0.071670
vn -0.375914 -0.923879 0.071669
vn -0.375914 -0.923879 0.071669
vn -0.375914 -0.923879 0.071669
vn -0.375914 -0.923879 0.071669
vn 0.375916 0.923878 -0.071671
vn 0.375916 0.923878 -0.071671
vn 0.375916 0.923878 -0.071671
vn 0.375916 0.923878 -0.071671
vn -0.907535 -0.382688 0.173006
vn -0.907534 -0.382688 0.173006
vn -0.907535 -0.382688 0.173006
vn -0.907535 -0.382688 0.173006
vn 0.907533 0.382689 -0.173010
vn 0.907533 0.382689 -0.173010
vn 0.907533 0.382689 -0.173010
vn 0.907533 0.382689 -0.173010
vn -0.907534 0.382688 0.173009
vn -0.907534 0.382688 0.173009
vn -0.907534 0.382688 0.173009
vn -0.907534 0.382688 0.173009
vn 0.907534 -0.382689 -0.173006
vn 0.907534 -0.382689 -0.173006
vn 0.907534 -0.382689 -0.173006
vn 0.907534 -0.382689 -0.173006
vn -0.375915 0.923880 0.071656
vn -0.375915 0.923880 0.071656
vn -0.375915 0.923880 0.071656
vn -0.375915 0.923880 0.071656
vn 0.375918 -0.923878 -0.071665
vn 0.375918 -0.923878 -0.071665
vn 0.375918 -0.923878 -0.071665
vn 0.375918 -0.923878 -0.071665
vn 0.375915 0.923880 -0.071658
vn 0.375914 0.923880 -0.071658
vn 0.375915 0.923880 -0.071658
vn 0.375914 0.923880 -0.071658
vn -0.375911 -0.923881 0.071659
vn -0.375911 -0.923881 0.071659
vn -0.375911 -0.923881 0.071659
vn -0.375911 -0.923881 0.071659
vn 0.907533 0.382688 -0.173014
vn 0.907533 0.382688 -0.173014
vn 0.907533 0.382688 -0.173014
vn 0.907533 0.382688 -0.173014
vn -0.907534 -0.382688 0.173009
vn -0.907534 -0.382688 0.173009
vn -0.907534 -0.382688 0.173009
vn -0.907534 -0.382688 0.173009
vn 0.907533 -0.382688 -0.173015
vn 0.907533 -0.382688 -0.173015
vn 0.907533 -0.382688 -0.173015
vn 0.907533 -0.382688 -0.173015
vn -0.907533 0.382689 0.173010
vn -0.907533 0.382689 0.173010
vn -0.907533 0.382689 0.173010
vn -0.907533 0.382689 0.173010
vn 0.375915 -0.923879 -0.071669
vn 0.375915 -0.923879 -0.071669
vn 0.375915 -0.923879 -0.071669
vn 0.375915 -0.923879 -0.071669
vn -0.375911 0.923880 0.071671
vn -0.375910 0.923880 0.071671
vn -0.375911 0.923880 0.071671
vn -0.375911 0.923880 0.071671
vn -0.375915 -0.923879 0.071659
vn -0.375915 -0.923879 0.071659
vn -0.375915 -0.923879 0.071659
vn -0.375915 -0.923879 0.071659
vn 0.375917 0.923878 -0.071670
vn 0.375917 0.923878 -0.071670
vn 0.375917 0.923877 -0.071670
vn 0.375917 0.923878 -0.071670
vn -0.907537 -0.382681 0.173010
vn -0.907537 -0.382681 0.173010
vn -0.907537 -0.382681 0.173010
vn -0.907537 -0.382681 0.173010
vn 0.907534 0.382686 -0.173010
vn 0.907534 0.382686 -0.173010
vn 0.907535 0.382686 -0.173010
vn 0.907534 0.382686 -0.173010
vn -0.907537 0.382681 0.173007
vn -0.907537 0.382681 0.173007
vn -0.907537 0.382681 0.173007
vn -0.907537 0.382681 0.173007
vn 0.907534 -0.382686 -0.173013
vn 0.907534 -0.382686 -0.173013
vn 0.907534 -0.382686 -0.173013
vn 0.907534 -0.382686 -0.173013
vn -0.121861 -0.970096 -0.209916
vn -0.906148 -0.139764 -0.399202
vn -0.856544 -0.093038 -0.507619
vn -0.051423 -0.769592 -0.636462
vn -0.588681 0.799614 0.118625
vn 0.089697 0.904247 0.417483
vn 0.226205 0.958486 0.173595
vn -0.513641 0.844373 -0.152342
vn 0.906148 0.139764 0.399201
vn 0.475848 -0.877905 0.053404
vn 0.688417 -0.655480 -0.310528
vn 0.940893 0.184199 0.284240
vn -0.787939 -0.426865 0.443777
vn -0.834617 0.281665 -0.473370
vn 0.765872 0.124133 -0.630897
vn 0.761276 -0.579333 0.291259
vn -0.109574 -0.414538 0.903412
vn -0.219770 0.034024 0.974958
vn -0.572817 -0.020444 0.819428
vn -0.478218 -0.471402 0.741004
vn -0.045480 -0.428014 -0.902627
vn 0.976697 -0.116053 0.180541
vn 0.876413 0.346752 0.334161
vn 0.249195 0.952431 -0.175431
vn -0.183946 0.914337 -0.360765
vn -0.779693 -0.100996 -0.617963
vn -0.362096 -0.648713 0.669371
vn 0.434137 -0.595413 0.676024
vn 0.977826 0.084988 0.191400
vn 0.973678 0.148668 0.172766
vn -0.956952 0.274982 0.092885
vn -0.979394 -0.128254 -0.156011
vn -0.429269 -0.550105 0.716319
vn 0.429269 -0.550105 0.716319
vn 0.999230 -0.027750 -0.027749
vn 0.823295 0.279943 -0.493778
vn 0.888409 0.247817 -0.386415
vn -0.888409 0.247817 -0.386414
vn -0.823295 0.279943 -0.493778
vn -0.999230 -0.027750 -0.027749
vn -0.396767 -0.490924 0.775609
vn 0.396767 -0.490925 0.775609
vn 1.000000 -0.000000 0.000000
vn 0.986154 -0.088173 -0.140447
vn 0.382066 0.494249 -0.780861
vn -0.382067 0.494249 -0.780861
vn -0.986154 -0.088173 -0.140447
vn -1.000000 0.000000 0.000000
vn -0.386700 -0.567211 0.727141
vn 0.386700 -0.567212 0.727141
vn 1.000000 -0.000000 0.000000
vn 0.422274 0.566161 -0.707917
vn -0.422274 0.566161 -0.707917
vn -1.000000 0.000001 0.000000
vn -0.445053 -0.593405 0.670670
vn 0.445052 -0.593406 0.670670
vn 1.000000 -0.000000 0.000000
vn 0.454185 0.642264 -0.617424
vn -0.454186 0.642264 -0.617424
vn -1.000000 0.000001 0.000000
vn -0.462162 -0.636383 0.617595
vn 0.462159 -0.636384 0.617596
vn 0.998787 -0.034822 -0.034821
vn 0.462162 0.617592 -0.636385
vn -0.462161 0.617593 -0.636385
vn -0.998787 -0.034821 -0.034821
vn -0.258469 0.450145 0.854730
vn 0.258466 0.450146 0.854730
vn 0.744563 0.472032 0.472030
vn 0.309003 0.895283 0.320914
vn -0.150366 0.903596 0.401130
vn -0.744566 0.472028 0.472028
vn -0.313169 -0.257257 0.914191
vn 0.499540 -0.231910 0.834672
vn 1.000000 -0.000487 -0.000488
vn 0.487538 0.829974 -0.271015
vn -0.322933 0.932330 -0.162710
vn -0.847984 0.374783 0.374782
vn -0.478222 0.125353 0.869247
vn 0.707829 -0.146287 0.691070
vn 0.946913 -0.227329 -0.227328
vn 0.725671 0.627061 -0.283189
vn -0.578687 0.812887 -0.065847
vn -0.985007 0.121988 0.121987
vn 0.645958 -0.311662 0.696854
vn 0.663129 0.742099 -0.097720
vn -0.663129 0.742099 -0.097720
vn -0.645958 -0.311661 0.696854
vn -0.471660 -0.864872 -0.171853
vn -0.584597 0.461341 -0.667392
vn 0.584597 0.461341 -0.667392
vn 0.471660 -0.864872 -0.171853
vn 0.764566 -0.376933 0.522839
vn -0.764566 -0.376933 0.522839
vn -0.667999 0.637718 -0.383526
vn 0.667999 0.637718 -0.383526
vn -0.883175 -0.322223 0.340844
vn 0.883175 -0.322224 0.340844
vn 0.849391 0.318127 -0.421106
vn -0.849391 0.318127 -0.421106
vn -0.820836 -0.341409 0.457895
vn 0.820836 -0.341409 0.457895
vn 0.829193 0.311486 -0.464129
vn -0.829193 0.311486 -0.464129
vn -0.764279 -0.412703 0.495535
vn 0.764278 -0.412703 0.495535
vn 0.766345 0.389875 -0.510601
vn -0.766345 0.389874 -0.510601
vn -0.743350 -0.411552 0.527310
vn 0.743350 -0.411552 0.527310
vn 0.744167 0.413048 -0.524983
vn -0.744168 0.413047 -0.524982
vn -0.615640 -0.604864 0.505101
vn 0.615640 -0.604864 0.505101
vn 0.713573 0.474324 -0.515588
vn -0.713573 0.474324 -0.515587
vn -0.656915 0.354461 0.665447
vn 0.829080 0.208060 0.518978
vn 0.990357 -0.097961 -0.097961
vn 0.696186 0.704659 -0.137044
vn -0.559927 0.828436 -0.013247
vn -0.990687 0.096281 0.096280
vn -0.670047 -0.512177 0.537318
vn -0.710908 0.262290 -0.652544
vn 0.608511 0.132428 -0.782417
vn 0.649421 -0.642049 0.407463
vn 0.884905 -0.430271 -0.178356
vn 0.965645 -0.175925 -0.191259
vn 0.645711 0.426529 -0.633349
vn -0.661101 0.555151 -0.504731
vn -0.999844 0.017526 0.002194
vn -0.968797 -0.247821 0.004093
vn -0.216514 -0.200478 0.955474
vn -0.512603 -0.176660 0.840256
vn 0.621265 -0.288259 0.728654
vn 0.354083 -0.256637 0.899312
vn 0.482814 -0.002756 -0.875719
vn 0.577753 -0.000083 -0.816212
vn -0.634104 0.107175 -0.765784
vn -0.713423 0.127000 -0.689128
vn -0.361110 -0.146692 0.920914
vn 0.496895 -0.231134 0.836464
vn 0.383992 0.278270 -0.880407
vn -0.485680 0.363860 -0.794809
vn -0.577261 0.190655 0.793990
vn 0.745470 0.060470 0.663790
vn 0.643762 0.213979 -0.734700
vn -0.719849 0.348190 -0.600484
vn -0.655609 -0.037883 0.754150
vn 0.768984 -0.178106 0.613956
vn 0.595737 -0.033009 -0.802501
vn -0.734420 0.097915 -0.671595
vn -0.618735 0.046930 0.784197
vn 0.755711 -0.088337 0.648921
vn 0.615369 -0.081479 -0.784017
vn -0.759102 0.053788 -0.648745
vn -0.429640 -0.374033 0.821893
vn 0.499797 -0.465514 0.730411
vn 0.636516 0.082411 -0.766848
vn -0.744489 0.218343 -0.630922
vn -0.548975 -0.404431 0.731479
vn 0.591264 -0.516661 0.619248
vn 0.582272 0.190783 -0.790292
vn -0.675904 0.314624 -0.666457
vn -0.560492 -0.293976 0.774227
vn 0.615311 -0.414264 0.670655
vn 0.499795 0.367051 -0.784525
vn -0.581545 0.465007 -0.667513
vn -0.511569 -0.138361 0.848029
vn 0.635364 -0.243104 0.732948
vn 0.763688 0.283305 -0.580103
vn -0.773343 0.478021 -0.416458
vn -0.660268 -0.423230 0.620422
vn 0.685444 -0.547457 0.480060
vn 0.654622 0.232986 -0.719158
vn -0.711738 0.369181 -0.597607
vn -0.029501 -0.630462 0.775659
vn -0.164401 -0.223096 0.960833
vn -0.533044 -0.279954 0.798429
vn -0.382520 -0.684916 0.620136
vn 0.906148 0.139764 0.399201
vn 0.940893 0.184197 0.284239
vn 0.907540 0.301074 0.292789
vn 0.973349 0.117958 0.196667
vn 0.999230 -0.027749 -0.027749
vn 1.000000 0.000000 0.000000
vn 1.000000 0.000000 0.000000
vn 1.000000 -0.000000 0.000000
vn 0.998787 -0.034821 -0.034821
vn 0.725373 0.515562 0.456103
vn 0.993327 0.115290 -0.003226
vn 0.950250 -0.210784 -0.229336
vn 0.990356 -0.097968 -0.097969
vn 0.934137 -0.241928 -0.262410
vn -0.673241 -0.555140 0.488433
vn -0.701322 0.401536 -0.588996
vn 0.638488 0.269661 -0.720845
vn 0.634776 -0.683874 0.359689
vn -0.996019 -0.051954 -0.072435
vn -0.990690 0.096263 0.096263
vn -0.988454 0.090081 0.121839
vn -0.867872 0.313450 0.385419
vn -0.753189 0.456944 0.473190
vn -0.998787 -0.034820 -0.034821
vn -1.000000 -0.000000 0.000000
vn -1.000000 -0.000000 0.000000
vn -1.000000 -0.000000 0.000000
vn -0.999230 -0.027749 -0.027749
vn -0.973122 -0.152777 -0.172317
vn -0.875883 -0.150867 -0.458333
vn -0.856544 -0.093036 -0.507619
vn -0.906148 -0.139764 -0.399201
vn -0.095817 -0.311040 0.945554
vn -0.543771 -0.380132 0.748206
vn 0.906148 0.139764 0.399201
vn 0.940893 0.184198 0.284238
vn 0.895577 0.319566 0.309549
vn 0.975357 0.104173 0.194492
vn 0.999230 -0.027750 -0.027749
vn 1.000000 0.000000 0.000000
vn 1.000000 0.000000 0.000000
vn 1.000000 0.000000 0.000000
vn 0.998787 -0.034820 -0.034820
vn 0.744562 0.472031 0.472032
vn 1.000000 -0.000490 -0.000489
vn 0.946267 -0.228669 -0.228668
vn 0.990356 -0.097969 -0.097969
vn 0.953124 -0.186037 -0.238632
vn -0.858431 -0.368552 0.356743
vn -0.858446 0.356733 -0.368527
vn 0.823515 0.191204 -0.534102
vn 0.823532 -0.534085 0.191174
vn -0.998899 0.006089 -0.046508
vn -0.990690 0.096262 0.096263
vn -0.984899 0.122420 0.122420
vn -0.847983 0.374782 0.374784
vn -0.744563 0.472030 0.472031
vn -0.998787 -0.034820 -0.034820
vn -1.000000 0.000001 0.000000
vn -1.000000 0.000000 0.000000
vn -1.000000 -0.000001 0.000000
vn -0.999230 -0.027750 -0.027749
vn -0.975723 -0.143038 -0.165848
vn -0.842202 -0.132057 -0.522740
vn -0.856544 -0.093036 -0.507618
vn -0.906148 -0.139763 -0.399201
vn -0.572608 -0.566073 0.593027
vn -0.628845 0.446407 -0.636612
vn 0.568229 0.328580 -0.754421
vn 0.556067 -0.677152 0.481928
vn -0.514450 -0.825641 0.231640
vn 0.380183 -0.913696 0.143600
vn 0.732138 0.154576 -0.663386
vn -0.802559 0.305636 -0.512333
vn -0.632959 -0.634773 0.443200
vn 0.571905 -0.753361 0.324612
vn 0.738261 0.559792 -0.376303
vn -0.674764 0.698869 -0.237227
vn -0.706945 -0.593651 0.384457
vn 0.639676 -0.726190 0.251917
vn 0.656266 0.573271 -0.490587
vn -0.615352 0.698430 -0.365429
vn -0.725135 -0.544964 0.420944
vn 0.673615 -0.682640 0.283276
vn 0.634115 0.544320 -0.549194
vn -0.610951 0.666864 -0.426651
vn -0.682428 -0.272447 0.678280
vn 0.729522 -0.381127 0.567927
vn 0.729547 0.567924 -0.381083
vn -0.682428 0.678288 -0.272430
vn -0.637769 -0.539052 0.550158
vn 0.617351 -0.660847 0.426800
vn 0.691833 0.498429 -0.522432
vn -0.669152 0.632347 -0.390350
vn -0.668189 -0.529830 0.522306
vn 0.641337 -0.658718 0.393417
vn 0.646942 0.507234 -0.569368
vn -0.634355 0.633339 -0.443255
vn -0.606471 -0.575379 0.548754
vn 0.578290 -0.691982 0.432136
vn 0.561369 0.539521 -0.627521
vn -0.557017 0.649602 -0.517445
vn -0.522536 -0.631868 0.572450
vn 0.491174 -0.731662 0.472672
vn 0.491164 0.472698 -0.731652
vn -0.522549 0.572417 -0.631886
vn -0.611134 -0.517815 0.598651
vn 0.603516 -0.637363 0.479099
vn 0.603527 0.479091 -0.637360
vn -0.611139 0.598648 -0.517812
vn -0.590832 -0.601845 0.537308
vn 0.555920 -0.714709 0.424435
vn 0.555918 0.424435 -0.714710
vn -0.590838 0.537304 -0.601843
vn -0.530666 -0.349484 0.772175
vn 0.592080 -0.460009 0.661690
vn 0.592113 0.661670 -0.459995
vn -0.530600 0.772257 -0.349404
vn -0.728419 -0.441261 0.524113
vn 0.716725 -0.583499 0.381881
vn 0.673451 0.346225 -0.653140
vn -0.707098 0.482113 -0.517281
vn 0.540383 -0.841390 -0.007000
vn -0.128856 -0.944613 -0.301832
vn -0.906148 -0.139762 -0.399202
vn 0.906148 0.139763 0.399201
vn -0.906148 -0.139765 -0.399202
vn -0.582788 0.769002 0.262665
vn -0.010542 0.857265 0.514768
vn 0.906148 0.139765 0.399202
vn -0.906148 -0.139763 -0.399201
vn 0.906148 0.139766 0.399201
vn 0.607575 -0.747318 -0.269015
vn -0.006271 -0.841999 -0.539443
vn -0.906148 -0.139765 -0.399202
vn 0.906148 0.139764 0.399201
vn -0.906149 -0.139761 -0.399201
vn -0.570953 0.775566 0.269276
vn -0.024583 0.859836 0.509977
vn 0.906147 0.139765 0.399203
vn -0.906149 -0.139762 -0.399201
vn 0.906147 0.139768 0.399203
vn 0.636660 -0.710493 -0.299772
vn -0.012022 -0.810547 -0.585550
vn -0.906148 -0.139764 -0.399202
vn 0.906148 0.139765 0.399202
vn -0.906149 -0.139761 -0.399200
vn -0.603824 0.741351 0.292908
vn -0.011904 0.832647 0.553676
vn 0.906148 0.139764 0.399202
vn -0.906149 -0.139761 -0.399200
vn 0.906146 0.139769 0.399205
vn 0.642000 -0.674333 -0.364845
vn 0.022469 -0.769891 -0.637780
vn -0.906149 -0.139762 -0.399201
vn 0.906148 0.139762 0.399202
vn -0.906150 -0.139760 -0.399199
vn -0.671736 0.701383 0.238398
vn 0.081264 0.817526 0.570130
vn 0.906147 0.139764 0.399203
vn -0.906149 -0.139762 -0.399200
vn 0.906145 0.139770 0.399205
vn 0.726902 -0.512514 -0.457102
vn -0.006313 -0.625606 -0.780114
vn -0.906151 -0.139766 -0.399193
vn 0.906148 0.139767 0.399202
vn -0.906149 -0.139764 -0.399200
vn -0.661657 0.745476 -0.080472
vn 0.294315 0.892925 0.340680
vn 0.906148 0.139766 0.399201
vn -0.906147 -0.139769 -0.399202
vn 0.906148 0.139764 0.399201
vn 0.519737 -0.841000 0.150310
vn -0.229498 -0.956564 -0.179765
vn -0.906147 -0.139763 -0.399204
vn 0.906147 0.139772 0.399202
vn -0.906146 -0.139768 -0.399206
vn -0.680668 0.724504 0.108558
vn 0.175084 0.856492 0.485559
vn 0.906147 0.139767 0.399204
vn -0.906147 -0.139768 -0.399203
vn 0.906148 0.139762 0.399201
vn 0.323407 -0.750508 0.576321
vn -0.434548 -0.867416 0.242398
vn -0.906148 -0.139764 -0.399201
vn 0.906150 0.139773 0.399193
vn -0.906144 -0.139775 -0.399207
vn -0.754186 0.426304 0.499468
vn 0.014999 0.544947 0.838336
vn 0.906145 0.139765 0.399209
vn -0.906146 -0.139767 -0.399205
vn 0.906148 0.139761 0.399203
vn -0.660494 -0.739878 0.127782
vn 0.517198 -0.855784 0.011853
vn 0.492359 -0.361256 -0.791882
vn -0.696322 -0.244260 -0.674887
vn -0.867778 -0.327406 0.373853
vn 0.843760 -0.495865 0.205396
vn 0.789603 0.509757 -0.341577
vn -0.727116 0.659037 -0.192284
vn -0.814174 -0.416034 0.405014
vn 0.781100 -0.573044 0.247998
vn 0.845720 0.276088 -0.456653
vn -0.848443 0.442832 -0.289904
vn -0.821324 -0.357814 0.444292
vn 0.806805 -0.518058 0.284045
vn 0.810310 0.382937 -0.443572
vn -0.791223 0.540561 -0.285938
vn -0.789234 -0.322059 0.522865
vn 0.798004 -0.478287 0.366648
vn 0.788069 0.412575 -0.456868
vn -0.766668 0.565597 -0.303843
vn -0.836258 -0.347962 0.423787
vn 0.819106 -0.510897 0.260864
vn 0.819110 0.260855 -0.510895
vn -0.836257 0.423784 -0.347968
vn -0.871093 -0.403984 0.279273
vn 0.813899 -0.569822 0.113457
vn 0.813886 0.113448 -0.569841
vn -0.871077 0.279309 -0.403993
vn -0.808687 -0.355362 0.468768
vn 0.799848 -0.513679 0.310446
vn 0.846670 0.346040 -0.404236
vn -0.825716 0.510653 -0.239639
vn -0.810740 -0.387016 0.439226
vn 0.790002 -0.544569 0.281674
vn 0.777602 0.350566 -0.521957
vn -0.781138 0.503986 -0.368541
vn -0.733397 -0.465939 0.495004
vn 0.711133 -0.608112 0.352830
vn 0.711142 0.352826 -0.608105
vn -0.733406 0.495001 -0.465928
vn -0.476470 -0.263131 0.838891
vn 0.569541 -0.366097 0.735932
vn 0.569503 0.735988 -0.366044
vn -0.476427 0.838941 -0.263053
vn -0.601048 -0.511309 0.614251
vn 0.598080 -0.629331 0.496229
vn 0.598084 0.496228 -0.629327
vn -0.601042 0.614253 -0.511313
vn -0.600559 -0.553787 0.576758
vn 0.582168 -0.670193 0.460350
vn 0.582161 0.460355 -0.670195
vn -0.600536 0.576768 -0.553801
vn -0.508112 -0.316533 0.801017
vn 0.582331 -0.423834 0.693726
vn 0.582321 0.693708 -0.423878
vn -0.508165 0.800985 -0.316531
vn -0.620432 -0.462613 0.633288
vn 0.629817 -0.585662 0.510226
vn 0.555905 0.431403 -0.710535
vn -0.588646 0.544069 -0.597900
vn -0.776426 -0.603940 0.180052
vn 0.665057 -0.745816 0.038173
vn 0.752361 0.039335 -0.657576
vn -0.843141 0.196374 -0.500550
vn -0.770604 -0.417689 0.481357
vn 0.753605 -0.567711 0.331337
vn 0.753680 0.404496 -0.518025
vn -0.746959 0.552191 -0.370320
vn -0.787797 -0.359303 0.500277
vn 0.785075 -0.514111 0.345466
vn 0.768387 0.337995 -0.543453
vn -0.778854 0.490281 -0.391166
vn -0.688799 -0.405098 0.601209
vn 0.700490 -0.541835 0.464466
vn 0.708517 0.399169 -0.581952
vn -0.716882 0.539461 -0.441658
vn -0.793801 -0.390096 0.466590
vn 0.778387 -0.544847 0.311856
vn 0.777184 0.282280 -0.562409
vn -0.801738 0.437683 -0.407001
vn -0.818703 -0.332316 0.468286
vn 0.813838 -0.492997 0.307607
vn 0.798381 0.290647 -0.527363
vn -0.813739 0.449323 -0.368697
vn -0.848918 -0.283767 0.445886
vn 0.847952 -0.450784 0.278875
vn 0.836444 0.254275 -0.485496
vn -0.849293 0.420199 -0.319585
vn -0.831012 -0.294539 0.471875
vn 0.833662 -0.458392 0.308035
vn 0.840762 0.257114 -0.476458
vn -0.851159 0.423642 -0.309929
vn -0.889445 -0.389762 0.238690
vn 0.826488 -0.558611 0.069805
vn 0.760694 -0.006351 -0.649080
vn -0.858355 0.152984 -0.489717
vn -0.834079 -0.281893 0.474182
vn 0.839503 -0.446616 0.309464
vn 0.841678 0.299736 -0.449150
vn -0.838544 0.465103 -0.283768
vn -0.850034 -0.324491 0.414908
vn 0.835180 -0.490359 0.249043
vn 0.835177 0.249045 -0.490363
vn -0.850036 0.414903 -0.324490
vn -0.875435 -0.450903 0.174066
vn 0.788776 -0.614595 0.010298
vn 0.788752 0.010220 -0.614627
vn -0.875462 0.174076 -0.450848
vn -0.839190 -0.322843 0.437644
vn 0.829459 -0.487081 0.273405
vn 0.829445 0.273427 -0.487093
vn -0.839196 0.437643 -0.322830
vn -0.691787 -0.699238 -0.180265
vn 0.495648 -0.816113 -0.297141
vn 0.688582 0.292862 -0.663390
vn -0.733969 0.432870 -0.523367
vn -0.649413 -0.353994 0.673017
vn 0.686325 -0.485467 0.541553
vn 0.525249 0.367006 -0.767737
vn -0.582658 0.476054 -0.658697
vn -0.624739 -0.334908 0.705364
vn 0.672520 -0.462594 0.577688
vn 0.607482 0.337355 -0.719137
vn -0.658105 0.461923 -0.594579
vn -0.563222 -0.283043 0.776317
vn 0.637060 -0.401182 0.658185
vn 0.659612 0.368576 -0.655030
vn -0.689848 0.501399 -0.522215
vn -0.653503 -0.489123 0.577661
vn 0.645767 -0.616997 0.449778
vn 0.678513 0.133990 -0.722265
vn -0.766323 0.276195 -0.580057
vn -0.824263 -0.561748 0.070928
vn 0.698136 -0.711603 -0.078917
vn 0.641936 -0.133440 -0.755057
vn -0.789116 0.007422 -0.614200
vn -0.869651 -0.056796 0.490389
vn 0.920323 -0.232973 0.314211
vn 0.925362 0.265500 -0.270583
vn -0.891166 0.444294 -0.091792
vn -0.890244 -0.216039 0.400990
vn 0.892120 -0.391464 0.225560
vn 0.847705 0.188730 -0.495759
vn -0.874772 0.358263 -0.326223
vn -0.858120 -0.245275 0.451077
vn 0.865246 -0.414891 0.281451
vn 0.843204 0.166737 -0.511082
vn -0.877649 0.336107 -0.341708
vn -0.771865 -0.340209 0.537105
vn 0.780544 -0.493005 0.384315
vn 0.801365 0.226583 -0.553602
vn -0.834056 0.387543 -0.392633
vn -0.762132 -0.125237 0.635193
vn 0.831653 -0.282034 0.478341
vn 0.831647 0.478332 -0.282068
vn -0.762107 0.635232 -0.125192
vn -0.387189 0.263211 0.883632
vn 0.593910 0.166636 0.787085
vn 0.593918 0.787075 0.166659
vn -0.387201 0.883627 0.263209
vn -0.818165 -0.342258 0.462023
vn 0.810200 -0.502519 0.301745
vn 0.747037 0.253469 -0.614564
vn -0.788369 0.404590 -0.463445
vn -0.790544 -0.386316 0.475185
vn 0.777687 -0.540640 0.320799
vn 0.786170 0.202912 -0.583750
vn -0.829820 0.361971 -0.424707
vn -0.810072 -0.253319 0.528785
vn 0.832431 -0.415051 0.367138
vn 0.832412 0.367184 -0.415049
vn -0.810044 0.528798 -0.253381
vn -0.810799 -0.291565 0.507538
vn 0.821691 -0.452234 0.346854
vn 0.742661 0.289607 -0.603807
vn -0.775111 0.438996 -0.454408
vn -0.678720 0.530452 0.507897
vn 0.853440 0.379630 0.357100
vn 0.685486 -0.514585 -0.515085
vn -0.858271 -0.362627 -0.363143
vn -0.121862 -0.970096 0.209915
vn -0.051423 -0.769593 0.636461
vn -0.856544 -0.093037 0.507618
vn -0.906148 -0.139764 0.399201
vn -0.588682 0.799613 -0.118624
vn -0.513643 0.844371 0.152343
vn 0.226205 0.958486 -0.173596
vn 0.089698 0.904247 -0.417483
vn 0.906149 0.139763 -0.399200
vn 0.940892 0.184200 -0.284239
vn 0.688418 -0.655480 0.310526
vn 0.475849 -0.877904 -0.053404
vn -0.787982 -0.426826 -0.443739
vn 0.761249 -0.579347 -0.291304
vn 0.765858 0.124145 0.630912
vn -0.834625 0.281661 0.473359
vn -0.109577 -0.414548 -0.903406
vn -0.478221 -0.471415 -0.740995
vn -0.572810 -0.020499 -0.819431
vn -0.219776 0.033959 -0.974959
vn 0.976695 -0.116054 -0.180549
vn -0.045481 -0.428022 0.902623
vn 0.876411 0.346755 -0.334162
vn -0.183945 0.914337 0.360765
vn 0.249195 0.952432 0.175431
vn -0.779694 -0.100996 0.617963
vn 0.434139 -0.595411 -0.676024
vn -0.362098 -0.648711 -0.669372
vn 0.977826 0.084989 -0.191400
vn -0.956952 0.274981 -0.092885
vn 0.973678 0.148669 -0.172767
vn -0.979394 -0.128252 0.156010
vn 0.429271 -0.550105 -0.716318
vn -0.429270 -0.550105 -0.716318
vn 0.999230 -0.027750 0.027749
vn 0.823295 0.279944 0.493778
vn -0.823295 0.279943 0.493778
vn -0.888409 0.247817 0.386414
vn 0.888409 0.247818 0.386414
vn -0.999230 -0.027748 0.027749
vn 0.396764 -0.490925 -0.775610
vn -0.396763 -0.490925 -0.775610
vn 1.000000 -0.000000 0.000000
vn 0.986154 -0.088172 0.140447
vn -0.986154 -0.088173 0.140447
vn -0.382067 0.494248 0.780861
vn 0.382067 0.494248 0.780861
vn -1.000000 0.000000 0.000000
vn 0.386690 -0.567215 -0.727143
vn -0.386691 -0.567214 -0.727144
vn 1.000000 -0.000000 0.000000
vn -0.422278 0.566159 0.707916
vn 0.422278 0.566159 0.707916
vn -1.000000 0.000001 0.000000
vn 0.445043 -0.593409 -0.670673
vn -0.445043 -0.593409 -0.670673
vn 1.000000 -0.000000 0.000000
vn -0.454186 0.642264 0.617424
vn 0.454186 0.642264 0.617424
vn -1.000000 0.000001 0.000000
vn 0.462161 -0.636380 -0.617599
vn -0.462160 -0.636380 -0.617599
vn 0.998787 -0.034822 0.034822
vn -0.462165 0.617594 0.636381
vn 0.462166 0.617593 0.636382
vn -0.998787 -0.034823 0.034822
vn 0.258465 0.450153 -0.854727
vn -0.258465 0.450149 -0.854729
vn 0.744576 0.472030 -0.472012
vn -0.150350 0.903595 -0.401138
vn 0.308988 0.895286 -0.320920
vn -0.744580 0.472024 -0.472011
vn 0.499537 -0.231927 -0.834669
vn -0.313166 -0.257274 -0.914187
vn 1.000000 -0.000488 0.000488
vn -0.322945 0.932326 0.162709
vn 0.487534 0.829977 0.271015
vn -0.847986 0.374780 -0.374779
vn 0.707832 -0.146296 -0.691065
vn -0.478214 0.125342 -0.869253
vn 0.946912 -0.227331 0.227329
vn -0.578648 0.812915 0.065841
vn 0.725672 0.627058 0.283195
vn -0.985007 0.121986 -0.121985
vn 0.645959 -0.311662 -0.696853
vn -0.645959 -0.311662 -0.696853
vn -0.663130 0.742098 0.097720
vn 0.663130 0.742098 0.097720
vn -0.471629 -0.864889 0.171853
vn 0.471628 -0.864889 0.171853
vn 0.584623 0.461349 0.667363
vn -0.584624 0.461347 0.667363
vn -0.764566 -0.376933 -0.522839
vn 0.764566 -0.376933 -0.522839
vn -0.667999 0.637718 0.383527
vn 0.667999 0.637718 0.383527
vn 0.883175 -0.322223 -0.340843
vn -0.883175 -0.322223 -0.340843
vn 0.849392 0.318126 0.421105
vn -0.849392 0.318126 0.421105
vn 0.820836 -0.341410 -0.457895
vn -0.820836 -0.341410 -0.457895
vn 0.829193 0.311484 0.464129
vn -0.829193 0.311485 0.464129
vn 0.764272 -0.412709 -0.495540
vn -0.764272 -0.412708 -0.495540
vn 0.766339 0.389877 0.510607
vn -0.766339 0.389878 0.510607
vn 0.743341 -0.411557 -0.527318
vn -0.743342 -0.411556 -0.527318
vn 0.744164 0.413051 0.524984
vn -0.744164 0.413052 0.524984
vn 0.615638 -0.604867 -0.505100
vn -0.615638 -0.604867 -0.505100
vn 0.713565 0.474330 0.515593
vn -0.713564 0.474331 0.515593
vn 0.829082 0.208058 -0.518975
vn -0.656908 0.354466 -0.665452
vn 0.990357 -0.097961 0.097963
vn -0.559935 0.828431 0.013239
vn 0.696184 0.704659 0.137052
vn -0.990687 0.096282 -0.096281
vn -0.670013 -0.512196 -0.537344
vn 0.649429 -0.642046 -0.407455
vn 0.608516 0.132440 0.782412
vn -0.710882 0.262302 0.652567
vn 0.965645 -0.175927 0.191260
vn 0.884901 -0.430278 0.178358
vn -0.661106 0.555145 0.504730
vn 0.645710 0.426526 0.633351
vn -0.999844 0.017526 -0.002195
vn -0.968796 -0.247825 -0.004094
vn -0.216519 -0.200482 -0.955472
vn 0.354066 -0.256643 -0.899317
vn 0.621259 -0.288259 -0.728659
vn -0.512597 -0.176659 -0.840259
vn 0.577748 -0.000080 0.816215
vn 0.482808 -0.002754 0.875722
vn -0.713419 0.127001 0.689133
vn -0.634097 0.107177 0.765790
vn 0.496891 -0.231124 -0.836470
vn -0.361110 -0.146678 -0.920915
vn 0.383996 0.278266 0.880406
vn -0.485677 0.363860 0.794811
vn 0.745486 0.060469 -0.663773
vn -0.577239 0.190660 -0.794005
vn 0.643772 0.213987 0.734689
vn -0.719841 0.348208 0.600484
vn 0.768988 -0.178109 -0.613950
vn -0.655620 -0.037871 -0.754141
vn 0.595725 -0.033006 0.802510
vn -0.734432 0.097929 0.671580
vn 0.755707 -0.088331 -0.648926
vn -0.618738 0.046932 -0.784194
vn 0.615387 -0.081423 0.784009
vn -0.759124 0.053837 0.648716
vn 0.499809 -0.465513 -0.730403
vn -0.429663 -0.374029 -0.821883
vn 0.636531 0.082398 0.766837
vn -0.744490 0.218333 0.630924
vn 0.591263 -0.516664 -0.619247
vn -0.548998 -0.404421 -0.731468
vn 0.582295 0.190760 0.790280
vn -0.675907 0.314618 0.666457
vn 0.615325 -0.414263 -0.670643
vn -0.560495 -0.293970 -0.774226
vn 0.499801 0.367051 0.784520
vn -0.581552 0.465012 0.667503
vn 0.635330 -0.243135 -0.732968
vn -0.511587 -0.138394 -0.848013
vn 0.763688 0.283298 0.580106
vn -0.773344 0.478009 0.416468
vn 0.685440 -0.547460 -0.480062
vn -0.660259 -0.423247 -0.620420
vn 0.654622 0.232996 0.719154
vn -0.711729 0.369180 0.597619
vn -0.029513 -0.630455 -0.775665
vn -0.382556 -0.684909 -0.620121
vn -0.533054 -0.279967 -0.798418
vn -0.164409 -0.223112 -0.960828
vn 0.940893 0.184196 -0.284239
vn 0.906148 0.139765 -0.399201
vn 0.907539 0.301077 -0.292790
vn 0.973348 0.117961 -0.196668
vn 0.999230 -0.027750 0.027749
vn 1.000000 0.000000 0.000000
vn 1.000000 0.000001 0.000000
vn 1.000000 0.000001 0.000000
vn 0.998787 -0.034820 0.034822
vn 0.725367 0.515566 -0.456108
vn 0.993327 0.115289 0.003227
vn 0.950251 -0.210782 0.229336
vn 0.990356 -0.097969 0.097969
vn 0.934136 -0.241930 0.262413
vn -0.673184 -0.555180 -0.488466
vn 0.634760 -0.683880 -0.359705
vn 0.638403 0.269750 0.720886
vn -0.701339 0.401536 0.588976
vn -0.990690 0.096262 -0.096264
vn -0.996019 -0.051954 0.072433
vn -0.988454 0.090079 -0.121837
vn -0.867875 0.313446 -0.385415
vn -0.753187 0.456943 -0.473195
vn -0.998787 -0.034820 0.034822
vn -1.000000 -0.000000 0.000000
vn -1.000000 -0.000001 0.000000
vn -1.000000 -0.000000 0.000000
vn -0.999230 -0.027749 0.027749
vn -0.973123 -0.152773 0.172317
vn -0.875884 -0.150859 0.458334
vn -0.856543 -0.093035 0.507620
vn -0.906148 -0.139763 0.399201
vn -0.543798 -0.380123 -0.748191
vn -0.095850 -0.311039 -0.945551
vn 0.906148 0.139765 -0.399201
vn 0.940893 0.184199 -0.284238
vn 0.895577 0.319566 -0.309548
vn 0.975357 0.104171 -0.194491
vn 0.999230 -0.027751 0.027749
vn 1.000000 -0.000000 0.000000
vn 1.000000 -0.000000 0.000000
vn 1.000000 -0.000000 0.000000
vn 0.998787 -0.034820 0.034819
vn 0.744552 0.472043 -0.472037
vn 1.000000 -0.000484 0.000489
vn 0.946267 -0.228669 0.228669
vn 0.990355 -0.097970 0.097970
vn 0.953123 -0.186039 0.238633
vn -0.858391 -0.368596 -0.356795
vn 0.823540 -0.534078 -0.191162
vn 0.823517 0.191204 0.534098
vn -0.858432 0.356748 0.368546
vn -0.998899 0.006084 0.046508
vn -0.990690 0.096261 -0.096263
vn -0.984900 0.122420 -0.122418
vn -0.847982 0.374786 -0.374782
vn -0.744556 0.472037 -0.472035
vn -0.998787 -0.034823 0.034819
vn -1.000000 -0.000002 0.000000
vn -1.000000 -0.000001 0.000000
vn -1.000000 0.000000 0.000000
vn -0.999230 -0.027748 0.027749
vn -0.975723 -0.143037 0.165849
vn -0.842201 -0.132056 0.522741
vn -0.856544 -0.093036 0.507618
vn -0.906148 -0.139763 0.399201
vn -0.572575 -0.566093 -0.593040
vn 0.555997 -0.677183 -0.481966
vn 0.568252 0.328583 0.754402
vn -0.628835 0.446421 0.636612
vn 0.380178 -0.913698 -0.143601
vn -0.514450 -0.825643 -0.231635
vn 0.732158 0.154547 0.663370
vn -0.802556 0.305629 0.512342
vn 0.571901 -0.753363 -0.324612
vn -0.632956 -0.634777 -0.443199
vn 0.738253 0.559799 0.376306
vn -0.674764 0.698868 0.237226
vn 0.639671 -0.726194 -0.251919
vn -0.706947 -0.593648 -0.384460
vn 0.656262 0.573274 0.490588
vn -0.615353 0.698429 0.365428
vn 0.673622 -0.682633 -0.283276
vn -0.725132 -0.544963 -0.420949
vn 0.634115 0.544318 0.549196
vn -0.610944 0.666867 0.426656
vn 0.729535 -0.381114 -0.567917
vn -0.682470 -0.272439 -0.678241
vn 0.729524 0.567963 0.381069
vn -0.682472 0.678240 0.272438
vn 0.617340 -0.660854 -0.426807
vn -0.637774 -0.539053 -0.550152
vn 0.691862 0.498409 0.522414
vn -0.669149 0.632351 0.390347
vn 0.641329 -0.658726 -0.393418
vn -0.668198 -0.529823 -0.522301
vn 0.646958 0.507215 0.569367
vn -0.634350 0.633337 0.443266
vn 0.578261 -0.691994 -0.432155
vn -0.606465 -0.575383 -0.548757
vn 0.561387 0.539501 0.627522
vn -0.557021 0.649592 0.517454
vn 0.491124 -0.731696 -0.472672
vn -0.522498 -0.631878 -0.572474
vn 0.491175 0.472654 0.731673
vn -0.522482 0.572457 0.631906
vn 0.603514 -0.637362 -0.479104
vn -0.611149 -0.517805 -0.598644
vn 0.603502 0.479116 0.637364
vn -0.611118 0.598661 0.517822
vn 0.555880 -0.714720 -0.424466
vn -0.590853 -0.601830 -0.537302
vn 0.555899 0.424458 0.714711
vn -0.590827 0.537314 0.601844
vn 0.592131 -0.460085 -0.661591
vn -0.530481 -0.349439 -0.772323
vn 0.592219 0.661529 0.460061
vn -0.530577 0.772180 0.349609
vn 0.716718 -0.583500 -0.381893
vn -0.728401 -0.441293 -0.524110
vn 0.673363 0.346312 0.653184
vn -0.707090 0.482116 0.517289
vn -0.128858 -0.944613 0.301831
vn 0.540383 -0.841390 0.006998
vn -0.906148 -0.139763 0.399201
vn 0.906148 0.139760 -0.399202
vn -0.582790 0.769001 -0.262664
vn -0.906148 -0.139764 0.399202
vn -0.010541 0.857265 -0.514767
vn 0.906148 0.139766 -0.399201
vn -0.906148 -0.139763 0.399202
vn 0.906148 0.139765 -0.399201
vn -0.006274 -0.841998 0.539445
vn 0.607574 -0.747319 0.269015
vn -0.906148 -0.139763 0.399201
vn 0.906149 0.139761 -0.399201
vn -0.570954 0.775566 -0.269276
vn -0.906147 -0.139769 0.399203
vn -0.024587 0.859837 -0.509976
vn 0.906148 0.139764 -0.399203
vn -0.906148 -0.139766 0.399202
vn 0.906148 0.139761 -0.399202
vn -0.012019 -0.810549 0.585548
vn 0.636650 -0.710499 0.299779
vn -0.906148 -0.139763 0.399202
vn 0.906150 0.139760 -0.399200
vn -0.603821 0.741352 -0.292910
vn -0.906146 -0.139771 0.399204
vn -0.011909 0.832648 -0.553674
vn 0.906148 0.139764 -0.399203
vn -0.906150 -0.139760 0.399199
vn 0.906148 0.139760 -0.399202
vn 0.022477 -0.769893 0.637777
vn 0.641982 -0.674341 0.364859
vn -0.906148 -0.139766 0.399202
vn 0.906149 0.139761 -0.399200
vn -0.671731 0.701386 -0.238400
vn -0.906147 -0.139768 0.399203
vn 0.081261 0.817528 -0.570127
vn 0.906148 0.139763 -0.399202
vn -0.906151 -0.139757 0.399197
vn 0.906149 0.139759 -0.399201
vn -0.006312 -0.625589 0.780127
vn 0.726907 -0.512498 0.457112
vn -0.906150 -0.139763 0.399197
vn 0.906146 0.139770 -0.399204
vn -0.661662 0.745471 0.080475
vn -0.906146 -0.139768 0.399204
vn 0.294311 0.892925 -0.340684
vn 0.906148 0.139755 -0.399203
vn -0.906150 -0.139766 0.399196
vn 0.906149 0.139762 -0.399201
vn -0.229505 -0.956562 0.179770
vn 0.519727 -0.841008 -0.150296
vn -0.906148 -0.139757 0.399204
vn 0.906149 0.139765 -0.399200
vn -0.680675 0.724498 -0.108555
vn -0.906145 -0.139768 0.399207
vn 0.175091 0.856489 -0.485562
vn 0.906149 0.139763 -0.399200
vn -0.906144 -0.139768 0.399208
vn 0.906151 0.139765 -0.399195
vn -0.434554 -0.867411 -0.242406
vn 0.323417 -0.750500 -0.576326
vn -0.906146 -0.139759 0.399209
vn 0.906150 0.139764 -0.399196
vn -0.754181 0.426303 -0.499477
vn -0.906145 -0.139773 0.399205
vn 0.015014 0.544946 -0.838337
vn 0.906147 0.139768 -0.399203
vn -0.906142 -0.139770 0.399212
vn 0.906152 0.139767 -0.399192
vn 0.517183 -0.855793 -0.011860
vn -0.660499 -0.739875 -0.127774
vn 0.492370 -0.361260 0.791873
vn -0.696315 -0.244255 0.674897
vn 0.843765 -0.495856 -0.205396
vn -0.867777 -0.327404 -0.373858
vn 0.789590 0.509764 0.341598
vn -0.727107 0.659047 0.192280
vn 0.781094 -0.573050 -0.248005
vn -0.814171 -0.416036 -0.405019
vn 0.845720 0.276086 0.456655
vn -0.848439 0.442837 0.289908
vn 0.806806 -0.518057 -0.284043
vn -0.821325 -0.357814 -0.444292
vn 0.810312 0.382937 0.443569
vn -0.791218 0.540567 0.285941
vn 0.798005 -0.478287 -0.366646
vn -0.789234 -0.322058 -0.522865
vn 0.788070 0.412574 0.456868
vn -0.766664 0.565601 0.303847
vn 0.819113 -0.510892 -0.260851
vn -0.836250 -0.347975 -0.423792
vn 0.819115 0.260850 0.510890
vn -0.836259 0.423780 0.347967
vn 0.813895 -0.569825 -0.113466
vn -0.871070 -0.404008 -0.279311
vn 0.813880 0.113431 0.569853
vn -0.871070 0.279313 0.404007
vn 0.799850 -0.513678 -0.310443
vn -0.808692 -0.355357 -0.468763
vn 0.846655 0.346065 0.404245
vn -0.825721 0.510650 0.239627
vn 0.790007 -0.544564 -0.281671
vn -0.810738 -0.387019 -0.439227
vn 0.777589 0.350578 0.521967
vn -0.781136 0.503988 0.368542
vn 0.711119 -0.608123 -0.352842
vn -0.733398 -0.465936 -0.495007
vn 0.711138 0.352815 0.608115
vn -0.733422 0.494984 0.465922
vn 0.569573 -0.366112 -0.735900
vn -0.476413 -0.263182 -0.838908
vn 0.569588 0.735937 0.366014
vn -0.476315 0.839001 0.263063
vn 0.598071 -0.629334 -0.496236
vn -0.601025 -0.511323 -0.614262
vn 0.598029 0.496256 0.629358
vn -0.601051 0.614251 0.511306
vn 0.582150 -0.670200 -0.460363
vn -0.600504 -0.553819 -0.576784
vn 0.582132 0.460365 0.670214
vn -0.600570 0.576752 0.553781
vn 0.582345 -0.423752 -0.693765
vn -0.508086 -0.316491 -0.801051
vn 0.582263 0.693742 0.423900
vn -0.508081 0.801052 0.316496
vn 0.629774 -0.585692 -0.510244
vn -0.620428 -0.462623 -0.633284
vn 0.555906 0.431401 0.710536
vn -0.588603 0.544080 0.597933
vn 0.665062 -0.745812 -0.038170
vn -0.776423 -0.603948 -0.180042
vn 0.752360 0.039333 0.657577
vn -0.843148 0.196370 0.500541
vn 0.753610 -0.567704 -0.331337
vn -0.770609 -0.417683 -0.481355
vn 0.753687 0.404491 0.518018
vn -0.746958 0.552195 0.370317
vn 0.785074 -0.514113 -0.345465
vn -0.787801 -0.359300 -0.500273
vn 0.768391 0.337990 0.543451
vn -0.778856 0.490279 0.391165
vn 0.700489 -0.541836 -0.464467
vn -0.688800 -0.405096 -0.601208
vn 0.708519 0.399168 0.581950
vn -0.716883 0.539462 0.441656
vn 0.778399 -0.544836 -0.311846
vn -0.793792 -0.390098 -0.466602
vn 0.777177 0.282281 0.562418
vn -0.801738 0.437679 0.407006
vn 0.813833 -0.493001 -0.307614
vn -0.818707 -0.332315 -0.468279
vn 0.798387 0.290632 0.527363
vn -0.813731 0.449319 0.368720
vn 0.847956 -0.450776 -0.278875
vn -0.848917 -0.283764 -0.445890
vn 0.836445 0.254276 0.485493
vn -0.849290 0.420202 0.319588
vn 0.833678 -0.458374 -0.308017
vn -0.831005 -0.294548 -0.471881
vn 0.840760 0.257124 0.476455
vn -0.851150 0.423652 0.309941
vn 0.826446 -0.558670 -0.069813
vn -0.889458 -0.389742 -0.238675
vn 0.760704 -0.006418 0.649068
vn -0.858359 0.153020 0.489699
vn 0.839499 -0.446623 -0.309467
vn -0.834081 -0.281889 -0.474180
vn 0.841681 0.299729 0.449151
vn -0.838539 0.465104 0.283777
vn 0.835162 -0.490380 -0.249061
vn -0.850039 -0.324488 -0.414899
vn 0.835176 0.249044 0.490366
vn -0.850042 0.414897 0.324483
vn 0.788775 -0.614595 -0.010322
vn -0.875429 -0.450907 -0.174087
vn 0.788740 0.010241 0.614641
vn -0.875448 0.173980 0.450913
vn 0.829467 -0.487070 -0.273400
vn -0.839178 -0.322854 -0.437660
vn 0.829435 0.273443 0.487100
vn -0.839165 0.437675 0.322867
vn 0.495661 -0.816108 0.297132
vn -0.691795 -0.699233 0.180258
vn 0.688583 0.292883 0.663380
vn -0.733975 0.432882 0.523348
vn 0.686325 -0.485467 -0.541553
vn -0.649411 -0.353992 -0.673019
vn 0.525242 0.367012 0.767739
vn -0.582655 0.476058 0.658697
vn 0.672521 -0.462595 -0.577686
vn -0.624727 -0.334915 -0.705371
vn 0.607473 0.337356 0.719143
vn -0.658104 0.461923 0.594580
vn 0.637060 -0.401184 -0.658184
vn -0.563212 -0.283049 -0.776322
vn 0.659608 0.368578 0.655033
vn -0.689856 0.501395 0.522208
vn 0.645761 -0.616993 -0.449791
vn -0.653506 -0.489114 -0.577665
vn 0.678505 0.134009 0.722269
vn -0.766303 0.276213 0.580074
vn 0.698128 -0.711612 0.078904
vn -0.824264 -0.561745 -0.070932
vn 0.641948 -0.133449 0.755046
vn -0.789108 0.007404 0.614210
vn 0.920329 -0.232966 -0.314200
vn -0.869653 -0.056786 -0.490387
vn 0.925359 0.265505 0.270587
vn -0.891161 0.444304 0.091795
vn 0.892118 -0.391466 -0.225566
vn -0.890243 -0.216038 -0.400992
vn 0.847704 0.188728 0.495762
vn -0.874771 0.358263 0.326226
vn 0.865244 -0.414895 -0.281451
vn -0.858121 -0.245278 -0.451073
vn 0.843208 0.166735 0.511076
vn -0.877650 0.336110 0.341704
vn 0.780544 -0.493008 -0.384310
vn -0.771869 -0.340207 -0.537102
vn 0.801365 0.226584 0.553601
vn -0.834052 0.387552 0.392633
vn 0.831640 -0.282066 -0.478345
vn -0.762141 -0.125167 -0.635197
vn 0.831628 0.478379 0.282042
vn -0.762141 0.635188 0.125208
vn 0.593936 0.166672 -0.787058
vn -0.387198 0.263204 -0.883630
vn 0.593927 0.787071 -0.166645
vn -0.387163 0.883650 -0.263189
vn 0.810192 -0.502530 -0.301750
vn -0.818173 -0.342252 -0.462013
vn 0.747056 0.253459 0.614545
vn -0.788377 0.404590 0.463432
vn 0.777670 -0.540654 -0.320815
vn -0.790582 -0.386281 -0.475149
vn 0.786168 0.202919 0.583750
vn -0.829824 0.361971 0.424699
vn 0.832457 -0.415006 -0.367133
vn -0.810023 -0.253324 -0.528858
vn 0.832464 0.367055 0.415060
vn -0.810020 0.528820 0.253412
vn 0.821687 -0.452232 -0.346867
vn -0.810813 -0.291548 -0.507525
vn 0.742654 0.289612 0.603813
vn -0.775114 0.438990 0.454407
vn 0.853441 0.379647 -0.357081
vn -0.678713 0.530451 -0.507908
vn 0.685482 -0.514589 0.515085
vn -0.858254 -0.362658 0.363152
vn 0.375915 -0.923879 0.071659
vn 0.375915 -0.923879 0.071659
vn 0.375915 -0.923879 0.071659
vn 0.375915 -0.923879 0.071659
vn -0.375915 -0.923879 -0.071660
vn -0.375915 -0.923879 -0.071660
vn -0.375915 -0.923879 -0.071660
vn -0.375915 -0.923879 -0.071660
vn -0.907537 -0.382684 -0.173003
vn -0.907537 -0.382684 -0.173003
vn -0.907537 -0.382684 -0.173003
vn -0.907537 -0.382684 -0.173003
vn -0.907537 0.382684 -0.173003
vn -0.907537 0.382684 -0.173003
vn -0.907537 0.382684 -0.173003
vn -0.907537 0.382684 -0.173003
vn -0.375915 0.923879 -0.071659
vn -0.375915 0.923879 -0.071659
vn -0.375915 0.923880 -0.071659
vn -0.375915 0.923879 -0.071659
vn 0.375915 0.923880 0.071659
vn 0.375915 0.923879 0.071659
vn 0.375915 0.923880 0.071659
vn 0.375915 0.923880 0.071659
vn 0.907537 0.382683 0.173003
vn 0.907537 0.382683 0.173003
vn 0.907537 0.382683 0.173003
vn 0.907537 0.382683 0.173003
vn 0.907538 -0.382683 0.173001
vn 0.907538 -0.382683 0.173001
vn 0.907538 -0.382683 0.173001
vn 0.907537 -0.382683 0.173001
vn -0.187256 0.000000 0.982311
vn -0.187256 0.000000 0.982311
vn -0.187256 0.000000 0.982311
vn -0.187256 0.000000 0.982311
vn -0.187256 0.000000 0.982311
vn -0.187256 0.000000 0.982311
vn -0.187256 0.000000 0.982311
vn -0.187256 -0.000000 0.982311
vn -0.187256 0.000000 0.982311
vn 0.187256 0.000000 -0.982311
vn 0.187255 0.000000 -0.982311
vn 0.187256 -0.000000 -0.982311
vn 0.187256 0.000000 -0.982311
vn 0.187257 -0.000000 -0.982311
vn 0.187256 -0.000000 -0.982311
vn 0.187256 0.000000 -0.982311
vn 0.187257 0.000000 -0.982311
vn 0.187257 0.000000 -0.982311
vn -0.202846 0.038718 0.978445
vn -0.202846 0.038718 0.978445
vn -0.202846 0.038718 0.978445
vn -0.202846 0.038718 0.978445
vn 0.171338 0.038719 -0.984451
vn 0.171338 0.038719 -0.984451
vn 0.171338 0.038719 -0.984451
vn 0.171338 0.038719 -0.984451
vn -0.171338 0.038720 0.984451
vn -0.171338 0.038720 0.984451
vn -0.171338 0.038720 0.984451
vn -0.171338 0.038720 0.984451
vn 0.202846 0.038718 -0.978445
vn 0.202846 0.038718 -0.978445
vn 0.202846 0.038718 -0.978445
vn 0.202846 0.038718 -0.978445
vn -0.149056 0.016038 0.988699
vn -0.149056 0.016038 0.988699
vn -0.149056 0.016038 0.988699
vn -0.149056 0.016038 0.988699
vn 0.225125 0.016037 -0.974198
vn 0.225125 0.016037 -0.974198
vn 0.225125 0.016037 -0.974198
vn 0.225125 0.016037 -0.974198
vn -0.149057 -0.016038 0.988698
vn -0.149057 -0.016038 0.988698
vn -0.149057 -0.016038 0.988698
vn -0.149057 -0.016038 0.988699
vn 0.225124 -0.016037 -0.974198
vn 0.225124 -0.016037 -0.974198
vn 0.225124 -0.016037 -0.974198
vn 0.225124 -0.016037 -0.974198
vn -0.171339 -0.038719 0.984451
vn -0.171339 -0.038719 0.984451
vn -0.171339 -0.038719 0.984451
vn -0.171339 -0.038719 0.984451
vn 0.202846 -0.038718 -0.978445
vn 0.202846 -0.038718 -0.978445
vn 0.202846 -0.038718 -0.978445
vn 0.202846 -0.038718 -0.978445
vn -0.202846 -0.038718 0.978445
vn -0.202846 -0.038718 0.978445
vn -0.202846 -0.038718 0.978445
vn -0.202846 -0.038718 0.978445
vn 0.171338 -0.038720 -0.984451
vn 0.171338 -0.038720 -0.984451
vn 0.171338 -0.038720 -0.984451
vn 0.171338 -0.038720 -0.984451
vn -0.225125 -0.016037 0.974198
vn -0.225125 -0.016037 0.974198
vn -0.225125 -0.016037 0.974198
vn -0.225125 -0.016037 0.974198
vn 0.149054 -0.016038 -0.988699
vn 0.149054 -0.016038 -0.988699
vn 0.149054 -0.016038 -0.988699
vn 0.149054 -0.016038 -0.988699
vn -0.225124 0.016037 0.974198
vn -0.225124 0.016037 0.974198
vn -0.225124 0.016037 0.974198
vn -0.225124 0.016037 0.974198
vn 0.149055 0.016038 -0.988699
vn 0.149055 0.016038 -0.988699
vn 0.149055 0.016038 -0.988699
vn 0.149055 0.016038 -0.988699
vn -0.375914 0.923880 -0.071659
vn -0.375914 0.923880 -0.071659
vn -0.375914 0.923880 -0.071659
vn -0.375914 0.923880 -0.071659
vn 0.375917 -0.923878 0.071664
vn 0.375917 -0.923878 0.071664
vn 0.375917 -0.923878 0.071664
vn 0.375917 -0.923878 0.071664
vn 0.375909 0.923882 0.071656
vn 0.375909 0.923882 0.071656
vn 0.375909 0.923882 0.071656
vn 0.375909 0.923882 0.071656
vn -0.375907 -0.923882 -0.071661
vn -0.375907 -0.923882 -0.071661
vn -0.375907 -0.923882 -0.071661
vn -0.375907 -0.923882 -0.071661
vn 0.907537 0.382683 0.173001
vn 0.907537 0.382683 0.173001
vn 0.907537 0.382683 0.173001
vn 0.907537 0.382683 0.173001
vn -0.907537 -0.382684 -0.173000
vn -0.907537 -0.382684 -0.173000
vn -0.907537 -0.382684 -0.173000
vn -0.907537 -0.382684 -0.173000
vn 0.907538 -0.382683 0.173001
vn 0.907538 -0.382683 0.173001
vn 0.907538 -0.382683 0.173001
vn 0.907538 -0.382683 0.173001
vn -0.907537 0.382684 -0.173001
vn -0.907537 0.382684 -0.173001
vn -0.907537 0.382684 -0.173001
vn -0.907537 0.382684 -0.173001
vn 0.375909 -0.923882 0.071659
vn 0.375909 -0.923882 0.071659
vn 0.375909 -0.923882 0.071659
vn 0.375909 -0.923882 0.071659
vn -0.375906 0.923882 -0.071670
vn -0.375906 0.923882 -0.071670
vn -0.375906 0.923882 -0.071670
vn -0.375906 0.923882 -0.071670
vn -0.375914 -0.923880 -0.071656
vn -0.375914 -0.923880 -0.071656
vn -0.375914 -0.923880 -0.071656
vn -0.375914 -0.923880 -0.071656
vn 0.375916 0.923878 0.071671
vn 0.375916 0.923878 0.071671
vn 0.375916 0.923878 0.071671
vn 0.375916 0.923878 0.071671
vn -0.907538 -0.382682 -0.173001
vn -0.907538 -0.382682 -0.173001
vn -0.907538 -0.382682 -0.173001
vn -0.907538 -0.382682 -0.173001
vn 0.907537 0.382683 0.173003
vn 0.907537 0.382683 0.173003
vn 0.907537 0.382683 0.173003
vn 0.907537 0.382683 0.173003
vn -0.907538 0.382683 -0.173001
vn -0.907538 0.382683 -0.173001
vn -0.907538 0.382683 -0.173001
vn -0.907538 0.382683 -0.173001
vn 0.907537 -0.382684 0.173001
vn 0.907537 -0.382684 0.173001
vn 0.907537 -0.382684 0.173001
vn 0.907537 -0.382684 0.173001
vn -0.375909 0.923882 -0.071656
vn -0.375909 0.923882 -0.071656
vn -0.375909 0.923882 -0.071656
vn -0.375909 0.923882 -0.071656
vn 0.375907 -0.923883 0.071661
vn 0.375907 -0.923883 0.071661
vn 0.375907 -0.923883 0.071661
vn 0.375907 -0.923883 0.071661
vn 0.375915 0.923880 0.071659
vn 0.375915 0.923879 0.071659
vn 0.375915 0.923880 0.071659
vn 0.375915 0.923879 0.071659
vn -0.375917 -0.923878 -0.071657
vn -0.375917 -0.923878 -0.071657
vn -0.375917 -0.923878 -0.071657
vn -0.375917 -0.923878 -0.071657
vn 0.907538 0.382683 0.173001
vn 0.907538 0.382683 0.173001
vn 0.907538 0.382683 0.173001
vn 0.907538 0.382683 0.173001
vn -0.907539 -0.382680 -0.173000
vn -0.907539 -0.382680 -0.173000
vn -0.907539 -0.382680 -0.173000
vn -0.907539 -0.382680 -0.173000
vn 0.907538 -0.382683 0.173001
vn 0.907538 -0.382683 0.173001
vn 0.907538 -0.382683 0.173001
vn 0.907538 -0.382683 0.173001
vn -0.907539 0.382680 -0.173001
vn -0.907539 0.382680 -0.173001
vn -0.907539 0.382680 -0.173001
vn -0.907539 0.382680 -0.173001
vn 0.375914 -0.923880 0.071656
vn 0.375914 -0.923880 0.071656
vn 0.375914 -0.923880 0.071656
vn 0.375914 -0.923880 0.071656
vn -0.375917 0.923878 -0.071660
vn -0.375917 0.923878 -0.071660
vn -0.375917 0.923878 -0.071660
vn -0.375917 0.923878 -0.071660
vn -0.375909 -0.923882 -0.071659
vn -0.375909 -0.923882 -0.071659
vn -0.375909 -0.923882 -0.071659
vn -0.375909 -0.923882 -0.071659
vn 0.375906 0.923882 0.071663
vn 0.375906 0.923882 0.071663
vn 0.375906 0.923882 0.071663
vn 0.375906 0.923882 0.071663
vn -0.907538 -0.382683 -0.173001
vn -0.907538 -0.382683 -0.173001
vn -0.907538 -0.382683 -0.173001
vn -0.907538 -0.382683 -0.173001
vn 0.907539 0.382680 0.173000
vn 0.907539 0.382680 0.173000
vn 0.907539 0.382680 0.173000
vn 0.907539 0.382680 0.173000
vn -0.907538 0.382683 -0.173001
vn -0.907538 0.382683 -0.173001
vn -0.907538 0.382683 -0.173001
vn -0.907538 0.382683 -0.173001
vn 0.907539 -0.382681 0.172999
vn 0.907539 -0.382681 0.172999
vn 0.907539 -0.382681 0.172999
vn 0.907539 -0.382681 0.172999
s 1
g polySurface71
usemtl openPBRSurface7SG
f 1/1/1 2/2/2 22/3/3 21/4/4
f 2/2/2 3/5/5 23/6/6 22/3/3
f 3/5/5 4/7/7 24/8/8 23/6/6
f 4/7/7 5/9/9 25/10/10 24/8/8
f 5/9/9 6/11/11 26/12/12 25/10/10
f 6/11/11 7/13/13 27/14/14 26/12/12
f 7/13/13 8/15/15 28/16/16 27/14/14
f 8/15/15 9/17/17 29/18/18 28/16/16
f 9/17/17 10/19/19 30/20/20 29/18/18
f 10/19/19 11/21/21 31/22/22 30/20/20
f 11/21/21 12/23/23 32/24/24 31/22/22
f 12/23/23 13/25/25 33/26/26 32/24/24
f 13/25/25 14/27/27 34/28/28 33/26/26
f 14/27/27 15/29/29 35/30/30 34/28/28
f 15/29/29 16/31/31 36/32/32 35/30/30
f 16/31/31 17/33/33 37/34/34 36/32/32
f 17/33/33 18/35/35 38/36/36 37/34/34
f 18/35/35 19/37/37 39/38/38 38/36/36
f 19/37/37 20/39/39 40/40/40 39/38/38
f 20/39/39 1/1/1 21/4/4 40/40/40
f 21/4/4 22/3/3 42/41/41 41/42/42
f 22/3/3 23/6/6 43/43/43 42/41/41
f 23/6/6 24/8/8 44/44/44 43/43/43
f 24/8/8 25/10/10 45/45/45 44/44/44
f 25/10/10 26/12/12 46/46/46 45/45/45
f 26/12/12 27/14/14 47/47/47 46/46/46
f 27/14/14 28/16/16 48/48/48 47/47/47
f 28/16/16 29/18/18 49/49/49 48/48/48
f 29/18/18 30/20/20 50/50/50 49/49/49
f 30/20/20 31/22/22 51/51/51 50/50/50
f 31/22/22 32/24/24 52/52/52 51/51/51
f 32/24/24 33/26/26 53/53/53 52/52/52
f 33/26/26 34/28/28 54/54/54 53/53/53
f 34/28/28 35/30/30 55/55/55 54/54/54
f 35/30/30 36/32/32 56/56/56 55/55/55
f 36/32/32 37/34/34 57/57/57 56/56/56
f 37/34/34 38/36/36 58/58/58 57/57/57
f 38/36/36 39/38/38 59/59/59 58/58/58
f 39/38/38 40/40/40 60/60/60 59/59/59
f 40/40/40 21/4/4 41/42/42 60/60/60
f 41/42/42 42/41/41 62/61/61 61/62/62
f 42/41/41 43/43/43 63/63/63 62/61/61
f 43/43/43 44/44/44 64/64/64 63/63/63
f 44/44/44 45/45/45 65/65/65 64/64/64
f 45/45/45 46/46/46 66/66/66 65/65/65
f 46/46/46 47/47/47 67/67/67 66/66/66
f 47/47/47 48/48/48 68/68/68 67/67/67
f 48/48/48 49/49/49 69/69/69 68/68/68
f 49/70/49 50/71/50 70/72/70 69/73/69
f 50/71/50 51/74/51 71/75/71 70/72/70
f 51/51/51 52/52/52 72/76/72 71/77/71
f 52/52/52 53/53/53 73/78/73 72/76/72
f 53/53/53 54/54/54 74/79/74 73/78/73
f 54/54/54 55/55/55 75/80/75 74/79/74
f 55/55/55 56/56/56 76/81/76 75/80/75
f 56/56/56 57/57/57 77/82/77 76/81/76
f 57/57/57 58/58/58 78/83/78 77/82/77
f 58/58/58 59/59/59 79/84/79 78/83/78
f 59/85/59 60/86/60 80/87/80 79/88/79
f 60/86/60 41/89/42 61/90/62 80/87/80
f 61/90/62 62/91/61 82/92/81 81/93/82
f 62/61/61 63/63/63 83/94/83 82/95/81
f 63/63/63 64/64/64 84/96/84 83/94/83
f 64/64/64 65/65/65 85/97/85 84/96/84
f 65/65/65 66/66/66 86/98/86 85/97/85
f 66/66/66 67/67/67 87/99/87 86/98/86
f 67/67/67 68/68/68 88/100/88 87/99/87
f 68/101/68 69/73/69 89/102/89 88/103/88
f 69/73/69 70/72/70 90/104/90 89/102/89
f 70/72/70 71/75/71 91/105/91 90/104/90
f 71/75/71 72/106/72 92/107/92 91/105/91
f 72/76/72 73/78/73 93/108/93 92/109/92
f 73/78/73 74/79/74 94/110/94 93/108/93
f 74/79/74 75/80/75 95/111/95 94/110/94
f 75/80/75 76/81/76 96/112/96 95/111/95
f 76/81/76 77/82/77 97/113/97 96/112/96
f 77/82/77 78/83/78 98/114/98 97/113/97
f 78/115/78 79/88/79 99/116/99 98/117/98
f 79/88/79 80/87/80 100/118/100 99/116/99
f 80/87/80 61/90/62 81/93/82 100/118/100
f 81/93/82 82/92/81 102/119/101 101/120/102
f 82/92/81 83/121/83 103/122/103 102/119/101
f 83/94/83 84/96/84 104/123/104 103/124/103
f 84/96/84 85/97/85 105/125/105 104/123/104
f 85/97/85 86/98/86 106/126/106 105/125/105
f 86/98/86 87/99/87 107/127/107 106/126/106
f 87/128/87 88/103/88 108/129/108 107/130/107
f 88/103/88 89/102/89 109/131/109 108/129/108
f 89/102/89 90/104/90 110/132/110 109/131/109
f 90/104/90 91/105/91 111/133/111 110/132/110
f 91/105/91 92/107/92 112/134/112 111/133/111
f 92/107/92 93/135/93 113/136/113 112/134/112
f 93/108/93 94/110/94 114/137/114 113/138/113
f 94/110/94 95/111/95 115/139/115 114/137/114
f 95/111/95 96/112/96 116/140/116 115/139/115
f 96/112/96 97/113/97 117/141/117 116/140/116
f 97/142/97 98/117/98 118/143/118 117/144/117
f 98/117/98 99/116/99 119/145/119 118/143/118
f 99/116/99 100/118/100 120/146/120 119/145/119
f 100/118/100 81/93/82 101/120/102 120/146/120
f 101/120/102 102/119/101 122/147/121 121/148/122
f 102/119/101 103/122/103 123/149/123 122/147/121
f 103/124/103 104/123/104 124/150/124 123/151/123
f 104/123/104 105/125/105 125/152/125 124/150/124
f 105/125/105 106/126/106 126/153/126 125/152/125
f 106/126/106 107/127/107 127/154/127 126/153/126
f 107/130/107 108/129/108 128/155/128 127/156/127
f 108/129/108 109/131/109 129/157/129 128/155/128
f 109/131/109 110/132/110 130/158/130 129/157/129
f 110/132/110 111/133/111 131/159/131 130/158/130
f 111/133/111 112/134/112 132/160/132 131/159/131
f 112/134/112 113/136/113 133/161/133 132/160/132
f 113/138/113 114/137/114 134/162/134 133/163/133
f 114/137/114 115/139/115 135/164/135 134/162/134
f 115/139/115 116/140/116 136/165/136 135/164/135
f 116/140/116 117/141/117 137/166/137 136/165/136
f 117/144/117 118/143/118 138/167/138 137/168/137
f 118/143/118 119/145/119 139/169/139 138/167/138
f 119/145/119 120/146/120 140/170/140 139/169/139
f 120/146/120 101/120/102 121/148/122 140/170/140
f 121/148/122 122/147/121 142/171/141 141/172/142
f 122/147/121 123/149/123 143/173/143 142/171/141
f 123/174/123 124/175/124 144/176/144 143/177/143
f 124/175/124 125/178/125 145/179/145 144/176/144
f 125/178/125 126/180/126 146/181/146 145/179/145
f 126/180/126 127/182/127 147/183/147 146/181/146
f 127/156/127 128/155/128 148/184/148 147/185/147
f 128/155/128 129/157/129 149/186/149 148/184/148
f 129/157/129 130/158/130 150/187/150 149/186/149
f 130/158/130 131/159/131 151/188/151 150/187/150
f 131/159/131 132/160/132 152/189/152 151/188/151
f 132/160/132 133/161/133 153/190/153 152/189/152
f 133/191/133 134/192/134 154/193/154 153/194/153
f 134/192/134 135/195/135 155/196/155 154/193/154
f 135/195/135 136/197/136 156/198/156 155/196/155
f 136/197/136 137/199/137 157/200/157 156/198/156
f 137/168/137 138/167/138 158/201/158 157/202/157
f 138/167/138 139/169/139 159/203/159 158/201/158
f 139/169/139 140/170/140 160/204/160 159/203/159
f 140/170/140 121/148/122 141/172/142 160/204/160
f 141/172/142 142/171/141 162/205/161 161/206/162
f 142/171/141 143/173/143 163/207/163 162/205/161
f 143/177/143 144/176/144 164/208/164 163/209/163
f 144/176/144 145/179/145 165/210/165 164/208/164
f 145/179/145 146/181/146 166/211/166 165/210/165
f 146/181/146 147/183/147 167/212/167 166/211/166
f 147/185/147 148/184/148 168/213/168 167/214/167
f 148/184/148 149/186/149 169/215/169 168/213/168
f 149/186/149 150/187/150 170/216/170 169/215/169
f 150/187/150 151/188/151 171/217/171 170/216/170
f 151/188/151 152/189/152 172/218/172 171/217/171
f 152/189/152 153/190/153 173/219/173 172/218/172
f 153/194/153 154/193/154 174/220/174 173/221/173
f 154/193/154 155/196/155 175/222/175 174/220/174
f 155/196/155 156/198/156 176/223/176 175/222/175
f 156/198/156 157/200/157 177/224/177 176/223/176
f 157/202/157 158/201/158 178/225/178 177/226/177
f 158/201/158 159/203/159 179/227/179 178/225/178
f 159/203/159 160/204/160 180/228/180 179/227/179
f 160/204/160 141/172/142 161/206/162 180/228/180
f 161/206/162 162/205/161 182/229/181 181/230/182
f 162/205/161 163/207/163 183/231/183 182/229/181
f 163/209/163 164/208/164 184/232/184 183/233/183
f 164/208/164 165/210/165 185/234/185 184/232/184
f 165/210/165 166/211/166 186/235/186 185/234/185
f 166/211/166 167/212/167 187/236/187 186/235/186
f 167/214/167 168/213/168 188/237/188 187/238/187
f 168/213/168 169/215/169 189/239/189 188/237/188
f 169/215/169 170/216/170 190/240/190 189/239/189
f 170/216/170 171/217/171 191/241/191 190/240/190
f 171/217/171 172/218/172 192/242/192 191/241/191
f 172/218/172 173/219/173 193/243/193 192/242/192
f 173/221/173 174/220/174 194/244/194 193/245/193
f 174/220/174 175/222/175 195/246/195 194/244/194
f 175/222/175 176/223/176 196/247/196 195/246/195
f 176/223/176 177/224/177 197/248/197 196/247/196
f 177/226/177 178/225/178 198/249/198 197/250/197
f 178/225/178 179/227/179 199/251/199 198/249/198
f 179/227/179 180/228/180 200/252/200 199/251/199
f 180/228/180 161/206/162 181/230/182 200/252/200
f 181/230/182 182/229/181 202/253/201 201/254/202
f 182/229/181 183/231/183 203/255/203 202/253/201
f 183/233/183 184/232/184 204/256/204 203/257/203
f 184/232/184 185/234/185 205/258/205 204/256/204
f 185/234/185 186/235/186 206/259/206 205/258/205
f 186/235/186 187/236/187 207/260/207 206/259/206
f 187/238/187 188/237/188 208/261/208 207/262/207
f 188/237/188 189/239/189 209/263/209 208/261/208
f 189/239/189 190/240/190 210/264/210 209/263/209
f 190/240/190 191/241/191 211/265/211 210/264/210
f 191/241/191 192/242/192 212/266/212 211/265/211
f 192/242/192 193/243/193 213/267/213 212/266/212
f 193/245/193 194/244/194 214/268/214 213/269/213
f 194/244/194 195/246/195 215/270/215 214/268/214
f 195/246/195 196/247/196 216/271/216 215/270/215
f 196/247/196 197/248/197 217/272/217 216/271/216
f 197/250/197 198/249/198 218/273/218 217/274/217
f 198/249/198 199/251/199 219/275/219 218/273/218
f 199/251/199 200/252/200 220/276/220 219/275/219
f 200/252/200 181/230/182 201/254/202 220/276/220
f 201/254/202 202/253/201 222/277/221 221/278/222
f 202/253/201 203/255/203 223/279/223 222/277/221
f 203/257/203 204/256/204 224/280/224 223/281/223
f 204/256/204 205/258/205 225/282/225 224/280/224
f 205/258/205 206/259/206 226/283/226 225/282/225
f 206/259/206 207/260/207 227/284/227 226/283/226
f 207/262/207 208/261/208 228/285/228 227/286/227
f 208/261/208 209/263/209 229/287/229 228/285/228
f 209/263/209 210/264/210 230/288/230 229/287/229
f 210/264/210 211/265/211 231/289/231 230/288/230
f 211/265/211 212/266/212 232/290/232 231/289/231
f 212/266/212 213/267/213 233/291/233 232/290/232
f 213/269/213 214/268/214 234/292/234 233/293/233
f 214/268/214 215/270/215 235/294/235 234/292/234
f 215/270/215 216/271/216 236/295/236 235/294/235
f 216/271/216 217/272/217 237/296/237 236/295/236
f 217/274/217 218/273/218 238/297/238 237/298/237
f 218/273/218 219/275/219 239/299/239 238/297/238
f 219/275/219 220/276/220 240/300/240 239/299/239
f 220/276/220 201/254/202 221/278/222 240/300/240
f 221/278/222 222/277/221 242/301/241 241/302/242
f 222/277/221 223/279/223 243/303/243 242/301/241
f 223/281/223 224/280/224 244/304/244 243/305/243
f 224/280/224 225/282/225 245/306/245 244/304/244
f 225/282/225 226/283/226 246/307/246 245/306/245
f 226/283/226 227/284/227 247/308/247 246/307/246
f 227/286/227 228/285/228 248/309/248 247/310/247
f 228/285/228 229/287/229 249/311/249 248/309/248
f 229/287/229 230/288/230 250/312/250 249/311/249
f 230/288/230 231/289/231 251/313/251 250/312/250
f 231/289/231 232/290/232 252/314/252 251/313/251
f 232/290/232 233/291/233 253/315/253 252/314/252
f 233/293/233 234/292/234 254/316/254 253/317/253
f 234/292/234 235/294/235 255/318/255 254/316/254
f 235/294/235 236/295/236 256/319/256 255/318/255
f 236/295/236 237/296/237 257/320/257 256/319/256
f 237/298/237 238/297/238 258/321/258 257/322/257
f 238/297/238 239/299/239 259/323/259 258/321/258
f 239/299/239 240/300/240 260/324/260 259/323/259
f 240/300/240 221/278/222 241/302/242 260/324/260
f 241/302/242 242/301/241 262/325/261 261/326/262
f 242/301/241 243/303/243 263/327/263 262/325/261
f 243/328/243 244/329/244 264/330/264 263/331/263
f 244/329/244 245/332/245 265/333/265 264/330/264
f 245/332/245 246/334/246 266/335/266 265/333/265
f 246/334/246 247/336/247 267/337/267 266/335/266
f 247/310/247 248/309/248 268/338/268 267/339/267
f 248/309/248 249/311/249 269/340/269 268/338/268
f 249/311/249 250/312/250 270/341/270 269/340/269
f 250/312/250 251/313/251 271/342/271 270/341/270
f 251/313/251 252/314/252 272/343/272 271/342/271
f 252/314/252 253/315/253 273/344/273 272/343/272
f 253/345/253 254/346/254 274/347/274 273/348/273
f 254/346/254 255/349/255 275/350/275 274/347/274
f 255/349/255 256/351/256 276/352/276 275/350/275
f 256/351/256 257/353/257 277/354/277 276/352/276
f 257/322/257 258/321/258 278/355/278 277/356/277
f 258/321/258 259/323/259 279/357/279 278/355/278
f 259/323/259 260/324/260 280/358/280 279/357/279
f 260/324/260 241/302/242 261/326/262 280/358/280
f 261/326/262 262/325/261 282/359/281 281/360/282
f 262/325/261 263/327/263 283/361/283 282/359/281
f 263/331/263 264/330/264 284/362/284 283/363/283
f 264/330/264 265/333/265 285/364/285 284/362/284
f 265/333/265 266/335/266 286/365/286 285/364/285
f 266/335/266 267/337/267 287/366/287 286/365/286
f 267/339/267 268/338/268 288/367/288 287/368/287
f 268/338/268 269/340/269 289/369/289 288/367/288
f 269/340/269 270/341/270 290/370/290 289/369/289
f 270/341/270 271/342/271 291/371/291 290/370/290
f 271/342/271 272/343/272 292/372/292 291/371/291
f 272/343/272 273/344/273 293/373/293 292/372/292
f 273/348/273 274/347/274 294/374/294 293/375/293
f 274/347/274 275/350/275 295/376/295 294/374/294
f 275/350/275 276/352/276 296/377/296 295/376/295
f 276/352/276 277/354/277 297/378/297 296/377/296
f 277/356/277 278/355/278 298/379/298 297/380/297
f 278/355/278 279/357/279 299/381/299 298/379/298
f 279/357/279 280/358/280 300/382/300 299/381/299
f 280/358/280 261/326/262 281/360/282 300/382/300
f 281/360/282 282/359/281 302/383/301 301/384/302
f 282/385/281 283/363/283 303/386/303 302/387/301
f 283/363/283 284/362/284 304/388/304 303/386/303
f 284/362/284 285/364/285 305/389/305 304/388/304
f 285/364/285 286/365/286 306/390/306 305/389/305
f 286/365/286 287/366/287 307/391/307 306/390/306
f 287/366/287 288/392/288 308/393/308 307/391/307
f 288/367/288 289/369/289 309/394/309 308/395/308
f 289/369/289 290/370/290 310/396/310 309/394/309
f 290/370/290 291/371/291 311/397/311 310/396/310
f 291/371/291 292/372/292 312/398/312 311/397/311
f 292/399/292 293/375/293 313/400/313 312/401/312
f 293/375/293 294/374/294 314/402/314 313/400/313
f 294/374/294 295/376/295 315/403/315 314/402/314
f 295/376/295 296/377/296 316/404/316 315/403/315
f 296/377/296 297/378/297 317/405/317 316/404/316
f 297/378/297 298/406/298 318/407/318 317/405/317
f 298/379/298 299/381/299 319/408/319 318/409/318
f 299/381/299 300/382/300 320/410/320 319/408/319
f 300/382/300 281/360/282 301/384/302 320/410/320
f 301/411/302 302/387/301 322/412/321 321/413/322
f 302/387/301 303/386/303 323/414/323 322/412/321
f 303/386/303 304/388/304 324/415/324 323/414/323
f 304/388/304 305/389/305 325/416/325 324/415/324
f 305/389/305 306/390/306 326/417/326 325/416/325
f 306/390/306 307/391/307 327/418/327 326/417/326
f 307/391/307 308/393/308 328/419/328 327/418/327
f 308/393/308 309/420/309 329/421/329 328/419/328
f 309/394/309 310/396/310 330/422/330 329/423/329
f 310/396/310 311/397/311 331/424/331 330/422/330
f 311/425/311 312/401/312 332/426/332 331/427/331
f 312/401/312 313/400/313 333/428/333 332/426/332
f 313/400/313 314/402/314 334/429/334 333/428/333
f 314/402/314 315/403/315 335/430/335 334/429/334
f 315/403/315 316/404/316 336/431/336 335/430/335
f 316/404/316 317/405/317 337/432/337 336/431/336
f 317/405/317 318/407/318 338/433/338 337/432/337
f 318/407/318 319/434/319 339/435/339 338/433/338
f 319/408/319 320/410/320 340/436/340 339/437/339
f 320/410/320 301/384/302 321/438/322 340/436/340
f 321/413/322 322/412/321 342/439/341 341/440/342
f 322/412/321 323/414/323 343/441/343 342/439/341
f 323/414/323 324/415/324 344/442/344 343/441/343
f 324/415/324 325/416/325 345/443/345 344/442/344
f 325/416/325 326/417/326 346/444/346 345/443/345
f 326/417/326 327/418/327 347/445/347 346/444/346
f 327/418/327 328/419/328 348/446/348 347/445/347
f 328/419/328 329/421/329 349/447/349 348/446/348
f 329/421/329 330/448/330 350/449/350 349/447/349
f 330/448/330 331/427/331 351/450/351 350/449/350
f 331/427/331 332/426/332 352/451/352 351/450/351
f 332/426/332 333/428/333 353/452/353 352/451/352
f 333/428/333 334/429/334 354/453/354 353/452/353
f 334/429/334 335/430/335 355/454/355 354/453/354
f 335/430/335 336/431/336 356/455/356 355/454/355
f 336/431/336 337/432/337 357/456/357 356/455/356
f 337/432/337 338/433/338 358/457/358 357/456/357
f 338/433/338 339/435/339 359/458/359 358/457/358
f 339/435/339 340/459/340 360/460/360 359/458/359
f 340/459/340 321/413/322 341/440/342 360/460/360
f 341/440/342 342/439/341 362/461/361 361/462/362
f 342/439/341 343/441/343 363/463/363 362/461/361
f 343/441/343 344/442/344 364/464/364 363/463/363
f 344/442/344 345/443/345 365/465/365 364/464/364
f 345/443/345 346/444/346 366/466/366 365/465/365
f 346/444/346 347/445/347 367/467/367 366/466/366
f 347/445/347 348/446/348 368/468/368 367/467/367
f 348/446/348 349/447/349 369/469/369 368/468/368
f 349/447/349 350/449/350 370/470/370 369/469/369
f 350/449/350 351/450/351 371/471/371 370/470/370
f 351/450/351 352/451/352 372/472/372 371/471/371
f 352/451/352 353/452/353 373/473/373 372/472/372
f 353/452/353 354/453/354 374/474/374 373/473/373
f 354/453/354 355/454/355 375/475/375 374/474/374
f 355/454/355 356/455/356 376/476/376 375/475/375
f 356/455/356 357/456/357 377/477/377 376/476/376
f 357/456/357 358/457/358 378/478/378 377/477/377
f 358/457/358 359/458/359 379/479/379 378/478/378
f 359/458/359 360/460/360 380/480/380 379/479/379
f 360/460/360 341/440/342 361/462/362 380/480/380
f 2/2/2 1/1/1 381/481/381
f 3/5/5 2/2/2 381/481/381
f 4/7/7 3/5/5 381/481/381
f 5/9/9 4/7/7 381/481/381
f 6/11/11 5/9/9 381/481/381
f 7/13/13 6/11/11 381/481/381
f 8/15/15 7/13/13 381/481/381
f 9/17/17 8/15/15 381/481/381
f 10/19/19 9/17/17 381/481/381
f 11/21/21 10/19/19 381/481/381
f 12/23/23 11/21/21 381/481/381
f 13/25/25 12/23/23 381/481/381
f 14/27/27 13/25/25 381/481/381
f 15/29/29 14/27/27 381/481/381
f 16/31/31 15/29/29 381/481/381
f 17/33/33 16/31/31 381/481/381
f 18/35/35 17/33/33 381/481/381
f 19/37/37 18/35/35 381/481/381
f 20/39/39 19/37/37 381/481/381
f 1/1/1 20/39/39 381/481/381
f 361/462/362 362/461/361 382/482/382
f 362/461/361 363/463/363 382/482/382
f 363/463/363 364/464/364 382/482/382
f 364/464/364 365/465/365 382/482/382
f 365/465/365 366/466/366 382/482/382
f 366/466/366 367/467/367 382/482/382
f 367/467/367 368/468/368 382/482/382
f 368/468/368 369/469/369 382/482/382
f 369/469/369 370/470/370 382/482/382
f 370/470/370 371/471/371 382/482/382
f 371/471/371 372/472/372 382/482/382
f 372/472/372 373/473/373 382/482/382
f 373/473/373 374/474/374 382/482/382
f 374/474/374 375/475/375 382/482/382
f 375/475/375 376/476/376 382/482/382
f 376/476/376 377/477/377 382/482/382
f 377/477/377 378/478/378 382/482/382
f 378/478/378 379/479/379 382/482/382
f 379/479/379 380/480/380 382/482/382
f 380/480/380 361/462/362 382/482/382
s off
usemtl openPBRSurface4SG
f 401/483/383 402/484/384 403/485/385 404/486/386
f 402/484/387 405/487/388 406/488/389 403/485/390
f 405/489/391 407/490/392 408/491/393 406/492/394
f 407/490/395 409/493/396 410/494/397 408/491/398
f 409/495/399 411/496/400 412/497/401 410/498/402
f 411/496/403 413/499/404 414/500/405 412/497/406
f 413/501/407 415/502/408 416/503/409 414/504/410
f 415/502/411 401/505/412 404/506/413 416/503/414
s 2
usemtl openPBRSurface5SG
f 384/507/415 383/508/416 399/509/417
f 385/510/418 384/507/415 399/509/417
usemtl openPBRSurface10SG
f 386/511/419 385/510/418 399/509/417
f 387/512/420 386/511/419 399/509/417
usemtl openPBRSurface5SG
f 388/513/421 387/512/420 399/509/417
f 389/514/422 388/513/421 399/509/417
usemtl openPBRSurface10SG
f 390/515/423 389/514/422 399/509/417
f 383/508/416 390/515/423 399/509/417
s 3
usemtl openPBRSurface5SG
f 391/516/424 392/517/425 400/518/426
f 392/517/425 393/519/427 400/518/426
usemtl openPBRSurface10SG
f 393/519/427 394/520/428 400/518/426
f 394/520/428 395/521/429 400/518/426
usemtl openPBRSurface5SG
f 395/521/429 396/522/430 400/518/426
f 396/522/430 397/523/431 400/518/426
usemtl openPBRSurface10SG
f 397/523/431 398/524/432 400/518/426
f 398/524/432 391/516/424 400/518/426
s off
usemtl openPBRSurface4SG
f 417/525/433 418/526/434 419/527/435 420/528/436
f 434/529/437 433/530/438 435/531/439 436/532/440
f 418/533/441 421/534/442 422/535/443 419/536/444
f 437/537/445 434/538/446 436/539/447 438/540/448
f 421/534/449 423/541/450 424/542/451 422/535/452
f 439/543/453 437/537/454 438/540/455 440/544/456
f 423/541/457 425/545/458 426/546/459 424/542/460
f 441/547/461 439/543/462 440/544/463 442/548/464
f 425/545/465 427/549/466 428/550/467 426/546/468
f 443/551/469 441/547/470 442/548/471 444/552/472
f 427/553/473 429/554/474 430/555/475 428/556/476
f 445/557/477 443/558/478 444/559/479 446/560/480
f 429/554/481 431/561/482 432/562/483 430/555/484
f 447/563/485 445/557/486 446/560/487 448/564/488
f 431/561/489 417/525/490 420/528/491 432/562/492
f 433/530/493 447/563/494 448/564/495 435/531/496
f 383/565/497 384/566/498 418/567/499 417/568/500
f 402/484/501 401/483/502 420/569/503 419/570/504
f 384/566/505 385/571/506 421/572/507 418/567/508
f 405/487/509 402/484/510 419/570/511 422/573/512
f 385/510/513 386/511/514 423/541/515 421/534/516
f 407/490/517 405/489/518 422/574/519 424/575/520
f 386/511/521 387/512/522 425/545/523 423/541/524
f 409/493/525 407/490/526 424/575/527 426/576/528
f 387/577/529 388/578/530 427/579/531 425/580/532
f 411/496/533 409/495/534 426/581/535 428/582/536
f 388/578/537 389/583/538 429/584/539 427/579/540
f 413/499/541 411/496/542 428/582/543 430/585/544
f 389/586/545 390/587/546 431/588/547 429/589/548
f 415/502/549 413/501/550 430/590/551 432/591/552
f 390/587/553 383/592/554 417/593/555 431/588/556
f 401/505/557 415/502/558 432/591/559 420/594/560
f 392/595/561 391/596/562 433/597/563 434/598/564
f 404/486/565 403/485/566 436/599/567 435/600/568
f 393/601/569 392/595/570 434/598/571 437/602/572
f 403/485/573 406/488/574 438/603/575 436/599/576
f 394/604/577 393/605/578 437/606/579 439/607/580
f 406/492/581 408/491/582 440/608/583 438/609/584
f 395/610/585 394/604/586 439/607/587 441/611/588
f 408/491/589 410/494/590 442/612/591 440/608/592
f 396/613/593 395/614/594 441/615/595 443/616/596
f 410/498/597 412/497/598 444/617/599 442/618/600
f 397/619/601 396/613/602 443/616/603 445/620/604
f 412/497/605 414/500/606 446/621/607 444/617/608
f 398/524/609 397/523/610 445/557/611 447/563/612
f 414/504/613 416/503/614 448/622/615 446/623/616
f 391/516/617 398/524/618 447/563/619 433/530/620
f 416/503/621 404/506/622 435/624/623 448/622/624
usemtl pasted__openPBRSurface4SG
f 467/625/625 468/626/626 469/627/627 470/628/628
f 468/626/629 471/629/630 472/630/631 469/627/632
f 471/631/633 473/632/634 474/633/635 472/634/636
f 473/632/637 475/635/638 476/636/639 474/633/640
f 475/637/641 477/638/642 478/639/643 476/640/644
f 477/638/645 479/641/646 480/642/647 478/639/648
f 479/643/649 481/644/650 482/645/651 480/646/652
f 481/644/653 467/647/654 470/648/655 482/645/656
s 4
usemtl openPBRSurface5SG
f 450/649/657 449/650/658 465/651/659
f 451/652/660 450/649/657 465/651/659
usemtl pasted__openPBRSurface10SG
f 452/653/661 451/652/660 465/651/659
f 453/654/662 452/653/661 465/651/659
usemtl openPBRSurface5SG
f 454/655/663 453/654/662 465/651/659
f 455/656/664 454/655/663 465/651/659
usemtl pasted__openPBRSurface10SG
f 456/657/665 455/656/664 465/651/659
f 449/650/658 456/657/665 465/651/659
s 5
usemtl openPBRSurface5SG
f 457/658/666 458/659/667 466/660/668
f 458/659/667 459/661/669 466/660/668
usemtl pasted__openPBRSurface10SG
f 459/661/669 460/662/670 466/660/668
f 460/662/670 461/663/671 466/660/668
usemtl openPBRSurface5SG
f 461/663/671 462/664/672 466/660/668
f 462/664/672 463/665/673 466/660/668
usemtl pasted__openPBRSurface10SG
f 463/665/673 464/666/674 466/660/668
f 464/666/674 457/658/666 466/660/668
s off
usemtl pasted__openPBRSurface4SG
f 483/667/675 484/668/676 485/669/677 486/670/678
f 500/671/679 499/672/680 501/673/681 502/674/682
f 484/668/683 487/675/684 488/676/685 485/669/686
f 503/677/687 500/671/688 502/674/689 504/678/690
f 487/675/691 489/679/692 490/680/693 488/676/694
f 505/681/695 503/677/696 504/678/697 506/682/698
f 489/679/699 491/683/700 492/684/701 490/680/702
f 507/685/703 505/681/704 506/682/705 508/686/706
f 491/683/707 493/687/708 494/688/709 492/684/710
f 509/689/711 507/685/712 508/686/713 510/690/714
f 493/687/715 495/691/716 496/692/717 494/688/718
f 511/693/719 509/689/720 510/690/721 512/694/722
f 495/691/723 497/695/724 498/696/725 496/692/726
f 513/697/727 511/693/728 512/694/729 514/698/730
f 497/695/731 483/667/732 486/670/733 498/696/734
f 499/672/735 513/697/736 514/698/737 501/673/738
f 449/699/739 450/700/740 484/701/741 483/702/742
f 468/626/743 467/625/744 486/703/745 485/704/746
f 450/700/747 451/705/748 487/706/749 484/701/750
f 471/629/751 468/626/752 485/704/753 488/707/754
f 451/708/755 452/709/756 489/710/757 487/711/758
f 473/632/759 471/631/760 488/712/761 490/713/762
f 452/709/763 453/714/764 491/715/765 489/710/766
f 475/635/767 473/632/768 490/713/769 492/716/770
f 453/717/771 454/718/772 493/719/773 491/720/774
f 477/638/775 475/637/776 492/721/777 494/722/778
f 454/718/779 455/723/780 495/724/781 493/719/782
f 479/641/783 477/638/784 494/722/785 496/725/786
f 455/726/787 456/727/788 497/728/789 495/729/790
f 481/644/791 479/643/792 496/730/793 498/731/794
f 456/727/795 449/732/796 483/733/797 497/728/798
f 467/647/799 481/644/800 498/731/801 486/734/802
f 458/735/803 457/736/804 499/737/805 500/738/806
f 470/628/807 469/627/808 502/739/809 501/740/810
f 459/741/811 458/735/812 500/738/813 503/742/814
f 469/627/815 472/630/816 504/743/817 502/739/818
f 460/744/819 459/745/820 503/746/821 505/747/822
f 472/634/823 474/633/824 506/748/825 504/749/826
f 461/750/827 460/744/828 505/747/829 507/751/830
f 474/633/831 476/636/832 508/752/833 506/748/834
f 462/753/835 461/754/836 507/755/837 509/756/838
f 476/640/839 478/639/840 510/757/841 508/758/842
f 463/759/843 462/753/844 509/756/845 511/760/846
f 478/639/847 480/642/848 512/761/849 510/757/850
f 464/762/851 463/763/852 511/764/853 513/765/854
f 480/646/855 482/645/856 514/766/857 512/767/858
f 457/768/859 464/762/860 513/765/861 499/769/862
f 482/645/863 470/648/864 501/770/865 514/766/866
usemtl openPBRSurface4SG
f 533/771/867 534/772/868 535/773/869 536/774/870
f 534/772/871 537/775/872 538/776/873 535/773/874
f 537/777/875 539/778/876 540/779/877 538/780/878
f 539/778/879 541/781/880 542/782/881 540/779/882
f 541/783/883 543/784/884 544/785/885 542/786/886
f 543/784/887 545/787/888 546/788/889 544/785/890
f 545/789/891 547/790/892 548/791/893 546/792/894
f 547/790/895 533/793/896 536/794/897 548/791/898
s 6
usemtl openPBRSurface5SG
f 516/795/899 515/796/900 531/797/901
f 517/798/902 516/795/899 531/797/901
usemtl openPBRSurface10SG
f 518/799/903 517/798/902 531/797/901
f 519/800/904 518/799/903 531/797/901
usemtl openPBRSurface5SG
f 520/801/905 519/800/904 531/797/901
f 521/802/906 520/801/905 531/797/901
usemtl openPBRSurface10SG
f 522/803/907 521/802/906 531/797/901
f 515/796/900 522/803/907 531/797/901
s 7
usemtl openPBRSurface5SG
f 523/804/908 524/805/909 532/806/910
f 524/805/909 525/807/911 532/806/910
usemtl openPBRSurface10SG
f 525/807/911 526/808/912 532/806/910
f 526/808/912 527/809/913 532/806/910
usemtl openPBRSurface5SG
f 527/809/913 528/810/914 532/806/910
f 528/810/914 529/811/915 532/806/910
usemtl openPBRSurface10SG
f 529/811/915 530/812/916 532/806/910
f 530/812/916 523/804/908 532/806/910
s off
usemtl openPBRSurface4SG
f 549/813/917 550/814/918 551/815/919 552/816/920
f 566/817/921 565/818/922 567/819/923 568/820/924
f 550/821/925 553/822/926 554/823/927 551/824/928
f 569/825/929 566/826/930 568/827/931 570/828/932
f 553/822/933 555/829/934 556/830/935 554/823/936
f 571/831/937 569/825/938 570/828/939 572/832/940
f 555/829/941 557/833/942 558/834/943 556/830/944
f 573/835/945 571/831/946 572/832/947 574/836/948
f 557/833/949 559/837/950 560/838/951 558/834/952
f 575/839/953 573/835/954 574/836/955 576/840/956
f 559/841/957 561/842/958 562/843/959 560/844/960
f 577/845/961 575/846/962 576/847/963 578/848/964
f 561/842/965 563/849/966 564/850/967 562/843/968
f 579/851/969 577/845/970 578/848/971 580/852/972
f 563/849/973 549/813/974 552/816/975 564/850/976
f 565/818/977 579/851/978 580/852/979 567/819/980
f 515/853/981 516/854/982 550/855/983 549/856/984
f 534/772/985 533/771/986 552/857/987 551/858/988
f 516/854/989 517/859/990 553/860/991 550/855/992
f 537/775/993 534/772/994 551/858/995 554/861/996
f 517/798/997 518/799/998 555/829/999 553/822/1000
f 539/778/1001 537/777/1002 554/862/1003 556/863/1004
f 518/799/1005 519/800/1006 557/833/1007 555/829/1008
f 541/781/1009 539/778/1010 556/863/1011 558/864/1012
f 519/865/1013 520/866/1014 559/867/1015 557/868/1016
f 543/784/1017 541/783/1018 558/869/1019 560/870/1020
f 520/866/1021 521/871/1022 561/872/1023 559/867/1024
f 545/787/1025 543/784/1026 560/870/1027 562/873/1028
f 521/874/1029 522/875/1030 563/876/1031 561/877/1032
f 547/790/1033 545/789/1034 562/878/1035 564/879/1036
f 522/875/1037 515/880/1038 549/881/1039 563/876/1040
f 533/793/1041 547/790/1042 564/879/1043 552/882/1044
f 524/883/1045 523/884/1046 565/885/1047 566/886/1048
f 536/774/1049 535/773/1050 568/887/1051 567/888/1052
f 525/889/1053 524/883/1054 566/886/1055 569/890/1056
f 535/773/1057 538/776/1058 570/891/1059 568/887/1060
f 526/892/1061 525/893/1062 569/894/1063 571/895/1064
f 538/780/1065 540/779/1066 572/896/1067 570/897/1068
f 527/898/1069 526/892/1070 571/895/1071 573/899/1072
f 540/779/1073 542/782/1074 574/900/1075 572/896/1076
f 528/901/1077 527/902/1078 573/903/1079 575/904/1080
f 542/786/1081 544/785/1082 576/905/1083 574/906/1084
f 529/907/1085 528/901/1086 575/904/1087 577/908/1088
f 544/785/1089 546/788/1090 578/909/1091 576/905/1092
f 530/812/1093 529/811/1094 577/845/1095 579/851/1096
f 546/792/1097 548/791/1098 580/910/1099 578/911/1100
f 523/804/1101 530/812/1102 579/851/1103 565/818/1104
f 548/791/1105 536/794/1106 567/912/1107 580/910/1108
s 8
usemtl openPBRSurface2SG
f 581/913/1109 701/914/1110 728/915/1111 582/916/1112
f 583/917/1113 585/918/1114 586/919/1115 584/920/1116
f 702/921/1117 587/922/1118 588/923/1119 703/924/1120
f 587/925/1118 581/926/1109 582/927/1112 588/928/1119
f 1078/929/1121 1080/930/1122 1079/931/1123 1077/932/1124
f 883/933/1125 886/934/1126 885/935/1127 884/936/1128
f 582/937/1112 590/938/1129 589/939/1130 588/940/1119
f 588/923/1119 589/941/1130 704/942/1131 703/924/1120
f 586/919/1115 591/943/1132 592/944/1133 584/920/1116
f 727/945/1134 590/946/1129 582/916/1112 728/915/1111
f 590/947/1129 594/948/1135 593/949/1136 589/950/1130
f 589/941/1130 593/951/1136 705/952/1137 704/942/1131
f 591/943/1132 595/953/1138 596/954/1139 592/944/1133
f 726/955/1140 594/956/1135 590/946/1129 727/945/1134
f 594/948/1135 598/957/1141 597/958/1142 593/949/1136
f 593/951/1136 597/959/1142 706/960/1143 705/952/1137
f 630/961/1144 632/962/1145 631/963/1146 629/964/1147
f 725/965/1148 598/966/1141 594/956/1135 726/955/1140
f 598/957/1141 602/967/1149 601/968/1150 597/958/1142
f 597/959/1142 601/969/1150 707/970/1151 706/960/1143
f 599/971/1152 603/972/1153 604/973/1154 600/974/1155
f 724/975/1156 602/976/1149 598/966/1141 725/965/1148
f 602/977/1149 606/978/1157 605/979/1158 601/980/1150
f 601/969/1150 605/981/1158 708/982/1159 707/970/1151
f 603/972/1153 607/983/1160 608/984/1161 604/973/1154
f 723/985/1162 606/986/1157 602/976/1149 724/975/1156
f 606/978/1157 610/987/1163 609/988/1164 605/979/1158
f 605/981/1158 609/989/1164 709/990/1165 708/982/1159
f 607/983/1160 611/991/1166 612/992/1167 608/984/1161
f 722/993/1168 610/994/1163 606/986/1157 723/985/1162
f 610/987/1163 614/995/1169 613/996/1170 609/988/1164
f 609/989/1164 613/997/1170 710/998/1171 709/990/1165
f 611/991/1166 615/999/1172 616/1000/1173 612/992/1167
f 721/1001/1174 614/1002/1169 610/994/1163 722/993/1168
f 614/995/1169 618/1003/1175 617/1004/1176 613/996/1170
f 613/997/1170 617/1005/1176 711/1006/1177 710/998/1171
f 615/999/1172 619/1007/1178 620/1008/1179 616/1000/1173
f 720/1009/1180 618/1010/1175 614/1002/1169 721/1001/1174
f 618/1011/1175 622/1012/1181 621/1013/1182 617/1014/1176
f 617/1014/1176 621/1013/1182 712/1015/1183 711/1016/1177
f 619/1017/1178 623/1018/1184 624/1019/1185 620/1020/1179
f 719/1021/1186 622/1012/1181 618/1011/1175 720/1022/1180
f 622/1023/1181 626/1024/1187 625/1025/1188 621/1026/1182
f 621/1027/1182 625/1028/1188 713/1029/1189 712/1030/1183
f 623/1031/1184 627/1032/1190 628/1033/1191 624/1034/1185
f 718/1035/1192 626/1036/1187 622/1037/1181 719/1038/1186
f 638/1039/1193 640/1040/1194 639/1041/1195 637/1042/1196
f 596/1043/1139 629/1044/1147 631/1045/1146 600/1046/1155
f 661/1047/1197 664/1048/1198 663/1049/1199 662/1050/1200
f 599/1051/1152 632/1052/1145 630/1053/1144 595/1054/1138
f 595/1055/1138 634/1056/1201 633/1057/1202 596/1058/1139
f 596/1043/1139 633/1059/1202 635/1060/1203 629/1044/1147
f 629/1061/1147 635/1062/1203 636/1063/1204 630/1064/1144
f 630/1053/1144 636/1065/1204 634/1066/1201 595/1054/1138
f 634/1056/1201 638/1067/1193 637/1068/1196 633/1057/1202
f 633/1059/1202 637/1069/1196 639/1070/1195 635/1060/1203
f 635/1062/1203 639/1041/1195 640/1040/1194 636/1063/1204
f 636/1065/1204 640/1071/1194 638/1072/1193 634/1066/1201
f 600/1073/1155 641/1074/1205 642/1075/1206 599/1076/1152
f 599/1051/1152 642/1077/1206 643/1078/1207 632/1052/1145
f 632/962/1145 643/1079/1207 644/1080/1208 631/963/1146
f 631/1045/1146 644/1081/1208 641/1082/1205 600/1046/1155
f 641/1074/1205 645/1083/1209 646/1084/1210 642/1075/1206
f 642/1077/1206 646/1085/1210 647/1086/1211 643/1078/1207
f 643/1079/1207 647/1087/1211 648/1088/1212 644/1080/1208
f 644/1081/1208 648/1089/1212 645/1090/1209 641/1082/1205
f 645/1083/1209 649/1091/1213 650/1092/1214 646/1084/1210
f 646/1085/1210 650/1093/1214 651/1094/1215 647/1086/1211
f 647/1087/1211 651/1095/1215 652/1096/1216 648/1088/1212
f 648/1089/1212 652/1097/1216 649/1098/1213 645/1090/1209
f 649/1091/1213 653/1099/1217 654/1100/1218 650/1092/1214
f 650/1093/1214 654/1101/1218 655/1102/1219 651/1094/1215
f 651/1095/1215 655/1103/1219 656/1104/1220 652/1096/1216
f 652/1097/1216 656/1105/1220 653/1106/1217 649/1098/1213
f 653/1099/1217 657/1107/1221 658/1108/1222 654/1100/1218
f 654/1101/1218 658/1109/1222 659/1110/1223 655/1102/1219
f 655/1103/1219 659/1111/1223 660/1112/1224 656/1104/1220
f 656/1105/1220 660/1113/1224 657/1114/1221 653/1106/1217
f 657/1107/1221 661/1047/1197 662/1050/1200 658/1108/1222
f 658/1109/1222 662/1115/1200 663/1116/1199 659/1110/1223
f 659/1111/1223 663/1117/1199 664/1118/1198 660/1112/1224
f 660/1113/1224 664/1119/1198 661/1120/1197 657/1114/1221
f 626/1121/1187 666/1122/1225 665/1123/1226 625/1124/1188
f 625/1028/1188 665/1125/1226 714/1126/1227 713/1029/1189
f 627/1127/1190 667/1128/1228 668/1129/1229 628/1130/1191
f 717/1131/1230 666/1132/1225 626/1036/1187 718/1035/1192
f 1086/1133/1231 1088/1134/1232 1087/1135/1233 1085/1136/1234
f 665/1125/1226 669/1137/1235 715/1138/1236 714/1126/1227
f 667/1128/1228 671/1139/1237 672/1140/1238 668/1129/1229
f 716/1141/1239 670/1142/1240 666/1132/1225 717/1131/1230
f 1090/1143/1241 1092/1144/1242 1091/1145/1243 1089/1146/1244
f 1089/1147/1244 1091/1148/1243 1094/1149/1245 1093/1150/1246
f 1093/1151/1246 1094/1152/1245 1096/1153/1247 1095/1154/1248
f 1095/1155/1248 1096/1156/1247 1092/1157/1242 1090/1158/1241
f 1092/1144/1242 1098/1159/1249 1097/1160/1250 1091/1145/1243
f 1091/1148/1243 1097/1161/1250 1099/1162/1251 1094/1149/1245
f 1094/1152/1245 1099/1163/1251 1100/1164/1252 1096/1153/1247
f 1096/1156/1247 1100/1165/1252 1098/1166/1249 1092/1157/1242
f 1098/1159/1249 1102/1167/1253 1101/1168/1254 1097/1160/1250
f 1097/1161/1250 1101/1169/1254 1103/1170/1255 1099/1162/1251
f 1099/1163/1251 1103/1171/1255 1104/1172/1256 1100/1164/1252
f 1100/1165/1252 1104/1173/1256 1102/1174/1253 1098/1166/1249
f 1102/1167/1253 1106/1175/1257 1105/1176/1258 1101/1168/1254
f 1101/1169/1254 1105/1177/1258 1107/1178/1259 1103/1170/1255
f 1103/1171/1255 1107/1179/1259 1108/1180/1260 1104/1172/1256
f 1104/1173/1256 1108/1181/1260 1106/1182/1257 1102/1174/1253
f 1106/1175/1257 1110/1183/1261 1109/1184/1262 1105/1176/1258
f 1105/1177/1258 1109/1185/1262 1111/1186/1263 1107/1178/1259
f 1107/1179/1259 1111/1187/1263 1112/1188/1264 1108/1180/1260
f 1108/1181/1260 1112/1189/1264 1110/1190/1261 1106/1182/1257
f 1110/1183/1261 1114/1191/1265 1113/1192/1266 1109/1184/1262
f 1109/1185/1262 1113/1193/1266 1115/1194/1267 1111/1186/1263
f 1111/1187/1263 1115/1195/1267 1116/1196/1268 1112/1188/1264
f 1112/1189/1264 1116/1197/1268 1114/1198/1265 1110/1190/1261
f 1114/1191/1265 1118/1199/1269 1117/1200/1270 1113/1192/1266
f 1113/1193/1266 1117/1201/1270 1119/1202/1271 1115/1194/1267
f 1115/1195/1267 1119/1203/1271 1120/1204/1272 1116/1196/1268
f 1116/1197/1268 1120/1205/1272 1118/1206/1269 1114/1198/1265
f 1118/1199/1269 1122/1207/1273 1121/1208/1274 1117/1200/1270
f 1117/1201/1270 1121/1209/1274 1123/1210/1275 1119/1202/1271
f 1119/1203/1271 1123/1211/1275 1124/1212/1276 1120/1204/1272
f 1120/1205/1272 1124/1213/1276 1122/1214/1273 1118/1206/1269
f 1122/1207/1273 1126/1215/1277 1125/1216/1278 1121/1208/1274
f 1121/1209/1274 1125/1217/1278 1127/1218/1279 1123/1210/1275
f 1123/1211/1275 1127/1219/1279 1128/1220/1280 1124/1212/1276
f 1124/1213/1276 1128/1221/1280 1126/1222/1277 1122/1214/1273
f 1126/1215/1277 1130/1223/1281 1129/1224/1282 1125/1216/1278
f 1125/1217/1278 1129/1225/1282 1131/1226/1283 1127/1218/1279
f 1127/1219/1279 1131/1227/1283 1132/1228/1284 1128/1220/1280
f 1128/1221/1280 1132/1229/1284 1130/1230/1281 1126/1222/1277
f 1130/1223/1281 1086/1231/1231 1085/1232/1234 1129/1224/1282
f 1129/1225/1282 1085/1233/1234 1087/1234/1233 1131/1226/1283
f 1131/1227/1283 1087/1135/1233 1088/1134/1232 1132/1228/1284
f 1132/1229/1284 1088/1235/1232 1086/1236/1231 1130/1230/1281
f 887/1237/1285 890/1238/1286 889/1239/1287 888/1240/1288
f 585/1241/1114 729/1242/1289 756/1243/1290 586/1244/1115
f 755/1245/1291 591/1246/1132 586/1244/1115 756/1243/1290
f 754/1247/1292 595/1054/1138 591/1246/1132 755/1245/1291
f 753/1248/1293 599/1051/1152 595/1054/1138 754/1247/1292
f 752/1249/1294 603/1250/1153 599/1051/1152 753/1248/1293
f 751/1251/1295 607/1252/1160 603/1250/1153 752/1249/1294
f 750/1253/1296 611/1254/1166 607/1252/1160 751/1251/1295
f 749/1255/1297 615/1256/1172 611/1254/1166 750/1253/1296
f 748/1257/1298 619/1258/1178 615/1256/1172 749/1255/1297
f 747/1259/1299 623/1018/1184 619/1017/1178 748/1260/1298
f 746/1261/1300 627/1262/1190 623/1263/1184 747/1264/1299
f 745/1265/1301 667/1266/1228 627/1262/1190 746/1261/1300
f 744/1267/1302 671/1268/1237 667/1266/1228 745/1265/1301
f 809/1269/1303 812/1270/1304 811/1271/1305 810/1272/1306
f 668/1273/1229 672/1274/1238 743/1275/1307 742/1276/1308
f 628/1277/1191 668/1273/1229 742/1276/1308 741/1278/1309
f 624/1279/1185 628/1277/1191 741/1278/1309 740/1280/1310
f 620/1020/1179 624/1019/1185 740/1281/1310 739/1282/1311
f 616/1283/1173 620/1284/1179 739/1285/1311 738/1286/1312
f 612/1287/1167 616/1283/1173 738/1286/1312 737/1288/1313
f 608/1289/1161 612/1287/1167 737/1288/1313 736/1290/1314
f 604/1291/1154 608/1289/1161 736/1290/1314 735/1292/1315
f 600/1046/1155 604/1291/1154 735/1292/1315 734/1293/1316
f 596/1043/1139 600/1046/1155 734/1293/1316 733/1294/1317
f 592/1295/1133 596/1043/1139 733/1294/1317 732/1296/1318
f 584/1297/1116 592/1295/1133 732/1296/1318 731/1298/1319
f 730/1299/1320 583/1300/1113 584/1297/1116 731/1298/1319
f 886/934/1126 892/1301/1321 891/1302/1322 885/935/1127
f 674/1303/1323 702/921/1117 703/924/1120 675/1304/1324
f 704/942/1131 676/1305/1325 675/1304/1324 703/924/1120
f 705/952/1137 677/1306/1326 676/1305/1325 704/942/1131
f 706/960/1143 678/1307/1327 677/1306/1326 705/952/1137
f 707/970/1151 679/1308/1328 678/1307/1327 706/960/1143
f 708/982/1159 680/1309/1329 679/1308/1328 707/970/1151
f 709/990/1165 681/1310/1330 680/1309/1329 708/982/1159
f 710/998/1171 682/1311/1331 681/1310/1330 709/990/1165
f 711/1006/1177 683/1312/1332 682/1311/1331 710/998/1171
f 712/1015/1183 684/1313/1333 683/1314/1332 711/1016/1177
f 713/1029/1189 685/1315/1334 684/1316/1333 712/1030/1183
f 714/1126/1227 686/1317/1335 685/1315/1334 713/1029/1189
f 715/1138/1236 687/1318/1336 686/1317/1335 714/1126/1227
f 1010/1319/1337 1012/1320/1338 1011/1321/1339 1009/1322/1340
f 688/1323/1341 716/1141/1239 717/1131/1230 689/1324/1342
f 689/1324/1342 717/1131/1230 718/1035/1192 690/1325/1343
f 690/1325/1343 718/1035/1192 719/1038/1186 691/1326/1344
f 691/1327/1344 719/1021/1186 720/1022/1180 692/1328/1345
f 692/1329/1345 720/1009/1180 721/1001/1174 693/1330/1346
f 693/1330/1346 721/1001/1174 722/993/1168 694/1331/1347
f 694/1331/1347 722/993/1168 723/985/1162 695/1332/1348
f 695/1332/1348 723/985/1162 724/975/1156 696/1333/1349
f 696/1333/1349 724/975/1156 725/965/1148 697/1334/1350
f 697/1334/1350 725/965/1148 726/955/1140 698/1335/1351
f 698/1335/1351 726/955/1140 727/945/1134 699/1336/1352
f 699/1336/1352 727/945/1134 728/915/1111 700/1337/1353
f 701/914/1110 673/1338/1354 700/1337/1353 728/915/1111
f 892/1301/1321 887/1237/1285 888/1240/1288 891/1302/1322
f 673/1338/1354 730/1299/1320 731/1298/1319 700/1337/1353
f 732/1296/1318 699/1336/1352 700/1337/1353 731/1298/1319
f 733/1294/1317 698/1335/1351 699/1336/1352 732/1296/1318
f 734/1293/1316 697/1334/1350 698/1335/1351 733/1294/1317
f 735/1292/1315 696/1333/1349 697/1334/1350 734/1293/1316
f 736/1290/1314 695/1332/1348 696/1333/1349 735/1292/1315
f 737/1288/1313 694/1331/1347 695/1332/1348 736/1290/1314
f 738/1286/1312 693/1330/1346 694/1331/1347 737/1288/1313
f 739/1285/1311 692/1329/1345 693/1330/1346 738/1286/1312
f 740/1281/1310 691/1327/1344 692/1328/1345 739/1282/1311
f 741/1278/1309 690/1325/1343 691/1326/1344 740/1280/1310
f 742/1276/1308 689/1324/1342 690/1325/1343 741/1278/1309
f 743/1275/1307 688/1323/1341 689/1324/1342 742/1276/1308
f 954/1339/1355 956/1340/1356 955/1341/1357 953/1342/1358
f 687/1318/1336 744/1267/1302 745/1265/1301 686/1317/1335
f 686/1317/1335 745/1265/1301 746/1261/1300 685/1315/1334
f 685/1315/1334 746/1261/1300 747/1264/1299 684/1316/1333
f 684/1313/1333 747/1259/1299 748/1260/1298 683/1314/1332
f 683/1312/1332 748/1257/1298 749/1255/1297 682/1311/1331
f 682/1311/1331 749/1255/1297 750/1253/1296 681/1310/1330
f 681/1310/1330 750/1253/1296 751/1251/1295 680/1309/1329
f 680/1309/1329 751/1251/1295 752/1249/1294 679/1308/1328
f 679/1308/1328 752/1249/1294 753/1248/1293 678/1307/1327
f 678/1307/1327 753/1248/1293 754/1247/1292 677/1306/1326
f 677/1306/1326 754/1247/1292 755/1245/1291 676/1305/1325
f 676/1305/1325 755/1245/1291 756/1243/1290 675/1304/1324
f 729/1242/1289 674/1303/1323 675/1304/1324 756/1243/1290
f 743/1343/1307 757/1344/1359 758/1345/1360 744/1346/1302
f 744/1347/1302 758/1348/1360 759/1349/1361 671/1350/1237
f 671/1350/1237 759/1349/1361 760/1351/1362 672/1352/1238
f 672/1274/1238 760/1353/1362 757/1354/1359 743/1275/1307
f 757/1344/1359 761/1355/1363 762/1356/1364 758/1345/1360
f 758/1357/1360 762/1358/1364 763/1359/1365 759/1360/1361
f 759/1361/1361 763/1362/1365 764/1363/1366 760/1364/1362
f 760/1364/1362 764/1363/1366 761/1365/1363 757/1366/1359
f 761/1355/1363 765/1367/1367 766/1368/1368 762/1356/1364
f 762/1358/1364 766/1369/1368 767/1370/1369 763/1359/1365
f 763/1362/1365 767/1371/1369 768/1372/1370 764/1363/1366
f 764/1373/1366 768/1374/1370 765/1375/1367 761/1376/1363
f 765/1367/1367 769/1377/1371 770/1378/1372 766/1368/1368
f 766/1369/1368 770/1379/1372 771/1380/1373 767/1370/1369
f 767/1371/1369 771/1381/1373 772/1382/1374 768/1372/1370
f 768/1374/1370 772/1383/1374 769/1384/1371 765/1375/1367
f 769/1377/1371 773/1385/1375 774/1386/1376 770/1378/1372
f 770/1379/1372 774/1387/1376 775/1388/1377 771/1380/1373
f 771/1389/1373 775/1390/1377 776/1391/1378 772/1392/1374
f 772/1383/1374 776/1393/1378 773/1394/1375 769/1384/1371
f 773/1395/1375 777/1396/1379 778/1397/1380 774/1398/1376
f 774/1387/1376 778/1399/1380 779/1400/1381 775/1388/1377
f 775/1401/1377 779/1402/1381 780/1403/1382 776/1404/1378
f 776/1393/1378 780/1405/1382 777/1406/1379 773/1394/1375
f 777/1407/1379 781/1408/1383 782/1409/1384 778/1410/1380
f 778/1399/1380 782/1411/1384 783/1412/1385 779/1400/1381
f 779/1402/1381 783/1413/1385 784/1414/1386 780/1403/1382
f 780/1405/1382 784/1415/1386 781/1416/1383 777/1406/1379
f 781/1408/1383 785/1417/1387 786/1418/1388 782/1409/1384
f 782/1411/1384 786/1419/1388 787/1420/1389 783/1412/1385
f 783/1413/1385 787/1421/1389 788/1422/1390 784/1414/1386
f 784/1415/1386 788/1423/1390 785/1424/1387 781/1416/1383
f 785/1417/1387 789/1425/1391 790/1426/1392 786/1418/1388
f 786/1418/1388 790/1426/1392 791/1427/1393 787/1428/1389
f 787/1429/1389 791/1430/1393 792/1431/1394 788/1432/1390
f 788/1433/1390 792/1434/1394 789/1425/1391 785/1417/1387
f 789/1435/1391 793/1436/1395 794/1437/1396 790/1438/1392
f 790/1439/1392 794/1440/1396 795/1441/1397 791/1442/1393
f 791/1443/1393 795/1444/1397 796/1445/1398 792/1446/1394
f 792/1446/1394 796/1445/1398 793/1447/1395 789/1448/1391
f 793/1449/1395 797/1450/1399 798/1451/1400 794/1452/1396
f 794/1440/1396 798/1453/1400 799/1454/1401 795/1441/1397
f 795/1444/1397 799/1455/1401 800/1456/1402 796/1445/1398
f 796/1457/1398 800/1458/1402 797/1459/1399 793/1460/1395
f 797/1450/1399 801/1461/1403 802/1462/1404 798/1451/1400
f 798/1451/1400 802/1462/1404 803/1463/1405 799/1464/1401
f 799/1465/1401 803/1466/1405 804/1467/1406 800/1468/1402
f 800/1458/1402 804/1469/1406 801/1470/1403 797/1459/1399
f 801/1471/1403 805/1472/1407 806/1473/1408 802/1474/1404
f 802/1475/1404 806/1476/1408 807/1477/1409 803/1478/1405
f 803/1479/1405 807/1480/1409 808/1481/1410 804/1482/1406
f 804/1482/1406 808/1481/1410 805/1483/1407 801/1484/1403
f 805/1472/1407 809/1485/1303 810/1486/1306 806/1473/1408
f 806/1476/1408 810/1487/1306 811/1488/1305 807/1477/1409
f 807/1480/1409 811/1489/1305 812/1490/1304 808/1481/1410
f 808/1491/1410 812/1492/1304 809/1493/1303 805/1494/1407
f 587/925/1118 813/1495/1411 814/1496/1412 581/926/1109
f 581/913/1109 814/1497/1412 815/1498/1413 701/914/1110
f 702/921/1117 816/1499/1414 813/1500/1411 587/922/1118
f 730/1299/1320 818/1501/1415 819/1502/1416 583/1300/1113
f 583/917/1113 819/1503/1416 820/1504/1417 585/918/1114
f 585/1241/1114 820/1505/1417 817/1506/1418 729/1242/1289
f 701/914/1110 815/1498/1413 821/1507/1419 673/1338/1354
f 674/1303/1323 822/1508/1420 816/1499/1414 702/921/1117
f 673/1338/1354 821/1507/1419 818/1501/1415 730/1299/1320
f 729/1242/1289 817/1506/1418 822/1508/1420 674/1303/1323
f 813/1495/1411 823/1509/1421 824/1510/1422 814/1496/1412
f 814/1497/1412 824/1511/1422 825/1512/1423 815/1498/1413
f 816/1499/1414 826/1513/1424 823/1514/1421 813/1500/1411
f 818/1501/1415 828/1515/1425 829/1516/1426 819/1502/1416
f 819/1503/1416 829/1517/1426 830/1518/1427 820/1504/1417
f 820/1505/1417 830/1519/1427 827/1520/1428 817/1506/1418
f 815/1498/1413 825/1512/1423 831/1521/1429 821/1507/1419
f 822/1508/1420 832/1522/1430 826/1513/1424 816/1499/1414
f 821/1507/1419 831/1521/1429 828/1515/1425 818/1501/1415
f 817/1506/1418 827/1520/1428 832/1522/1430 822/1508/1420
f 823/1509/1421 833/1523/1431 834/1524/1432 824/1510/1422
f 824/1511/1422 834/1525/1432 835/1526/1433 825/1512/1423
f 826/1513/1424 836/1527/1434 833/1528/1431 823/1514/1421
f 828/1515/1425 838/1529/1435 839/1530/1436 829/1516/1426
f 829/1517/1426 839/1531/1436 840/1532/1437 830/1518/1427
f 830/1519/1427 840/1533/1437 837/1534/1438 827/1520/1428
f 825/1512/1423 835/1526/1433 841/1535/1439 831/1521/1429
f 832/1522/1430 842/1536/1440 836/1527/1434 826/1513/1424
f 831/1521/1429 841/1535/1439 838/1529/1435 828/1515/1425
f 827/1520/1428 837/1534/1438 842/1536/1440 832/1522/1430
f 833/1523/1431 843/1537/1441 844/1538/1442 834/1524/1432
f 834/1525/1432 844/1539/1442 845/1540/1443 835/1526/1433
f 836/1527/1434 846/1541/1444 843/1542/1441 833/1528/1431
f 838/1529/1435 848/1543/1445 849/1544/1446 839/1530/1436
f 839/1531/1436 849/1545/1446 850/1546/1447 840/1532/1437
f 840/1533/1437 850/1547/1447 847/1548/1448 837/1534/1438
f 835/1526/1433 845/1540/1443 851/1549/1449 841/1535/1439
f 842/1536/1440 852/1550/1450 846/1541/1444 836/1527/1434
f 841/1535/1439 851/1549/1449 848/1543/1445 838/1529/1435
f 837/1534/1438 847/1548/1448 852/1550/1450 842/1536/1440
f 843/1551/1441 853/1552/1451 854/1553/1452 844/1554/1442
f 844/1539/1442 854/1555/1452 855/1556/1453 845/1540/1443
f 846/1541/1444 856/1557/1454 853/1558/1451 843/1542/1441
f 848/1543/1445 858/1559/1455 859/1560/1456 849/1544/1446
f 849/1545/1446 859/1561/1456 860/1562/1457 850/1546/1447
f 850/1547/1447 860/1563/1457 857/1564/1458 847/1548/1448
f 845/1540/1443 855/1556/1453 861/1565/1459 851/1549/1449
f 852/1550/1450 862/1566/1460 856/1557/1454 846/1541/1444
f 851/1549/1449 861/1565/1459 858/1559/1455 848/1543/1445
f 847/1548/1448 857/1564/1458 862/1566/1460 852/1550/1450
f 853/1567/1451 863/1568/1461 864/1569/1462 854/1570/1452
f 854/1555/1452 864/1571/1462 865/1572/1463 855/1556/1453
f 856/1557/1454 866/1573/1464 863/1574/1461 853/1558/1451
f 858/1559/1455 868/1575/1465 869/1576/1466 859/1560/1456
f 859/1561/1456 869/1577/1466 870/1578/1467 860/1562/1457
f 860/1563/1457 870/1579/1467 867/1580/1468 857/1564/1458
f 855/1556/1453 865/1572/1463 871/1581/1469 861/1565/1459
f 862/1566/1460 872/1582/1470 866/1573/1464 856/1557/1454
f 861/1565/1459 871/1581/1469 868/1575/1465 858/1559/1455
f 857/1564/1458 867/1580/1468 872/1582/1470 862/1566/1460
f 863/1568/1461 873/1583/1471 874/1584/1472 864/1569/1462
f 864/1571/1462 874/1585/1472 875/1586/1473 865/1572/1463
f 866/1573/1464 876/1587/1474 873/1588/1471 863/1574/1461
f 868/1575/1465 878/1589/1475 879/1590/1476 869/1576/1466
f 869/1577/1466 879/1591/1476 880/1592/1477 870/1578/1467
f 870/1579/1467 880/1593/1477 877/1594/1478 867/1580/1468
f 865/1572/1463 875/1586/1473 881/1595/1479 871/1581/1469
f 872/1582/1470 882/1596/1480 876/1587/1474 866/1573/1464
f 871/1581/1469 881/1595/1479 878/1589/1475 868/1575/1465
f 867/1580/1468 877/1594/1478 882/1596/1480 872/1582/1470
f 873/1583/1471 883/1597/1125 884/1598/1128 874/1584/1472
f 874/1585/1472 884/1599/1128 885/1600/1127 875/1586/1473
f 876/1587/1474 886/1601/1126 883/1602/1125 873/1588/1471
f 878/1589/1475 888/1603/1288 889/1604/1287 879/1590/1476
f 879/1605/1476 889/1239/1287 890/1238/1286 880/1606/1477
f 880/1593/1477 890/1607/1286 887/1608/1285 877/1594/1478
f 875/1586/1473 885/1600/1127 891/1609/1322 881/1595/1479
f 882/1596/1480 892/1610/1321 886/1601/1126 876/1587/1474
f 881/1595/1479 891/1609/1322 888/1603/1288 878/1589/1475
f 877/1594/1478 887/1608/1285 892/1610/1321 882/1596/1480
f 688/1611/1341 894/1612/1481 893/1613/1482 687/1614/1336
f 687/1614/1336 893/1613/1482 895/1615/1483 744/1346/1302
f 744/1346/1302 895/1615/1483 896/1616/1484 743/1343/1307
f 743/1275/1307 896/1617/1484 894/1618/1481 688/1323/1341
f 894/1612/1481 898/1619/1485 897/1620/1486 893/1613/1482
f 893/1621/1482 897/1622/1486 899/1623/1487 895/1624/1483
f 895/1625/1483 899/1626/1487 900/1627/1488 896/1628/1484
f 896/1617/1484 900/1629/1488 898/1630/1485 894/1618/1481
f 898/1631/1485 902/1632/1489 901/1633/1490 897/1634/1486
f 897/1622/1486 901/1635/1490 903/1636/1491 899/1623/1487
f 899/1637/1487 903/1638/1491 904/1639/1492 900/1640/1488
f 900/1629/1488 904/1641/1492 902/1642/1489 898/1630/1485
f 902/1632/1489 906/1643/1493 905/1644/1494 901/1633/1490
f 901/1635/1490 905/1645/1494 907/1646/1495 903/1636/1491
f 903/1638/1491 907/1647/1495 908/1648/1496 904/1639/1492
f 904/1641/1492 908/1649/1496 906/1650/1493 902/1642/1489
f 906/1643/1493 910/1651/1497 909/1652/1498 905/1644/1494
f 905/1645/1494 909/1653/1498 911/1654/1499 907/1646/1495
f 907/1647/1495 911/1655/1499 912/1656/1500 908/1648/1496
f 908/1649/1496 912/1657/1500 910/1658/1497 906/1650/1493
f 910/1651/1497 914/1659/1501 913/1660/1502 909/1652/1498
f 909/1653/1498 913/1661/1502 915/1662/1503 911/1654/1499
f 911/1655/1499 915/1663/1503 916/1664/1504 912/1656/1500
f 912/1657/1500 916/1665/1504 914/1666/1501 910/1658/1497
f 914/1659/1501 918/1667/1505 917/1668/1506 913/1660/1502
f 913/1660/1502 917/1668/1506 919/1669/1507 915/1670/1503
f 915/1663/1503 919/1671/1507 920/1672/1508 916/1664/1504
f 916/1665/1504 920/1673/1508 918/1674/1505 914/1666/1501
f 918/1675/1505 922/1676/1509 921/1677/1510 917/1678/1506
f 917/1679/1506 921/1680/1510 923/1681/1511 919/1682/1507
f 919/1683/1507 923/1684/1511 924/1685/1512 920/1686/1508
f 920/1673/1508 924/1687/1512 922/1688/1509 918/1674/1505
f 922/1689/1509 926/1690/1513 925/1691/1514 921/1692/1510
f 921/1680/1510 925/1693/1514 927/1694/1515 923/1681/1511
f 923/1684/1511 927/1695/1515 928/1696/1516 924/1685/1512
f 924/1687/1512 928/1697/1516 926/1698/1513 922/1688/1509
f 926/1690/1513 930/1699/1517 929/1700/1518 925/1691/1514
f 925/1693/1514 929/1701/1518 931/1702/1519 927/1694/1515
f 927/1695/1515 931/1703/1519 932/1704/1520 928/1696/1516
f 928/1697/1516 932/1705/1520 930/1706/1517 926/1698/1513
f 930/1699/1517 934/1707/1521 933/1708/1522 929/1700/1518
f 929/1700/1518 933/1708/1522 935/1709/1523 931/1710/1519
f 931/1711/1519 935/1712/1523 936/1713/1524 932/1714/1520
f 932/1705/1520 936/1715/1524 934/1716/1521 930/1706/1517
f 934/1717/1521 938/1718/1525 937/1719/1526 933/1720/1522
f 933/1721/1522 937/1722/1526 939/1723/1527 935/1724/1523
f 935/1725/1523 939/1726/1527 940/1727/1528 936/1728/1524
f 936/1728/1524 940/1727/1528 938/1729/1525 934/1730/1521
f 938/1731/1525 942/1732/1529 941/1733/1530 937/1734/1526
f 937/1722/1526 941/1735/1530 943/1736/1531 939/1723/1527
f 939/1726/1527 943/1737/1531 944/1738/1532 940/1727/1528
f 940/1739/1528 944/1740/1532 942/1741/1529 938/1742/1525
f 942/1732/1529 946/1743/1533 945/1744/1534 941/1733/1530
f 941/1735/1530 945/1745/1534 947/1746/1535 943/1736/1531
f 943/1747/1531 947/1748/1535 948/1749/1536 944/1750/1532
f 944/1740/1532 948/1751/1536 946/1752/1533 942/1741/1529
f 946/1753/1533 950/1754/1537 949/1755/1538 945/1756/1534
f 945/1745/1534 949/1757/1538 951/1758/1539 947/1746/1535
f 947/1759/1535 951/1760/1539 952/1761/1540 948/1762/1536
f 948/1751/1536 952/1763/1540 950/1764/1537 946/1752/1533
f 950/1754/1537 954/1765/1355 953/1766/1358 949/1755/1538
f 949/1757/1538 953/1767/1358 955/1768/1357 951/1758/1539
f 951/1760/1539 955/1769/1357 956/1770/1356 952/1761/1540
f 952/1763/1540 956/1771/1356 954/1772/1355 950/1764/1537
f 716/1773/1239 958/1774/1541 957/1775/1542 715/1776/1236
f 715/1138/1236 957/1777/1542 959/1778/1543 687/1318/1336
f 687/1779/1336 959/1780/1543 960/1781/1544 688/1782/1341
f 688/1323/1341 960/1783/1544 958/1784/1541 716/1141/1239
f 958/1774/1541 962/1785/1545 961/1786/1546 957/1775/1542
f 957/1777/1542 961/1787/1546 963/1788/1547 959/1778/1543
f 959/1789/1543 963/1790/1547 964/1791/1548 960/1792/1544
f 960/1783/1544 964/1793/1548 962/1794/1545 958/1784/1541
f 962/1785/1545 966/1795/1549 965/1796/1550 961/1786/1546
f 961/1787/1546 965/1797/1550 967/1798/1551 963/1788/1547
f 963/1790/1547 967/1799/1551 968/1800/1552 964/1791/1548
f 964/1793/1548 968/1801/1552 966/1802/1549 962/1794/1545
f 966/1795/1549 970/1803/1553 969/1804/1554 965/1796/1550
f 965/1797/1550 969/1805/1554 971/1806/1555 967/1798/1551
f 967/1799/1551 971/1807/1555 972/1808/1556 968/1800/1552
f 968/1801/1552 972/1809/1556 970/1810/1553 966/1802/1549
f 970/1803/1553 974/1811/1557 973/1812/1558 969/1804/1554
f 969/1805/1554 973/1813/1558 975/1814/1559 971/1806/1555
f 971/1807/1555 975/1815/1559 976/1816/1560 972/1808/1556
f 972/1809/1556 976/1817/1560 974/1818/1557 970/1810/1553
f 974/1819/1557 978/1820/1561 977/1821/1562 973/1822/1558
f 973/1813/1558 977/1823/1562 979/1824/1563 975/1814/1559
f 975/1815/1559 979/1825/1563 980/1826/1564 976/1816/1560
f 976/1817/1560 980/1827/1564 978/1828/1561 974/1818/1557
f 978/1829/1561 982/1830/1565 981/1831/1566 977/1832/1562
f 977/1823/1562 981/1833/1566 983/1834/1567 979/1824/1563
f 979/1825/1563 983/1835/1567 984/1836/1568 980/1826/1564
f 980/1827/1564 984/1837/1568 982/1838/1565 978/1828/1561
f 982/1830/1565 986/1839/1569 985/1840/1570 981/1831/1566
f 981/1833/1566 985/1841/1570 987/1842/1571 983/1834/1567
f 983/1835/1567 987/1843/1571 988/1844/1572 984/1836/1568
f 984/1837/1568 988/1845/1572 986/1846/1569 982/1838/1565
f 986/1839/1569 990/1847/1573 989/1848/1574 985/1840/1570
f 985/1840/1570 989/1848/1574 991/1849/1575 987/1850/1571
f 987/1851/1571 991/1852/1575 992/1853/1576 988/1854/1572
f 988/1845/1572 992/1855/1576 990/1856/1573 986/1846/1569
f 990/1857/1573 994/1858/1577 993/1859/1578 989/1860/1574
f 989/1861/1574 993/1862/1578 995/1863/1579 991/1864/1575
f 991/1865/1575 995/1866/1579 996/1867/1580 992/1868/1576
f 992/1855/1576 996/1869/1580 994/1870/1577 990/1856/1573
f 994/1871/1577 998/1872/1581 997/1873/1582 993/1874/1578
f 993/1862/1578 997/1875/1582 999/1876/1583 995/1863/1579
f 995/1866/1579 999/1877/1583 1000/1878/1584 996/1867/1580
f 996/1869/1580 1000/1879/1584 998/1880/1581 994/1870/1577
f 998/1872/1581 1002/1881/1585 1001/1882/1586 997/1873/1582
f 997/1873/1582 1001/1882/1586 1003/1883/1587 999/1884/1583
f 999/1885/1583 1003/1886/1587 1004/1887/1588 1000/1888/1584
f 1000/1879/1584 1004/1889/1588 1002/1890/1585 998/1880/1581
f 1002/1891/1585 1006/1892/1589 1005/1893/1590 1001/1894/1586
f 1001/1895/1586 1005/1896/1590 1007/1897/1591 1003/1898/1587
f 1003/1899/1587 1007/1900/1591 1008/1901/1592 1004/1902/1588
f 1004/1889/1588 1008/1903/1592 1006/1904/1589 1002/1890/1585
f 1006/1892/1589 1010/1905/1337 1009/1906/1340 1005/1893/1590
f 1005/1896/1590 1009/1907/1340 1011/1908/1339 1007/1897/1591
f 1007/1900/1591 1011/1909/1339 1012/1910/1338 1008/1901/1592
f 1008/1903/1592 1012/1911/1338 1010/1912/1337 1006/1904/1589
f 670/1913/1240 1014/1914/1593 1013/1915/1594 669/1916/1235
f 669/1137/1235 1013/1917/1594 1015/1918/1595 715/1138/1236
f 715/1919/1236 1015/1920/1595 1016/1921/1596 716/1922/1239
f 716/1141/1239 1016/1923/1596 1014/1924/1593 670/1142/1240
f 1014/1925/1593 1018/1926/1597 1017/1927/1598 1013/1928/1594
f 1013/1917/1594 1017/1929/1598 1019/1930/1599 1015/1918/1595
f 1015/1920/1595 1019/1931/1599 1020/1932/1600 1016/1921/1596
f 1016/1923/1596 1020/1933/1600 1018/1934/1597 1014/1924/1593
f 1018/1926/1597 1022/1935/1601 1021/1936/1602 1017/1927/1598
f 1017/1929/1598 1021/1937/1602 1023/1938/1603 1019/1930/1599
f 1019/1939/1599 1023/1940/1603 1024/1941/1604 1020/1942/1600
f 1020/1933/1600 1024/1943/1604 1022/1944/1601 1018/1934/1597
f 1022/1935/1601 1026/1945/1605 1025/1946/1606 1021/1936/1602
f 1021/1937/1602 1025/1947/1606 1027/1948/1607 1023/1938/1603
f 1023/1940/1603 1027/1949/1607 1028/1950/1608 1024/1941/1604
f 1024/1943/1604 1028/1951/1608 1026/1952/1605 1022/1944/1601
f 1026/1945/1605 1030/1953/1609 1029/1954/1610 1025/1946/1606
f 1025/1947/1606 1029/1955/1610 1031/1956/1611 1027/1948/1607
f 1027/1949/1607 1031/1957/1611 1032/1958/1612 1028/1950/1608
f 1028/1951/1608 1032/1959/1612 1030/1960/1609 1026/1952/1605
f 1030/1961/1609 1034/1962/1613 1033/1963/1614 1029/1964/1610
f 1029/1955/1610 1033/1965/1614 1035/1966/1615 1031/1956/1611
f 1031/1957/1611 1035/1967/1615 1036/1968/1616 1032/1958/1612
f 1032/1959/1612 1036/1969/1616 1034/1970/1613 1030/1960/1609
f 1034/1971/1613 1038/1972/1617 1037/1973/1618 1033/1974/1614
f 1033/1965/1614 1037/1975/1618 1039/1976/1619 1035/1966/1615
f 1035/1977/1615 1039/1978/1619 1040/1979/1620 1036/1980/1616
f 1036/1969/1616 1040/1981/1620 1038/1982/1617 1034/1970/1613
f 1038/1983/1617 1042/1984/1621 1041/1985/1622 1037/1986/1618
f 1037/1975/1618 1041/1987/1622 1043/1988/1623 1039/1976/1619
f 1039/1978/1619 1043/1989/1623 1044/1990/1624 1040/1979/1620
f 1040/1981/1620 1044/1991/1624 1042/1992/1621 1038/1982/1617
f 1042/1984/1621 1046/1993/1625 1045/1994/1626 1041/1985/1622
f 1041/1987/1622 1045/1995/1626 1047/1996/1627 1043/1988/1623
f 1043/1997/1623 1047/1998/1627 1048/1999/1628 1044/2000/1624
f 1044/1991/1624 1048/2001/1628 1046/2002/1625 1042/1992/1621
f 1046/1993/1625 1050/2003/1629 1049/2004/1630 1045/1994/1626
f 1045/1995/1626 1049/2005/1630 1051/2006/1631 1047/1996/1627
f 1047/1998/1627 1051/2007/1631 1052/2008/1632 1048/1999/1628
f 1048/2001/1628 1052/2009/1632 1050/2010/1629 1046/2002/1625
f 1050/2003/1629 1054/2011/1633 1053/2012/1634 1049/2004/1630
f 1049/2005/1630 1053/2013/1634 1055/2014/1635 1051/2006/1631
f 1051/2007/1631 1055/2015/1635 1056/2016/1636 1052/2008/1632
f 1052/2009/1632 1056/2017/1636 1054/2018/1633 1050/2010/1629
f 1054/2019/1633 1058/2020/1637 1057/2021/1638 1053/2022/1634
f 1053/2013/1634 1057/2023/1638 1059/2024/1639 1055/2014/1635
f 1055/2025/1635 1059/2026/1639 1060/2027/1640 1056/2028/1636
f 1056/2017/1636 1060/2029/1640 1058/2030/1637 1054/2018/1633
f 1058/2031/1637 1062/2032/1641 1061/2033/1642 1057/2034/1638
f 1057/2034/1638 1061/2033/1642 1063/2035/1643 1059/2036/1639
f 1059/2036/1639 1063/2035/1643 1064/2037/1644 1060/2038/1640
f 1060/2038/1640 1064/2037/1644 1062/2032/1641 1058/2031/1637
f 1062/2039/1641 1066/2040/1645 1065/2041/1646 1061/2042/1642
f 1061/2043/1642 1065/2044/1646 1067/2045/1647 1063/2046/1643
f 1063/2047/1643 1067/2048/1647 1068/2049/1648 1064/2050/1644
f 1064/2051/1644 1068/2052/1648 1066/2053/1645 1062/2054/1641
f 1066/2040/1645 1070/2055/1649 1069/2056/1650 1065/2041/1646
f 1065/2044/1646 1069/2057/1650 1071/2058/1651 1067/2045/1647
f 1067/2048/1647 1071/2059/1651 1072/2060/1652 1068/2049/1648
f 1068/2052/1648 1072/2061/1652 1070/2062/1649 1066/2053/1645
f 1070/2063/1649 1074/2064/1653 1073/2065/1654 1069/2066/1650
f 1069/2057/1650 1073/2067/1654 1075/2068/1655 1071/2058/1651
f 1071/2069/1651 1075/2070/1655 1076/2071/1656 1072/2072/1652
f 1072/2061/1652 1076/2073/1656 1074/2074/1653 1070/2062/1649
f 1074/2064/1653 1078/2075/1121 1077/2076/1124 1073/2065/1654
f 1073/2067/1654 1077/2077/1124 1079/2078/1123 1075/2068/1655
f 1075/2070/1655 1079/2079/1123 1080/2080/1122 1076/2071/1656
f 1076/2073/1656 1080/2081/1122 1078/2082/1121 1074/2074/1653
f 666/1122/1225 1082/2083/1657 1081/2084/1658 665/1123/1226
f 665/2085/1226 1081/2086/1658 1083/2087/1659 669/1916/1235
f 669/1916/1235 1083/2087/1659 1084/2088/1660 670/1913/1240
f 670/1142/1240 1084/2089/1660 1082/2090/1657 666/1132/1225
f 1082/2091/1657 1090/2092/1241 1089/2093/1244 1081/2094/1658
f 1081/2095/1658 1089/1147/1244 1093/1150/1246 1083/2096/1659
f 1083/2097/1659 1093/2098/1246 1095/2099/1248 1084/2100/1660
f 1084/2100/1660 1095/2099/1248 1090/2092/1241 1082/2091/1657
s 23
usemtl openPBRSurface1SG
f 1133/2101/1661 1134/2102/1662 1142/2103/1663 1141/2104/1664
f 1134/2102/1662 1135/2105/1665 1143/2106/1666 1142/2103/1663
f 1135/2107/1665 1136/2108/1667 1144/2109/1668 1143/2110/1666
f 1136/2108/1667 1137/2111/1669 1145/2112/1670 1144/2109/1668
f 1137/2113/1669 1138/2114/1671 1146/2115/1672 1145/2116/1670
f 1138/2114/1671 1139/2117/1673 1147/2118/1674 1146/2115/1672
f 1139/2119/1673 1140/2120/1675 1148/2121/1676 1147/2122/1674
f 1140/2120/1675 1133/2123/1661 1141/2124/1664 1148/2121/1676
f 1134/2125/1662 1133/2126/1661 1149/2127/1677
f 1135/2128/1665 1134/2125/1662 1149/2127/1677
f 1136/2129/1667 1135/2128/1665 1149/2127/1677
f 1137/2130/1669 1136/2129/1667 1149/2127/1677
f 1138/2131/1671 1137/2130/1669 1149/2127/1677
f 1139/2132/1673 1138/2131/1671 1149/2127/1677
f 1140/2133/1675 1139/2132/1673 1149/2127/1677
f 1133/2126/1661 1140/2133/1675 1149/2127/1677
f 1141/2134/1664 1142/2135/1663 1150/2136/1678
f 1142/2135/1663 1143/2137/1666 1150/2136/1678
f 1143/2137/1666 1144/2138/1668 1150/2136/1678
f 1144/2138/1668 1145/2139/1670 1150/2136/1678
f 1145/2139/1670 1146/2140/1672 1150/2136/1678
f 1146/2140/1672 1147/2141/1674 1150/2136/1678
f 1147/2141/1674 1148/2142/1676 1150/2136/1678
f 1148/2142/1676 1141/2134/1664 1150/2136/1678
s 24
usemtl openPBRSurface8SG
f 1151/2143/1679 1152/2144/1680 1163/2145/1681 1162/2146/1682
f 1152/2144/1680 1153/2147/1683 1164/2148/1684 1163/2145/1681
f 1153/2147/1683 1154/2149/1685 1165/2150/1686 1164/2148/1684
f 1154/2149/1685 1155/2151/1687 1166/2152/1688 1165/2150/1686
f 1155/2151/1687 1156/2153/1689 1167/2154/1690 1166/2152/1688
f 1156/2153/1689 1157/2155/1691 1168/2156/1692 1167/2154/1690
f 1157/2155/1691 1158/2157/1693 1169/2158/1694 1168/2156/1692
f 1158/2157/1693 1159/2159/1695 1170/2160/1696 1169/2158/1694
f 1159/2159/1695 1160/2161/1697 1171/2162/1698 1170/2160/1696
f 1160/2161/1697 1161/2163/1699 1172/2164/1700 1171/2162/1698
f 1162/2146/1682 1163/2145/1681 1174/2165/1701 1173/2166/1702
f 1163/2145/1681 1164/2148/1684 1175/2167/1703 1174/2165/1701
f 1164/2148/1684 1165/2150/1686 1176/2168/1704 1175/2167/1703
f 1165/2150/1686 1166/2152/1688 1177/2169/1705 1176/2168/1704
f 1166/2152/1688 1167/2154/1690 1178/2170/1706 1177/2169/1705
f 1167/2154/1690 1168/2156/1692 1179/2171/1707 1178/2170/1706
f 1168/2156/1692 1169/2158/1694 1180/2172/1708 1179/2171/1707
f 1169/2158/1694 1170/2160/1696 1181/2173/1709 1180/2172/1708
f 1170/2160/1696 1171/2162/1698 1182/2174/1710 1181/2173/1709
f 1171/2162/1698 1172/2164/1700 1183/2175/1711 1182/2174/1710
f 1173/2166/1702 1174/2165/1701 1185/2176/1712 1184/2177/1713
f 1174/2165/1701 1175/2167/1703 1186/2178/1714 1185/2176/1712
f 1175/2167/1703 1176/2168/1704 1187/2179/1715 1186/2178/1714
f 1176/2168/1704 1177/2169/1705 1188/2180/1716 1187/2179/1715
f 1177/2169/1705 1178/2170/1706 1189/2181/1717 1188/2180/1716
f 1178/2170/1706 1179/2171/1707 1190/2182/1718 1189/2181/1717
f 1179/2171/1707 1180/2172/1708 1191/2183/1719 1190/2182/1718
f 1180/2172/1708 1181/2173/1709 1192/2184/1720 1191/2183/1719
f 1181/2173/1709 1182/2174/1710 1193/2185/1721 1192/2184/1720
f 1182/2174/1710 1183/2175/1711 1194/2186/1722 1193/2185/1721
f 1184/2177/1713 1185/2176/1712 1196/2187/1723 1195/2188/1724
f 1185/2176/1712 1186/2178/1714 1197/2189/1725 1196/2187/1723
f 1186/2178/1714 1187/2179/1715 1198/2190/1726 1197/2189/1725
f 1187/2179/1715 1188/2180/1716 1199/2191/1727 1198/2190/1726
f 1188/2180/1716 1189/2181/1717 1200/2192/1728 1199/2191/1727
f 1189/2181/1717 1190/2182/1718 1201/2193/1729 1200/2192/1728
f 1190/2182/1718 1191/2183/1719 1202/2194/1730 1201/2193/1729
f 1191/2183/1719 1192/2184/1720 1203/2195/1731 1202/2194/1730
f 1192/2184/1720 1193/2185/1721 1204/2196/1732 1203/2195/1731
f 1193/2185/1721 1194/2186/1722 1205/2197/1733 1204/2196/1732
f 1195/2188/1724 1196/2187/1723 1207/2198/1734 1206/2199/1735
f 1196/2187/1723 1197/2189/1725 1208/2200/1736 1207/2198/1734
f 1197/2189/1725 1198/2190/1726 1209/2201/1737 1208/2200/1736
f 1198/2190/1726 1199/2191/1727 1210/2202/1738 1209/2201/1737
f 1199/2191/1727 1200/2192/1728 1211/2203/1739 1210/2202/1738
f 1200/2192/1728 1201/2193/1729 1212/2204/1740 1211/2203/1739
f 1201/2193/1729 1202/2194/1730 1213/2205/1741 1212/2204/1740
f 1202/2194/1730 1203/2195/1731 1214/2206/1742 1213/2205/1741
f 1203/2195/1731 1204/2196/1732 1215/2207/1743 1214/2206/1742
f 1204/2196/1732 1205/2197/1733 1216/2208/1744 1215/2207/1743
f 1206/2199/1735 1207/2198/1734 1218/2209/1745 1217/2210/1746
f 1207/2198/1734 1208/2200/1736 1219/2211/1747 1218/2209/1745
f 1208/2200/1736 1209/2201/1737 1220/2212/1748 1219/2211/1747
f 1209/2201/1737 1210/2202/1738 1221/2213/1749 1220/2212/1748
f 1210/2202/1738 1211/2203/1739 1222/2214/1750 1221/2213/1749
f 1211/2203/1739 1212/2204/1740 1223/2215/1751 1222/2214/1750
f 1212/2204/1740 1213/2205/1741 1224/2216/1752 1223/2215/1751
f 1213/2205/1741 1214/2206/1742 1225/2217/1753 1224/2216/1752
f 1214/2206/1742 1215/2207/1743 1226/2218/1754 1225/2217/1753
f 1215/2207/1743 1216/2208/1744 1227/2219/1755 1226/2218/1754
f 1217/2210/1746 1218/2209/1745 1229/2220/1756 1228/2221/1757
f 1218/2209/1745 1219/2211/1747 1230/2222/1758 1229/2220/1756
f 1219/2211/1747 1220/2212/1748 1231/2223/1759 1230/2222/1758
f 1220/2212/1748 1221/2213/1749 1232/2224/1760 1231/2223/1759
f 1221/2213/1749 1222/2214/1750 1233/2225/1761 1232/2224/1760
f 1222/2214/1750 1223/2215/1751 1234/2226/1762 1233/2225/1761
f 1223/2215/1751 1224/2216/1752 1235/2227/1763 1234/2226/1762
f 1224/2216/1752 1225/2217/1753 1236/2228/1764 1235/2227/1763
f 1225/2217/1753 1226/2218/1754 1237/2229/1765 1236/2228/1764
f 1226/2218/1754 1227/2219/1755 1238/2230/1766 1237/2229/1765
f 1228/2221/1757 1229/2220/1756 1240/2231/1767 1239/2232/1768
f 1229/2220/1756 1230/2222/1758 1241/2233/1769 1240/2231/1767
f 1230/2222/1758 1231/2223/1759 1242/2234/1770 1241/2233/1769
f 1231/2223/1759 1232/2224/1760 1243/2235/1771 1242/2234/1770
f 1232/2224/1760 1233/2225/1761 1244/2236/1772 1243/2235/1771
f 1233/2225/1761 1234/2226/1762 1245/2237/1773 1244/2236/1772
f 1234/2226/1762 1235/2227/1763 1246/2238/1774 1245/2237/1773
f 1235/2227/1763 1236/2228/1764 1247/2239/1775 1246/2238/1774
f 1236/2228/1764 1237/2229/1765 1248/2240/1776 1247/2239/1775
f 1237/2229/1765 1238/2230/1766 1249/2241/1777 1248/2240/1776
f 1239/2232/1768 1240/2231/1767 1251/2242/1778 1250/2243/1779
f 1240/2231/1767 1241/2233/1769 1252/2244/1780 1251/2242/1778
f 1241/2233/1769 1242/2234/1770 1253/2245/1781 1252/2244/1780
f 1242/2234/1770 1243/2235/1771 1254/2246/1782 1253/2245/1781
f 1243/2235/1771 1244/2236/1772 1255/2247/1783 1254/2246/1782
f 1244/2236/1772 1245/2237/1773 1256/2248/1784 1255/2247/1783
f 1245/2237/1773 1246/2238/1774 1257/2249/1785 1256/2248/1784
f 1246/2238/1774 1247/2239/1775 1258/2250/1786 1257/2249/1785
f 1247/2239/1775 1248/2240/1776 1259/2251/1787 1258/2250/1786
f 1248/2240/1776 1249/2241/1777 1260/2252/1788 1259/2251/1787
f 1250/2243/1779 1251/2242/1778 1262/2253/1789 1261/2254/1790
f 1251/2242/1778 1252/2244/1780 1263/2255/1791 1262/2253/1789
f 1252/2244/1780 1253/2245/1781 1264/2256/1792 1263/2255/1791
f 1253/2245/1781 1254/2246/1782 1265/2257/1793 1264/2256/1792
f 1254/2246/1782 1255/2247/1783 1266/2258/1794 1265/2257/1793
f 1255/2247/1783 1256/2248/1784 1267/2259/1795 1266/2258/1794
f 1256/2248/1784 1257/2249/1785 1268/2260/1796 1267/2259/1795
f 1257/2249/1785 1258/2250/1786 1269/2261/1797 1268/2260/1796
f 1258/2250/1786 1259/2251/1787 1270/2262/1798 1269/2261/1797
f 1259/2251/1787 1260/2252/1788 1271/2263/1799 1270/2262/1798
s off
usemtl openPBRSurface4SG
f 1290/2264/1800 1291/2265/1801 1292/2266/1802 1293/2267/1803
f 1291/2265/1804 1294/2268/1805 1295/2269/1806 1292/2266/1807
f 1294/2270/1808 1296/2271/1809 1297/2272/1810 1295/2273/1811
f 1296/2271/1812 1298/2274/1813 1299/2275/1814 1297/2272/1815
f 1298/2276/1816 1300/2277/1817 1301/2278/1818 1299/2279/1819
f 1300/2277/1820 1302/2280/1821 1303/2281/1822 1301/2278/1823
f 1302/2282/1824 1304/2283/1825 1305/2284/1826 1303/2285/1827
f 1304/2283/1828 1290/2286/1829 1293/2287/1830 1305/2284/1831
s 25
usemtl openPBRSurface5SG
f 1273/2288/1832 1272/2289/1833 1288/2290/1834
f 1274/2291/1835 1273/2288/1832 1288/2290/1834
usemtl openPBRSurface10SG
f 1275/2292/1836 1274/2291/1835 1288/2290/1834
f 1276/2293/1837 1275/2292/1836 1288/2290/1834
usemtl openPBRSurface5SG
f 1277/2294/1838 1276/2293/1837 1288/2290/1834
f 1278/2295/1839 1277/2294/1838 1288/2290/1834
usemtl openPBRSurface10SG
f 1279/2296/1840 1278/2295/1839 1288/2290/1834
f 1272/2289/1833 1279/2296/1840 1288/2290/1834
s 26
usemtl openPBRSurface5SG
f 1280/2297/1841 1281/2298/1842 1289/2299/1843
f 1281/2298/1842 1282/2300/1844 1289/2299/1843
usemtl openPBRSurface10SG
f 1282/2300/1844 1283/2301/1845 1289/2299/1843
f 1283/2301/1845 1284/2302/1846 1289/2299/1843
usemtl openPBRSurface5SG
f 1284/2302/1846 1285/2303/1847 1289/2299/1843
f 1285/2303/1847 1286/2304/1848 1289/2299/1843
usemtl openPBRSurface10SG
f 1286/2304/1848 1287/2305/1849 1289/2299/1843
f 1287/2305/1849 1280/2297/1841 1289/2299/1843
s off
usemtl openPBRSurface4SG
f 1306/2306/1850 1307/2307/1851 1308/2308/1852 1309/2309/1853
f 1323/2310/1854 1322/2311/1855 1324/2312/1856 1325/2313/1857
f 1307/2307/1858 1310/2314/1859 1311/2315/1860 1308/2308/1861
f 1326/2316/1862 1323/2310/1863 1325/2313/1864 1327/2317/1865
f 1310/2314/1866 1312/2318/1867 1313/2319/1868 1311/2315/1869
f 1328/2320/1870 1326/2316/1871 1327/2317/1872 1329/2321/1873
f 1312/2318/1874 1314/2322/1875 1315/2323/1876 1313/2319/1877
f 1330/2324/1878 1328/2320/1879 1329/2321/1880 1331/2325/1881
f 1314/2322/1882 1316/2326/1883 1317/2327/1884 1315/2323/1885
f 1332/2328/1886 1330/2324/1887 1331/2325/1888 1333/2329/1889
f 1316/2326/1890 1318/2330/1891 1319/2331/1892 1317/2327/1893
f 1334/2332/1894 1332/2328/1895 1333/2329/1896 1335/2333/1897
f 1318/2330/1898 1320/2334/1899 1321/2335/1900 1319/2331/1901
f 1336/2336/1902 1334/2332/1903 1335/2333/1904 1337/2337/1905
f 1320/2334/1906 1306/2306/1907 1309/2309/1908 1321/2335/1909
f 1322/2311/1910 1336/2336/1911 1337/2337/1912 1324/2312/1913
f 1272/2338/1914 1273/2339/1915 1307/2340/1916 1306/2341/1917
f 1291/2265/1918 1290/2264/1919 1309/2342/1920 1308/2343/1921
f 1273/2339/1922 1274/2344/1923 1310/2345/1924 1307/2340/1925
f 1294/2268/1926 1291/2265/1927 1308/2343/1928 1311/2346/1929
f 1274/2347/1930 1275/2348/1931 1312/2349/1932 1310/2350/1933
f 1296/2271/1934 1294/2270/1935 1311/2351/1936 1313/2352/1937
f 1275/2348/1938 1276/2353/1939 1314/2354/1940 1312/2349/1941
f 1298/2274/1942 1296/2271/1943 1313/2352/1944 1315/2355/1945
f 1276/2356/1946 1277/2357/1947 1316/2358/1948 1314/2359/1949
f 1300/2277/1950 1298/2276/1951 1315/2360/1952 1317/2361/1953
f 1277/2357/1954 1278/2362/1955 1318/2363/1956 1316/2358/1957
f 1302/2280/1958 1300/2277/1959 1317/2361/1960 1319/2364/1961
f 1278/2365/1962 1279/2366/1963 1320/2367/1964 1318/2368/1965
f 1304/2283/1966 1302/2282/1967 1319/2369/1968 1321/2370/1969
f 1279/2366/1970 1272/2371/1971 1306/2372/1972 1320/2367/1973
f 1290/2286/1974 1304/2283/1975 1321/2370/1976 1309/2373/1977
f 1281/2374/1978 1280/2375/1979 1322/2376/1980 1323/2377/1981
f 1293/2267/1982 1292/2266/1983 1325/2378/1984 1324/2379/1985
f 1282/2380/1986 1281/2374/1987 1323/2377/1988 1326/2381/1989
f 1292/2266/1990 1295/2269/1991 1327/2382/1992 1325/2378/1993
f 1283/2383/1994 1282/2384/1995 1326/2385/1996 1328/2386/1997
f 1295/2273/1998 1297/2272/1999 1329/2387/2000 1327/2388/2001
f 1284/2389/2002 1283/2383/2003 1328/2386/2004 1330/2390/2005
f 1297/2272/2006 1299/2275/2007 1331/2391/2008 1329/2387/2009
f 1285/2392/2010 1284/2393/2011 1330/2394/2012 1332/2395/2013
f 1299/2279/2014 1301/2278/2015 1333/2396/2016 1331/2397/2017
f 1286/2398/2018 1285/2392/2019 1332/2395/2020 1334/2399/2021
f 1301/2278/2022 1303/2281/2023 1335/2400/2024 1333/2396/2025
f 1287/2401/2026 1286/2402/2027 1334/2403/2028 1336/2404/2029
f 1303/2285/2030 1305/2284/2031 1337/2405/2032 1335/2406/2033
f 1280/2407/2034 1287/2401/2035 1336/2404/2036 1322/2408/2037
f 1305/2284/2038 1293/2287/2039 1324/2409/2040 1337/2405/2041
s 27
usemtl openPBRSurface2SG
f 1338/2410/2042 1339/2411/2043 1485/2412/2044 1458/2413/2045
f 1340/2414/2046 1341/2415/2047 1343/2416/2048 1342/2417/2049
f 1459/2418/2050 1460/2419/2051 1345/2420/2052 1344/2421/2053
f 1344/2422/2053 1345/2423/2052 1339/2424/2043 1338/2425/2042
f 1835/2426/2054 1834/2427/2055 1836/2428/2056 1837/2429/2057
f 1640/2430/2058 1641/2431/2059 1642/2432/2060 1643/2433/2061
f 1339/2434/2043 1345/2435/2052 1346/2436/2062 1347/2437/2063
f 1345/2420/2052 1460/2419/2051 1461/2438/2064 1346/2439/2062
f 1343/2416/2048 1341/2415/2047 1349/2440/2065 1348/2441/2066
f 1484/2442/2067 1485/2412/2044 1339/2411/2043 1347/2443/2063
f 1347/2444/2063 1346/2445/2062 1350/2446/2068 1351/2447/2069
f 1346/2439/2062 1461/2438/2064 1462/2448/2070 1350/2449/2068
f 1348/2441/2066 1349/2440/2065 1353/2450/2071 1352/2451/2072
f 1483/2452/2073 1484/2442/2067 1347/2443/2063 1351/2453/2069
f 1351/2447/2069 1350/2446/2068 1354/2454/2074 1355/2455/2075
f 1350/2449/2068 1462/2448/2070 1463/2456/2076 1354/2457/2074
f 1387/2458/2077 1386/2459/2078 1388/2460/2079 1389/2461/2080
f 1482/2462/2081 1483/2452/2073 1351/2453/2069 1355/2463/2075
f 1355/2455/2075 1354/2454/2074 1358/2464/2082 1359/2465/2083
f 1354/2457/2074 1463/2456/2076 1464/2466/2084 1358/2467/2082
f 1356/2468/2085 1357/2469/2086 1361/2470/2087 1360/2471/2088
f 1481/2472/2089 1482/2462/2081 1355/2463/2075 1359/2473/2083
f 1359/2474/2083 1358/2475/2082 1362/2476/2090 1363/2477/2091
f 1358/2467/2082 1464/2466/2084 1465/2478/2092 1362/2479/2090
f 1360/2471/2088 1361/2470/2087 1365/2480/2093 1364/2481/2094
f 1480/2482/2095 1481/2472/2089 1359/2473/2083 1363/2483/2091
f 1363/2477/2091 1362/2476/2090 1366/2484/2096 1367/2485/2097
f 1362/2479/2090 1465/2478/2092 1466/2486/2098 1366/2487/2096
f 1364/2481/2094 1365/2480/2093 1369/2488/2099 1368/2489/2100
f 1479/2490/2101 1480/2482/2095 1363/2483/2091 1367/2491/2097
f 1367/2485/2097 1366/2484/2096 1370/2492/2102 1371/2493/2103
f 1366/2487/2096 1466/2486/2098 1467/2494/2104 1370/2495/2102
f 1368/2489/2100 1369/2488/2099 1373/2496/2105 1372/2497/2106
f 1478/2498/2107 1479/2490/2101 1367/2491/2097 1371/2499/2103
f 1371/2493/2103 1370/2492/2102 1374/2500/2108 1375/2501/2109
f 1370/2495/2102 1467/2494/2104 1468/2502/2110 1374/2503/2108
f 1372/2497/2106 1373/2496/2105 1377/2504/2111 1376/2505/2112
f 1477/2506/2113 1478/2498/2107 1371/2499/2103 1375/2507/2109
f 1375/2508/2109 1374/2509/2108 1378/2510/2114 1379/2511/2115
f 1374/2509/2108 1468/2512/2110 1469/2513/2116 1378/2510/2114
f 1376/2514/2112 1377/2515/2111 1381/2516/2117 1380/2517/2118
f 1476/2518/2119 1477/2519/2113 1375/2508/2109 1379/2511/2115
f 1379/2520/2115 1378/2521/2114 1382/2522/2120 1383/2523/2121
f 1378/2524/2114 1469/2525/2116 1470/2526/2122 1382/2527/2120
f 1380/2528/2118 1381/2529/2117 1385/2530/2123 1384/2531/2124
f 1475/2532/2125 1476/2533/2119 1379/2534/2115 1383/2535/2121
f 1395/2536/2126 1394/2537/2127 1396/2538/2128 1397/2539/2129
f 1353/2540/2071 1357/2541/2086 1388/2542/2079 1386/2543/2078
f 1418/2544/2130 1419/2545/2131 1420/2546/2132 1421/2547/2133
f 1356/2548/2085 1352/2549/2072 1387/2550/2077 1389/2551/2080
f 1352/2552/2072 1353/2553/2071 1390/2554/2134 1391/2555/2135
f 1353/2540/2071 1386/2543/2078 1392/2556/2136 1390/2557/2134
f 1386/2558/2078 1387/2559/2077 1393/2560/2137 1392/2561/2136
f 1387/2550/2077 1352/2549/2072 1391/2562/2135 1393/2563/2137
f 1391/2555/2135 1390/2554/2134 1394/2564/2127 1395/2565/2126
f 1390/2557/2134 1392/2556/2136 1396/2566/2128 1394/2567/2127
f 1392/2561/2136 1393/2560/2137 1397/2539/2129 1396/2538/2128
f 1393/2563/2137 1391/2562/2135 1395/2568/2126 1397/2569/2129
f 1357/2570/2086 1356/2571/2085 1399/2572/2138 1398/2573/2139
f 1356/2548/2085 1389/2551/2080 1400/2574/2140 1399/2575/2138
f 1389/2461/2080 1388/2460/2079 1401/2576/2141 1400/2577/2140
f 1388/2542/2079 1357/2541/2086 1398/2578/2139 1401/2579/2141
f 1398/2573/2139 1399/2572/2138 1403/2580/2142 1402/2581/2143
f 1399/2575/2138 1400/2574/2140 1404/2582/2144 1403/2583/2142
f 1400/2577/2140 1401/2576/2141 1405/2584/2145 1404/2585/2144
f 1401/2579/2141 1398/2578/2139 1402/2586/2143 1405/2587/2145
f 1402/2581/2143 1403/2580/2142 1407/2588/2146 1406/2589/2147
f 1403/2583/2142 1404/2582/2144 1408/2590/2148 1407/2591/2146
f 1404/2585/2144 1405/2584/2145 1409/2592/2149 1408/2593/2148
f 1405/2587/2145 1402/2586/2143 1406/2594/2147 1409/2595/2149
f 1406/2589/2147 1407/2588/2146 1411/2596/2150 1410/2597/2151
f 1407/2591/2146 1408/2590/2148 1412/2598/2152 1411/2599/2150
f 1408/2593/2148 1409/2592/2149 1413/2600/2153 1412/2601/2152
f 1409/2595/2149 1406/2594/2147 1410/2602/2151 1413/2603/2153
f 1410/2597/2151 1411/2596/2150 1415/2604/2154 1414/2605/2155
f 1411/2599/2150 1412/2598/2152 1416/2606/2156 1415/2607/2154
f 1412/2601/2152 1413/2600/2153 1417/2608/2157 1416/2609/2156
f 1413/2603/2153 1410/2602/2151 1414/2610/2155 1417/2611/2157
f 1414/2605/2155 1415/2604/2154 1419/2545/2131 1418/2544/2130
f 1415/2607/2154 1416/2606/2156 1420/2612/2132 1419/2613/2131
f 1416/2609/2156 1417/2608/2157 1421/2614/2133 1420/2615/2132
f 1417/2611/2157 1414/2610/2155 1418/2616/2130 1421/2617/2133
f 1383/2618/2121 1382/2619/2120 1422/2620/2158 1423/2621/2159
f 1382/2527/2120 1470/2526/2122 1471/2622/2160 1422/2623/2158
f 1384/2624/2124 1385/2625/2123 1425/2626/2161 1424/2627/2162
f 1474/2628/2163 1475/2532/2125 1383/2535/2121 1423/2629/2159
f 1843/2630/2164 1842/2631/2165 1844/2632/2166 1845/2633/2167
f 1422/2623/2158 1471/2622/2160 1472/2634/2168 1426/2635/2169
f 1424/2627/2162 1425/2626/2161 1429/2636/2170 1428/2637/2171
f 1473/2638/2172 1474/2628/2163 1423/2629/2159 1427/2639/2173
f 1847/2640/2174 1846/2641/2175 1848/2642/2176 1849/2643/2177
f 1846/2644/2175 1850/2645/2178 1851/2646/2179 1848/2647/2176
f 1850/2648/2178 1852/2649/2180 1853/2650/2181 1851/2651/2179
f 1852/2652/2180 1847/2653/2174 1849/2654/2177 1853/2655/2181
f 1849/2643/2177 1848/2642/2176 1854/2656/2182 1855/2657/2183
f 1848/2647/2176 1851/2646/2179 1856/2658/2184 1854/2659/2182
f 1851/2651/2179 1853/2650/2181 1857/2660/2185 1856/2661/2184
f 1853/2655/2181 1849/2654/2177 1855/2662/2183 1857/2663/2185
f 1855/2657/2183 1854/2656/2182 1858/2664/2186 1859/2665/2187
f 1854/2659/2182 1856/2658/2184 1860/2666/2188 1858/2667/2186
f 1856/2661/2184 1857/2660/2185 1861/2668/2189 1860/2669/2188
f 1857/2663/2185 1855/2662/2183 1859/2670/2187 1861/2671/2189
f 1859/2665/2187 1858/2664/2186 1862/2672/2190 1863/2673/2191
f 1858/2667/2186 1860/2666/2188 1864/2674/2192 1862/2675/2190
f 1860/2669/2188 1861/2668/2189 1865/2676/2193 1864/2677/2192
f 1861/2671/2189 1859/2670/2187 1863/2678/2191 1865/2679/2193
f 1863/2673/2191 1862/2672/2190 1866/2680/2194 1867/2681/2195
f 1862/2675/2190 1864/2674/2192 1868/2682/2196 1866/2683/2194
f 1864/2677/2192 1865/2676/2193 1869/2684/2197 1868/2685/2196
f 1865/2679/2193 1863/2678/2191 1867/2686/2195 1869/2687/2197
f 1867/2681/2195 1866/2680/2194 1870/2688/2198 1871/2689/2199
f 1866/2683/2194 1868/2682/2196 1872/2690/2200 1870/2691/2198
f 1868/2685/2196 1869/2684/2197 1873/2692/2201 1872/2693/2200
f 1869/2687/2197 1867/2686/2195 1871/2694/2199 1873/2695/2201
f 1871/2689/2199 1870/2688/2198 1874/2696/2202 1875/2697/2203
f 1870/2691/2198 1872/2690/2200 1876/2698/2204 1874/2699/2202
f 1872/2693/2200 1873/2692/2201 1877/2700/2205 1876/2701/2204
f 1873/2695/2201 1871/2694/2199 1875/2702/2203 1877/2703/2205
f 1875/2697/2203 1874/2696/2202 1878/2704/2206 1879/2705/2207
f 1874/2699/2202 1876/2698/2204 1880/2706/2208 1878/2707/2206
f 1876/2701/2204 1877/2700/2205 1881/2708/2209 1880/2709/2208
f 1877/2703/2205 1875/2702/2203 1879/2710/2207 1881/2711/2209
f 1879/2705/2207 1878/2704/2206 1882/2712/2210 1883/2713/2211
f 1878/2707/2206 1880/2706/2208 1884/2714/2212 1882/2715/2210
f 1880/2709/2208 1881/2708/2209 1885/2716/2213 1884/2717/2212
f 1881/2711/2209 1879/2710/2207 1883/2718/2211 1885/2719/2213
f 1883/2713/2211 1882/2712/2210 1886/2720/2214 1887/2721/2215
f 1882/2715/2210 1884/2714/2212 1888/2722/2216 1886/2723/2214
f 1884/2717/2212 1885/2716/2213 1889/2724/2217 1888/2725/2216
f 1885/2719/2213 1883/2718/2211 1887/2726/2215 1889/2727/2217
f 1887/2721/2215 1886/2720/2214 1842/2728/2165 1843/2729/2164
f 1886/2723/2214 1888/2722/2216 1844/2730/2166 1842/2731/2165
f 1888/2725/2216 1889/2724/2217 1845/2633/2167 1844/2632/2166
f 1889/2727/2217 1887/2726/2215 1843/2732/2164 1845/2733/2167
f 1644/2734/2218 1645/2735/2219 1646/2736/2220 1647/2737/2221
f 1342/2738/2049 1343/2739/2048 1513/2740/2222 1486/2741/2223
f 1512/2742/2224 1513/2740/2222 1343/2739/2048 1348/2743/2066
f 1511/2744/2225 1512/2742/2224 1348/2743/2066 1352/2549/2072
f 1510/2745/2226 1511/2744/2225 1352/2549/2072 1356/2548/2085
f 1509/2746/2227 1510/2745/2226 1356/2548/2085 1360/2747/2088
f 1508/2748/2228 1509/2746/2227 1360/2747/2088 1364/2749/2094
f 1507/2750/2229 1508/2748/2228 1364/2749/2094 1368/2751/2100
f 1506/2752/2230 1507/2750/2229 1368/2751/2100 1372/2753/2106
f 1505/2754/2231 1506/2752/2230 1372/2753/2106 1376/2755/2112
f 1504/2756/2232 1505/2757/2231 1376/2514/2112 1380/2517/2118
f 1503/2758/2233 1504/2759/2232 1380/2760/2118 1384/2761/2124
f 1502/2762/2234 1503/2758/2233 1384/2761/2124 1424/2763/2162
f 1501/2764/2235 1502/2762/2234 1424/2763/2162 1428/2765/2171
f 1566/2766/2236 1567/2767/2237 1568/2768/2238 1569/2769/2239
f 1425/2770/2161 1499/2771/2240 1500/2772/2241 1429/2773/2170
f 1385/2774/2123 1498/2775/2242 1499/2771/2240 1425/2770/2161
f 1381/2776/2117 1497/2777/2243 1498/2775/2242 1385/2774/2123
f 1377/2515/2111 1496/2778/2244 1497/2779/2243 1381/2516/2117
f 1373/2780/2105 1495/2781/2245 1496/2782/2244 1377/2783/2111
f 1369/2784/2099 1494/2785/2246 1495/2781/2245 1373/2780/2105
f 1365/2786/2093 1493/2787/2247 1494/2785/2246 1369/2784/2099
f 1361/2788/2087 1492/2789/2248 1493/2787/2247 1365/2786/2093
f 1357/2541/2086 1491/2790/2249 1492/2789/2248 1361/2788/2087
f 1353/2540/2071 1490/2791/2250 1491/2790/2249 1357/2541/2086
f 1349/2792/2065 1489/2793/2251 1490/2791/2250 1353/2540/2071
f 1341/2794/2047 1488/2795/2252 1489/2793/2251 1349/2792/2065
f 1487/2796/2253 1488/2795/2252 1341/2794/2047 1340/2797/2046
f 1643/2433/2061 1642/2432/2060 1648/2798/2254 1649/2799/2255
f 1431/2800/2256 1432/2801/2257 1460/2419/2051 1459/2418/2050
f 1461/2438/2064 1460/2419/2051 1432/2801/2257 1433/2802/2258
f 1462/2448/2070 1461/2438/2064 1433/2802/2258 1434/2803/2259
f 1463/2456/2076 1462/2448/2070 1434/2803/2259 1435/2804/2260
f 1464/2466/2084 1463/2456/2076 1435/2804/2260 1436/2805/2261
f 1465/2478/2092 1464/2466/2084 1436/2805/2261 1437/2806/2262
f 1466/2486/2098 1465/2478/2092 1437/2806/2262 1438/2807/2263
f 1467/2494/2104 1466/2486/2098 1438/2807/2263 1439/2808/2264
f 1468/2502/2110 1467/2494/2104 1439/2808/2264 1440/2809/2265
f 1469/2513/2116 1468/2512/2110 1440/2810/2265 1441/2811/2266
f 1470/2526/2122 1469/2525/2116 1441/2812/2266 1442/2813/2267
f 1471/2622/2160 1470/2526/2122 1442/2813/2267 1443/2814/2268
f 1472/2634/2168 1471/2622/2160 1443/2814/2268 1444/2815/2269
f 1767/2816/2270 1766/2817/2271 1768/2818/2272 1769/2819/2273
f 1445/2820/2274 1446/2821/2275 1474/2628/2163 1473/2638/2172
f 1446/2821/2275 1447/2822/2276 1475/2532/2125 1474/2628/2163
f 1447/2822/2276 1448/2823/2277 1476/2533/2119 1475/2532/2125
f 1448/2824/2277 1449/2825/2278 1477/2519/2113 1476/2518/2119
f 1449/2826/2278 1450/2827/2279 1478/2498/2107 1477/2506/2113
f 1450/2827/2279 1451/2828/2280 1479/2490/2101 1478/2498/2107
f 1451/2828/2280 1452/2829/2281 1480/2482/2095 1479/2490/2101
f 1452/2829/2281 1453/2830/2282 1481/2472/2089 1480/2482/2095
f 1453/2830/2282 1454/2831/2283 1482/2462/2081 1481/2472/2089
f 1454/2831/2283 1455/2832/2284 1483/2452/2073 1482/2462/2081
f 1455/2832/2284 1456/2833/2285 1484/2442/2067 1483/2452/2073
f 1456/2833/2285 1457/2834/2286 1485/2412/2044 1484/2442/2067
f 1458/2413/2045 1485/2412/2044 1457/2834/2286 1430/2835/2287
f 1649/2799/2255 1648/2798/2254 1645/2735/2219 1644/2734/2218
f 1430/2835/2287 1457/2834/2286 1488/2795/2252 1487/2796/2253
f 1489/2793/2251 1488/2795/2252 1457/2834/2286 1456/2833/2285
f 1490/2791/2250 1489/2793/2251 1456/2833/2285 1455/2832/2284
f 1491/2790/2249 1490/2791/2250 1455/2832/2284 1454/2831/2283
f 1492/2789/2248 1491/2790/2249 1454/2831/2283 1453/2830/2282
f 1493/2787/2247 1492/2789/2248 1453/2830/2282 1452/2829/2281
f 1494/2785/2246 1493/2787/2247 1452/2829/2281 1451/2828/2280
f 1495/2781/2245 1494/2785/2246 1451/2828/2280 1450/2827/2279
f 1496/2782/2244 1495/2781/2245 1450/2827/2279 1449/2826/2278
f 1497/2779/2243 1496/2778/2244 1449/2825/2278 1448/2824/2277
f 1498/2775/2242 1497/2777/2243 1448/2823/2277 1447/2822/2276
f 1499/2771/2240 1498/2775/2242 1447/2822/2276 1446/2821/2275
f 1500/2772/2241 1499/2771/2240 1446/2821/2275 1445/2820/2274
f 1711/2836/2288 1710/2837/2289 1712/2838/2290 1713/2839/2291
f 1444/2815/2269 1443/2814/2268 1502/2762/2234 1501/2764/2235
f 1443/2814/2268 1442/2813/2267 1503/2758/2233 1502/2762/2234
f 1442/2813/2267 1441/2812/2266 1504/2759/2232 1503/2758/2233
f 1441/2811/2266 1440/2810/2265 1505/2757/2231 1504/2756/2232
f 1440/2809/2265 1439/2808/2264 1506/2752/2230 1505/2754/2231
f 1439/2808/2264 1438/2807/2263 1507/2750/2229 1506/2752/2230
f 1438/2807/2263 1437/2806/2262 1508/2748/2228 1507/2750/2229
f 1437/2806/2262 1436/2805/2261 1509/2746/2227 1508/2748/2228
f 1436/2805/2261 1435/2804/2260 1510/2745/2226 1509/2746/2227
f 1435/2804/2260 1434/2803/2259 1511/2744/2225 1510/2745/2226
f 1434/2803/2259 1433/2802/2258 1512/2742/2224 1511/2744/2225
f 1433/2802/2258 1432/2801/2257 1513/2740/2222 1512/2742/2224
f 1486/2741/2223 1513/2740/2222 1432/2801/2257 1431/2800/2256
f 1500/2840/2241 1501/2841/2235 1515/2842/2292 1514/2843/2293
f 1501/2844/2235 1428/2845/2171 1516/2846/2294 1515/2847/2292
f 1428/2845/2171 1429/2848/2170 1517/2849/2295 1516/2846/2294
f 1429/2773/2170 1500/2772/2241 1514/2850/2293 1517/2851/2295
f 1514/2843/2293 1515/2842/2292 1519/2852/2296 1518/2853/2297
f 1515/2854/2292 1516/2855/2294 1520/2856/2298 1519/2857/2296
f 1516/2858/2294 1517/2859/2295 1521/2860/2299 1520/2861/2298
f 1517/2859/2295 1514/2862/2293 1518/2863/2297 1521/2860/2299
f 1518/2853/2297 1519/2852/2296 1523/2864/2300 1522/2865/2301
f 1519/2857/2296 1520/2856/2298 1524/2866/2302 1523/2867/2300
f 1520/2861/2298 1521/2860/2299 1525/2868/2303 1524/2869/2302
f 1521/2870/2299 1518/2871/2297 1522/2872/2301 1525/2873/2303
f 1522/2865/2301 1523/2864/2300 1527/2874/2304 1526/2875/2305
f 1523/2867/2300 1524/2866/2302 1528/2876/2306 1527/2877/2304
f 1524/2869/2302 1525/2868/2303 1529/2878/2307 1528/2879/2306
f 1525/2873/2303 1522/2872/2301 1526/2880/2305 1529/2881/2307
f 1526/2875/2305 1527/2874/2304 1531/2882/2308 1530/2883/2309
f 1527/2877/2304 1528/2876/2306 1532/2884/2310 1531/2885/2308
f 1528/2886/2306 1529/2887/2307 1533/2888/2311 1532/2889/2310
f 1529/2881/2307 1526/2880/2305 1530/2890/2309 1533/2891/2311
f 1530/2892/2309 1531/2893/2308 1535/2894/2312 1534/2895/2313
f 1531/2885/2308 1532/2884/2310 1536/2896/2314 1535/2897/2312
f 1532/2898/2310 1533/2899/2311 1537/2900/2315 1536/2901/2314
f 1533/2891/2311 1530/2890/2309 1534/2902/2313 1537/2903/2315
f 1534/2904/2313 1535/2905/2312 1539/2906/2316 1538/2907/2317
f 1535/2897/2312 1536/2896/2314 1540/2908/2318 1539/2909/2316
f 1536/2901/2314 1537/2900/2315 1541/2910/2319 1540/2911/2318
f 1537/2903/2315 1534/2902/2313 1538/2912/2317 1541/2913/2319
f 1538/2907/2317 1539/2906/2316 1543/2914/2320 1542/2915/2321
f 1539/2909/2316 1540/2908/2318 1544/2916/2322 1543/2917/2320
f 1540/2911/2318 1541/2910/2319 1545/2918/2323 1544/2919/2322
f 1541/2913/2319 1538/2912/2317 1542/2920/2321 1545/2921/2323
f 1542/2915/2321 1543/2914/2320 1547/2922/2324 1546/2923/2325
f 1543/2914/2320 1544/2924/2322 1548/2925/2326 1547/2922/2324
f 1544/2926/2322 1545/2927/2323 1549/2928/2327 1548/2929/2326
f 1545/2930/2323 1542/2915/2321 1546/2923/2325 1549/2931/2327
f 1546/2932/2325 1547/2933/2324 1551/2934/2328 1550/2935/2329
f 1547/2936/2324 1548/2937/2326 1552/2938/2330 1551/2939/2328
f 1548/2940/2326 1549/2941/2327 1553/2942/2331 1552/2943/2330
f 1549/2941/2327 1546/2944/2325 1550/2945/2329 1553/2942/2331
f 1550/2946/2329 1551/2947/2328 1555/2948/2332 1554/2949/2333
f 1551/2939/2328 1552/2938/2330 1556/2950/2334 1555/2951/2332
f 1552/2943/2330 1553/2942/2331 1557/2952/2335 1556/2953/2334
f 1553/2954/2331 1550/2955/2329 1554/2956/2333 1557/2957/2335
f 1554/2949/2333 1555/2948/2332 1559/2958/2336 1558/2959/2337
f 1555/2948/2332 1556/2960/2334 1560/2961/2338 1559/2958/2336
f 1556/2962/2334 1557/2963/2335 1561/2964/2339 1560/2965/2338
f 1557/2957/2335 1554/2956/2333 1558/2966/2337 1561/2967/2339
f 1558/2968/2337 1559/2969/2336 1563/2970/2340 1562/2971/2341
f 1559/2972/2336 1560/2973/2338 1564/2974/2342 1563/2975/2340
f 1560/2976/2338 1561/2977/2339 1565/2978/2343 1564/2979/2342
f 1561/2977/2339 1558/2980/2337 1562/2981/2341 1565/2978/2343
f 1562/2971/2341 1563/2970/2340 1567/2982/2237 1566/2983/2236
f 1563/2975/2340 1564/2974/2342 1568/2984/2238 1567/2985/2237
f 1564/2979/2342 1565/2978/2343 1569/2986/2239 1568/2987/2238
f 1565/2988/2343 1562/2989/2341 1566/2990/2236 1569/2991/2239
f 1344/2422/2053 1338/2425/2042 1571/2992/2344 1570/2993/2345
f 1338/2410/2042 1458/2413/2045 1572/2994/2346 1571/2995/2344
f 1459/2418/2050 1344/2421/2053 1570/2996/2345 1573/2997/2347
f 1487/2796/2253 1340/2797/2046 1576/2998/2348 1575/2999/2349
f 1340/2414/2046 1342/2417/2049 1577/3000/2350 1576/3001/2348
f 1342/2738/2049 1486/2741/2223 1574/3002/2351 1577/3003/2350
f 1458/2413/2045 1430/2835/2287 1578/3004/2352 1572/2994/2346
f 1431/2800/2256 1459/2418/2050 1573/2997/2347 1579/3005/2353
f 1430/2835/2287 1487/2796/2253 1575/2999/2349 1578/3004/2352
f 1486/2741/2223 1431/2800/2256 1579/3005/2353 1574/3002/2351
f 1570/2993/2345 1571/2992/2344 1581/3006/2354 1580/3007/2355
f 1571/2995/2344 1572/2994/2346 1582/3008/2356 1581/3009/2354
f 1573/2997/2347 1570/2996/2345 1580/3010/2355 1583/3011/2357
f 1575/2999/2349 1576/2998/2348 1586/3012/2358 1585/3013/2359
f 1576/3001/2348 1577/3000/2350 1587/3014/2360 1586/3015/2358
f 1577/3003/2350 1574/3002/2351 1584/3016/2361 1587/3017/2360
f 1572/2994/2346 1578/3004/2352 1588/3018/2362 1582/3008/2356
f 1579/3005/2353 1573/2997/2347 1583/3011/2357 1589/3019/2363
f 1578/3004/2352 1575/2999/2349 1585/3013/2359 1588/3018/2362
f 1574/3002/2351 1579/3005/2353 1589/3019/2363 1584/3016/2361
f 1580/3007/2355 1581/3006/2354 1591/3020/2364 1590/3021/2365
f 1581/3009/2354 1582/3008/2356 1592/3022/2366 1591/3023/2364
f 1583/3011/2357 1580/3010/2355 1590/3024/2365 1593/3025/2367
f 1585/3013/2359 1586/3012/2358 1596/3026/2368 1595/3027/2369
f 1586/3015/2358 1587/3014/2360 1597/3028/2370 1596/3029/2368
f 1587/3017/2360 1584/3016/2361 1594/3030/2371 1597/3031/2370
f 1582/3008/2356 1588/3018/2362 1598/3032/2372 1592/3022/2366
f 1589/3019/2363 1583/3011/2357 1593/3025/2367 1599/3033/2373
f 1588/3018/2362 1585/3013/2359 1595/3027/2369 1598/3032/2372
f 1584/3016/2361 1589/3019/2363 1599/3033/2373 1594/3030/2371
f 1590/3021/2365 1591/3020/2364 1601/3034/2374 1600/3035/2375
f 1591/3023/2364 1592/3022/2366 1602/3036/2376 1601/3037/2374
f 1593/3025/2367 1590/3024/2365 1600/3038/2375 1603/3039/2377
f 1595/3027/2369 1596/3026/2368 1606/3040/2378 1605/3041/2379
f 1596/3029/2368 1597/3028/2370 1607/3042/2380 1606/3043/2378
f 1597/3031/2370 1594/3030/2371 1604/3044/2381 1607/3045/2380
f 1592/3022/2366 1598/3032/2372 1608/3046/2382 1602/3036/2376
f 1599/3033/2373 1593/3025/2367 1603/3039/2377 1609/3047/2383
f 1598/3032/2372 1595/3027/2369 1605/3041/2379 1608/3046/2382
f 1594/3030/2371 1599/3033/2373 1609/3047/2383 1604/3044/2381
f 1600/3048/2375 1601/3049/2374 1611/3050/2384 1610/3051/2385
f 1601/3037/2374 1602/3036/2376 1612/3052/2386 1611/3053/2384
f 1603/3039/2377 1600/3038/2375 1610/3054/2385 1613/3055/2387
f 1605/3041/2379 1606/3040/2378 1616/3056/2388 1615/3057/2389
f 1606/3043/2378 1607/3042/2380 1617/3058/2390 1616/3059/2388
f 1607/3045/2380 1604/3044/2381 1614/3060/2391 1617/3061/2390
f 1602/3036/2376 1608/3046/2382 1618/3062/2392 1612/3052/2386
f 1609/3047/2383 1603/3039/2377 1613/3055/2387 1619/3063/2393
f 1608/3046/2382 1605/3041/2379 1615/3057/2389 1618/3062/2392
f 1604/3044/2381 1609/3047/2383 1619/3063/2393 1614/3060/2391
f 1610/3064/2385 1611/3065/2384 1621/3066/2394 1620/3067/2395
f 1611/3053/2384 1612/3052/2386 1622/3068/2396 1621/3069/2394
f 1613/3055/2387 1610/3054/2385 1620/3070/2395 1623/3071/2397
f 1615/3057/2389 1616/3056/2388 1626/3072/2398 1625/3073/2399
f 1616/3059/2388 1617/3058/2390 1627/3074/2400 1626/3075/2398
f 1617/3061/2390 1614/3060/2391 1624/3076/2401 1627/3077/2400
f 1612/3052/2386 1618/3062/2392 1628/3078/2402 1622/3068/2396
f 1619/3063/2393 1613/3055/2387 1623/3071/2397 1629/3079/2403
f 1618/3062/2392 1615/3057/2389 1625/3073/2399 1628/3078/2402
f 1614/3060/2391 1619/3063/2393 1629/3079/2403 1624/3076/2401
f 1620/3067/2395 1621/3066/2394 1631/3080/2404 1630/3081/2405
f 1621/3069/2394 1622/3068/2396 1632/3082/2406 1631/3083/2404
f 1623/3071/2397 1620/3070/2395 1630/3084/2405 1633/3085/2407
f 1625/3073/2399 1626/3072/2398 1636/3086/2408 1635/3087/2409
f 1626/3075/2398 1627/3074/2400 1637/3088/2410 1636/3089/2408
f 1627/3077/2400 1624/3076/2401 1634/3090/2411 1637/3091/2410
f 1622/3068/2396 1628/3078/2402 1638/3092/2412 1632/3082/2406
f 1629/3079/2403 1623/3071/2397 1633/3085/2407 1639/3093/2413
f 1628/3078/2402 1625/3073/2399 1635/3087/2409 1638/3092/2412
f 1624/3076/2401 1629/3079/2403 1639/3093/2413 1634/3090/2411
f 1630/3081/2405 1631/3080/2404 1641/3094/2059 1640/3095/2058
f 1631/3083/2404 1632/3082/2406 1642/3096/2060 1641/3097/2059
f 1633/3085/2407 1630/3084/2405 1640/3098/2058 1643/3099/2061
f 1635/3087/2409 1636/3086/2408 1646/3100/2220 1645/3101/2219
f 1636/3102/2408 1637/3103/2410 1647/2737/2221 1646/2736/2220
f 1637/3091/2410 1634/3090/2411 1644/3104/2218 1647/3105/2221
f 1632/3082/2406 1638/3092/2412 1648/3106/2254 1642/3096/2060
f 1639/3093/2413 1633/3085/2407 1643/3099/2061 1649/3107/2255
f 1638/3092/2412 1635/3087/2409 1645/3101/2219 1648/3106/2254
f 1634/3090/2411 1639/3093/2413 1649/3107/2255 1644/3104/2218
f 1445/3108/2274 1444/3109/2269 1650/3110/2414 1651/3111/2415
f 1444/3109/2269 1501/2841/2235 1652/3112/2416 1650/3110/2414
f 1501/2841/2235 1500/2840/2241 1653/3113/2417 1652/3112/2416
f 1500/2772/2241 1445/2820/2274 1651/3114/2415 1653/3115/2417
f 1651/3111/2415 1650/3110/2414 1654/3116/2418 1655/3117/2419
f 1650/3118/2414 1652/3119/2416 1656/3120/2420 1654/3121/2418
f 1652/3122/2416 1653/3123/2417 1657/3124/2421 1656/3125/2420
f 1653/3115/2417 1651/3114/2415 1655/3126/2419 1657/3127/2421
f 1655/3128/2419 1654/3129/2418 1658/3130/2422 1659/3131/2423
f 1654/3121/2418 1656/3120/2420 1660/3132/2424 1658/3133/2422
f 1656/3134/2420 1657/3135/2421 1661/3136/2425 1660/3137/2424
f 1657/3127/2421 1655/3126/2419 1659/3138/2423 1661/3139/2425
f 1659/3131/2423 1658/3130/2422 1662/3140/2426 1663/3141/2427
f 1658/3133/2422 1660/3132/2424 1664/3142/2428 1662/3143/2426
f 1660/3137/2424 1661/3136/2425 1665/3144/2429 1664/3145/2428
f 1661/3139/2425 1659/3138/2423 1663/3146/2427 1665/3147/2429
f 1663/3141/2427 1662/3140/2426 1666/3148/2430 1667/3149/2431
f 1662/3143/2426 1664/3142/2428 1668/3150/2432 1666/3151/2430
f 1664/3145/2428 1665/3144/2429 1669/3152/2433 1668/3153/2432
f 1665/3147/2429 1663/3146/2427 1667/3154/2431 1669/3155/2433
f 1667/3149/2431 1666/3148/2430 1670/3156/2434 1671/3157/2435
f 1666/3151/2430 1668/3150/2432 1672/3158/2436 1670/3159/2434
f 1668/3153/2432 1669/3152/2433 1673/3160/2437 1672/3161/2436
f 1669/3155/2433 1667/3154/2431 1671/3162/2435 1673/3163/2437
f 1671/3157/2435 1670/3156/2434 1674/3164/2438 1675/3165/2439
f 1670/3156/2434 1672/3166/2436 1676/3167/2440 1674/3164/2438
f 1672/3161/2436 1673/3160/2437 1677/3168/2441 1676/3169/2440
f 1673/3163/2437 1671/3162/2435 1675/3170/2439 1677/3171/2441
f 1675/3172/2439 1674/3173/2438 1678/3174/2442 1679/3175/2443
f 1674/3176/2438 1676/3177/2440 1680/3178/2444 1678/3179/2442
f 1676/3180/2440 1677/3181/2441 1681/3182/2445 1680/3183/2444
f 1677/3171/2441 1675/3170/2439 1679/3184/2443 1681/3185/2445
f 1679/3186/2443 1678/3187/2442 1682/3188/2446 1683/3189/2447
f 1678/3179/2442 1680/3178/2444 1684/3190/2448 1682/3191/2446
f 1680/3183/2444 1681/3182/2445 1685/3192/2449 1684/3193/2448
f 1681/3185/2445 1679/3184/2443 1683/3194/2447 1685/3195/2449
f 1683/3189/2447 1682/3188/2446 1686/3196/2450 1687/3197/2451
f 1682/3191/2446 1684/3190/2448 1688/3198/2452 1686/3199/2450
f 1684/3193/2448 1685/3192/2449 1689/3200/2453 1688/3201/2452
f 1685/3195/2449 1683/3194/2447 1687/3202/2451 1689/3203/2453
f 1687/3197/2451 1686/3196/2450 1690/3204/2454 1691/3205/2455
f 1686/3196/2450 1688/3206/2452 1692/3207/2456 1690/3204/2454
f 1688/3208/2452 1689/3209/2453 1693/3210/2457 1692/3211/2456
f 1689/3203/2453 1687/3202/2451 1691/3212/2455 1693/3213/2457
f 1691/3214/2455 1690/3215/2454 1694/3216/2458 1695/3217/2459
f 1690/3218/2454 1692/3219/2456 1696/3220/2460 1694/3221/2458
f 1692/3222/2456 1693/3223/2457 1697/3224/2461 1696/3225/2460
f 1693/3223/2457 1691/3226/2455 1695/3227/2459 1697/3224/2461
f 1695/3228/2459 1694/3229/2458 1698/3230/2462 1699/3231/2463
f 1694/3221/2458 1696/3220/2460 1700/3232/2464 1698/3233/2462
f 1696/3225/2460 1697/3224/2461 1701/3234/2465 1700/3235/2464
f 1697/3236/2461 1695/3237/2459 1699/3238/2463 1701/3239/2465
f 1699/3231/2463 1698/3230/2462 1702/3240/2466 1703/3241/2467
f 1698/3233/2462 1700/3232/2464 1704/3242/2468 1702/3243/2466
f 1700/3244/2464 1701/3245/2465 1705/3246/2469 1704/3247/2468
f 1701/3239/2465 1699/3238/2463 1703/3248/2467 1705/3249/2469
f 1703/3250/2467 1702/3251/2466 1706/3252/2470 1707/3253/2471
f 1702/3243/2466 1704/3242/2468 1708/3254/2472 1706/3255/2470
f 1704/3256/2468 1705/3257/2469 1709/3258/2473 1708/3259/2472
f 1705/3249/2469 1703/3248/2467 1707/3260/2471 1709/3261/2473
f 1707/3253/2471 1706/3252/2470 1710/3262/2289 1711/3263/2288
f 1706/3255/2470 1708/3254/2472 1712/3264/2290 1710/3265/2289
f 1708/3259/2472 1709/3258/2473 1713/3266/2291 1712/3267/2290
f 1709/3261/2473 1707/3260/2471 1711/3268/2288 1713/3269/2291
f 1473/3270/2172 1472/3271/2168 1714/3272/2474 1715/3273/2475
f 1472/2634/2168 1444/2815/2269 1716/3274/2476 1714/3275/2474
f 1444/3276/2269 1445/3277/2274 1717/3278/2477 1716/3279/2476
f 1445/2820/2274 1473/2638/2172 1715/3280/2475 1717/3281/2477
f 1715/3273/2475 1714/3272/2474 1718/3282/2478 1719/3283/2479
f 1714/3275/2474 1716/3274/2476 1720/3284/2480 1718/3285/2478
f 1716/3286/2476 1717/3287/2477 1721/3288/2481 1720/3289/2480
f 1717/3281/2477 1715/3280/2475 1719/3290/2479 1721/3291/2481
f 1719/3283/2479 1718/3282/2478 1722/3292/2482 1723/3293/2483
f 1718/3285/2478 1720/3284/2480 1724/3294/2484 1722/3295/2482
f 1720/3289/2480 1721/3288/2481 1725/3296/2485 1724/3297/2484
f 1721/3291/2481 1719/3290/2479 1723/3298/2483 1725/3299/2485
f 1723/3293/2483 1722/3292/2482 1726/3300/2486 1727/3301/2487
f 1722/3295/2482 1724/3294/2484 1728/3302/2488 1726/3303/2486
f 1724/3297/2484 1725/3296/2485 1729/3304/2489 1728/3305/2488
f 1725/3299/2485 1723/3298/2483 1727/3306/2487 1729/3307/2489
f 1727/3301/2487 1726/3300/2486 1730/3308/2490 1731/3309/2491
f 1726/3303/2486 1728/3302/2488 1732/3310/2492 1730/3311/2490
f 1728/3305/2488 1729/3304/2489 1733/3312/2493 1732/3313/2492
f 1729/3307/2489 1727/3306/2487 1731/3314/2491 1733/3315/2493
f 1731/3316/2491 1730/3317/2490 1734/3318/2494 1735/3319/2495
f 1730/3311/2490 1732/3310/2492 1736/3320/2496 1734/3321/2494
f 1732/3313/2492 1733/3312/2493 1737/3322/2497 1736/3323/2496
f 1733/3315/2493 1731/3314/2491 1735/3324/2495 1737/3325/2497
f 1735/3326/2495 1734/3327/2494 1738/3328/2498 1739/3329/2499
f 1734/3321/2494 1736/3320/2496 1740/3330/2500 1738/3331/2498
f 1736/3323/2496 1737/3322/2497 1741/3332/2501 1740/3333/2500
f 1737/3325/2497 1735/3324/2495 1739/3334/2499 1741/3335/2501
f 1739/3329/2499 1738/3328/2498 1742/3336/2502 1743/3337/2503
f 1738/3331/2498 1740/3330/2500 1744/3338/2504 1742/3339/2502
f 1740/3333/2500 1741/3332/2501 1745/3340/2505 1744/3341/2504
f 1741/3335/2501 1739/3334/2499 1743/3342/2503 1745/3343/2505
f 1743/3337/2503 1742/3336/2502 1746/3344/2506 1747/3345/2507
f 1742/3336/2502 1744/3346/2504 1748/3347/2508 1746/3344/2506
f 1744/3348/2504 1745/3349/2505 1749/3350/2509 1748/3351/2508
f 1745/3343/2505 1743/3342/2503 1747/3352/2507 1749/3353/2509
f 1747/3354/2507 1746/3355/2506 1750/3356/2510 1751/3357/2511
f 1746/3358/2506 1748/3359/2508 1752/3360/2512 1750/3361/2510
f 1748/3362/2508 1749/3363/2509 1753/3364/2513 1752/3365/2512
f 1749/3353/2509 1747/3352/2507 1751/3366/2511 1753/3367/2513
f 1751/3368/2511 1750/3369/2510 1754/3370/2514 1755/3371/2515
f 1750/3361/2510 1752/3360/2512 1756/3372/2516 1754/3373/2514
f 1752/3365/2512 1753/3364/2513 1757/3374/2517 1756/3375/2516
f 1753/3367/2513 1751/3366/2511 1755/3376/2515 1757/3377/2517
f 1755/3371/2515 1754/3370/2514 1758/3378/2518 1759/3379/2519
f 1754/3370/2514 1756/3380/2516 1760/3381/2520 1758/3378/2518
f 1756/3382/2516 1757/3383/2517 1761/3384/2521 1760/3385/2520
f 1757/3377/2517 1755/3376/2515 1759/3386/2519 1761/3387/2521
f 1759/3388/2519 1758/3389/2518 1762/3390/2522 1763/3391/2523
f 1758/3392/2518 1760/3393/2520 1764/3394/2524 1762/3395/2522
f 1760/3396/2520 1761/3397/2521 1765/3398/2525 1764/3399/2524
f 1761/3387/2521 1759/3386/2519 1763/3400/2523 1765/3401/2525
f 1763/3391/2523 1762/3390/2522 1766/3402/2271 1767/3403/2270
f 1762/3395/2522 1764/3394/2524 1768/3404/2272 1766/3405/2271
f 1764/3399/2524 1765/3398/2525 1769/3406/2273 1768/3407/2272
f 1765/3401/2525 1763/3400/2523 1767/3408/2270 1769/3409/2273
f 1427/3410/2173 1426/3411/2169 1770/3412/2526 1771/3413/2527
f 1426/2635/2169 1472/2634/2168 1772/3414/2528 1770/3415/2526
f 1472/3416/2168 1473/3417/2172 1773/3418/2529 1772/3419/2528
f 1473/2638/2172 1427/2639/2173 1771/3420/2527 1773/3421/2529
f 1771/3422/2527 1770/3423/2526 1774/3424/2530 1775/3425/2531
f 1770/3415/2526 1772/3414/2528 1776/3426/2532 1774/3427/2530
f 1772/3419/2528 1773/3418/2529 1777/3428/2533 1776/3429/2532
f 1773/3421/2529 1771/3420/2527 1775/3430/2531 1777/3431/2533
f 1775/3425/2531 1774/3424/2530 1778/3432/2534 1779/3433/2535
f 1774/3427/2530 1776/3426/2532 1780/3434/2536 1778/3435/2534
f 1776/3436/2532 1777/3437/2533 1781/3438/2537 1780/3439/2536
f 1777/3431/2533 1775/3430/2531 1779/3440/2535 1781/3441/2537
f 1779/3433/2535 1778/3432/2534 1782/3442/2538 1783/3443/2539
f 1778/3435/2534 1780/3434/2536 1784/3444/2540 1782/3445/2538
f 1780/3439/2536 1781/3438/2537 1785/3446/2541 1784/3447/2540
f 1781/3441/2537 1779/3440/2535 1783/3448/2539 1785/3449/2541
f 1783/3443/2539 1782/3442/2538 1786/3450/2542 1787/3451/2543
f 1782/3445/2538 1784/3444/2540 1788/3452/2544 1786/3453/2542
f 1784/3447/2540 1785/3446/2541 1789/3454/2545 1788/3455/2544
f 1785/3449/2541 1783/3448/2539 1787/3456/2543 1789/3457/2545
f 1787/3458/2543 1786/3459/2542 1790/3460/2546 1791/3461/2547
f 1786/3453/2542 1788/3452/2544 1792/3462/2548 1790/3463/2546
f 1788/3455/2544 1789/3454/2545 1793/3464/2549 1792/3465/2548
f 1789/3457/2545 1787/3456/2543 1791/3466/2547 1793/3467/2549
f 1791/3468/2547 1790/3469/2546 1794/3470/2550 1795/3471/2551
f 1790/3463/2546 1792/3462/2548 1796/3472/2552 1794/3473/2550
f 1792/3474/2548 1793/3475/2549 1797/3476/2553 1796/3477/2552
f 1793/3467/2549 1791/3466/2547 1795/3478/2551 1797/3479/2553
f 1795/3480/2551 1794/3481/2550 1798/3482/2554 1799/3483/2555
f 1794/3473/2550 1796/3472/2552 1800/3484/2556 1798/3485/2554
f 1796/3477/2552 1797/3476/2553 1801/3486/2557 1800/3487/2556
f 1797/3479/2553 1795/3478/2551 1799/3488/2555 1801/3489/2557
f 1799/3483/2555 1798/3482/2554 1802/3490/2558 1803/3491/2559
f 1798/3485/2554 1800/3484/2556 1804/3492/2560 1802/3493/2558
f 1800/3494/2556 1801/3495/2557 1805/3496/2561 1804/3497/2560
f 1801/3489/2557 1799/3488/2555 1803/3498/2559 1805/3499/2561
f 1803/3491/2559 1802/3490/2558 1806/3500/2562 1807/3501/2563
f 1802/3493/2558 1804/3492/2560 1808/3502/2564 1806/3503/2562
f 1804/3497/2560 1805/3496/2561 1809/3504/2565 1808/3505/2564
f 1805/3499/2561 1803/3498/2559 1807/3506/2563 1809/3507/2565
f 1807/3501/2563 1806/3500/2562 1810/3508/2566 1811/3509/2567
f 1806/3503/2562 1808/3502/2564 1812/3510/2568 1810/3511/2566
f 1808/3505/2564 1809/3504/2565 1813/3512/2569 1812/3513/2568
f 1809/3507/2565 1807/3506/2563 1811/3514/2567 1813/3515/2569
f 1811/3516/2567 1810/3517/2566 1814/3518/2570 1815/3519/2571
f 1810/3511/2566 1812/3510/2568 1816/3520/2572 1814/3521/2570
f 1812/3522/2568 1813/3523/2569 1817/3524/2573 1816/3525/2572
f 1813/3515/2569 1811/3514/2567 1815/3526/2571 1817/3527/2573
f 1815/3528/2571 1814/3529/2570 1818/3530/2574 1819/3531/2575
f 1814/3529/2570 1816/3532/2572 1820/3533/2576 1818/3530/2574
f 1816/3532/2572 1817/3534/2573 1821/3535/2577 1820/3533/2576
f 1817/3534/2573 1815/3528/2571 1819/3531/2575 1821/3535/2577
f 1819/3536/2575 1818/3537/2574 1822/3538/2578 1823/3539/2579
f 1818/3540/2574 1820/3541/2576 1824/3542/2580 1822/3543/2578
f 1820/3544/2576 1821/3545/2577 1825/3546/2581 1824/3547/2580
f 1821/3548/2577 1819/3549/2575 1823/3550/2579 1825/3551/2581
f 1823/3539/2579 1822/3538/2578 1826/3552/2582 1827/3553/2583
f 1822/3543/2578 1824/3542/2580 1828/3554/2584 1826/3555/2582
f 1824/3547/2580 1825/3546/2581 1829/3556/2585 1828/3557/2584
f 1825/3551/2581 1823/3550/2579 1827/3558/2583 1829/3559/2585
f 1827/3560/2583 1826/3561/2582 1830/3562/2586 1831/3563/2587
f 1826/3555/2582 1828/3554/2584 1832/3564/2588 1830/3565/2586
f 1828/3566/2584 1829/3567/2585 1833/3568/2589 1832/3569/2588
f 1829/3559/2585 1827/3558/2583 1831/3570/2587 1833/3571/2589
f 1831/3563/2587 1830/3562/2586 1834/3572/2055 1835/3573/2054
f 1830/3565/2586 1832/3564/2588 1836/3574/2056 1834/3575/2055
f 1832/3569/2588 1833/3568/2589 1837/3576/2057 1836/3577/2056
f 1833/3571/2589 1831/3570/2587 1835/3578/2054 1837/3579/2057
f 1423/2621/2159 1422/2620/2158 1838/3580/2590 1839/3581/2591
f 1422/3582/2158 1426/3411/2169 1840/3583/2592 1838/3584/2590
f 1426/3411/2169 1427/3410/2173 1841/3585/2593 1840/3583/2592
f 1427/2639/2173 1423/2629/2159 1839/3586/2591 1841/3587/2593
f 1839/3588/2591 1838/3589/2590 1846/3590/2175 1847/3591/2174
f 1838/3592/2590 1840/3593/2592 1850/2645/2178 1846/2644/2175
f 1840/3594/2592 1841/3595/2593 1852/3596/2180 1850/3597/2178
f 1841/3595/2593 1839/3588/2591 1847/3591/2174 1852/3596/2180
s off
usemtl openPBRSurface4SG
f 1908/3598/2594 1909/3599/2595 1910/3600/2596 1911/3601/2597
f 1909/3599/2598 1912/3602/2599 1913/3603/2600 1910/3600/2601
f 1912/3604/2602 1914/3605/2603 1915/3606/2604 1913/3607/2605
f 1914/3605/2606 1916/3608/2607 1917/3609/2608 1915/3606/2609
f 1916/3610/2610 1918/3611/2611 1919/3612/2612 1917/3613/2613
f 1918/3611/2614 1920/3614/2615 1921/3615/2616 1919/3612/2617
f 1920/3616/2618 1922/3617/2619 1923/3618/2620 1921/3619/2621
f 1922/3617/2622 1908/3620/2623 1911/3621/2624 1923/3618/2625
s 46
usemtl openPBRSurface5SG
f 1891/3622/2626 1890/3623/2627 1906/3624/2628
f 1892/3625/2629 1891/3622/2626 1906/3624/2628
usemtl openPBRSurface10SG
f 1893/3626/2630 1892/3625/2629 1906/3624/2628
f 1894/3627/2631 1893/3626/2630 1906/3624/2628
usemtl openPBRSurface5SG
f 1895/3628/2632 1894/3627/2631 1906/3624/2628
f 1896/3629/2633 1895/3628/2632 1906/3624/2628
usemtl openPBRSurface10SG
f 1897/3630/2634 1896/3629/2633 1906/3624/2628
f 1890/3623/2627 1897/3630/2634 1906/3624/2628
s 47
usemtl openPBRSurface5SG
f 1898/3631/2635 1899/3632/2636 1907/3633/2637
f 1899/3632/2636 1900/3634/2638 1907/3633/2637
usemtl openPBRSurface10SG
f 1900/3634/2638 1901/3635/2639 1907/3633/2637
f 1901/3635/2639 1902/3636/2640 1907/3633/2637
usemtl openPBRSurface5SG
f 1902/3636/2640 1903/3637/2641 1907/3633/2637
f 1903/3637/2641 1904/3638/2642 1907/3633/2637
usemtl openPBRSurface10SG
f 1904/3638/2642 1905/3639/2643 1907/3633/2637
f 1905/3639/2643 1898/3631/2635 1907/3633/2637
s off
usemtl openPBRSurface4SG
f 1924/3640/2644 1925/3641/2645 1926/3642/2646 1927/3643/2647
f 1941/3644/2648 1940/3645/2649 1942/3646/2650 1943/3647/2651
f 1925/3648/2652 1928/3649/2653 1929/3650/2654 1926/3651/2655
f 1944/3652/2656 1941/3653/2657 1943/3654/2658 1945/3655/2659
f 1928/3649/2660 1930/3656/2661 1931/3657/2662 1929/3650/2663
f 1946/3658/2664 1944/3652/2665 1945/3655/2666 1947/3659/2667
f 1930/3656/2668 1932/3660/2669 1933/3661/2670 1931/3657/2671
f 1948/3662/2672 1946/3658/2673 1947/3659/2674 1949/3663/2675
f 1932/3660/2676 1934/3664/2677 1935/3665/2678 1933/3661/2679
f 1950/3666/2680 1948/3662/2681 1949/3663/2682 1951/3667/2683
f 1934/3668/2684 1936/3669/2685 1937/3670/2686 1935/3671/2687
f 1952/3672/2688 1950/3673/2689 1951/3674/2690 1953/3675/2691
f 1936/3669/2692 1938/3676/2693 1939/3677/2694 1937/3670/2695
f 1954/3678/2696 1952/3672/2697 1953/3675/2698 1955/3679/2699
f 1938/3676/2700 1924/3640/2701 1927/3643/2702 1939/3677/2703
f 1940/3645/2704 1954/3678/2705 1955/3679/2706 1942/3646/2707
f 1890/3680/2708 1891/3681/2709 1925/3682/2710 1924/3683/2711
f 1909/3599/2712 1908/3598/2713 1927/3684/2714 1926/3685/2715
f 1891/3681/2716 1892/3686/2717 1928/3687/2718 1925/3682/2719
f 1912/3602/2720 1909/3599/2721 1926/3685/2722 1929/3688/2723
f 1892/3689/2724 1893/3690/2725 1930/3691/2726 1928/3692/2727
f 1914/3605/2728 1912/3604/2729 1929/3693/2730 1931/3694/2731
f 1893/3690/2732 1894/3695/2733 1932/3696/2734 1930/3691/2735
f 1916/3608/2736 1914/3605/2737 1931/3694/2738 1933/3697/2739
f 1894/3698/2740 1895/3699/2741 1934/3700/2742 1932/3701/2743
f 1918/3611/2744 1916/3610/2745 1933/3702/2746 1935/3703/2747
f 1895/3699/2748 1896/3704/2749 1936/3705/2750 1934/3700/2751
f 1920/3614/2752 1918/3611/2753 1935/3703/2754 1937/3706/2755
f 1896/3629/2756 1897/3630/2757 1938/3676/2758 1936/3669/2759
f 1922/3617/2760 1920/3616/2761 1937/3707/2762 1939/3708/2763
f 1897/3630/2764 1890/3623/2765 1924/3640/2766 1938/3676/2767
f 1908/3620/2768 1922/3617/2769 1939/3708/2770 1927/3709/2771
f 1899/3710/2772 1898/3711/2773 1940/3712/2774 1941/3713/2775
f 1911/3601/2776 1910/3600/2777 1943/3714/2778 1942/3715/2779
f 1900/3716/2780 1899/3710/2781 1941/3713/2782 1944/3717/2783
f 1910/3600/2784 1913/3603/2785 1945/3718/2786 1943/3714/2787
f 1901/3635/2788 1900/3634/2789 1944/3652/2790 1946/3658/2791
f 1913/3607/2792 1915/3606/2793 1947/3719/2794 1945/3720/2795
f 1902/3636/2796 1901/3635/2797 1946/3658/2798 1948/3662/2799
f 1915/3606/2800 1917/3609/2801 1949/3721/2802 1947/3719/2803
f 1903/3722/2804 1902/3723/2805 1948/3724/2806 1950/3725/2807
f 1917/3613/2808 1919/3612/2809 1951/3726/2810 1949/3727/2811
f 1904/3728/2812 1903/3722/2813 1950/3725/2814 1952/3729/2815
f 1919/3612/2816 1921/3615/2817 1953/3730/2818 1951/3726/2819
f 1905/3731/2820 1904/3732/2821 1952/3733/2822 1954/3734/2823
f 1921/3619/2824 1923/3618/2825 1955/3735/2826 1953/3736/2827
f 1898/3737/2828 1905/3731/2829 1954/3734/2830 1940/3738/2831
f 1923/3618/2832 1911/3621/2833 1942/3739/2834 1955/3735/2835
s 48
usemtl openPBRSurface3SG
f 1980/3740/2836 1981/3741/2837 1982/3742/2838 1983/3743/2839
f 2020/3744/2840 2021/3745/2841 2241/3746/2842 2242/3747/2843
f 1984/3748/2844 1985/3749/2845 1986/3750/2846 1987/3751/2847
f 2235/3752/2848 2236/3753/2849 2038/3754/2850 2039/3755/2851
f 1957/3756/2852 2238/3757/2853 2239/3758/2854 1959/3759/2855
f 2232/3760/2856 2233/3761/2857 1956/3762/2858 1958/3763/2859
usemtl openPBRSurface6SG
f 2039/3764/2851 2038/3765/2850 2229/3766/2860 2230/3767/2861
f 1957/3756/2852 1959/3759/2855 2226/3768/2862 2227/3769/2863
f 2021/3770/2841 2020/3771/2840 2223/3772/2864 2224/3773/2865
f 1958/3763/2859 1956/3762/2858 2220/3774/2866 2221/3775/2867
f 2023/3776/2868 2022/3777/2869 2289/3778/2870 2290/3779/2871
f 1961/3780/2872 1963/3781/2873 2286/3782/2874 2287/3783/2875
f 2037/3784/2876 2036/3785/2877 2283/3786/2878 2284/3787/2879
f 1962/3788/2880 1960/3789/2881 2280/3790/2882 2281/3791/2883
f 2041/3792/2884 2040/3793/2885 2205/3794/2886 2206/3795/2887
f 1965/3796/2888 1966/3797/2889 2202/3798/2890 2203/3799/2891
f 2025/3800/2892 2024/3801/2893 2199/3802/2894 2200/3803/2895
f 1967/3804/2896 1964/3805/2897 2196/3806/2898 2197/3807/2899
f 2027/3808/2900 2026/3809/2901 2313/3810/2902 2314/3811/2903
f 1969/3812/2904 1970/3813/2905 2310/3814/2906 2311/3815/2907
f 2043/3816/2908 2042/3817/2909 2307/3818/2910 2308/3819/2911
f 1971/3820/2912 1968/3821/2913 2304/3822/2914 2305/3823/2915
usemtl openPBRSurface3SG
f 2045/3824/2916 2044/3825/2917 2181/3826/2918 2182/3827/2919
f 1973/3828/2920 1974/3829/2921 2178/3830/2922 2179/3831/2923
f 2029/3832/2924 2028/3833/2925 2175/3834/2926 2176/3835/2927
f 1975/3836/2928 1972/3837/2929 2172/3838/2930 2173/3839/2931
f 2031/3840/2932 2030/3841/2933 2337/3842/2934 2338/3843/2935
f 1977/3844/2936 1978/3845/2937 2334/3846/2938 2335/3847/2939
f 2047/3848/2940 2046/3849/2941 2331/3850/2942 2332/3851/2943
f 1979/3852/2944 1976/3853/2945 2328/3854/2946 2329/3855/2947
f 1959/3759/2855 2239/3758/2854 2240/3856/2948 1989/3857/2949
f 2243/3858/2950 2232/3760/2856 1958/3763/2859 1988/3859/2951
usemtl openPBRSurface6SG
f 1958/3763/2859 2221/3775/2867 2222/3860/2952 1988/3859/2951
f 2225/3861/2953 2226/3768/2862 1959/3759/2855 1989/3857/2949
f 1961/3780/2872 2287/3783/2875 2288/3862/2954 1990/3863/2955
f 2291/3864/2956 2280/3790/2882 1960/3789/2881 1991/3865/2957
f 1967/3804/2896 2197/3807/2899 2198/3866/2958 1992/3867/2959
f 2201/3868/2960 2202/3798/2890 1966/3797/2889 1993/3869/2961
f 1969/3812/2904 2311/3815/2907 2312/3870/2962 1994/3871/2963
f 2315/3872/2964 2304/3822/2914 1968/3821/2913 1995/3873/2965
usemtl openPBRSurface3SG
f 1975/3836/2928 2173/3839/2931 2174/3874/2966 1996/3875/2967
f 1983/3743/2839 1982/3742/2838 2001/3876/2968 2000/3877/2969
f 2177/3878/2970 2178/3830/2922 1974/3829/2921 1997/3879/2971
f 1977/3844/2936 2335/3847/2939 2336/3880/2972 1998/3881/2973
f 1985/3749/2845 1984/3748/2844 2003/3882/2974 2002/3883/2975
f 2339/3884/2976 2328/3854/2946 1976/3853/2945 1999/3885/2977
f 2237/3886/2978 2238/3757/2853 1957/3756/2852 2006/3887/2979
f 1956/3762/2858 2233/3761/2857 2234/3888/2980 2007/3889/2981
usemtl openPBRSurface6SG
f 1957/3756/2852 2227/3769/2863 2228/3890/2982 2006/3887/2979
f 2231/3891/2983 2220/3774/2866 1956/3762/2858 2007/3889/2981
f 1962/3788/2880 2281/3791/2883 2282/3892/2984 2004/3893/2985
f 2285/3894/2986 2286/3782/2874 1963/3781/2873 2005/3895/2987
f 1965/3796/2888 2203/3799/2891 2204/3896/2988 2008/3897/2989
f 2207/3898/2990 2196/3806/2898 1964/3805/2897 2009/3899/2991
f 1971/3820/2912 2305/3823/2915 2306/3900/2992 2010/3901/2993
f 2309/3902/2994 2310/3814/2906 1970/3813/2905 2011/3903/2995
usemtl openPBRSurface3SG
f 1973/3828/2920 2179/3831/2923 2180/3904/2996 2012/3905/2997
f 1981/3741/2837 1980/3740/2836 2017/3906/2998 2016/3907/2999
f 2183/3908/3000 2172/3838/2930 1972/3837/2929 2013/3909/3001
f 1979/3852/2944 2329/3855/2947 2330/3910/3002 2014/3911/3003
f 1987/3751/2847 1986/3750/2846 2019/3912/3004 2018/3913/3005
f 2333/3914/3006 2334/3846/2938 1978/3845/2937 2015/3915/3007
f 1989/3857/2949 2240/3856/2948 2241/3916/2842 2021/3917/2841
f 2242/3747/2843 2243/3858/2950 1988/3859/2951 2020/3744/2840
usemtl openPBRSurface6SG
f 1988/3859/2951 2222/3860/2952 2223/3918/2864 2020/3744/2840
f 2224/3919/2865 2225/3861/2953 1989/3857/2949 2021/3917/2841
f 1990/3863/2955 2288/3862/2954 2289/3920/2870 2022/3921/2869
f 2290/3922/2871 2291/3864/2956 1991/3865/2957 2023/3923/2868
f 1992/3867/2959 2198/3866/2958 2199/3924/2894 2024/3925/2893
f 2200/3926/2895 2201/3868/2960 1993/3869/2961 2025/3927/2892
f 1994/3871/2963 2312/3870/2962 2313/3928/2902 2026/3929/2901
f 2314/3930/2903 2315/3872/2964 1995/3873/2965 2027/3931/2900
usemtl openPBRSurface3SG
f 1996/3875/2967 2174/3874/2966 2175/3932/2926 2028/3933/2925
f 2000/3877/2969 2001/3876/2968 2033/3934/3008 2032/3935/3009
f 2176/3936/2927 2177/3878/2970 1997/3879/2971 2029/3937/2924
f 1998/3881/2973 2336/3880/2972 2337/3938/2934 2030/3939/2933
f 2002/3883/2975 2003/3882/2974 2035/3940/3010 2034/3941/3011
f 2338/3843/2935 2339/3884/2976 1999/3885/2977 2031/3840/2932
f 2236/3942/2849 2237/3886/2978 2006/3887/2979 2038/3943/2850
f 2007/3889/2981 2234/3888/2980 2235/3752/2848 2039/3755/2851
usemtl openPBRSurface6SG
f 2006/3887/2979 2228/3890/2982 2229/3944/2860 2038/3943/2850
f 2230/3945/2861 2231/3891/2983 2007/3889/2981 2039/3755/2851
f 2004/3893/2985 2282/3892/2984 2283/3946/2878 2036/3947/2877
f 2284/3948/2879 2285/3894/2986 2005/3895/2987 2037/3949/2876
f 2008/3897/2989 2204/3896/2988 2205/3950/2886 2040/3951/2885
f 2206/3952/2887 2207/3898/2990 2009/3899/2991 2041/3953/2884
f 2010/3901/2993 2306/3900/2992 2307/3954/2910 2042/3955/2909
f 2308/3956/2911 2309/3902/2994 2011/3903/2995 2043/3957/2908
usemtl openPBRSurface3SG
f 2012/3905/2997 2180/3904/2996 2181/3958/2918 2044/3959/2917
f 2016/3907/2999 2017/3906/2998 2049/3960/3012 2048/3961/3013
f 2182/3962/2919 2183/3908/3000 2013/3909/3001 2045/3963/2916
f 2014/3911/3003 2330/3910/3002 2331/3850/2942 2046/3849/2941
f 2018/3913/3005 2019/3912/3004 2051/3964/3014 2050/3965/3015
f 2332/3966/2943 2333/3914/3006 2015/3915/3007 2047/3967/2940
f 1962/3788/2880 2268/3968/3016 2269/3969/3017 1960/3789/2881
f 2279/3970/3018 2268/3968/3016 1962/3788/2880 2004/3893/2985
f 2278/3971/3019 2279/3970/3018 2004/3893/2985 2036/3947/2877
f 2036/3947/2877 2037/3972/2876 2277/3973/3020 2278/3971/3019
f 2005/3895/2987 2276/3974/3021 2277/3975/3020 2037/3949/2876
f 1963/3781/2873 2275/3976/3022 2276/3974/3021 2005/3895/2987
f 2274/3977/3023 2275/3976/3022 1963/3781/2873 1961/3780/2872
f 2273/3978/3024 2274/3977/3023 1961/3780/2872 1990/3863/2955
f 2272/3979/3025 2273/3978/3024 1990/3863/2955 2022/3921/2869
f 2271/3980/3026 2272/3981/3025 2022/3982/2869 2023/3923/2868
f 1991/3865/2957 2270/3983/3027 2271/3980/3026 2023/3923/2868
f 1960/3789/2881 2269/3969/3017 2270/3983/3027 1991/3865/2957
f 2052/3984/3028 2053/3985/3029 2244/3986/3030 2245/3987/3031
f 2255/3988/3032 2244/3986/3030 2053/3985/3029 2054/3989/3033
f 2254/3990/3034 2255/3988/3032 2054/3989/3033 2055/3991/3035
f 2055/3992/3035 2056/3993/3036 2253/3994/3037 2254/3995/3034
f 2056/3996/3036 2057/3997/3038 2252/3998/3039 2253/3999/3037
f 2057/3997/3038 2058/4000/3040 2251/4001/3041 2252/3998/3039
f 2250/4002/3042 2251/4001/3041 2058/4000/3040 2059/4003/3043
f 2249/4004/3044 2250/4002/3042 2059/4003/3043 2060/4005/3045
f 2248/4006/3046 2249/4004/3044 2060/4005/3045 2061/4007/3047
f 2247/4008/3048 2248/4009/3046 2061/4010/3047 2062/4011/3049
f 2062/4012/3049 2063/4013/3050 2246/4014/3051 2247/4015/3048
f 2063/4013/3050 2052/3984/3028 2245/3987/3031 2246/4014/3051
f 2256/4016/3052 2257/4017/3053 2053/3985/3029 2052/3984/3028
f 2267/4018/3054 2256/4016/3052 2052/3984/3028 2063/4013/3050
f 2266/4019/3055 2267/4018/3054 2063/4013/3050 2062/4012/3049
f 2062/4020/3049 2061/4021/3047 2265/4022/3056 2266/4023/3055
f 2061/4007/3047 2060/4005/3045 2264/4024/3057 2265/4025/3056
f 2060/4005/3045 2059/4003/3043 2263/4026/3058 2264/4024/3057
f 2059/4003/3043 2058/4000/3040 2262/4027/3059 2263/4026/3058
f 2261/4028/3060 2262/4027/3059 2058/4000/3040 2057/3997/3038
f 2260/4029/3061 2261/4028/3060 2057/3997/3038 2056/3996/3036
f 2259/4030/3062 2260/4031/3061 2056/4032/3036 2055/4033/3035
f 2055/3991/3035 2054/3989/3033 2258/4034/3063 2259/4035/3062
f 2054/3989/3033 2053/3985/3029 2257/4017/3053 2258/4034/3063
usemtl openPBRSurface6SG
f 2089/4036/3064 2088/4037/3065 2292/4038/3066 2293/4039/3067
f 2090/4040/3068 2089/4036/3064 2293/4039/3067 2294/4041/3069
f 2091/4042/3070 2090/4040/3068 2294/4041/3069 2295/4043/3071
f 2092/4044/3072 2091/4045/3070 2295/4046/3071 2296/4047/3073
f 2296/4048/3073 2297/4049/3074 2093/4050/3075 2092/4051/3072
f 2297/4049/3074 2298/4052/3076 2094/4053/3077 2093/4050/3075
f 2095/4054/3078 2094/4053/3077 2298/4052/3076 2299/4055/3079
f 2096/4056/3080 2095/4054/3078 2299/4055/3079 2300/4057/3081
f 2097/4058/3082 2096/4056/3080 2300/4057/3081 2301/4059/3083
f 2098/4060/3084 2097/4061/3082 2301/4062/3083 2302/4063/3085
f 2302/4064/3085 2303/4065/3086 2099/4066/3087 2098/4067/3084
f 2303/4065/3086 2292/4038/3066 2088/4037/3065 2099/4066/3087
usemtl openPBRSurface3SG
f 2101/4068/3088 2100/4069/3089 2316/4070/3090 2317/4071/3091
f 2102/4072/3092 2101/4068/3088 2317/4071/3091 2318/4073/3093
f 2103/4074/3094 2102/4072/3092 2318/4073/3093 2319/4075/3095
f 2104/4076/3096 2103/4077/3094 2319/4078/3095 2320/4079/3097
f 2320/4080/3097 2321/4081/3098 2105/4082/3099 2104/4083/3096
f 2321/4081/3098 2322/4084/3100 2106/4085/3101 2105/4082/3099
f 2107/4086/3102 2106/4085/3101 2322/4084/3100 2323/4087/3103
f 2108/4088/3104 2107/4086/3102 2323/4087/3103 2324/4089/3105
f 2109/4090/3106 2108/4088/3104 2324/4089/3105 2325/4091/3107
f 2110/4092/3108 2109/4093/3106 2325/4094/3107 2326/4095/3109
f 2326/4096/3109 2327/4097/3110 2111/4098/3111 2110/4099/3108
f 2327/4097/3110 2316/4070/3090 2100/4069/3089 2111/4098/3111
f 2113/4100/3112 2112/4101/3113 2340/4102/3114 2341/4103/3115
f 2114/4104/3116 2113/4100/3112 2341/4103/3115 2342/4105/3117
f 2115/4106/3118 2114/4104/3116 2342/4105/3117 2343/4107/3119
f 2116/4108/3120 2115/4109/3118 2343/4110/3119 2344/4111/3121
f 2344/4112/3121 2345/4113/3122 2117/4114/3123 2116/4115/3120
f 2345/4113/3122 2346/4116/3124 2118/4117/3125 2117/4114/3123
f 2119/4118/3126 2118/4117/3125 2346/4116/3124 2347/4119/3127
f 2120/4120/3128 2119/4118/3126 2347/4119/3127 2348/4121/3129
f 2121/4122/3130 2120/4120/3128 2348/4121/3129 2349/4123/3131
f 2122/4124/3132 2121/4125/3130 2349/4126/3131 2350/4127/3133
f 2350/4128/3133 2351/4129/3134 2123/4130/3135 2122/4131/3132
f 2351/4129/3134 2340/4102/3114 2112/4101/3113 2123/4130/3135
usemtl openPBRSurface6SG
f 2125/4132/3136 2124/4133/3137 2208/4134/3138 2209/4135/3139
f 2126/4136/3140 2125/4132/3136 2209/4135/3139 2210/4137/3141
f 2127/4138/3142 2126/4136/3140 2210/4137/3141 2211/4139/3143
f 2128/4140/3144 2127/4141/3142 2211/4142/3143 2212/4143/3145
f 2212/4144/3145 2213/4145/3146 2129/4146/3147 2128/4147/3144
f 2213/4145/3146 2214/4148/3148 2130/4149/3149 2129/4146/3147
f 2131/4150/3150 2130/4149/3149 2214/4148/3148 2215/4151/3151
f 2132/4152/3152 2131/4150/3150 2215/4151/3151 2216/4153/3153
f 2133/4154/3154 2132/4152/3152 2216/4153/3153 2217/4155/3155
f 2134/4156/3156 2133/4157/3154 2217/4158/3155 2218/4159/3157
f 2218/4160/3157 2219/4161/3158 2135/4162/3159 2134/4163/3156
f 2219/4161/3158 2208/4134/3138 2124/4133/3137 2135/4162/3159
usemtl openPBRSurface3SG
f 2137/4164/3160 2136/4165/3161 2184/4166/3162 2185/4167/3163
f 2138/4168/3164 2137/4164/3160 2185/4167/3163 2186/4169/3165
f 2139/4170/3166 2138/4168/3164 2186/4169/3165 2187/4171/3167
f 2140/4172/3168 2139/4173/3166 2187/4174/3167 2188/4175/3169
f 2188/4176/3169 2189/4177/3170 2141/4178/3171 2140/4179/3168
f 2189/4177/3170 2190/4180/3172 2142/4181/3173 2141/4178/3171
f 2143/4182/3174 2142/4181/3173 2190/4180/3172 2191/4183/3175
f 2144/4184/3176 2143/4182/3174 2191/4183/3175 2192/4185/3177
f 2145/4186/3178 2144/4184/3176 2192/4185/3177 2193/4187/3179
f 2146/4188/3180 2145/4189/3178 2193/4190/3179 2194/4191/3181
f 2194/4192/3181 2195/4193/3182 2147/4194/3183 2146/4195/3180
f 2195/4193/3182 2184/4166/3162 2136/4165/3161 2147/4194/3183
f 2149/4196/3184 2148/4197/3185 2160/4198/3186 2161/4199/3187
f 2150/4200/3188 2149/4196/3184 2161/4199/3187 2162/4201/3189
f 2151/4202/3190 2150/4200/3188 2162/4201/3189 2163/4203/3191
f 2152/4204/3192 2151/4205/3190 2163/4206/3191 2164/4207/3193
f 2164/4208/3193 2165/4209/3194 2153/4210/3195 2152/4211/3192
f 2165/4209/3194 2166/4212/3196 2154/4213/3197 2153/4210/3195
f 2155/4214/3198 2154/4213/3197 2166/4212/3196 2167/4215/3199
f 2156/4216/3200 2155/4214/3198 2167/4215/3199 2168/4217/3201
f 2157/4218/3202 2156/4216/3200 2168/4217/3201 2169/4219/3203
f 2158/4220/3204 2157/4221/3202 2169/4222/3203 2170/4223/3205
f 2170/4224/3205 2171/4225/3206 2159/4226/3207 2158/4227/3204
f 2171/4225/3206 2160/4198/3186 2148/4197/3185 2159/4226/3207
f 2161/4199/3187 2160/4198/3186 1980/4228/2836 1983/4229/2839
f 2162/4201/3189 2161/4199/3187 1983/4229/2839 2000/4230/2969
f 2163/4203/3191 2162/4201/3189 2000/4230/2969 2032/4231/3009
f 2164/4232/3193 2163/4233/3191 2032/4234/3009 2033/4235/3008
f 2001/4236/2968 2165/4209/3194 2164/4208/3193 2033/4237/3008
f 1982/4238/2838 2166/4212/3196 2165/4209/3194 2001/4236/2968
f 2167/4215/3199 2166/4212/3196 1982/4238/2838 1981/4239/2837
f 2168/4217/3201 2167/4215/3199 1981/4239/2837 2016/4240/2999
f 2169/4219/3203 2168/4217/3201 2016/4240/2999 2048/4241/3013
f 2170/4242/3205 2169/4243/3203 2048/4244/3013 2049/4245/3012
f 2017/4246/2998 2171/4225/3206 2170/4224/3205 2049/4247/3012
f 1980/4228/2836 2160/4198/3186 2171/4225/3206 2017/4246/2998
f 2173/3839/2931 2172/3838/2930 2148/4197/3185 2149/4196/3184
f 2174/3874/2966 2173/3839/2931 2149/4196/3184 2150/4200/3188
f 2175/3932/2926 2174/3874/2966 2150/4200/3188 2151/4202/3190
f 2176/4248/2927 2175/4249/2926 2151/4205/3190 2152/4204/3192
f 2152/4211/3192 2153/4210/3195 2177/3878/2970 2176/3936/2927
f 2153/4210/3195 2154/4213/3197 2178/3830/2922 2177/3878/2970
f 2179/3831/2923 2178/3830/2922 2154/4213/3197 2155/4214/3198
f 2180/3904/2996 2179/3831/2923 2155/4214/3198 2156/4216/3200
f 2181/3958/2918 2180/3904/2996 2156/4216/3200 2157/4218/3202
f 2182/4250/2919 2181/4251/2918 2157/4221/3202 2158/4220/3204
f 2158/4227/3204 2159/4226/3207 2183/3908/3000 2182/3962/2919
f 2159/4226/3207 2148/4197/3185 2172/3838/2930 2183/3908/3000
f 2185/4167/3163 2184/4166/3162 1972/3837/2929 1975/3836/2928
f 2186/4169/3165 2185/4167/3163 1975/3836/2928 1996/3875/2967
f 2187/4171/3167 2186/4169/3165 1996/3875/2967 2028/3933/2925
f 2188/4252/3169 2187/4253/3167 2028/4254/2925 2029/4255/2924
f 1997/3879/2971 2189/4177/3170 2188/4176/3169 2029/3937/2924
f 1974/3829/2921 2190/4180/3172 2189/4177/3170 1997/3879/2971
f 2191/4183/3175 2190/4180/3172 1974/3829/2921 1973/3828/2920
f 2192/4185/3177 2191/4183/3175 1973/3828/2920 2012/3905/2997
f 2193/4187/3179 2192/4185/3177 2012/3905/2997 2044/3959/2917
f 2194/4256/3181 2193/4257/3179 2044/4258/2917 2045/4259/2916
f 2013/3909/3001 2195/4193/3182 2194/4192/3181 2045/3963/2916
f 1972/3837/2929 2184/4166/3162 2195/4193/3182 2013/3909/3001
usemtl openPBRSurface6SG
f 2197/3807/2899 2196/3806/2898 2136/4165/3161 2137/4164/3160
f 2198/3866/2958 2197/3807/2899 2137/4164/3160 2138/4168/3164
f 2199/3924/2894 2198/3866/2958 2138/4168/3164 2139/4170/3166
f 2200/4260/2895 2199/4261/2894 2139/4262/3166 2140/4263/3168
f 2140/4179/3168 2141/4178/3171 2201/3868/2960 2200/3926/2895
f 2141/4178/3171 2142/4181/3173 2202/3798/2890 2201/3868/2960
f 2203/3799/2891 2202/3798/2890 2142/4181/3173 2143/4182/3174
f 2204/3896/2988 2203/3799/2891 2143/4182/3174 2144/4184/3176
f 2205/3950/2886 2204/3896/2988 2144/4184/3176 2145/4186/3178
f 2206/4264/2887 2205/4265/2886 2145/4266/3178 2146/4267/3180
f 2146/4195/3180 2147/4194/3183 2207/3898/2990 2206/3952/2887
f 2147/4194/3183 2136/4165/3161 2196/3806/2898 2207/3898/2990
f 2209/4135/3139 2208/4134/3138 1964/3805/2897 1967/3804/2896
f 2210/4137/3141 2209/4135/3139 1967/3804/2896 1992/3867/2959
f 2211/4139/3143 2210/4137/3141 1992/3867/2959 2024/3925/2893
f 2212/4268/3145 2211/4269/3143 2024/4270/2893 2025/4271/2892
f 1993/3869/2961 2213/4145/3146 2212/4144/3145 2025/3927/2892
f 1966/3797/2889 2214/4148/3148 2213/4145/3146 1993/3869/2961
f 2215/4151/3151 2214/4148/3148 1966/3797/2889 1965/3796/2888
f 2216/4153/3153 2215/4151/3151 1965/3796/2888 2008/3897/2989
f 2217/4155/3155 2216/4153/3153 2008/3897/2989 2040/3951/2885
f 2218/4272/3157 2217/4273/3155 2040/4274/2885 2041/4275/2884
f 2009/3899/2991 2219/4161/3158 2218/4160/3157 2041/3953/2884
f 1964/3805/2897 2208/4134/3138 2219/4161/3158 2009/3899/2991
f 2221/3775/2867 2220/3774/2866 2124/4133/3137 2125/4132/3136
f 2222/3860/2952 2221/3775/2867 2125/4132/3136 2126/4136/3140
f 2223/3918/2864 2222/3860/2952 2126/4136/3140 2127/4138/3142
f 2224/4276/2865 2223/4277/2864 2127/4278/3142 2128/4279/3144
f 2128/4147/3144 2129/4146/3147 2225/3861/2953 2224/3919/2865
f 2129/4146/3147 2130/4149/3149 2226/3768/2862 2225/3861/2953
f 2227/3769/2863 2226/3768/2862 2130/4149/3149 2131/4150/3150
f 2228/3890/2982 2227/3769/2863 2131/4150/3150 2132/4152/3152
f 2229/3944/2860 2228/3890/2982 2132/4152/3152 2133/4154/3154
f 2230/4280/2861 2229/4281/2860 2133/4282/3154 2134/4283/3156
f 2134/4163/3156 2135/4162/3159 2231/3891/2983 2230/3945/2861
f 2135/4162/3159 2124/4133/3137 2220/3774/2866 2231/3891/2983
usemtl openPBRSurface3SG
f 2064/4284/3208 2065/4285/3209 2233/3761/2857 2232/3760/2856
f 2234/3888/2980 2233/3761/2857 2065/4285/3209 2066/4286/3210
f 2235/3752/2848 2234/3888/2980 2066/4286/3210 2067/4287/3211
f 2067/4288/3211 2068/4289/3212 2236/4290/2849 2235/4291/2848
f 2068/4292/3212 2069/4293/3213 2237/3886/2978 2236/3942/2849
f 2069/4293/3213 2070/4294/3214 2238/3757/2853 2237/3886/2978
f 2239/3758/2854 2238/3757/2853 2070/4294/3214 2071/4295/3215
f 2240/3856/2948 2239/3758/2854 2071/4295/3215 2072/4296/3216
f 2241/3916/2842 2240/3856/2948 2072/4296/3216 2073/4297/3217
f 2242/4298/2843 2241/4299/2842 2073/4300/3217 2074/4301/3218
f 2074/4302/3218 2075/4303/3219 2243/3858/2950 2242/3747/2843
f 2075/4303/3219 2064/4284/3208 2232/3760/2856 2243/3858/2950
f 2245/3987/3031 2244/3986/3030 2065/4285/3209 2064/4284/3208
f 2246/4014/3051 2245/3987/3031 2064/4284/3208 2075/4303/3219
f 2247/4015/3048 2246/4014/3051 2075/4303/3219 2074/4302/3218
f 2074/4304/3218 2073/4305/3217 2248/4306/3046 2247/4307/3048
f 2073/4297/3217 2072/4296/3216 2249/4004/3044 2248/4006/3046
f 2072/4296/3216 2071/4295/3215 2250/4002/3042 2249/4004/3044
f 2071/4295/3215 2070/4294/3214 2251/4001/3041 2250/4002/3042
f 2252/3998/3039 2251/4001/3041 2070/4294/3214 2069/4293/3213
f 2253/3999/3037 2252/3998/3039 2069/4293/3213 2068/4292/3212
f 2254/4308/3034 2253/4309/3037 2068/4310/3212 2067/4311/3211
f 2067/4287/3211 2066/4286/3210 2255/3988/3032 2254/3990/3034
f 2066/4286/3210 2065/4285/3209 2244/3986/3030 2255/3988/3032
f 2077/4312/3220 2076/4313/3221 2257/4017/3053 2256/4016/3052
f 2258/4034/3063 2257/4017/3053 2076/4313/3221 2087/4314/3222
f 2259/4035/3062 2258/4034/3063 2087/4314/3222 2086/4315/3223
f 2086/4316/3223 2085/4317/3224 2260/4318/3061 2259/4319/3062
f 2085/4320/3224 2084/4321/3225 2261/4028/3060 2260/4029/3061
f 2084/4321/3225 2083/4322/3226 2262/4027/3059 2261/4028/3060
f 2263/4026/3058 2262/4027/3059 2083/4322/3226 2082/4323/3227
f 2264/4024/3057 2263/4026/3058 2082/4323/3227 2081/4324/3228
f 2265/4025/3056 2264/4024/3057 2081/4324/3228 2080/4325/3229
f 2266/4326/3055 2265/4327/3056 2080/4328/3229 2079/4329/3230
f 2079/4330/3230 2078/4331/3231 2267/4018/3054 2266/4019/3055
f 2078/4331/3231 2077/4312/3220 2256/4016/3052 2267/4018/3054
f 2269/3969/3017 2268/3968/3016 2076/4313/3221 2077/4312/3220
f 2270/3983/3027 2269/3969/3017 2077/4312/3220 2078/4331/3231
f 2271/3980/3026 2270/3983/3027 2078/4331/3231 2079/4330/3230
f 2079/4330/3230 2080/4332/3229 2272/3981/3025 2271/3980/3026
f 2080/4325/3229 2081/4324/3228 2273/3978/3024 2272/3979/3025
f 2081/4324/3228 2082/4323/3227 2274/3977/3023 2273/3978/3024
f 2082/4323/3227 2083/4322/3226 2275/3976/3022 2274/3977/3023
f 2276/3974/3021 2275/3976/3022 2083/4322/3226 2084/4321/3225
f 2277/3975/3020 2276/3974/3021 2084/4321/3225 2085/4320/3224
f 2278/3971/3019 2277/3973/3020 2085/4333/3224 2086/4315/3223
f 2086/4315/3223 2087/4314/3222 2279/3970/3018 2278/3971/3019
f 2087/4314/3222 2076/4313/3221 2268/3968/3016 2279/3970/3018
usemtl openPBRSurface6SG
f 2281/3791/2883 2280/3790/2882 2088/4037/3065 2089/4036/3064
f 2282/3892/2984 2281/3791/2883 2089/4036/3064 2090/4040/3068
f 2283/3946/2878 2282/3892/2984 2090/4040/3068 2091/4042/3070
f 2284/4334/2879 2283/4335/2878 2091/4336/3070 2092/4337/3072
f 2092/4051/3072 2093/4050/3075 2285/3894/2986 2284/3948/2879
f 2093/4050/3075 2094/4053/3077 2286/3782/2874 2285/3894/2986
f 2287/3783/2875 2286/3782/2874 2094/4053/3077 2095/4054/3078
f 2288/3862/2954 2287/3783/2875 2095/4054/3078 2096/4056/3080
f 2289/3920/2870 2288/3862/2954 2096/4056/3080 2097/4058/3082
f 2290/4338/2871 2289/4339/2870 2097/4340/3082 2098/4341/3084
f 2098/4067/3084 2099/4066/3087 2291/3864/2956 2290/3922/2871
f 2099/4066/3087 2088/4037/3065 2280/3790/2882 2291/3864/2956
f 2293/4039/3067 2292/4038/3066 1968/3821/2913 1971/3820/2912
f 2294/4041/3069 2293/4039/3067 1971/3820/2912 2010/3901/2993
f 2295/4043/3071 2294/4041/3069 2010/3901/2993 2042/3955/2909
f 2296/4047/3073 2295/4046/3071 2042/3817/2909 2043/3816/2908
f 2011/3903/2995 2297/4049/3074 2296/4048/3073 2043/3957/2908
f 1970/3813/2905 2298/4052/3076 2297/4049/3074 2011/3903/2995
f 2299/4055/3079 2298/4052/3076 1970/3813/2905 1969/3812/2904
f 2300/4057/3081 2299/4055/3079 1969/3812/2904 1994/3871/2963
f 2301/4059/3083 2300/4057/3081 1994/3871/2963 2026/3929/2901
f 2302/4063/3085 2301/4062/3083 2026/3809/2901 2027/3808/2900
f 1995/3873/2965 2303/4065/3086 2302/4064/3085 2027/3931/2900
f 1968/3821/2913 2292/4038/3066 2303/4065/3086 1995/3873/2965
f 2305/3823/2915 2304/3822/2914 2100/4069/3089 2101/4068/3088
f 2306/3900/2992 2305/3823/2915 2101/4068/3088 2102/4072/3092
f 2307/3954/2910 2306/3900/2992 2102/4072/3092 2103/4074/3094
f 2308/4342/2911 2307/4343/2910 2103/4344/3094 2104/4345/3096
f 2104/4083/3096 2105/4082/3099 2309/3902/2994 2308/3956/2911
f 2105/4082/3099 2106/4085/3101 2310/3814/2906 2309/3902/2994
f 2311/3815/2907 2310/3814/2906 2106/4085/3101 2107/4086/3102
f 2312/3870/2962 2311/3815/2907 2107/4086/3102 2108/4088/3104
f 2313/3928/2902 2312/3870/2962 2108/4088/3104 2109/4090/3106
f 2314/4346/2903 2313/4347/2902 2109/4348/3106 2110/4349/3108
f 2110/4099/3108 2111/4098/3111 2315/3872/2964 2314/3930/2903
f 2111/4098/3111 2100/4069/3089 2304/3822/2914 2315/3872/2964
usemtl openPBRSurface3SG
f 2317/4071/3091 2316/4070/3090 1976/3853/2945 1979/3852/2944
f 2318/4073/3093 2317/4071/3091 1979/3852/2944 2014/3911/3003
f 2319/4075/3095 2318/4073/3093 2014/3911/3003 2046/3849/2941
f 2320/4350/3097 2319/4351/3095 2046/4352/2941 2047/4353/2940
f 2015/3915/3007 2321/4081/3098 2320/4080/3097 2047/3967/2940
f 1978/3845/2937 2322/4084/3100 2321/4081/3098 2015/3915/3007
f 2323/4087/3103 2322/4084/3100 1978/3845/2937 1977/3844/2936
f 2324/4089/3105 2323/4087/3103 1977/3844/2936 1998/3881/2973
f 2325/4091/3107 2324/4089/3105 1998/3881/2973 2030/3939/2933
f 2326/4354/3109 2325/4355/3107 2030/4356/2933 2031/4357/2932
f 1999/3885/2977 2327/4097/3110 2326/4096/3109 2031/3840/2932
f 1976/3853/2945 2316/4070/3090 2327/4097/3110 1999/3885/2977
f 2329/3855/2947 2328/3854/2946 2112/4101/3113 2113/4100/3112
f 2330/3910/3002 2329/3855/2947 2113/4100/3112 2114/4104/3116
f 2331/3850/2942 2330/3910/3002 2114/4104/3116 2115/4106/3118
f 2332/4358/2943 2331/4359/2942 2115/4109/3118 2116/4108/3120
f 2116/4115/3120 2117/4114/3123 2333/3914/3006 2332/3966/2943
f 2117/4114/3123 2118/4117/3125 2334/3846/2938 2333/3914/3006
f 2335/3847/2939 2334/3846/2938 2118/4117/3125 2119/4118/3126
f 2336/3880/2972 2335/3847/2939 2119/4118/3126 2120/4120/3128
f 2337/3938/2934 2336/3880/2972 2120/4120/3128 2121/4122/3130
f 2338/4360/2935 2337/4361/2934 2121/4125/3130 2122/4124/3132
f 2122/4131/3132 2123/4130/3135 2339/3884/2976 2338/3843/2935
f 2123/4130/3135 2112/4101/3113 2328/3854/2946 2339/3884/2976
f 2341/4103/3115 2340/4102/3114 1984/4362/2844 1987/4363/2847
f 2342/4105/3117 2341/4103/3115 1987/4363/2847 2018/4364/3005
f 2343/4107/3119 2342/4105/3117 2018/4364/3005 2050/4365/3015
f 2344/4366/3121 2343/4107/3119 2050/4365/3015 2051/4367/3014
f 2019/4368/3004 2345/4113/3122 2344/4112/3121 2051/4369/3014
f 1986/4370/2846 2346/4116/3124 2345/4113/3122 2019/4368/3004
f 2347/4119/3127 2346/4116/3124 1986/4370/2846 1985/4371/2845
f 2348/4121/3129 2347/4119/3127 1985/4371/2845 2002/4372/2975
f 2349/4123/3131 2348/4121/3129 2002/4372/2975 2034/4373/3011
f 2350/4128/3133 2349/4374/3131 2034/4375/3011 2035/4376/3010
f 2003/4377/2974 2351/4129/3134 2350/4128/3133 2035/4376/3010
f 1984/4362/2844 2340/4102/3114 2351/4129/3134 2003/4377/2974
s off
usemtl openPBRSurface4SG
f 2370/4378/3232 2371/4379/3233 2372/4380/3234 2373/4381/3235
f 2371/4379/3236 2374/4382/3237 2375/4383/3238 2372/4380/3239
f 2374/4384/3240 2376/4385/3241 2377/4386/3242 2375/4387/3243
f 2376/4385/3244 2378/4388/3245 2379/4389/3246 2377/4386/3247
f 2378/4390/3248 2380/4391/3249 2381/4392/3250 2379/4393/3251
f 2380/4391/3252 2382/4394/3253 2383/4395/3254 2381/4392/3255
f 2382/4396/3256 2384/4397/3257 2385/4398/3258 2383/4399/3259
f 2384/4397/3260 2370/4400/3261 2373/4401/3262 2385/4398/3263
s 75
usemtl openPBRSurface5SG
f 2353/4402/3264 2352/4403/3265 2368/4404/3266
f 2354/4405/3267 2353/4402/3264 2368/4404/3266
usemtl openPBRSurface10SG
f 2355/4406/3268 2354/4405/3267 2368/4404/3266
f 2356/4407/3269 2355/4406/3268 2368/4404/3266
usemtl openPBRSurface5SG
f 2357/4408/3270 2356/4407/3269 2368/4404/3266
f 2358/4409/3271 2357/4408/3270 2368/4404/3266
usemtl openPBRSurface10SG
f 2359/4410/3272 2358/4409/3271 2368/4404/3266
f 2352/4403/3265 2359/4410/3272 2368/4404/3266
s 76
usemtl openPBRSurface5SG
f 2360/4411/3273 2361/4412/3274 2369/4413/3275
f 2361/4412/3274 2362/4414/3276 2369/4413/3275
usemtl openPBRSurface10SG
f 2362/4414/3276 2363/4415/3277 2369/4413/3275
f 2363/4415/3277 2364/4416/3278 2369/4413/3275
usemtl openPBRSurface5SG
f 2364/4416/3278 2365/4417/3279 2369/4413/3275
f 2365/4417/3279 2366/4418/3280 2369/4413/3275
usemtl openPBRSurface10SG
f 2366/4418/3280 2367/4419/3281 2369/4413/3275
f 2367/4419/3281 2360/4411/3273 2369/4413/3275
s off
usemtl openPBRSurface4SG
f 2386/4420/3282 2387/4421/3283 2388/4422/3284 2389/4423/3285
f 2403/4424/3286 2402/4425/3287 2404/4426/3288 2405/4427/3289
f 2387/4428/3290 2390/4429/3291 2391/4430/3292 2388/4431/3293
f 2406/4432/3294 2403/4433/3295 2405/4434/3296 2407/4435/3297
f 2390/4429/3298 2392/4436/3299 2393/4437/3300 2391/4430/3301
f 2408/4438/3302 2406/4432/3303 2407/4435/3304 2409/4439/3305
f 2392/4436/3306 2394/4440/3307 2395/4441/3308 2393/4437/3309
f 2410/4442/3310 2408/4438/3311 2409/4439/3312 2411/4443/3313
f 2394/4440/3314 2396/4444/3315 2397/4445/3316 2395/4441/3317
f 2412/4446/3318 2410/4442/3319 2411/4443/3320 2413/4447/3321
f 2396/4448/3322 2398/4449/3323 2399/4450/3324 2397/4451/3325
f 2414/4452/3326 2412/4453/3327 2413/4454/3328 2415/4455/3329
f 2398/4449/3330 2400/4456/3331 2401/4457/3332 2399/4450/3333
f 2416/4458/3334 2414/4452/3335 2415/4455/3336 2417/4459/3337
f 2400/4456/3338 2386/4420/3339 2389/4423/3340 2401/4457/3341
f 2402/4425/3342 2416/4458/3343 2417/4459/3344 2404/4426/3345
f 2352/4460/3346 2353/4461/3347 2387/4462/3348 2386/4463/3349
f 2371/4379/3350 2370/4378/3351 2389/4464/3352 2388/4465/3353
f 2353/4461/3354 2354/4466/3355 2390/4467/3356 2387/4462/3357
f 2374/4382/3358 2371/4379/3359 2388/4465/3360 2391/4468/3361
f 2354/4469/3362 2355/4470/3363 2392/4471/3364 2390/4472/3365
f 2376/4385/3366 2374/4384/3367 2391/4473/3368 2393/4474/3369
f 2355/4470/3370 2356/4475/3371 2394/4476/3372 2392/4471/3373
f 2378/4388/3374 2376/4385/3375 2393/4474/3376 2395/4477/3377
f 2356/4478/3378 2357/4479/3379 2396/4480/3380 2394/4481/3381
f 2380/4391/3382 2378/4390/3383 2395/4482/3384 2397/4483/3385
f 2357/4479/3386 2358/4484/3387 2398/4485/3388 2396/4480/3389
f 2382/4394/3390 2380/4391/3391 2397/4483/3392 2399/4486/3393
f 2358/4409/3394 2359/4410/3395 2400/4456/3396 2398/4449/3397
f 2384/4397/3398 2382/4396/3399 2399/4487/3400 2401/4488/3401
f 2359/4410/3402 2352/4403/3403 2386/4420/3404 2400/4456/3405
f 2370/4400/3406 2384/4397/3407 2401/4488/3408 2389/4489/3409
f 2361/4490/3410 2360/4491/3411 2402/4492/3412 2403/4493/3413
f 2373/4381/3414 2372/4380/3415 2405/4494/3416 2404/4495/3417
f 2362/4496/3418 2361/4490/3419 2403/4493/3420 2406/4497/3421
f 2372/4380/3422 2375/4383/3423 2407/4498/3424 2405/4494/3425
f 2363/4415/3426 2362/4414/3427 2406/4432/3428 2408/4438/3429
f 2375/4387/3430 2377/4386/3431 2409/4499/3432 2407/4500/3433
f 2364/4416/3434 2363/4415/3435 2408/4438/3436 2410/4442/3437
f 2377/4386/3438 2379/4389/3439 2411/4501/3440 2409/4499/3441
f 2365/4502/3442 2364/4503/3443 2410/4504/3444 2412/4505/3445
f 2379/4393/3446 2381/4392/3447 2413/4506/3448 2411/4507/3449
f 2366/4508/3450 2365/4502/3451 2412/4505/3452 2414/4509/3453
f 2381/4392/3454 2383/4395/3455 2415/4510/3456 2413/4506/3457
f 2367/4511/3458 2366/4512/3459 2414/4513/3460 2416/4514/3461
f 2383/4399/3462 2385/4398/3463 2417/4515/3464 2415/4516/3465
f 2360/4517/3466 2367/4511/3467 2416/4514/3468 2402/4518/3469
f 2385/4398/3470 2373/4401/3471 2404/4519/3472 2417/4515/3473
s 77
usemtl openPBRSurface1SG
f 2418/4520/3474 2419/4521/3475 2427/4522/3476 2426/4523/3477
f 2419/4521/3475 2420/4524/3478 2428/4525/3479 2427/4522/3476
f 2420/4526/3478 2421/4527/3480 2429/4528/3481 2428/4529/3479
f 2421/4527/3480 2422/4530/3482 2430/4531/3483 2429/4528/3481
f 2422/4532/3482 2423/4533/3484 2431/4534/3485 2430/4535/3483
f 2423/4533/3484 2424/4536/3486 2432/4537/3487 2431/4534/3485
f 2424/4538/3486 2425/4539/3488 2433/4540/3489 2432/4541/3487
f 2425/4539/3488 2418/4542/3474 2426/4543/3477 2433/4540/3489
f 2419/4544/3475 2418/4545/3474 2434/4546/3490
f 2420/4547/3478 2419/4544/3475 2434/4546/3490
f 2421/4548/3480 2420/4547/3478 2434/4546/3490
f 2422/4549/3482 2421/4548/3480 2434/4546/3490
f 2423/4550/3484 2422/4549/3482 2434/4546/3490
f 2424/4551/3486 2423/4550/3484 2434/4546/3490
f 2425/4552/3488 2424/4551/3486 2434/4546/3490
f 2418/4545/3474 2425/4552/3488 2434/4546/3490
f 2426/4553/3477 2427/4554/3476 2435/4555/3491
f 2427/4554/3476 2428/4556/3479 2435/4555/3491
f 2428/4556/3479 2429/4557/3481 2435/4555/3491
f 2429/4557/3481 2430/4558/3483 2435/4555/3491
f 2430/4558/3483 2431/4559/3485 2435/4555/3491
f 2431/4559/3485 2432/4560/3487 2435/4555/3491
f 2432/4560/3487 2433/4561/3489 2435/4555/3491
f 2433/4561/3489 2426/4553/3477 2435/4555/3491
s 78
usemtl openPBRSurface7SG
f 2436/4562/3492 2437/4563/3493 2457/4564/3494 2456/4565/3495
f 2437/4563/3493 2438/4566/3496 2458/4567/3497 2457/4564/3494
f 2438/4566/3496 2439/4568/3498 2459/4569/3499 2458/4567/3497
f 2439/4568/3498 2440/4570/3500 2460/4571/3501 2459/4569/3499
f 2440/4570/3500 2441/4572/3502 2461/4573/3503 2460/4571/3501
f 2441/4572/3502 2442/4574/3504 2462/4575/3505 2461/4573/3503
f 2442/4574/3504 2443/4576/3506 2463/4577/3507 2462/4575/3505
f 2443/4576/3506 2444/4578/3508 2464/4579/3509 2463/4577/3507
f 2444/4578/3508 2445/4580/3510 2465/4581/3511 2464/4579/3509
f 2445/4580/3510 2446/4582/3512 2466/4583/3513 2465/4581/3511
f 2446/4582/3512 2447/4584/3514 2467/4585/3515 2466/4583/3513
f 2447/4584/3514 2448/4586/3516 2468/4587/3517 2467/4585/3515
f 2448/4586/3516 2449/4588/3518 2469/4589/3519 2468/4587/3517
f 2449/4588/3518 2450/4590/3520 2470/4591/3521 2469/4589/3519
f 2450/4590/3520 2451/4592/3522 2471/4593/3523 2470/4591/3521
f 2451/4592/3522 2452/4594/3524 2472/4595/3525 2471/4593/3523
f 2452/4594/3524 2453/4596/3526 2473/4597/3527 2472/4595/3525
f 2453/4596/3526 2454/4598/3528 2474/4599/3529 2473/4597/3527
f 2454/4598/3528 2455/4600/3530 2475/4601/3531 2474/4599/3529
f 2455/4600/3530 2436/4562/3492 2456/4565/3495 2475/4601/3531
f 2456/4565/3495 2457/4564/3494 2477/4602/3532 2476/4603/3533
f 2457/4564/3494 2458/4567/3497 2478/4604/3534 2477/4602/3532
f 2458/4567/3497 2459/4569/3499 2479/4605/3535 2478/4604/3534
f 2459/4569/3499 2460/4571/3501 2480/4606/3536 2479/4605/3535
f 2460/4571/3501 2461/4573/3503 2481/4607/3537 2480/4606/3536
f 2461/4573/3503 2462/4575/3505 2482/4608/3538 2481/4607/3537
f 2462/4575/3505 2463/4577/3507 2483/4609/3539 2482/4608/3538
f 2463/4577/3507 2464/4579/3509 2484/4610/3540 2483/4609/3539
f 2464/4579/3509 2465/4581/3511 2485/4611/3541 2484/4610/3540
f 2465/4581/3511 2466/4583/3513 2486/4612/3542 2485/4611/3541
f 2466/4583/3513 2467/4585/3515 2487/4613/3543 2486/4612/3542
f 2467/4585/3515 2468/4587/3517 2488/4614/3544 2487/4613/3543
f 2468/4587/3517 2469/4589/3519 2489/4615/3545 2488/4614/3544
f 2469/4589/3519 2470/4591/3521 2490/4616/3546 2489/4615/3545
f 2470/4591/3521 2471/4593/3523 2491/4617/3547 2490/4616/3546
f 2471/4593/3523 2472/4595/3525 2492/4618/3548 2491/4617/3547
f 2472/4595/3525 2473/4597/3527 2493/4619/3549 2492/4618/3548
f 2473/4597/3527 2474/4599/3529 2494/4620/3550 2493/4619/3549
f 2474/4599/3529 2475/4601/3531 2495/4621/3551 2494/4620/3550
f 2475/4601/3531 2456/4565/3495 2476/4603/3533 2495/4621/3551
f 2476/4603/3533 2477/4602/3532 2497/4622/3552 2496/4623/3553
f 2477/4602/3532 2478/4604/3534 2498/4624/3554 2497/4622/3552
f 2478/4604/3534 2479/4605/3535 2499/4625/3555 2498/4624/3554
f 2479/4605/3535 2480/4606/3536 2500/4626/3556 2499/4625/3555
f 2480/4606/3536 2481/4607/3537 2501/4627/3557 2500/4626/3556
f 2481/4607/3537 2482/4608/3538 2502/4628/3558 2501/4627/3557
f 2482/4608/3538 2483/4609/3539 2503/4629/3559 2502/4628/3558
f 2483/4609/3539 2484/4610/3540 2504/4630/3560 2503/4629/3559
f 2484/4631/3540 2485/4632/3541 2505/4633/3561 2504/4634/3560
f 2485/4632/3541 2486/4635/3542 2506/4636/3562 2505/4633/3561
f 2486/4612/3542 2487/4613/3543 2507/4637/3563 2506/4638/3562
f 2487/4613/3543 2488/4614/3544 2508/4639/3564 2507/4637/3563
f 2488/4614/3544 2489/4615/3545 2509/4640/3565 2508/4639/3564
f 2489/4615/3545 2490/4616/3546 2510/4641/3566 2509/4640/3565
f 2490/4616/3546 2491/4617/3547 2511/4642/3567 2510/4641/3566
f 2491/4617/3547 2492/4618/3548 2512/4643/3568 2511/4642/3567
f 2492/4618/3548 2493/4619/3549 2513/4644/3569 2512/4643/3568
f 2493/4619/3549 2494/4620/3550 2514/4645/3570 2513/4644/3569
f 2494/4646/3550 2495/4647/3551 2515/4648/3571 2514/4649/3570
f 2495/4647/3551 2476/4650/3533 2496/4651/3553 2515/4648/3571
f 2496/4651/3553 2497/4652/3552 2517/4653/3572 2516/4654/3573
f 2497/4622/3552 2498/4624/3554 2518/4655/3574 2517/4656/3572
f 2498/4624/3554 2499/4625/3555 2519/4657/3575 2518/4655/3574
f 2499/4625/3555 2500/4626/3556 2520/4658/3576 2519/4657/3575
f 2500/4626/3556 2501/4627/3557 2521/4659/3577 2520/4658/3576
f 2501/4627/3557 2502/4628/3558 2522/4660/3578 2521/4659/3577
f 2502/4628/3558 2503/4629/3559 2523/4661/3579 2522/4660/3578
f 2503/4662/3559 2504/4634/3560 2524/4663/3580 2523/4664/3579
f 2504/4634/3560 2505/4633/3561 2525/4665/3581 2524/4663/3580
f 2505/4633/3561 2506/4636/3562 2526/4666/3582 2525/4665/3581
f 2506/4636/3562 2507/4667/3563 2527/4668/3583 2526/4666/3582
f 2507/4637/3563 2508/4639/3564 2528/4669/3584 2527/4670/3583
f 2508/4639/3564 2509/4640/3565 2529/4671/3585 2528/4669/3584
f 2509/4640/3565 2510/4641/3566 2530/4672/3586 2529/4671/3585
f 2510/4641/3566 2511/4642/3567 2531/4673/3587 2530/4672/3586
f 2511/4642/3567 2512/4643/3568 2532/4674/3588 2531/4673/3587
f 2512/4643/3568 2513/4644/3569 2533/4675/3589 2532/4674/3588
f 2513/4676/3569 2514/4649/3570 2534/4677/3590 2533/4678/3589
f 2514/4649/3570 2515/4648/3571 2535/4679/3591 2534/4677/3590
f 2515/4648/3571 2496/4651/3553 2516/4654/3573 2535/4679/3591
f 2516/4654/3573 2517/4653/3572 2537/4680/3592 2536/4681/3593
f 2517/4653/3572 2518/4682/3574 2538/4683/3594 2537/4680/3592
f 2518/4655/3574 2519/4657/3575 2539/4684/3595 2538/4685/3594
f 2519/4657/3575 2520/4658/3576 2540/4686/3596 2539/4684/3595
f 2520/4658/3576 2521/4659/3577 2541/4687/3597 2540/4686/3596
f 2521/4659/3577 2522/4660/3578 2542/4688/3598 2541/4687/3597
f 2522/4689/3578 2523/4664/3579 2543/4690/3599 2542/4691/3598
f 2523/4664/3579 2524/4663/3580 2544/4692/3600 2543/4690/3599
f 2524/4663/3580 2525/4665/3581 2545/4693/3601 2544/4692/3600
f 2525/4665/3581 2526/4666/3582 2546/4694/3602 2545/4693/3601
f 2526/4666/3582 2527/4668/3583 2547/4695/3603 2546/4694/3602
f 2527/4668/3583 2528/4696/3584 2548/4697/3604 2547/4695/3603
f 2528/4669/3584 2529/4671/3585 2549/4698/3605 2548/4699/3604
f 2529/4671/3585 2530/4672/3586 2550/4700/3606 2549/4698/3605
f 2530/4672/3586 2531/4673/3587 2551/4701/3607 2550/4700/3606
f 2531/4673/3587 2532/4674/3588 2552/4702/3608 2551/4701/3607
f 2532/4703/3588 2533/4678/3589 2553/4704/3609 2552/4705/3608
f 2533/4678/3589 2534/4677/3590 2554/4706/3610 2553/4704/3609
f 2534/4677/3590 2535/4679/3591 2555/4707/3611 2554/4706/3610
f 2535/4679/3591 2516/4654/3573 2536/4681/3593 2555/4707/3611
f 2536/4681/3593 2537/4680/3592 2557/4708/3612 2556/4709/3613
f 2537/4680/3592 2538/4683/3594 2558/4710/3614 2557/4708/3612
f 2538/4685/3594 2539/4684/3595 2559/4711/3615 2558/4712/3614
f 2539/4684/3595 2540/4686/3596 2560/4713/3616 2559/4711/3615
f 2540/4686/3596 2541/4687/3597 2561/4714/3617 2560/4713/3616
f 2541/4687/3597 2542/4688/3598 2562/4715/3618 2561/4714/3617
f 2542/4691/3598 2543/4690/3599 2563/4716/3619 2562/4717/3618
f 2543/4690/3599 2544/4692/3600 2564/4718/3620 2563/4716/3619
f 2544/4692/3600 2545/4693/3601 2565/4719/3621 2564/4718/3620
f 2545/4693/3601 2546/4694/3602 2566/4720/3622 2565/4719/3621
f 2546/4694/3602 2547/4695/3603 2567/4721/3623 2566/4720/3622
f 2547/4695/3603 2548/4697/3604 2568/4722/3624 2567/4721/3623
f 2548/4699/3604 2549/4698/3605 2569/4723/3625 2568/4724/3624
f 2549/4698/3605 2550/4700/3606 2570/4725/3626 2569/4723/3625
f 2550/4700/3606 2551/4701/3607 2571/4726/3627 2570/4725/3626
f 2551/4701/3607 2552/4702/3608 2572/4727/3628 2571/4726/3627
f 2552/4705/3608 2553/4704/3609 2573/4728/3629 2572/4729/3628
f 2553/4704/3609 2554/4706/3610 2574/4730/3630 2573/4728/3629
f 2554/4706/3610 2555/4707/3611 2575/4731/3631 2574/4730/3630
f 2555/4707/3611 2536/4681/3593 2556/4709/3613 2575/4731/3631
f 2556/4709/3613 2557/4708/3612 2577/4732/3632 2576/4733/3633
f 2557/4708/3612 2558/4710/3614 2578/4734/3634 2577/4732/3632
f 2558/4735/3614 2559/4736/3615 2579/4737/3635 2578/4738/3634
f 2559/4736/3615 2560/4739/3616 2580/4740/3636 2579/4737/3635
f 2560/4739/3616 2561/4741/3617 2581/4742/3637 2580/4740/3636
f 2561/4741/3617 2562/4743/3618 2582/4744/3638 2581/4742/3637
f 2562/4717/3618 2563/4716/3619 2583/4745/3639 2582/4746/3638
f 2563/4716/3619 2564/4718/3620 2584/4747/3640 2583/4745/3639
f 2564/4718/3620 2565/4719/3621 2585/4748/3641 2584/4747/3640
f 2565/4719/3621 2566/4720/3622 2586/4749/3642 2585/4748/3641
f 2566/4720/3622 2567/4721/3623 2587/4750/3643 2586/4749/3642
f 2567/4721/3623 2568/4722/3624 2588/4751/3644 2587/4750/3643
f 2568/4752/3624 2569/4753/3625 2589/4754/3645 2588/4755/3644
f 2569/4753/3625 2570/4756/3626 2590/4757/3646 2589/4754/3645
f 2570/4756/3626 2571/4758/3627 2591/4759/3647 2590/4757/3646
f 2571/4758/3627 2572/4760/3628 2592/4761/3648 2591/4759/3647
f 2572/4729/3628 2573/4728/3629 2593/4762/3649 2592/4763/3648
f 2573/4728/3629 2574/4730/3630 2594/4764/3650 2593/4762/3649
f 2574/4730/3630 2575/4731/3631 2595/4765/3651 2594/4764/3650
f 2575/4731/3631 2556/4709/3613 2576/4733/3633 2595/4765/3651
f 2576/4733/3633 2577/4732/3632 2597/4766/3652 2596/4767/3653
f 2577/4732/3632 2578/4734/3634 2598/4768/3654 2597/4766/3652
f 2578/4738/3634 2579/4737/3635 2599/4769/3655 2598/4770/3654
f 2579/4737/3635 2580/4740/3636 2600/4771/3656 2599/4769/3655
f 2580/4740/3636 2581/4742/3637 2601/4772/3657 2600/4771/3656
f 2581/4742/3637 2582/4744/3638 2602/4773/3658 2601/4772/3657
f 2582/4746/3638 2583/4745/3639 2603/4774/3659 2602/4775/3658
f 2583/4745/3639 2584/4747/3640 2604/4776/3660 2603/4774/3659
f 2584/4747/3640 2585/4748/3641 2605/4777/3661 2604/4776/3660
f 2585/4748/3641 2586/4749/3642 2606/4778/3662 2605/4777/3661
f 2586/4749/3642 2587/4750/3643 2607/4779/3663 2606/4778/3662
f 2587/4750/3643 2588/4751/3644 2608/4780/3664 2607/4779/3663
f 2588/4755/3644 2589/4754/3645 2609/4781/3665 2608/4782/3664
f 2589/4754/3645 2590/4757/3646 2610/4783/3666 2609/4781/3665
f 2590/4757/3646 2591/4759/3647 2611/4784/3667 2610/4783/3666
f 2591/4759/3647 2592/4761/3648 2612/4785/3668 2611/4784/3667
f 2592/4763/3648 2593/4762/3649 2613/4786/3669 2612/4787/3668
f 2593/4762/3649 2594/4764/3650 2614/4788/3670 2613/4786/3669
f 2594/4764/3650 2595/4765/3651 2615/4789/3671 2614/4788/3670
f 2595/4765/3651 2576/4733/3633 2596/4767/3653 2615/4789/3671
f 2596/4767/3653 2597/4766/3652 2617/4790/3672 2616/4791/3673
f 2597/4766/3652 2598/4768/3654 2618/4792/3674 2617/4790/3672
f 2598/4770/3654 2599/4769/3655 2619/4793/3675 2618/4794/3674
f 2599/4769/3655 2600/4771/3656 2620/4795/3676 2619/4793/3675
f 2600/4771/3656 2601/4772/3657 2621/4796/3677 2620/4795/3676
f 2601/4772/3657 2602/4773/3658 2622/4797/3678 2621/4796/3677
f 2602/4775/3658 2603/4774/3659 2623/4798/3679 2622/4799/3678
f 2603/4774/3659 2604/4776/3660 2624/4800/3680 2623/4798/3679
f 2604/4776/3660 2605/4777/3661 2625/4801/3681 2624/4800/3680
f 2605/4777/3661 2606/4778/3662 2626/4802/3682 2625/4801/3681
f 2606/4778/3662 2607/4779/3663 2627/4803/3683 2626/4802/3682
f 2607/4779/3663 2608/4780/3664 2628/4804/3684 2627/4803/3683
f 2608/4782/3664 2609/4781/3665 2629/4805/3685 2628/4806/3684
f 2609/4781/3665 2610/4783/3666 2630/4807/3686 2629/4805/3685
f 2610/4783/3666 2611/4784/3667 2631/4808/3687 2630/4807/3686
f 2611/4784/3667 2612/4785/3668 2632/4809/3688 2631/4808/3687
f 2612/4787/3668 2613/4786/3669 2633/4810/3689 2632/4811/3688
f 2613/4786/3669 2614/4788/3670 2634/4812/3690 2633/4810/3689
f 2614/4788/3670 2615/4789/3671 2635/4813/3691 2634/4812/3690
f 2615/4789/3671 2596/4767/3653 2616/4791/3673 2635/4813/3691
f 2616/4791/3673 2617/4790/3672 2637/4814/3692 2636/4815/3693
f 2617/4790/3672 2618/4792/3674 2638/4816/3694 2637/4814/3692
f 2618/4794/3674 2619/4793/3675 2639/4817/3695 2638/4818/3694
f 2619/4793/3675 2620/4795/3676 2640/4819/3696 2639/4817/3695
f 2620/4795/3676 2621/4796/3677 2641/4820/3697 2640/4819/3696
f 2621/4796/3677 2622/4797/3678 2642/4821/3698 2641/4820/3697
f 2622/4799/3678 2623/4798/3679 2643/4822/3699 2642/4823/3698
f 2623/4798/3679 2624/4800/3680 2644/4824/3700 2643/4822/3699
f 2624/4800/3680 2625/4801/3681 2645/4825/3701 2644/4824/3700
f 2625/4801/3681 2626/4802/3682 2646/4826/3702 2645/4825/3701
f 2626/4802/3682 2627/4803/3683 2647/4827/3703 2646/4826/3702
f 2627/4803/3683 2628/4804/3684 2648/4828/3704 2647/4827/3703
f 2628/4806/3684 2629/4805/3685 2649/4829/3705 2648/4830/3704
f 2629/4805/3685 2630/4807/3686 2650/4831/3706 2649/4829/3705
f 2630/4807/3686 2631/4808/3687 2651/4832/3707 2650/4831/3706
f 2631/4808/3687 2632/4809/3688 2652/4833/3708 2651/4832/3707
f 2632/4811/3688 2633/4810/3689 2653/4834/3709 2652/4835/3708
f 2633/4810/3689 2634/4812/3690 2654/4836/3710 2653/4834/3709
f 2634/4812/3690 2635/4813/3691 2655/4837/3711 2654/4836/3710
f 2635/4813/3691 2616/4791/3673 2636/4815/3693 2655/4837/3711
f 2636/4815/3693 2637/4814/3692 2657/4838/3712 2656/4839/3713
f 2637/4814/3692 2638/4816/3694 2658/4840/3714 2657/4838/3712
f 2638/4818/3694 2639/4817/3695 2659/4841/3715 2658/4842/3714
f 2639/4817/3695 2640/4819/3696 2660/4843/3716 2659/4841/3715
f 2640/4819/3696 2641/4820/3697 2661/4844/3717 2660/4843/3716
f 2641/4820/3697 2642/4821/3698 2662/4845/3718 2661/4844/3717
f 2642/4823/3698 2643/4822/3699 2663/4846/3719 2662/4847/3718
f 2643/4822/3699 2644/4824/3700 2664/4848/3720 2663/4846/3719
f 2644/4824/3700 2645/4825/3701 2665/4849/3721 2664/4848/3720
f 2645/4825/3701 2646/4826/3702 2666/4850/3722 2665/4849/3721
f 2646/4826/3702 2647/4827/3703 2667/4851/3723 2666/4850/3722
f 2647/4827/3703 2648/4828/3704 2668/4852/3724 2667/4851/3723
f 2648/4830/3704 2649/4829/3705 2669/4853/3725 2668/4854/3724
f 2649/4829/3705 2650/4831/3706 2670/4855/3726 2669/4853/3725
f 2650/4831/3706 2651/4832/3707 2671/4856/3727 2670/4855/3726
f 2651/4832/3707 2652/4833/3708 2672/4857/3728 2671/4856/3727
f 2652/4835/3708 2653/4834/3709 2673/4858/3729 2672/4859/3728
f 2653/4834/3709 2654/4836/3710 2674/4860/3730 2673/4858/3729
f 2654/4836/3710 2655/4837/3711 2675/4861/3731 2674/4860/3730
f 2655/4837/3711 2636/4815/3693 2656/4839/3713 2675/4861/3731
f 2656/4839/3713 2657/4838/3712 2677/4862/3732 2676/4863/3733
f 2657/4838/3712 2658/4840/3714 2678/4864/3734 2677/4862/3732
f 2658/4842/3714 2659/4841/3715 2679/4865/3735 2678/4866/3734
f 2659/4841/3715 2660/4843/3716 2680/4867/3736 2679/4865/3735
f 2660/4843/3716 2661/4844/3717 2681/4868/3737 2680/4867/3736
f 2661/4844/3717 2662/4845/3718 2682/4869/3738 2681/4868/3737
f 2662/4847/3718 2663/4846/3719 2683/4870/3739 2682/4871/3738
f 2663/4846/3719 2664/4848/3720 2684/4872/3740 2683/4870/3739
f 2664/4848/3720 2665/4849/3721 2685/4873/3741 2684/4872/3740
f 2665/4849/3721 2666/4850/3722 2686/4874/3742 2685/4873/3741
f 2666/4850/3722 2667/4851/3723 2687/4875/3743 2686/4874/3742
f 2667/4851/3723 2668/4852/3724 2688/4876/3744 2687/4875/3743
f 2668/4854/3724 2669/4853/3725 2689/4877/3745 2688/4878/3744
f 2669/4853/3725 2670/4855/3726 2690/4879/3746 2689/4877/3745
f 2670/4855/3726 2671/4856/3727 2691/4880/3747 2690/4879/3746
f 2671/4856/3727 2672/4857/3728 2692/4881/3748 2691/4880/3747
f 2672/4859/3728 2673/4858/3729 2693/4882/3749 2692/4883/3748
f 2673/4858/3729 2674/4860/3730 2694/4884/3750 2693/4882/3749
f 2674/4860/3730 2675/4861/3731 2695/4885/3751 2694/4884/3750
f 2675/4861/3731 2656/4839/3713 2676/4863/3733 2695/4885/3751
f 2676/4863/3733 2677/4862/3732 2697/4886/3752 2696/4887/3753
f 2677/4862/3732 2678/4864/3734 2698/4888/3754 2697/4886/3752
f 2678/4889/3734 2679/4890/3735 2699/4891/3755 2698/4892/3754
f 2679/4890/3735 2680/4893/3736 2700/4894/3756 2699/4891/3755
f 2680/4893/3736 2681/4895/3737 2701/4896/3757 2700/4894/3756
f 2681/4895/3737 2682/4897/3738 2702/4898/3758 2701/4896/3757
f 2682/4871/3738 2683/4870/3739 2703/4899/3759 2702/4900/3758
f 2683/4870/3739 2684/4872/3740 2704/4901/3760 2703/4899/3759
f 2684/4872/3740 2685/4873/3741 2705/4902/3761 2704/4901/3760
f 2685/4873/3741 2686/4874/3742 2706/4903/3762 2705/4902/3761
f 2686/4874/3742 2687/4875/3743 2707/4904/3763 2706/4903/3762
f 2687/4875/3743 2688/4876/3744 2708/4905/3764 2707/4904/3763
f 2688/4906/3744 2689/4907/3745 2709/4908/3765 2708/4909/3764
f 2689/4907/3745 2690/4910/3746 2710/4911/3766 2709/4908/3765
f 2690/4910/3746 2691/4912/3747 2711/4913/3767 2710/4911/3766
f 2691/4912/3747 2692/4914/3748 2712/4915/3768 2711/4913/3767
f 2692/4883/3748 2693/4882/3749 2713/4916/3769 2712/4917/3768
f 2693/4882/3749 2694/4884/3750 2714/4918/3770 2713/4916/3769
f 2694/4884/3750 2695/4885/3751 2715/4919/3771 2714/4918/3770
f 2695/4885/3751 2676/4863/3733 2696/4887/3753 2715/4919/3771
f 2696/4887/3753 2697/4886/3752 2717/4920/3772 2716/4921/3773
f 2697/4886/3752 2698/4888/3754 2718/4922/3774 2717/4920/3772
f 2698/4892/3754 2699/4891/3755 2719/4923/3775 2718/4924/3774
f 2699/4891/3755 2700/4894/3756 2720/4925/3776 2719/4923/3775
f 2700/4894/3756 2701/4896/3757 2721/4926/3777 2720/4925/3776
f 2701/4896/3757 2702/4898/3758 2722/4927/3778 2721/4926/3777
f 2702/4900/3758 2703/4899/3759 2723/4928/3779 2722/4929/3778
f 2703/4899/3759 2704/4901/3760 2724/4930/3780 2723/4928/3779
f 2704/4901/3760 2705/4902/3761 2725/4931/3781 2724/4930/3780
f 2705/4902/3761 2706/4903/3762 2726/4932/3782 2725/4931/3781
f 2706/4903/3762 2707/4904/3763 2727/4933/3783 2726/4932/3782
f 2707/4904/3763 2708/4905/3764 2728/4934/3784 2727/4933/3783
f 2708/4909/3764 2709/4908/3765 2729/4935/3785 2728/4936/3784
f 2709/4908/3765 2710/4911/3766 2730/4937/3786 2729/4935/3785
f 2710/4911/3766 2711/4913/3767 2731/4938/3787 2730/4937/3786
f 2711/4913/3767 2712/4915/3768 2732/4939/3788 2731/4938/3787
f 2712/4917/3768 2713/4916/3769 2733/4940/3789 2732/4941/3788
f 2713/4916/3769 2714/4918/3770 2734/4942/3790 2733/4940/3789
f 2714/4918/3770 2715/4919/3771 2735/4943/3791 2734/4942/3790
f 2715/4919/3771 2696/4887/3753 2716/4921/3773 2735/4943/3791
f 2716/4921/3773 2717/4920/3772 2737/4944/3792 2736/4945/3793
f 2717/4946/3772 2718/4924/3774 2738/4947/3794 2737/4948/3792
f 2718/4924/3774 2719/4923/3775 2739/4949/3795 2738/4947/3794
f 2719/4923/3775 2720/4925/3776 2740/4950/3796 2739/4949/3795
f 2720/4925/3776 2721/4926/3777 2741/4951/3797 2740/4950/3796
f 2721/4926/3777 2722/4927/3778 2742/4952/3798 2741/4951/3797
f 2722/4927/3778 2723/4953/3779 2743/4954/3799 2742/4952/3798
f 2723/4928/3779 2724/4930/3780 2744/4955/3800 2743/4956/3799
f 2724/4930/3780 2725/4931/3781 2745/4957/3801 2744/4955/3800
f 2725/4931/3781 2726/4932/3782 2746/4958/3802 2745/4957/3801
f 2726/4932/3782 2727/4933/3783 2747/4959/3803 2746/4958/3802
f 2727/4960/3783 2728/4936/3784 2748/4961/3804 2747/4962/3803
f 2728/4936/3784 2729/4935/3785 2749/4963/3805 2748/4961/3804
f 2729/4935/3785 2730/4937/3786 2750/4964/3806 2749/4963/3805
f 2730/4937/3786 2731/4938/3787 2751/4965/3807 2750/4964/3806
f 2731/4938/3787 2732/4939/3788 2752/4966/3808 2751/4965/3807
f 2732/4939/3788 2733/4967/3789 2753/4968/3809 2752/4966/3808
f 2733/4940/3789 2734/4942/3790 2754/4969/3810 2753/4970/3809
f 2734/4942/3790 2735/4943/3791 2755/4971/3811 2754/4969/3810
f 2735/4943/3791 2716/4921/3773 2736/4945/3793 2755/4971/3811
f 2736/4972/3793 2737/4948/3792 2757/4973/3812 2756/4974/3813
f 2737/4948/3792 2738/4947/3794 2758/4975/3814 2757/4973/3812
f 2738/4947/3794 2739/4949/3795 2759/4976/3815 2758/4975/3814
f 2739/4949/3795 2740/4950/3796 2760/4977/3816 2759/4976/3815
f 2740/4950/3796 2741/4951/3797 2761/4978/3817 2760/4977/3816
f 2741/4951/3797 2742/4952/3798 2762/4979/3818 2761/4978/3817
f 2742/4952/3798 2743/4954/3799 2763/4980/3819 2762/4979/3818
f 2743/4954/3799 2744/4981/3800 2764/4982/3820 2763/4980/3819
f 2744/4955/3800 2745/4957/3801 2765/4983/3821 2764/4984/3820
f 2745/4957/3801 2746/4958/3802 2766/4985/3822 2765/4983/3821
f 2746/4986/3802 2747/4962/3803 2767/4987/3823 2766/4988/3822
f 2747/4962/3803 2748/4961/3804 2768/4989/3824 2767/4987/3823
f 2748/4961/3804 2749/4963/3805 2769/4990/3825 2768/4989/3824
f 2749/4963/3805 2750/4964/3806 2770/4991/3826 2769/4990/3825
f 2750/4964/3806 2751/4965/3807 2771/4992/3827 2770/4991/3826
f 2751/4965/3807 2752/4966/3808 2772/4993/3828 2771/4992/3827
f 2752/4966/3808 2753/4968/3809 2773/4994/3829 2772/4993/3828
f 2753/4968/3809 2754/4995/3810 2774/4996/3830 2773/4994/3829
f 2754/4969/3810 2755/4971/3811 2775/4997/3831 2774/4998/3830
f 2755/4971/3811 2736/4945/3793 2756/4999/3813 2775/4997/3831
f 2756/4974/3813 2757/4973/3812 2777/5000/3832 2776/5001/3833
f 2757/4973/3812 2758/4975/3814 2778/5002/3834 2777/5000/3832
f 2758/4975/3814 2759/4976/3815 2779/5003/3835 2778/5002/3834
f 2759/4976/3815 2760/4977/3816 2780/5004/3836 2779/5003/3835
f 2760/4977/3816 2761/4978/3817 2781/5005/3837 2780/5004/3836
f 2761/4978/3817 2762/4979/3818 2782/5006/3838 2781/5005/3837
f 2762/4979/3818 2763/4980/3819 2783/5007/3839 2782/5006/3838
f 2763/4980/3819 2764/4982/3820 2784/5008/3840 2783/5007/3839
f 2764/4982/3820 2765/5009/3821 2785/5010/3841 2784/5008/3840
f 2765/5009/3821 2766/4988/3822 2786/5011/3842 2785/5010/3841
f 2766/4988/3822 2767/4987/3823 2787/5012/3843 2786/5011/3842
f 2767/4987/3823 2768/4989/3824 2788/5013/3844 2787/5012/3843
f 2768/4989/3824 2769/4990/3825 2789/5014/3845 2788/5013/3844
f 2769/4990/3825 2770/4991/3826 2790/5015/3846 2789/5014/3845
f 2770/4991/3826 2771/4992/3827 2791/5016/3847 2790/5015/3846
f 2771/4992/3827 2772/4993/3828 2792/5017/3848 2791/5016/3847
f 2772/4993/3828 2773/4994/3829 2793/5018/3849 2792/5017/3848
f 2773/4994/3829 2774/4996/3830 2794/5019/3850 2793/5018/3849
f 2774/4996/3830 2775/5020/3831 2795/5021/3851 2794/5019/3850
f 2775/5020/3831 2756/4974/3813 2776/5001/3833 2795/5021/3851
f 2776/5001/3833 2777/5000/3832 2797/5022/3852 2796/5023/3853
f 2777/5000/3832 2778/5002/3834 2798/5024/3854 2797/5022/3852
f 2778/5002/3834 2779/5003/3835 2799/5025/3855 2798/5024/3854
f 2779/5003/3835 2780/5004/3836 2800/5026/3856 2799/5025/3855
f 2780/5004/3836 2781/5005/3837 2801/5027/3857 2800/5026/3856
f 2781/5005/3837 2782/5006/3838 2802/5028/3858 2801/5027/3857
f 2782/5006/3838 2783/5007/3839 2803/5029/3859 2802/5028/3858
f 2783/5007/3839 2784/5008/3840 2804/5030/3860 2803/5029/3859
f 2784/5008/3840 2785/5010/3841 2805/5031/3861 2804/5030/3860
f 2785/5010/3841 2786/5011/3842 2806/5032/3862 2805/5031/3861
f 2786/5011/3842 2787/5012/3843 2807/5033/3863 2806/5032/3862
f 2787/5012/3843 2788/5013/3844 2808/5034/3864 2807/5033/3863
f 2788/5013/3844 2789/5014/3845 2809/5035/3865 2808/5034/3864
f 2789/5014/3845 2790/5015/3846 2810/5036/3866 2809/5035/3865
f 2790/5015/3846 2791/5016/3847 2811/5037/3867 2810/5036/3866
f 2791/5016/3847 2792/5017/3848 2812/5038/3868 2811/5037/3867
f 2792/5017/3848 2793/5018/3849 2813/5039/3869 2812/5038/3868
f 2793/5018/3849 2794/5019/3850 2814/5040/3870 2813/5039/3869
f 2794/5019/3850 2795/5021/3851 2815/5041/3871 2814/5040/3870
f 2795/5021/3851 2776/5001/3833 2796/5023/3853 2815/5041/3871
f 2437/4563/3493 2436/4562/3492 2816/5042/3872
f 2438/4566/3496 2437/4563/3493 2816/5042/3872
f 2439/4568/3498 2438/4566/3496 2816/5042/3872
f 2440/4570/3500 2439/4568/3498 2816/5042/3872
f 2441/4572/3502 2440/4570/3500 2816/5042/3872
f 2442/4574/3504 2441/4572/3502 2816/5042/3872
f 2443/4576/3506 2442/4574/3504 2816/5042/3872
f 2444/4578/3508 2443/4576/3506 2816/5042/3872
f 2445/4580/3510 2444/4578/3508 2816/5042/3872
f 2446/4582/3512 2445/4580/3510 2816/5042/3872
f 2447/4584/3514 2446/4582/3512 2816/5042/3872
f 2448/4586/3516 2447/4584/3514 2816/5042/3872
f 2449/4588/3518 2448/4586/3516 2816/5042/3872
f 2450/4590/3520 2449/4588/3518 2816/5042/3872
f 2451/4592/3522 2450/4590/3520 2816/5042/3872
f 2452/4594/3524 2451/4592/3522 2816/5042/3872
f 2453/4596/3526 2452/4594/3524 2816/5042/3872
f 2454/4598/3528 2453/4596/3526 2816/5042/3872
f 2455/4600/3530 2454/4598/3528 2816/5042/3872
f 2436/4562/3492 2455/4600/3530 2816/5042/3872
f 2796/5023/3853 2797/5022/3852 2817/5043/3873
f 2797/5022/3852 2798/5024/3854 2817/5043/3873
f 2798/5024/3854 2799/5025/3855 2817/5043/3873
f 2799/5025/3855 2800/5026/3856 2817/5043/3873
f 2800/5026/3856 2801/5027/3857 2817/5043/3873
f 2801/5027/3857 2802/5028/3858 2817/5043/3873
f 2802/5028/3858 2803/5029/3859 2817/5043/3873
f 2803/5029/3859 2804/5030/3860 2817/5043/3873
f 2804/5030/3860 2805/5031/3861 2817/5043/3873
f 2805/5031/3861 2806/5032/3862 2817/5043/3873
f 2806/5032/3862 2807/5033/3863 2817/5043/3873
f 2807/5033/3863 2808/5034/3864 2817/5043/3873
f 2808/5034/3864 2809/5035/3865 2817/5043/3873
f 2809/5035/3865 2810/5036/3866 2817/5043/3873
f 2810/5036/3866 2811/5037/3867 2817/5043/3873
f 2811/5037/3867 2812/5038/3868 2817/5043/3873
f 2812/5038/3868 2813/5039/3869 2817/5043/3873
f 2813/5039/3869 2814/5040/3870 2817/5043/3873
f 2814/5040/3870 2815/5041/3871 2817/5043/3873
f 2815/5041/3871 2796/5023/3853 2817/5043/3873
s 79
usemtl openPBRSurface9SG
f 3018/5044/3874 3019/5045/3875 3020/5046/3876 3021/5047/3877
usemtl openPBRSurface1SG
f 2820/5048/3878 2821/5049/3879 2823/5050/3880 2822/5051/3881
usemtl openPBRSurface9SG
f 3038/5052/3882 3039/5053/3883 3040/5054/3884 3041/5055/3885
usemtl openPBRSurface1SG
f 2824/5056/3886 2825/5057/3887 2819/5058/3888 2818/5059/3889
usemtl openPBRSurface9SG
f 2979/5060/3890 2978/5061/3891 2980/5062/3892 2981/5063/3893
f 2998/5064/3894 2999/5065/3895 3000/5066/3896 3001/5067/3897
usemtl openPBRSurface1SG
f 2818/5059/3889 2819/5058/3888 2827/5068/3898 2826/5069/3899
usemtl openPBRSurface9SG
f 2979/5060/3890 2981/5063/3893 2982/5070/3900 2983/5071/3901
usemtl openPBRSurface1SG
f 2821/5049/3879 2820/5048/3878 2829/5072/3902 2828/5073/3903
usemtl openPBRSurface9SG
f 3000/5066/3896 2999/5065/3895 3002/5074/3904 3003/5075/3905
usemtl openPBRSurface1SG
f 2822/5051/3881 2823/5050/3880 2831/5076/3906 2830/5077/3907
usemtl openPBRSurface9SG
f 2980/5062/3892 2978/5061/3891 2984/5078/3908 2985/5079/3909
usemtl openPBRSurface1SG
f 2825/5057/3887 2824/5056/3886 2833/5080/3910 2832/5081/3911
usemtl openPBRSurface9SG
f 2998/5064/3894 3001/5067/3897 3004/5082/3912 3005/5083/3913
usemtl openPBRSurface1SG
f 2826/5069/3899 2827/5068/3898 2835/5084/3914 2834/5085/3915
usemtl openPBRSurface9SG
f 2983/5071/3901 2982/5070/3900 2986/5086/3916 2987/5087/3917
usemtl openPBRSurface1SG
f 2828/5073/3903 2829/5072/3902 2837/5088/3918 2836/5089/3919
usemtl openPBRSurface9SG
f 3003/5075/3905 3002/5074/3904 3006/5090/3920 3007/5091/3921
usemtl openPBRSurface1SG
f 2830/5077/3907 2831/5076/3906 2839/5092/3922 2838/5093/3923
usemtl openPBRSurface9SG
f 2985/5079/3909 2984/5078/3908 2988/5094/3924 2989/5095/3925
usemtl openPBRSurface1SG
f 2832/5081/3911 2833/5080/3910 2841/5096/3926 2840/5097/3927
usemtl openPBRSurface9SG
f 3005/5083/3913 3004/5082/3912 3008/5098/3928 3009/5099/3929
usemtl openPBRSurface1SG
f 2834/5085/3915 2835/5084/3914 2843/5100/3930 2842/5101/3931
usemtl openPBRSurface9SG
f 2987/5087/3917 2986/5086/3916 2990/5102/3932 2991/5103/3933
usemtl openPBRSurface1SG
f 2836/5089/3919 2837/5088/3918 2845/5104/3934 2844/5105/3935
usemtl openPBRSurface9SG
f 3007/5091/3921 3006/5090/3920 3010/5106/3936 3011/5107/3937
usemtl openPBRSurface1SG
f 2838/5093/3923 2839/5092/3922 2847/5108/3938 2846/5109/3939
usemtl openPBRSurface9SG
f 2989/5095/3925 2988/5094/3924 2992/5110/3940 2993/5111/3941
usemtl openPBRSurface1SG
f 2840/5097/3927 2841/5096/3926 2849/5112/3942 2848/5113/3943
usemtl openPBRSurface9SG
f 3009/5099/3929 3008/5098/3928 3012/5114/3944 3013/5115/3945
usemtl openPBRSurface1SG
f 2842/5101/3931 2843/5100/3930 2851/5116/3946 2850/5117/3947
usemtl openPBRSurface9SG
f 2991/5103/3933 2990/5102/3932 2994/5118/3948 2995/5119/3949
usemtl openPBRSurface1SG
f 2844/5105/3935 2845/5104/3934 2853/5120/3950 2852/5121/3951
usemtl openPBRSurface9SG
f 3011/5107/3937 3010/5106/3936 3014/5122/3952 3015/5123/3953
usemtl openPBRSurface1SG
f 2846/5109/3939 2847/5108/3938 2855/5124/3954 2854/5125/3955
usemtl openPBRSurface9SG
f 2993/5111/3941 2992/5110/3940 2996/5126/3956 2997/5127/3957
usemtl openPBRSurface1SG
f 2848/5113/3943 2849/5112/3942 2857/5128/3958 2856/5129/3959
usemtl openPBRSurface9SG
f 3013/5115/3945 3012/5114/3944 3016/5130/3960 3017/5131/3961
usemtl openPBRSurface1SG
f 2819/5058/3888 2825/5057/3887 2858/5132/3962 2859/5133/3963
f 2823/5050/3880 2821/5049/3879 2861/5134/3964 2860/5135/3965
f 2821/5049/3879 2828/5073/3903 2862/5136/3966 2861/5134/3964
f 2827/5068/3898 2819/5058/3888 2859/5133/3963 2863/5137/3967
f 2825/5057/3887 2832/5081/3911 2864/5138/3968 2858/5132/3962
f 2831/5076/3906 2823/5050/3880 2860/5135/3965 2865/5139/3969
f 2828/5073/3903 2836/5089/3919 2866/5140/3970 2862/5136/3966
f 2835/5084/3914 2827/5068/3898 2863/5137/3967 2867/5141/3971
f 2832/5081/3911 2840/5097/3927 2868/5142/3972 2864/5138/3968
f 2839/5092/3922 2831/5076/3906 2865/5139/3969 2869/5143/3973
f 2836/5089/3919 2844/5105/3935 2870/5144/3974 2866/5140/3970
f 2843/5100/3930 2835/5084/3914 2867/5141/3971 2871/5145/3975
f 2840/5097/3927 2848/5113/3943 2872/5146/3976 2868/5142/3972
f 2847/5108/3938 2839/5092/3922 2869/5143/3973 2873/5147/3977
f 2844/5105/3935 2852/5121/3951 2874/5148/3978 2870/5144/3974
usemtl openPBRSurface9SG
f 3020/5046/3876 3019/5045/3875 3022/5149/3979 3023/5150/3980
usemtl openPBRSurface1SG
f 2851/5116/3946 2843/5100/3930 2871/5145/3975 2875/5151/3981
f 2848/5113/3943 2856/5129/3959 2876/5152/3982 2872/5146/3976
usemtl openPBRSurface9SG
f 3040/5054/3884 3039/5053/3883 3042/5153/3983 3043/5154/3984
usemtl openPBRSurface1SG
f 2855/5124/3954 2847/5108/3938 2873/5147/3977 2877/5155/3985
f 2824/5056/3886 2818/5059/3889 2879/5156/3986 2878/5157/3987
f 2820/5048/3878 2822/5051/3881 2881/5158/3988 2880/5159/3989
f 2818/5059/3889 2826/5069/3899 2882/5160/3990 2879/5156/3986
f 2829/5072/3902 2820/5048/3878 2880/5159/3989 2883/5161/3991
f 2822/5051/3881 2830/5077/3907 2884/5162/3992 2881/5158/3988
f 2833/5080/3910 2824/5056/3886 2878/5157/3987 2885/5163/3993
f 2826/5069/3899 2834/5085/3915 2886/5164/3994 2882/5160/3990
f 2837/5088/3918 2829/5072/3902 2883/5161/3991 2887/5165/3995
f 2830/5077/3907 2838/5093/3923 2888/5166/3996 2884/5162/3992
f 2841/5096/3926 2833/5080/3910 2885/5163/3993 2889/5167/3997
f 2834/5085/3915 2842/5101/3931 2890/5168/3998 2886/5164/3994
f 2845/5104/3934 2837/5088/3918 2887/5165/3995 2891/5169/3999
f 2838/5093/3923 2846/5109/3939 2892/5170/4000 2888/5166/3996
f 2849/5112/3942 2841/5096/3926 2889/5167/3997 2893/5171/4001
f 2842/5101/3931 2850/5117/3947 2894/5172/4002 2890/5168/3998
usemtl openPBRSurface9SG
f 3018/5044/3874 3021/5047/3877 3024/5173/4003 3025/5174/4004
usemtl openPBRSurface1SG
f 2853/5120/3950 2845/5104/3934 2891/5169/3999 2895/5175/4005
f 2846/5109/3939 2854/5125/3955 2896/5176/4006 2892/5170/4000
usemtl openPBRSurface9SG
f 3038/5052/3882 3041/5055/3885 3044/5177/4007 3045/5178/4008
usemtl openPBRSurface1SG
f 2857/5128/3958 2849/5112/3942 2893/5171/4001 2897/5179/4009
f 2859/5133/3963 2858/5132/3962 2898/5180/4010 2899/5181/4011
f 2860/5135/3965 2861/5134/3964 2901/5182/4012 2900/5183/4013
f 2861/5134/3964 2862/5136/3966 2902/5184/4014 2901/5182/4012
f 2863/5137/3967 2859/5133/3963 2899/5181/4011 2903/5185/4015
f 2858/5132/3962 2864/5138/3968 2904/5186/4016 2898/5180/4010
f 2865/5139/3969 2860/5135/3965 2900/5183/4013 2905/5187/4017
f 2862/5136/3966 2866/5140/3970 2906/5188/4018 2902/5184/4014
f 2867/5141/3971 2863/5137/3967 2903/5185/4015 2907/5189/4019
f 2864/5138/3968 2868/5142/3972 2908/5190/4020 2904/5186/4016
f 2869/5143/3973 2865/5139/3969 2905/5187/4017 2909/5191/4021
f 2866/5140/3970 2870/5144/3974 2910/5192/4022 2906/5188/4018
f 2871/5145/3975 2867/5141/3971 2907/5189/4019 2911/5193/4023
f 2868/5142/3972 2872/5146/3976 2912/5194/4024 2908/5190/4020
f 2873/5147/3977 2869/5143/3973 2909/5191/4021 2913/5195/4025
f 2870/5144/3974 2874/5148/3978 2914/5196/4026 2910/5192/4022
usemtl openPBRSurface9SG
f 3023/5150/3980 3022/5149/3979 3026/5197/4027 3027/5198/4028
usemtl openPBRSurface1SG
f 2875/5151/3981 2871/5145/3975 2911/5193/4023 2915/5199/4029
f 2872/5146/3976 2876/5152/3982 2916/5200/4030 2912/5194/4024
usemtl openPBRSurface9SG
f 3043/5154/3984 3042/5153/3983 3046/5201/4031 3047/5202/4032
usemtl openPBRSurface1SG
f 2877/5155/3985 2873/5147/3977 2913/5195/4025 2917/5203/4033
f 2878/5157/3987 2879/5156/3986 2919/5204/4034 2918/5205/4035
f 2880/5159/3989 2881/5158/3988 2921/5206/4036 2920/5207/4037
f 2879/5156/3986 2882/5160/3990 2922/5208/4038 2919/5204/4034
f 2883/5161/3991 2880/5159/3989 2920/5207/4037 2923/5209/4039
f 2881/5158/3988 2884/5162/3992 2924/5210/4040 2921/5206/4036
f 2885/5163/3993 2878/5157/3987 2918/5205/4035 2925/5211/4041
f 2882/5160/3990 2886/5164/3994 2926/5212/4042 2922/5208/4038
f 2887/5165/3995 2883/5161/3991 2923/5209/4039 2927/5213/4043
f 2884/5162/3992 2888/5166/3996 2928/5214/4044 2924/5210/4040
f 2889/5167/3997 2885/5163/3993 2925/5211/4041 2929/5215/4045
f 2886/5164/3994 2890/5168/3998 2930/5216/4046 2926/5212/4042
f 2891/5169/3999 2887/5165/3995 2927/5213/4043 2931/5217/4047
f 2888/5166/3996 2892/5170/4000 2932/5218/4048 2928/5214/4044
f 2893/5171/4001 2889/5167/3997 2929/5215/4045 2933/5219/4049
f 2890/5168/3998 2894/5172/4002 2934/5220/4050 2930/5216/4046
usemtl openPBRSurface9SG
f 3025/5174/4004 3024/5173/4003 3028/5221/4051 3029/5222/4052
usemtl openPBRSurface1SG
f 2895/5175/4005 2891/5169/3999 2931/5217/4047 2935/5223/4053
f 2892/5170/4000 2896/5176/4006 2936/5224/4054 2932/5218/4048
usemtl openPBRSurface9SG
f 3045/5178/4008 3044/5177/4007 3048/5225/4055 3049/5226/4056
usemtl openPBRSurface1SG
f 2897/5179/4009 2893/5171/4001 2933/5219/4049 2937/5227/4057
f 2899/5181/4011 2898/5180/4010 2938/5228/4058 2939/5229/4059
f 2900/5183/4013 2901/5182/4012 2941/5230/4060 2940/5231/4061
f 2901/5182/4012 2902/5184/4014 2942/5232/4062 2941/5230/4060
f 2903/5185/4015 2899/5181/4011 2939/5229/4059 2943/5233/4063
f 2898/5180/4010 2904/5186/4016 2944/5234/4064 2938/5228/4058
f 2905/5187/4017 2900/5183/4013 2940/5231/4061 2945/5235/4065
f 2902/5184/4014 2906/5188/4018 2946/5236/4066 2942/5232/4062
f 2907/5189/4019 2903/5185/4015 2943/5233/4063 2947/5237/4067
f 2904/5186/4016 2908/5190/4020 2948/5238/4068 2944/5234/4064
f 2909/5191/4021 2905/5187/4017 2945/5235/4065 2949/5239/4069
f 2906/5188/4018 2910/5192/4022 2950/5240/4070 2946/5236/4066
f 2911/5193/4023 2907/5189/4019 2947/5237/4067 2951/5241/4071
f 2908/5190/4020 2912/5194/4024 2952/5242/4072 2948/5238/4068
f 2913/5195/4025 2909/5191/4021 2949/5239/4069 2953/5243/4073
f 2910/5192/4022 2914/5196/4026 2954/5244/4074 2950/5240/4070
usemtl openPBRSurface9SG
f 3027/5198/4028 3026/5197/4027 3030/5245/4075 3031/5246/4076
usemtl openPBRSurface1SG
f 2915/5199/4029 2911/5193/4023 2951/5241/4071 2955/5247/4077
f 2912/5194/4024 2916/5200/4030 2956/5248/4078 2952/5242/4072
usemtl openPBRSurface9SG
f 3047/5202/4032 3046/5201/4031 3050/5249/4079 3051/5250/4080
usemtl openPBRSurface1SG
f 2917/5203/4033 2913/5195/4025 2953/5243/4073 2957/5251/4081
f 2918/5205/4035 2919/5204/4034 2959/5252/4082 2958/5253/4083
f 2920/5207/4037 2921/5206/4036 2961/5254/4084 2960/5255/4085
f 2919/5204/4034 2922/5208/4038 2962/5256/4086 2959/5252/4082
f 2923/5209/4039 2920/5207/4037 2960/5255/4085 2963/5257/4087
f 2921/5206/4036 2924/5210/4040 2964/5258/4088 2961/5254/4084
f 2925/5211/4041 2918/5205/4035 2958/5253/4083 2965/5259/4089
f 2922/5208/4038 2926/5212/4042 2966/5260/4090 2962/5256/4086
f 2927/5213/4043 2923/5209/4039 2963/5257/4087 2967/5261/4091
f 2924/5210/4040 2928/5214/4044 2968/5262/4092 2964/5258/4088
f 2929/5215/4045 2925/5211/4041 2965/5259/4089 2969/5263/4093
f 2926/5212/4042 2930/5216/4046 2970/5264/4094 2966/5260/4090
f 2931/5217/4047 2927/5213/4043 2967/5261/4091 2971/5265/4095
f 2928/5214/4044 2932/5218/4048 2972/5266/4096 2968/5262/4092
f 2933/5219/4049 2929/5215/4045 2969/5263/4093 2973/5267/4097
f 2930/5216/4046 2934/5220/4050 2974/5268/4098 2970/5264/4094
usemtl openPBRSurface9SG
f 3029/5222/4052 3028/5221/4051 3032/5269/4099 3033/5270/4100
usemtl openPBRSurface1SG
f 2935/5223/4053 2931/5217/4047 2971/5265/4095 2975/5271/4101
f 2932/5218/4048 2936/5224/4054 2976/5272/4102 2972/5266/4096
usemtl openPBRSurface9SG
f 3049/5226/4056 3048/5225/4055 3052/5273/4103 3053/5274/4104
usemtl openPBRSurface1SG
f 2937/5227/4057 2933/5219/4049 2973/5267/4097 2977/5275/4105
f 2939/5229/4059 2938/5228/4058 3058/5276/4106 3059/5277/4107
f 2940/5231/4061 2941/5230/4060 3070/5278/4108 3071/5279/4109
f 2941/5230/4060 2942/5232/4062 3069/5280/4110 3070/5278/4108
f 2943/5281/4063 2939/5282/4059 3059/5283/4107 3060/5284/4111
f 2938/5285/4058 2944/5286/4064 3081/5287/4112 3058/5288/4106
f 2945/5235/4065 2940/5231/4061 3071/5279/4109 3072/5289/4113
f 2942/5232/4062 2946/5236/4066 3068/5290/4114 3069/5280/4110
f 2947/5291/4067 2943/5281/4063 3060/5284/4111 3061/5292/4115
f 2944/5286/4064 2948/5293/4068 3080/5294/4116 3081/5287/4112
f 2949/5239/4069 2945/5235/4065 3072/5289/4113 3073/5295/4117
f 2946/5296/4066 2950/5297/4070 3067/5298/4118 3068/5299/4114
f 2951/5241/4071 2947/5237/4067 3061/5300/4115 3062/5301/4119
f 2948/5238/4068 2952/5242/4072 3079/5302/4120 3080/5303/4116
f 2953/5304/4073 2949/5305/4069 3073/5306/4117 3074/5307/4121
f 2950/5297/4070 2954/5308/4074 3066/5309/4122 3067/5298/4118
usemtl openPBRSurface9SG
f 3031/5246/4076 3030/5245/4075 3064/5310/4123 3065/5311/4124
usemtl openPBRSurface1SG
f 2955/5312/4077 2951/5313/4071 3062/5314/4119 3063/5315/4125
f 2952/5316/4072 2956/5317/4078 3078/5318/4126 3079/5319/4120
usemtl openPBRSurface9SG
f 3051/5250/4080 3050/5249/4079 3076/5320/4127 3077/5321/4128
usemtl openPBRSurface1SG
f 2957/5322/4081 2953/5304/4073 3074/5307/4121 3075/5323/4129
f 2958/5253/4083 2959/5252/4082 3105/5324/4130 3082/5325/4131
f 2960/5255/4085 2961/5254/4084 3093/5326/4132 3094/5327/4133
f 2959/5328/4082 2962/5329/4086 3104/5330/4134 3105/5331/4130
f 2963/5257/4087 2960/5255/4085 3094/5327/4133 3095/5332/4135
f 2961/5254/4084 2964/5258/4088 3092/5333/4136 3093/5326/4132
f 2965/5334/4089 2958/5335/4083 3082/5336/4131 3083/5337/4137
f 2962/5329/4086 2966/5338/4090 3103/5339/4138 3104/5330/4134
f 2967/5261/4091 2963/5257/4087 3095/5332/4135 3096/5340/4139
f 2964/5258/4088 2968/5262/4092 3091/5341/4140 3092/5333/4136
f 2969/5342/4093 2965/5334/4089 3083/5337/4137 3084/5343/4141
f 2966/5260/4090 2970/5264/4094 3102/5344/4142 3103/5345/4138
f 2971/5346/4095 2967/5347/4091 3096/5348/4139 3097/5349/4143
f 2968/5350/4092 2972/5351/4096 3090/5352/4144 3091/5353/4140
f 2973/5267/4097 2969/5263/4093 3084/5354/4141 3085/5355/4145
f 2970/5356/4094 2974/5357/4098 3101/5358/4146 3102/5359/4142
usemtl openPBRSurface9SG
f 3033/5270/4100 3032/5269/4099 3099/5360/4147 3100/5361/4148
usemtl openPBRSurface1SG
f 2975/5362/4101 2971/5346/4095 3097/5349/4143 3098/5363/4149
f 2972/5351/4096 2976/5364/4102 3089/5365/4150 3090/5352/4144
usemtl openPBRSurface9SG
f 3053/5274/4104 3052/5273/4103 3087/5366/4151 3088/5367/4152
usemtl openPBRSurface1SG
f 2977/5368/4105 2973/5369/4097 3085/5370/4145 3086/5371/4153
usemtl openPBRSurface9SG
f 2850/5372/3947 2851/5373/3946 3019/5374/3875 3018/5375/3874
f 2852/5376/3951 2853/5377/3950 3021/5378/3877 3020/5379/3876
f 2851/5373/3946 2875/5380/3981 3022/5381/3979 3019/5374/3875
f 2874/5382/3978 2852/5376/3951 3020/5379/3876 3023/5383/3980
f 2853/5377/3950 2895/5384/4005 3024/5385/4003 3021/5378/3877
f 2894/5386/4002 2850/5372/3947 3018/5375/3874 3025/5387/4004
f 2875/5380/3981 2915/5388/4029 3026/5389/4027 3022/5381/3979
f 2914/5390/4026 2874/5382/3978 3023/5383/3980 3027/5391/4028
f 2895/5384/4005 2935/5392/4053 3028/5393/4051 3024/5385/4003
f 2934/5394/4050 2894/5386/4002 3025/5387/4004 3029/5395/4052
f 2915/5388/4029 2955/5396/4077 3030/5397/4075 3026/5389/4027
f 2954/5308/4074 2914/5390/4026 3027/5391/4028 3031/5398/4076
f 2935/5392/4053 2975/5362/4101 3032/5399/4099 3028/5393/4051
f 2974/5400/4098 2934/5394/4050 3029/5395/4052 3033/5401/4100
f 2955/5402/4077 3063/5403/4125 3064/5404/4123 3030/5405/4075
f 2995/5119/3949 2994/5118/3948 3035/5406/4154 3034/5407/4155
f 3065/5408/4124 3066/5309/4122 2954/5308/4074 3031/5398/4076
f 2975/5362/4101 3098/5363/4149 3099/5409/4147 3032/5399/4099
f 3015/5123/3953 3014/5122/3952 3037/5410/4156 3036/5411/4157
f 3100/5412/4148 3101/5413/4146 2974/5414/4098 3033/5415/4100
f 2854/5416/3955 2855/5417/3954 3039/5418/3883 3038/5419/3882
f 2856/5420/3959 2857/5421/3958 3041/5422/3885 3040/5423/3884
f 2855/5417/3954 2877/5424/3985 3042/5425/3983 3039/5418/3883
f 2876/5426/3982 2856/5420/3959 3040/5423/3884 3043/5427/3984
f 2857/5421/3958 2897/5428/4009 3044/5429/4007 3041/5422/3885
f 2896/5430/4006 2854/5416/3955 3038/5419/3882 3045/5431/4008
f 2877/5424/3985 2917/5432/4033 3046/5433/4031 3042/5425/3983
f 2916/5434/4030 2876/5426/3982 3043/5427/3984 3047/5435/4032
f 2897/5428/4009 2937/5436/4057 3048/5437/4055 3044/5429/4007
f 2936/5438/4054 2896/5430/4006 3045/5431/4008 3049/5439/4056
f 2917/5432/4033 2957/5322/4081 3050/5440/4079 3046/5433/4031
f 2956/5441/4078 2916/5434/4030 3047/5435/4032 3051/5442/4080
f 2937/5436/4057 2977/5443/4105 3052/5444/4103 3048/5437/4055
f 2976/5364/4102 2936/5438/4054 3049/5439/4056 3053/5445/4104
f 2957/5322/4081 3075/5323/4129 3076/5446/4127 3050/5440/4079
f 2997/5127/3957 2996/5126/3956 3055/5447/4158 3054/5448/4159
f 3077/5449/4128 3078/5450/4126 2956/5451/4078 3051/5452/4080
f 2977/5453/4105 3086/5454/4153 3087/5455/4151 3052/5456/4103
f 3017/5131/3961 3016/5130/3960 3057/5457/4160 3056/5458/4161
f 3088/5459/4152 3089/5365/4150 2976/5364/4102 3053/5445/4104
usemtl openPBRSurface1SG
f 3059/5277/4107 3058/5276/4106 2978/5460/3891 2979/5461/3890
f 3060/5284/4111 3059/5283/4107 2979/5060/3890 2983/5071/3901
f 3061/5300/4115 3060/5462/4111 2983/5463/3901 2987/5464/3917
f 3062/5301/4119 3061/5300/4115 2987/5464/3917 2991/5465/3933
f 3063/5315/4125 3062/5314/4119 2991/5466/3933 2995/5467/3949
usemtl openPBRSurface9SG
f 3064/5404/4123 3063/5403/4125 2995/5119/3949 3034/5407/4155
f 3065/5311/4124 3064/5310/4123 3034/5468/4155 3035/5469/4154
f 2994/5470/3948 3066/5309/4122 3065/5408/4124 3035/5471/4154
usemtl openPBRSurface1SG
f 3067/5298/4118 3066/5309/4122 2994/5470/3948 2990/5472/3932
f 3068/5290/4114 3067/5473/4118 2990/5474/3932 2986/5475/3916
f 3069/5280/4110 3068/5290/4114 2986/5475/3916 2982/5476/3900
f 3070/5278/4108 3069/5280/4110 2982/5476/3900 2981/5477/3893
f 3071/5279/4109 3070/5278/4108 2981/5477/3893 2980/5478/3892
f 3072/5289/4113 3071/5279/4109 2980/5478/3892 2985/5479/3909
f 3073/5295/4117 3072/5289/4113 2985/5479/3909 2989/5480/3925
f 3074/5481/4121 3073/5295/4117 2989/5480/3925 2993/5482/3941
f 3075/5323/4129 3074/5307/4121 2993/5483/3941 2997/5484/3957
usemtl openPBRSurface9SG
f 3076/5446/4127 3075/5323/4129 2997/5484/3957 3054/5485/4159
f 3077/5321/4128 3076/5320/4127 3054/5486/4159 3055/5487/4158
f 2996/5126/3956 3078/5450/4126 3077/5449/4128 3055/5447/4158
usemtl openPBRSurface1SG
f 3079/5319/4120 3078/5318/4126 2996/5488/3956 2992/5489/3940
f 3080/5303/4116 3079/5302/4120 2992/5490/3940 2988/5491/3924
f 3081/5492/4112 3080/5303/4116 2988/5491/3924 2984/5493/3908
f 3058/5288/4106 3081/5287/4112 2984/5078/3908 2978/5061/3891
f 3083/5337/4137 3082/5336/4131 2998/5064/3894 3005/5083/3913
f 3084/5354/4141 3083/5494/4137 3005/5495/3913 3009/5496/3929
f 3085/5355/4145 3084/5354/4141 3009/5496/3929 3013/5497/3945
f 3086/5371/4153 3085/5370/4145 3013/5498/3945 3017/5499/3961
usemtl openPBRSurface9SG
f 3087/5455/4151 3086/5454/4153 3017/5131/3961 3056/5458/4161
f 3088/5367/4152 3087/5366/4151 3056/5500/4161 3057/5501/4160
f 3016/5502/3960 3089/5365/4150 3088/5459/4152 3057/5503/4160
usemtl openPBRSurface1SG
f 3090/5352/4144 3089/5365/4150 3016/5502/3960 3012/5504/3944
f 3091/5341/4140 3090/5505/4144 3012/5506/3944 3008/5507/3928
f 3092/5333/4136 3091/5341/4140 3008/5507/3928 3004/5508/3912
f 3093/5326/4132 3092/5333/4136 3004/5508/3912 3001/5509/3897
f 3094/5327/4133 3093/5326/4132 3001/5509/3897 3000/5510/3896
f 3095/5332/4135 3094/5327/4133 3000/5510/3896 3003/5511/3905
f 3096/5340/4139 3095/5332/4135 3003/5511/3905 3007/5512/3921
f 3097/5513/4143 3096/5340/4139 3007/5512/3921 3011/5514/3937
f 3098/5363/4149 3097/5349/4143 3011/5515/3937 3015/5516/3953
usemtl openPBRSurface9SG
f 3099/5409/4147 3098/5363/4149 3015/5516/3953 3036/5517/4157
f 3100/5361/4148 3099/5360/4147 3036/5518/4157 3037/5519/4156
f 3014/5122/3952 3101/5413/4146 3100/5412/4148 3037/5410/4156
usemtl openPBRSurface1SG
f 3102/5359/4142 3101/5358/4146 3014/5520/3952 3010/5521/3936
f 3103/5345/4138 3102/5344/4142 3010/5522/3936 3006/5523/3920
f 3104/5524/4134 3103/5345/4138 3006/5523/3920 3002/5525/3904
f 3105/5331/4130 3104/5330/4134 3002/5074/3904 2999/5065/3895
f 3082/5325/4131 3105/5324/4130 2999/5526/3895 2998/5527/3894
s off
usemtl openPBRSurface4SG
f 3124/5528/4162 3125/5529/4163 3126/5530/4164 3127/5531/4165
f 3125/5529/4166 3128/5532/4167 3129/5533/4168 3126/5530/4169
f 3128/5534/4170 3130/5535/4171 3131/5536/4172 3129/5537/4173
f 3130/5535/4174 3132/5538/4175 3133/5539/4176 3131/5536/4177
f 3132/5540/4178 3134/5541/4179 3135/5542/4180 3133/5543/4181
f 3134/5541/4182 3136/5544/4183 3137/5545/4184 3135/5542/4185
f 3136/5546/4186 3138/5547/4187 3139/5548/4188 3137/5549/4189
f 3138/5547/4190 3124/5550/4191 3127/5551/4192 3139/5548/4193
s 85
usemtl openPBRSurface5SG
f 3107/5552/4194 3106/5553/4195 3122/5554/4196
f 3108/5555/4197 3107/5552/4194 3122/5554/4196
usemtl openPBRSurface10SG
f 3109/5556/4198 3108/5555/4197 3122/5554/4196
f 3110/5557/4199 3109/5556/4198 3122/5554/4196
usemtl openPBRSurface5SG
f 3111/5558/4200 3110/5557/4199 3122/5554/4196
f 3112/5559/4201 3111/5558/4200 3122/5554/4196
usemtl openPBRSurface10SG
f 3113/5560/4202 3112/5559/4201 3122/5554/4196
f 3106/5553/4195 3113/5560/4202 3122/5554/4196
s 86
usemtl openPBRSurface5SG
f 3114/5561/4203 3115/5562/4204 3123/5563/4205
f 3115/5562/4204 3116/5564/4206 3123/5563/4205
usemtl openPBRSurface10SG
f 3116/5564/4206 3117/5565/4207 3123/5563/4205
f 3117/5565/4207 3118/5566/4208 3123/5563/4205
usemtl openPBRSurface5SG
f 3118/5566/4208 3119/5567/4209 3123/5563/4205
f 3119/5567/4209 3120/5568/4210 3123/5563/4205
usemtl openPBRSurface10SG
f 3120/5568/4210 3121/5569/4211 3123/5563/4205
f 3121/5569/4211 3114/5561/4203 3123/5563/4205
s off
usemtl openPBRSurface4SG
f 3140/5570/4212 3141/5571/4213 3142/5572/4214 3143/5573/4215
f 3157/5574/4216 3156/5575/4217 3158/5576/4218 3159/5577/4219
f 3141/5571/4220 3144/5578/4221 3145/5579/4222 3142/5572/4223
f 3160/5580/4224 3157/5574/4225 3159/5577/4226 3161/5581/4227
f 3144/5578/4228 3146/5582/4229 3147/5583/4230 3145/5579/4231
f 3162/5584/4232 3160/5580/4233 3161/5581/4234 3163/5585/4235
f 3146/5582/4236 3148/5586/4237 3149/5587/4238 3147/5583/4239
f 3164/5588/4240 3162/5584/4241 3163/5585/4242 3165/5589/4243
f 3148/5586/4244 3150/5590/4245 3151/5591/4246 3149/5587/4247
f 3166/5592/4248 3164/5588/4249 3165/5589/4250 3167/5593/4251
f 3150/5590/4252 3152/5594/4253 3153/5595/4254 3151/5591/4255
f 3168/5596/4256 3166/5592/4257 3167/5593/4258 3169/5597/4259
f 3152/5594/4260 3154/5598/4261 3155/5599/4262 3153/5595/4263
f 3170/5600/4264 3168/5596/4265 3169/5597/4266 3171/5601/4267
f 3154/5598/4268 3140/5570/4269 3143/5573/4270 3155/5599/4271
f 3156/5575/4272 3170/5600/4273 3171/5601/4274 3158/5576/4275
f 3106/5602/4276 3107/5603/4277 3141/5604/4278 3140/5605/4279
f 3125/5529/4280 3124/5528/4281 3143/5606/4282 3142/5607/4283
f 3107/5603/4284 3108/5608/4285 3144/5609/4286 3141/5604/4287
f 3128/5532/4288 3125/5529/4289 3142/5607/4290 3145/5610/4291
f 3108/5611/4292 3109/5612/4293 3146/5613/4294 3144/5614/4295
f 3130/5535/4296 3128/5534/4297 3145/5615/4298 3147/5616/4299
f 3109/5612/4300 3110/5617/4301 3148/5618/4302 3146/5613/4303
f 3132/5538/4304 3130/5535/4305 3147/5616/4306 3149/5619/4307
f 3110/5620/4308 3111/5621/4309 3150/5622/4310 3148/5623/4311
f 3134/5541/4312 3132/5540/4313 3149/5624/4314 3151/5625/4315
f 3111/5621/4316 3112/5626/4317 3152/5627/4318 3150/5622/4319
f 3136/5544/4320 3134/5541/4321 3151/5625/4322 3153/5628/4323
f 3112/5629/4324 3113/5630/4325 3154/5631/4326 3152/5632/4327
f 3138/5547/4328 3136/5546/4329 3153/5633/4330 3155/5634/4331
f 3113/5630/4332 3106/5635/4333 3140/5636/4334 3154/5631/4335
f 3124/5550/4336 3138/5547/4337 3155/5634/4338 3143/5637/4339
f 3115/5638/4340 3114/5639/4341 3156/5640/4342 3157/5641/4343
f 3127/5531/4344 3126/5530/4345 3159/5642/4346 3158/5643/4347
f 3116/5644/4348 3115/5638/4349 3157/5641/4350 3160/5645/4351
f 3126/5530/4352 3129/5533/4353 3161/5646/4354 3159/5642/4355
f 3117/5647/4356 3116/5648/4357 3160/5649/4358 3162/5650/4359
f 3129/5537/4360 3131/5536/4361 3163/5651/4362 3161/5652/4363
f 3118/5653/4364 3117/5647/4365 3162/5650/4366 3164/5654/4367
f 3131/5536/4368 3133/5539/4369 3165/5655/4370 3163/5651/4371
f 3119/5656/4372 3118/5657/4373 3164/5658/4374 3166/5659/4375
f 3133/5543/4376 3135/5542/4377 3167/5660/4378 3165/5661/4379
f 3120/5662/4380 3119/5656/4381 3166/5659/4382 3168/5663/4383
f 3135/5542/4384 3137/5545/4385 3169/5664/4386 3167/5660/4387
f 3121/5665/4388 3120/5666/4389 3168/5667/4390 3170/5668/4391
f 3137/5549/4392 3139/5548/4393 3171/5669/4394 3169/5670/4395
f 3114/5671/4396 3121/5665/4397 3170/5668/4398 3156/5672/4399
f 3139/5548/4400 3127/5551/4401 3158/5673/4402 3171/5669/4403
f 3190/5674/4404 3191/5675/4405 3192/5676/4406 3193/5677/4407
f 3191/5675/4408 3194/5678/4409 3195/5679/4410 3192/5676/4411
f 3194/5680/4412 3196/5681/4413 3197/5682/4414 3195/5683/4415
f 3196/5681/4416 3198/5684/4417 3199/5685/4418 3197/5682/4419
f 3198/5686/4420 3200/5687/4421 3201/5688/4422 3199/5689/4423
f 3200/5687/4424 3202/5690/4425 3203/5691/4426 3201/5688/4427
f 3202/5692/4428 3204/5693/4429 3205/5694/4430 3203/5695/4431
f 3204/5693/4432 3190/5696/4433 3193/5697/4434 3205/5694/4435
s 87
usemtl openPBRSurface5SG
f 3173/5698/4436 3172/5699/4437 3188/5700/4438
f 3174/5701/4439 3173/5698/4436 3188/5700/4438
usemtl openPBRSurface10SG
f 3175/5702/4440 3174/5701/4439 3188/5700/4438
f 3176/5703/4441 3175/5702/4440 3188/5700/4438
usemtl openPBRSurface5SG
f 3177/5704/4442 3176/5703/4441 3188/5700/4438
f 3178/5705/4443 3177/5704/4442 3188/5700/4438
usemtl openPBRSurface10SG
f 3179/5706/4444 3178/5705/4443 3188/5700/4438
f 3172/5699/4437 3179/5706/4444 3188/5700/4438
s 88
usemtl openPBRSurface5SG
f 3180/5707/4445 3181/5708/4446 3189/5709/4447
f 3181/5708/4446 3182/5710/4448 3189/5709/4447
usemtl openPBRSurface10SG
f 3182/5710/4448 3183/5711/4449 3189/5709/4447
f 3183/5711/4449 3184/5712/4450 3189/5709/4447
usemtl openPBRSurface5SG
f 3184/5712/4450 3185/5713/4451 3189/5709/4447
f 3185/5713/4451 3186/5714/4452 3189/5709/4447
usemtl openPBRSurface10SG
f 3186/5714/4452 3187/5715/4453 3189/5709/4447
f 3187/5715/4453 3180/5707/4445 3189/5709/4447
s off
usemtl openPBRSurface4SG
f 3206/5716/4454 3207/5717/4455 3208/5718/4456 3209/5719/4457
f 3223/5720/4458 3222/5721/4459 3224/5722/4460 3225/5723/4461
f 3207/5717/4462 3210/5724/4463 3211/5725/4464 3208/5718/4465
f 3226/5726/4466 3223/5720/4467 3225/5723/4468 3227/5727/4469
f 3210/5724/4470 3212/5728/4471 3213/5729/4472 3211/5725/4473
f 3228/5730/4474 3226/5726/4475 3227/5727/4476 3229/5731/4477
f 3212/5728/4478 3214/5732/4479 3215/5733/4480 3213/5729/4481
f 3230/5734/4482 3228/5730/4483 3229/5731/4484 3231/5735/4485
f 3214/5732/4486 3216/5736/4487 3217/5737/4488 3215/5733/4489
f 3232/5738/4490 3230/5734/4491 3231/5735/4492 3233/5739/4493
f 3216/5736/4494 3218/5740/4495 3219/5741/4496 3217/5737/4497
f 3234/5742/4498 3232/5738/4499 3233/5739/4500 3235/5743/4501
f 3218/5740/4502 3220/5744/4503 3221/5745/4504 3219/5741/4505
f 3236/5746/4506 3234/5742/4507 3235/5743/4508 3237/5747/4509
f 3220/5744/4510 3206/5716/4511 3209/5719/4512 3221/5745/4513
f 3222/5721/4514 3236/5746/4515 3237/5747/4516 3224/5722/4517
f 3172/5748/4518 3173/5749/4519 3207/5750/4520 3206/5751/4521
f 3191/5675/4522 3190/5674/4523 3209/5752/4524 3208/5753/4525
f 3173/5749/4526 3174/5754/4527 3210/5755/4528 3207/5750/4529
f 3194/5678/4530 3191/5675/4531 3208/5753/4532 3211/5756/4533
f 3174/5757/4534 3175/5758/4535 3212/5759/4536 3210/5760/4537
f 3196/5681/4538 3194/5680/4539 3211/5761/4540 3213/5762/4541
f 3175/5758/4542 3176/5763/4543 3214/5764/4544 3212/5759/4545
f 3198/5684/4546 3196/5681/4547 3213/5762/4548 3215/5765/4549
f 3176/5766/4550 3177/5767/4551 3216/5768/4552 3214/5769/4553
f 3200/5687/4554 3198/5686/4555 3215/5770/4556 3217/5771/4557
f 3177/5767/4558 3178/5772/4559 3218/5773/4560 3216/5768/4561
f 3202/5690/4562 3200/5687/4563 3217/5771/4564 3219/5774/4565
f 3178/5775/4566 3179/5776/4567 3220/5777/4568 3218/5778/4569
f 3204/5693/4570 3202/5692/4571 3219/5779/4572 3221/5780/4573
f 3179/5776/4574 3172/5781/4575 3206/5782/4576 3220/5777/4577
f 3190/5696/4578 3204/5693/4579 3221/5780/4580 3209/5783/4581
f 3181/5784/4582 3180/5785/4583 3222/5786/4584 3223/5787/4585
f 3193/5677/4586 3192/5676/4587 3225/5788/4588 3224/5789/4589
f 3182/5790/4590 3181/5784/4591 3223/5787/4592 3226/5791/4593
f 3192/5676/4594 3195/5679/4595 3227/5792/4596 3225/5788/4597
f 3183/5793/4598 3182/5794/4599 3226/5795/4600 3228/5796/4601
f 3195/5683/4602 3197/5682/4603 3229/5797/4604 3227/5798/4605
f 3184/5799/4606 3183/5793/4607 3228/5796/4608 3230/5800/4609
f 3197/5682/4610 3199/5685/4611 3231/5801/4612 3229/5797/4613
f 3185/5802/4614 3184/5803/4615 3230/5804/4616 3232/5805/4617
f 3199/5689/4618 3201/5688/4619 3233/5806/4620 3231/5807/4621
f 3186/5808/4622 3185/5802/4623 3232/5805/4624 3234/5809/4625
f 3201/5688/4626 3203/5691/4627 3235/5810/4628 3233/5806/4629
f 3187/5811/4630 3186/5812/4631 3234/5813/4632 3236/5814/4633
f 3203/5695/4634 3205/5694/4635 3237/5815/4636 3235/5816/4637
f 3180/5817/4638 3187/5811/4639 3236/5814/4640 3222/5818/4641
f 3205/5694/4642 3193/5697/4643 3224/5819/4644 3237/5815/4645
usemtl openPBRSurface1SG
f 3238/5820/4646 3239/5821/4647 3241/5822/4648 3240/5823/4649
f 3240/5824/4650 3241/5825/4651 3343/5826/4652 3342/5827/4653
f 3266/5828/4654 3370/5829/4655 3371/5830/4656 3267/5831/4657
f 3239/5832/4658 3345/5833/4659 3346/5834/4660 3242/5835/4661
f 3241/5822/4662 3239/5821/4663 3242/5836/4664 3243/5837/4665
f 3238/5820/4666 3240/5823/4667 3245/5838/4668 3244/5839/4669
f 3240/5824/4670 3342/5827/4671 3349/5840/4672 3245/5841/4673
f 3242/5835/4674 3346/5834/4675 3350/5842/4676 3246/5843/4677
f 3243/5837/4678 3242/5836/4679 3246/5844/4680 3247/5845/4681
f 3244/5839/4682 3245/5838/4683 3249/5846/4684 3248/5847/4685
f 3245/5848/4686 3349/5849/4687 3353/5850/4688 3249/5851/4689
f 3246/5852/4690 3350/5853/4691 3354/5854/4692 3250/5855/4693
f 3247/5845/4694 3246/5844/4695 3250/5856/4696 3251/5857/4697
f 3248/5847/4698 3249/5846/4699 3253/5858/4700 3252/5859/4701
f 3249/5851/4702 3353/5850/4703 3357/5860/4704 3253/5861/4705
f 3250/5855/4706 3354/5854/4707 3358/5862/4708 3254/5863/4709
f 3251/5857/4710 3250/5856/4711 3254/5864/4712 3255/5865/4713
f 3252/5859/4714 3253/5858/4715 3257/5866/4716 3256/5867/4717
f 3253/5861/4718 3357/5860/4719 3361/5868/4720 3257/5869/4721
f 3254/5863/4722 3358/5862/4723 3362/5870/4724 3258/5871/4725
f 3255/5865/4726 3254/5864/4727 3258/5872/4728 3259/5873/4729
f 3256/5867/4730 3257/5866/4731 3261/5874/4732 3260/5875/4733
f 3257/5869/4734 3361/5868/4735 3365/5876/4736 3261/5877/4737
f 3258/5871/4738 3362/5870/4739 3366/5878/4740 3262/5879/4741
f 3259/5873/4742 3258/5872/4743 3262/5880/4744 3263/5881/4745
f 3260/5875/4746 3261/5874/4747 3265/5882/4748 3264/5883/4749
f 3261/5877/4750 3365/5876/4751 3369/5884/4752 3265/5885/4753
f 3263/5881/4754 3262/5880/4755 3488/5886/4756 3489/5887/4757
f 3264/5883/4758 3265/5882/4759 3269/5888/4760 3268/5889/4761
f 3265/5885/4762 3369/5884/4763 3373/5890/4764 3269/5891/4765
f 3264/5883/4766 3268/5889/4767 3271/5892/4768 3270/5893/4769
f 3268/5894/4770 3372/5895/4771 3375/5896/4772 3271/5897/4773
f 3527/5898/4774 3528/5899/4775 3338/5900/4776 3340/5901/4777
f 3262/5902/4778 3366/5903/4779 3377/5904/4780 3273/5905/4781
f 3537/5906/4782 3488/5907/4783 3262/5908/4784 3274/5909/4785
f 3262/5910/4786 3273/5911/4787 3276/5912/4788 3274/5913/4789
f 3273/5914/4790 3517/5915/4791 3518/5916/4792 3276/5917/4793
f 3272/5918/4794 3266/5919/4795 3275/5920/4796 3277/5921/4797
f 3536/5922/4798 3537/5906/4799 3274/5909/4800 3278/5923/4801
f 3274/5924/4802 3276/5925/4803 3280/5926/4804 3278/5927/4805
f 3276/5917/4806 3518/5916/4807 3519/5928/4808 3280/5929/4809
f 3277/5921/4810 3275/5920/4811 3279/5930/4812 3281/5931/4813
f 3535/5932/4814 3536/5922/4815 3278/5923/4816 3282/5933/4817
f 3278/5927/4818 3280/5926/4819 3284/5934/4820 3282/5935/4821
f 3280/5929/4822 3519/5928/4823 3520/5936/4824 3284/5937/4825
f 3299/5938/4826 3298/5939/4827 3300/5940/4828 3301/5941/4829
f 3281/5942/4830 3279/5943/4831 3286/5944/4832 3287/5945/4833
f 3279/5946/4834 3283/5947/4835 3288/5948/4836 3286/5949/4837
f 3283/5950/4838 3285/5951/4839 3289/5952/4840 3288/5953/4841
f 3285/5954/4842 3281/5955/4843 3287/5956/4844 3289/5957/4845
f 3287/5945/4846 3286/5944/4847 3290/5958/4848 3291/5959/4849
f 3286/5949/4850 3288/5948/4851 3292/5960/4852 3290/5961/4853
f 3288/5962/4854 3289/5963/4855 3293/5964/4856 3292/5965/4857
f 3289/5957/4858 3287/5956/4859 3291/5966/4860 3293/5967/4861
f 3291/5959/4862 3290/5958/4863 3294/5968/4864 3295/5969/4865
f 3290/5961/4866 3292/5960/4867 3296/5970/4868 3294/5971/4869
f 3292/5965/4870 3293/5964/4871 3297/5972/4872 3296/5973/4873
f 3293/5967/4874 3291/5966/4875 3295/5974/4876 3297/5975/4877
f 3295/5969/4878 3294/5968/4879 3298/5976/4880 3299/5977/4881
f 3294/5971/4882 3296/5970/4883 3300/5978/4884 3298/5979/4885
f 3296/5973/4886 3297/5972/4887 3301/5980/4888 3300/5981/4889
f 3297/5975/4890 3295/5974/4891 3299/5982/4892 3301/5983/4893
f 3534/5984/4894 3535/5932/4895 3282/5933/4896 3302/5985/4897
f 3282/5935/4898 3284/5934/4899 3304/5986/4900 3302/5987/4901
f 3284/5937/4902 3520/5936/4903 3521/5988/4904 3304/5989/4905
f 3285/5951/4906 3283/5950/4907 3303/5990/4908 3305/5991/4909
f 3533/5992/4910 3534/5984/4911 3302/5985/4912 3306/5993/4913
f 3302/5987/4914 3304/5986/4915 3308/5994/4916 3306/5995/4917
f 3304/5989/4918 3521/5988/4919 3522/5996/4920 3308/5997/4921
f 3319/5998/4922 3318/5999/4923 3320/6000/4924 3321/6001/4925
f 3305/5991/4926 3303/5990/4927 3310/6002/4928 3311/6003/4929
f 3303/6004/4930 3307/6005/4931 3312/6006/4932 3310/6007/4933
f 3307/6008/4934 3309/6009/4935 3313/6010/4936 3312/6011/4937
f 3309/6012/4938 3305/6013/4939 3311/6014/4940 3313/6015/4941
f 3311/6016/4942 3310/6017/4943 3314/6018/4944 3315/6019/4945
f 3310/6007/4946 3312/6006/4947 3316/6020/4948 3314/6021/4949
f 3312/6011/4950 3313/6010/4951 3317/6022/4952 3316/6023/4953
f 3313/6015/4954 3311/6014/4955 3315/6024/4956 3317/6025/4957
f 3315/6019/4958 3314/6018/4959 3318/6026/4960 3319/6027/4961
f 3314/6021/4962 3316/6020/4963 3320/6028/4964 3318/6029/4965
f 3316/6023/4966 3317/6022/4967 3321/6030/4968 3320/6031/4969
f 3317/6025/4970 3315/6024/4971 3319/6032/4972 3321/6033/4973
f 3532/6034/4974 3533/5992/4975 3306/5993/4976 3322/6035/4977
f 3306/5995/4978 3308/5994/4979 3324/6036/4980 3322/6037/4981
f 3308/5997/4982 3522/5996/4983 3523/6038/4984 3324/6039/4985
f 3309/6040/4986 3307/6041/4987 3323/6042/4988 3325/6043/4989
f 3531/6044/4990 3532/6034/4991 3322/6035/4992 3326/6045/4993
f 3322/6037/4994 3324/6036/4995 3328/6046/4996 3326/6047/4997
f 3324/6039/4998 3523/6038/4999 3524/6048/5000 3328/6049/5001
f 3325/6043/5002 3323/6042/5003 3327/6050/5004 3329/6051/5005
f 3530/6052/5006 3531/6044/5007 3326/6045/5008 3330/6053/5009
f 3326/6054/5010 3328/6055/5011 3332/6056/5012 3330/6057/5013
f 3328/6049/5014 3524/6048/5015 3525/6058/5016 3332/6059/5017
f 3329/6060/5018 3327/6061/5019 3331/6062/5020 3333/6063/5021
f 3529/6064/5022 3530/6052/5023 3330/6053/5024 3334/6065/5025
f 3330/6057/5026 3332/6056/5027 3336/6066/5028 3334/6067/5029
f 3332/6059/5030 3525/6058/5031 3526/6068/5032 3336/6069/5033
f 3333/6063/5034 3331/6062/5035 3335/6070/5036 3337/6071/5037
f 3528/6072/5038 3529/6064/5039 3334/6065/5040 3338/6073/5041
f 3334/6067/5042 3336/6066/5043 3340/6074/5044 3338/6075/5045
f 3336/6069/5046 3526/6068/5047 3527/6076/5048 3340/6077/5049
f 3337/6071/5050 3335/6070/5051 3339/6078/5052 3341/6079/5053
f 3344/6080/5054 3345/5833/5055 3239/5832/5056 3238/6081/5057
f 3373/6082/5058 3372/6083/5059 3268/6084/5060 3269/6085/5061
f 3347/6086/5062 3343/5826/5063 3241/5825/5064 3243/6087/5065
f 3348/6088/5066 3344/6080/5067 3238/6081/5068 3244/6089/5069
f 3351/6090/5070 3347/6091/5071 3243/6092/5072 3247/6093/5073
f 3352/6094/5074 3348/6088/5075 3244/6089/5076 3248/6095/5077
f 3355/6096/5078 3351/6090/5079 3247/6093/5080 3251/6097/5081
f 3356/6098/5082 3352/6099/5083 3248/6100/5084 3252/6101/5085
f 3359/6102/5086 3355/6096/5087 3251/6097/5088 3255/6103/5089
f 3360/6104/5090 3356/6098/5091 3252/6101/5092 3256/6105/5093
f 3363/6106/5094 3359/6102/5095 3255/6103/5096 3259/6107/5097
f 3364/6108/5098 3360/6104/5099 3256/6105/5100 3260/6109/5101
f 3367/6110/5102 3363/6106/5103 3259/6107/5104 3263/6111/5105
f 3368/6112/5106 3364/6108/5107 3260/6109/5108 3264/6113/5109
f 3489/6114/5110 3490/6115/5111 3367/6110/5112 3263/6111/5113
f 3375/5896/5114 3374/6116/5115 3270/6117/5116 3271/5897/5117
f 3374/6118/5118 3368/6119/5119 3264/6120/5120 3270/6121/5121
f 3557/6122/5122 3556/6123/5123 3558/6124/5124 3559/6125/5125
f 3376/6126/5126 3370/6127/5127 3266/5919/5128 3272/5918/5129
f 3378/6128/5130 3380/6129/5131 3381/6130/5132 3379/6131/5133
f 3380/6132/5134 3342/5827/5135 3343/5826/5136 3381/6133/5137
f 3406/6134/5138 3407/6135/5139 3371/5830/5140 3370/5829/5141
f 3379/6136/5142 3382/6137/5143 3346/5834/5144 3345/5833/5145
f 3381/6130/5146 3383/6138/5147 3382/6139/5148 3379/6131/5149
f 3378/6128/5150 3384/6140/5151 3385/6141/5152 3380/6129/5153
f 3380/6132/5154 3385/6142/5155 3349/5840/5156 3342/5827/5157
f 3382/6137/5158 3386/6143/5159 3350/5842/5160 3346/5834/5161
f 3383/6138/5162 3387/6144/5163 3386/6145/5164 3382/6139/5165
f 3384/6140/5166 3388/6146/5167 3389/6147/5168 3385/6141/5169
f 3385/6148/5170 3389/6149/5171 3353/5850/5172 3349/5849/5173
f 3386/6150/5174 3390/6151/5175 3354/5854/5176 3350/5853/5177
f 3387/6144/5178 3391/6152/5179 3390/6153/5180 3386/6145/5181
f 3388/6146/5182 3392/6154/5183 3393/6155/5184 3389/6147/5185
f 3389/6149/5186 3393/6156/5187 3357/5860/5188 3353/5850/5189
f 3390/6151/5190 3394/6157/5191 3358/5862/5192 3354/5854/5193
f 3391/6152/5194 3395/6158/5195 3394/6159/5196 3390/6153/5197
f 3392/6154/5198 3396/6160/5199 3397/6161/5200 3393/6155/5201
f 3393/6156/5202 3397/6162/5203 3361/5868/5204 3357/5860/5205
f 3394/6157/5206 3398/6163/5207 3362/5870/5208 3358/5862/5209
f 3395/6158/5210 3399/6164/5211 3398/6165/5212 3394/6159/5213
f 3396/6160/5214 3400/6166/5215 3401/6167/5216 3397/6161/5217
f 3397/6162/5218 3401/6168/5219 3365/5876/5220 3361/5868/5221
f 3398/6163/5222 3402/6169/5223 3366/5878/5224 3362/5870/5225
f 3399/6164/5226 3403/6170/5227 3402/6171/5228 3398/6165/5229
f 3400/6166/5230 3404/6172/5231 3405/6173/5232 3401/6167/5233
f 3401/6168/5234 3405/6174/5235 3369/5884/5236 3365/5876/5237
f 3403/6170/5238 3491/6175/5239 3492/6176/5240 3402/6171/5241
f 3404/6172/5242 3408/6177/5243 3409/6178/5244 3405/6173/5245
f 3405/6174/5246 3409/6179/5247 3373/5890/5248 3369/5884/5249
f 3404/6172/5250 3410/6180/5251 3411/6181/5252 3408/6177/5253
f 3408/6182/5254 3411/6183/5255 3375/5896/5256 3372/5895/5257
f 3502/6184/5258 3503/6185/5259 3480/6186/5260 3478/6187/5261
f 3402/6188/5262 3413/6189/5263 3377/5904/5264 3366/5903/5265
f 3492/6190/5266 3493/6191/5267 3414/6192/5268 3402/6193/5269
f 3402/6194/5270 3414/6195/5271 3416/6196/5272 3413/6197/5273
f 3413/6198/5274 3416/6199/5275 3512/6200/5276 3513/6201/5277
f 3412/6202/5278 3417/6203/5279 3415/6204/5280 3406/6205/5281
f 3493/6191/5282 3494/6206/5283 3418/6207/5284 3414/6192/5285
f 3414/6208/5286 3418/6209/5287 3420/6210/5288 3416/6211/5289
f 3416/6199/5290 3420/6212/5291 3511/6213/5292 3512/6200/5293
f 3417/6203/5294 3421/6214/5295 3419/6215/5296 3415/6204/5297
f 3494/6206/5298 3495/6216/5299 3422/6217/5300 3418/6207/5301
f 3418/6209/5302 3422/6218/5303 3424/6219/5304 3420/6210/5305
f 3420/6212/5306 3424/6220/5307 3510/6221/5308 3511/6213/5309
f 3439/6222/5310 3441/6223/5311 3440/6224/5312 3438/6225/5313
f 3421/6226/5314 3427/6227/5315 3426/6228/5316 3419/6229/5317
f 3419/6230/5318 3426/6231/5319 3428/6232/5320 3423/6233/5321
f 3423/6234/5322 3428/6235/5323 3429/6236/5324 3425/6237/5325
f 3425/6238/5326 3429/6239/5327 3427/6240/5328 3421/6241/5329
f 3427/6227/5330 3431/6242/5331 3430/6243/5332 3426/6228/5333
f 3426/6231/5334 3430/6244/5335 3432/6245/5336 3428/6232/5337
f 3428/6246/5338 3432/6247/5339 3433/6248/5340 3429/6249/5341
f 3429/6239/5342 3433/6250/5343 3431/6251/5344 3427/6240/5345
f 3431/6242/5346 3435/6252/5347 3434/6253/5348 3430/6243/5349
f 3430/6244/5350 3434/6254/5351 3436/6255/5352 3432/6245/5353
f 3432/6247/5354 3436/6256/5355 3437/6257/5356 3433/6248/5357
f 3433/6250/5358 3437/6258/5359 3435/6259/5360 3431/6251/5361
f 3435/6252/5362 3439/6260/5363 3438/6261/5364 3434/6253/5365
f 3434/6254/5366 3438/6262/5367 3440/6263/5368 3436/6255/5369
f 3436/6256/5370 3440/6264/5371 3441/6265/5372 3437/6257/5373
f 3437/6258/5374 3441/6266/5375 3439/6267/5376 3435/6259/5377
f 3495/6216/5378 3496/6268/5379 3442/6269/5380 3422/6217/5381
f 3422/6218/5382 3442/6270/5383 3444/6271/5384 3424/6219/5385
f 3424/6220/5386 3444/6272/5387 3509/6273/5388 3510/6221/5389
f 3425/6237/5390 3445/6274/5391 3443/6275/5392 3423/6234/5393
f 3496/6268/5394 3497/6276/5395 3446/6277/5396 3442/6269/5397
f 3442/6270/5398 3446/6278/5399 3448/6279/5400 3444/6271/5401
f 3444/6272/5402 3448/6280/5403 3508/6281/5404 3509/6273/5405
f 3459/6282/5406 3461/6283/5407 3460/6284/5408 3458/6285/5409
f 3445/6274/5410 3451/6286/5411 3450/6287/5412 3443/6275/5413
f 3443/6288/5414 3450/6289/5415 3452/6290/5416 3447/6291/5417
f 3447/6292/5418 3452/6293/5419 3453/6294/5420 3449/6295/5421
f 3449/6296/5422 3453/6297/5423 3451/6298/5424 3445/6299/5425
f 3451/6300/5426 3455/6301/5427 3454/6302/5428 3450/6303/5429
f 3450/6289/5430 3454/6304/5431 3456/6305/5432 3452/6290/5433
f 3452/6293/5434 3456/6306/5435 3457/6307/5436 3453/6294/5437
f 3453/6297/5438 3457/6308/5439 3455/6309/5440 3451/6298/5441
f 3455/6301/5442 3459/6310/5443 3458/6311/5444 3454/6302/5445
f 3454/6304/5446 3458/6312/5447 3460/6313/5448 3456/6305/5449
f 3456/6306/5450 3460/6314/5451 3461/6315/5452 3457/6307/5453
f 3457/6308/5454 3461/6316/5455 3459/6317/5456 3455/6309/5457
f 3497/6276/5458 3498/6318/5459 3462/6319/5460 3446/6277/5461
f 3446/6278/5462 3462/6320/5463 3464/6321/5464 3448/6279/5465
f 3448/6280/5466 3464/6322/5467 3507/6323/5468 3508/6281/5469
f 3449/6324/5470 3465/6325/5471 3463/6326/5472 3447/6327/5473
f 3498/6318/5474 3499/6328/5475 3466/6329/5476 3462/6319/5477
f 3462/6320/5478 3466/6330/5479 3468/6331/5480 3464/6321/5481
f 3464/6322/5482 3468/6332/5483 3506/6333/5484 3507/6323/5485
f 3465/6325/5486 3469/6334/5487 3467/6335/5488 3463/6326/5489
f 3499/6328/5490 3500/6336/5491 3470/6337/5492 3466/6329/5493
f 3466/6338/5494 3470/6339/5495 3472/6340/5496 3468/6341/5497
f 3468/6332/5498 3472/6342/5499 3505/6343/5500 3506/6333/5501
f 3469/6344/5502 3473/6345/5503 3471/6346/5504 3467/6347/5505
f 3500/6336/5506 3501/6348/5507 3474/6349/5508 3470/6337/5509
f 3470/6339/5510 3474/6350/5511 3476/6351/5512 3472/6340/5513
f 3472/6342/5514 3476/6352/5515 3504/6353/5516 3505/6343/5517
f 3473/6345/5518 3477/6354/5519 3475/6355/5520 3471/6346/5521
f 3501/6348/5522 3502/6356/5523 3478/6357/5524 3474/6349/5525
f 3474/6350/5526 3478/6358/5527 3480/6359/5528 3476/6351/5529
f 3476/6352/5530 3480/6360/5531 3503/6361/5532 3504/6353/5533
f 3477/6354/5534 3481/6362/5535 3479/6363/5536 3475/6355/5537
f 3344/6080/5538 3378/6364/5539 3379/6136/5540 3345/5833/5541
f 3373/6082/5542 3409/6365/5543 3408/6366/5544 3372/6083/5545
f 3347/6086/5546 3383/6367/5547 3381/6133/5548 3343/5826/5549
f 3348/6088/5550 3384/6368/5551 3378/6364/5552 3344/6080/5553
f 3351/6090/5554 3387/6369/5555 3383/6370/5556 3347/6091/5557
f 3352/6094/5558 3388/6371/5559 3384/6368/5560 3348/6088/5561
f 3355/6096/5562 3391/6372/5563 3387/6369/5564 3351/6090/5565
f 3356/6098/5566 3392/6373/5567 3388/6374/5568 3352/6099/5569
f 3359/6102/5570 3395/6375/5571 3391/6372/5572 3355/6096/5573
f 3360/6104/5574 3396/6376/5575 3392/6373/5576 3356/6098/5577
f 3363/6106/5578 3399/6377/5579 3395/6375/5580 3359/6102/5581
f 3364/6108/5582 3400/6378/5583 3396/6376/5584 3360/6104/5585
f 3367/6110/5586 3403/6379/5587 3399/6377/5588 3363/6106/5589
f 3368/6112/5590 3404/6380/5591 3400/6378/5592 3364/6108/5593
f 3490/6115/5594 3491/6381/5595 3403/6379/5596 3367/6110/5597
f 3375/5896/5598 3411/6183/5599 3410/6382/5600 3374/6116/5601
f 3374/6118/5602 3410/6383/5603 3404/6384/5604 3368/6119/5605
f 3557/6122/5606 3560/6385/5607 3561/6386/5608 3556/6123/5609
f 3376/6126/5610 3412/6202/5611 3406/6205/5612 3370/6127/5613
f 3617/6387/5614 3616/6388/5615 3484/6389/5616
f 3516/6390/5617 3517/6391/5618 3273/6392/5619 3485/6393/5620
f 3273/5905/5621 3377/5904/5622 3483/6394/5623 3485/6395/5624
f 3377/5904/5625 3413/6189/5626 3486/6396/5627 3483/6394/5628
f 3413/6397/5629 3513/6398/5630 3514/6399/5631 3486/6400/5632
f 3618/6401/5633 3619/6402/5634 3487/6403/5635
f 3489/5887/5636 3488/5886/5637 3266/6404/5638 3267/6405/5639
f 3371/5830/5640 3490/6115/5641 3489/6114/5642 3267/5831/5643
f 3371/5830/5644 3407/6135/5645 3491/6381/5646 3490/6115/5647
f 3492/6176/5648 3491/6175/5649 3407/6406/5650 3406/6407/5651
f 3406/6408/5652 3415/6409/5653 3493/6191/5654 3492/6190/5655
f 3415/6409/5656 3419/6230/5657 3494/6206/5658 3493/6191/5659
f 3419/6230/5660 3423/6233/5661 3495/6216/5662 3494/6206/5663
f 3423/6233/5664 3443/6288/5665 3496/6268/5666 3495/6216/5667
f 3443/6288/5668 3447/6291/5669 3497/6276/5670 3496/6268/5671
f 3447/6291/5672 3463/6410/5673 3498/6318/5674 3497/6276/5675
f 3463/6410/5676 3467/6411/5677 3499/6328/5678 3498/6318/5679
f 3467/6411/5680 3471/6412/5681 3500/6336/5682 3499/6328/5683
f 3471/6412/5684 3475/6413/5685 3501/6348/5686 3500/6336/5687
f 3475/6413/5688 3479/6414/5689 3502/6356/5690 3501/6348/5691
f 3479/6415/5692 3481/6416/5693 3503/6185/5694 3502/6184/5695
f 3504/6353/5696 3503/6361/5697 3481/6417/5698 3477/6418/5699
f 3505/6343/5700 3504/6353/5701 3477/6418/5702 3473/6419/5703
f 3506/6333/5704 3505/6343/5705 3473/6419/5706 3469/6420/5707
f 3507/6323/5708 3506/6333/5709 3469/6420/5710 3465/6421/5711
f 3508/6281/5712 3507/6323/5713 3465/6421/5714 3449/6296/5715
f 3509/6273/5716 3508/6281/5717 3449/6296/5718 3445/6299/5719
f 3510/6221/5720 3509/6273/5721 3445/6299/5722 3425/6238/5723
f 3511/6213/5724 3510/6221/5725 3425/6238/5726 3421/6241/5727
f 3512/6200/5728 3511/6213/5729 3421/6241/5730 3417/6422/5731
f 3513/6201/5732 3512/6200/5733 3417/6422/5734 3412/6423/5735
f 3620/6424/5736 3618/6425/5737 3487/6426/5738
f 3579/6427/5739 3578/6428/5740 3580/6429/5741 3581/6430/5742
f 3582/6431/5743 3579/6427/5744 3581/6430/5745 3583/6432/5746
f 3616/6433/5747 3621/6434/5748 3484/6435/5749
f 3518/5916/5750 3517/5915/5751 3272/6436/5752 3277/6437/5753
f 3519/5928/5754 3518/5916/5755 3277/6437/5756 3281/5955/5757
f 3520/5936/5758 3519/5928/5759 3281/5955/5760 3285/5954/5761
f 3521/5988/5762 3520/5936/5763 3285/5954/5764 3305/6013/5765
f 3522/5996/5766 3521/5988/5767 3305/6013/5768 3309/6012/5769
f 3523/6038/5770 3522/5996/5771 3309/6012/5772 3325/6438/5773
f 3524/6048/5774 3523/6038/5775 3325/6438/5776 3329/6439/5777
f 3525/6058/5778 3524/6048/5779 3329/6439/5780 3333/6440/5781
f 3526/6068/5782 3525/6058/5783 3333/6440/5784 3337/6441/5785
f 3527/6076/5786 3526/6068/5787 3337/6441/5788 3341/6442/5789
f 3339/6443/5790 3528/5899/5791 3527/5898/5792 3341/6444/5793
f 3335/6445/5794 3529/6064/5795 3528/6072/5796 3339/6446/5797
f 3331/6447/5798 3530/6052/5799 3529/6064/5800 3335/6445/5801
f 3327/6448/5802 3531/6044/5803 3530/6052/5804 3331/6447/5805
f 3323/6449/5806 3532/6034/5807 3531/6044/5808 3327/6448/5809
f 3307/6005/5810 3533/5992/5811 3532/6034/5812 3323/6449/5813
f 3303/6004/5814 3534/5984/5815 3533/5992/5816 3307/6005/5817
f 3283/5947/5818 3535/5932/5819 3534/5984/5820 3303/6004/5821
f 3279/5946/5822 3536/5922/5823 3535/5932/5824 3283/5947/5825
f 3275/6450/5826 3537/5906/5827 3536/5922/5828 3279/5946/5829
f 3266/6451/5830 3488/5907/5831 3537/5906/5832 3275/6450/5833
f 3515/6452/5834 3514/6453/5835 3538/6454/5836 3539/6455/5837
f 3622/6456/5838 3620/6457/5839 3487/6403/5840
f 3487/6403/5841 3619/6402/5842 3622/6456/5843
f 3516/6458/5844 3515/6452/5845 3539/6455/5846 3542/6459/5847
f 3623/6460/5848 3617/6387/5849 3484/6389/5850
f 3484/6389/5851 3621/6461/5852 3623/6460/5853
f 3515/6462/5854 3516/6463/5855 3546/6464/5856 3544/6465/5857
f 3516/6390/5858 3485/6393/5859 3547/6466/5860 3546/6467/5861
f 3485/6395/5862 3483/6394/5863 3545/6468/5864 3547/6469/5865
f 3483/6394/5866 3486/6396/5867 3548/6470/5868 3545/6468/5869
f 3486/6400/5870 3514/6399/5871 3549/6471/5872 3548/6472/5873
f 3514/6473/5874 3515/6462/5875 3544/6465/5876 3549/6474/5877
f 3544/6465/5878 3546/6464/5879 3552/6475/5880 3550/6476/5881
f 3546/6467/5882 3547/6466/5883 3553/6477/5884 3552/6478/5885
f 3547/6469/5886 3545/6468/5887 3551/6479/5888 3553/6480/5889
f 3545/6468/5890 3548/6470/5891 3554/6481/5892 3551/6479/5893
f 3548/6472/5894 3549/6471/5895 3555/6482/5896 3554/6483/5897
f 3549/6474/5898 3544/6465/5899 3550/6476/5900 3555/6484/5901
f 3550/6476/5902 3552/6475/5903 3558/6485/5904 3556/6486/5905
f 3563/6487/5906 3562/6488/5907 3564/6489/5908 3565/6490/5909
f 3553/6480/5910 3551/6479/5911 3557/6491/5912 3559/6492/5913
f 3551/6479/5914 3554/6481/5915 3560/6493/5916 3557/6491/5917
f 3566/6494/5918 3567/6495/5919 3568/6496/5920 3569/6497/5921
f 3555/6484/5922 3550/6476/5923 3556/6486/5924 3561/6498/5925
f 3552/6499/5926 3553/6500/5927 3562/6501/5928 3563/6502/5929
f 3553/6480/5930 3559/6492/5931 3564/6489/5932 3562/6488/5933
f 3559/6125/5934 3558/6124/5935 3565/6503/5936 3564/6504/5937
f 3609/6505/5938 3608/6506/5939 3610/6507/5940 3611/6508/5941
f 3554/6509/5942 3555/6510/5943 3567/6511/5944 3566/6512/5945
f 3612/6513/5946 3613/6514/5947 3614/6515/5948 3615/6516/5949
f 3561/6386/5950 3560/6385/5951 3569/6517/5952 3568/6518/5953
f 3560/6493/5954 3554/6481/5955 3566/6494/5956 3569/6497/5957
f 3558/6519/5958 3552/6520/5959 3570/6521/5960 3571/6522/5961
f 3552/6499/5962 3563/6502/5963 3572/6523/5964 3570/6524/5965
f 3563/6525/5966 3565/6526/5967 3573/6527/5968 3572/6528/5969
f 3565/6503/5970 3558/6124/5971 3571/6529/5972 3573/6530/5973
f 3555/6531/5974 3561/6532/5975 3575/6533/5976 3574/6534/5977
f 3561/6386/5978 3568/6518/5979 3576/6535/5980 3575/6536/5981
f 3568/6537/5982 3567/6538/5983 3577/6539/5984 3576/6540/5985
f 3567/6511/5986 3555/6510/5987 3574/6541/5988 3577/6542/5989
f 3539/6455/5990 3538/6454/5991 3578/6543/5992 3579/6544/5993
f 3584/6545/5994 3585/6546/5995 3586/6547/5996 3587/6548/5997
f 3540/6549/5998 3541/6550/5999 3581/6551/6000 3580/6552/6001
f 3542/6459/6002 3539/6455/6003 3579/6544/6004 3582/6553/6005
f 3541/6550/6006 3543/6554/6007 3583/6555/6008 3581/6551/6009
f 3589/6556/6010 3588/6557/6011 3590/6558/6012 3591/6559/6013
f 3538/6560/6014 3540/6561/6015 3585/6562/6016 3584/6563/6017
f 3540/6549/6018 3580/6552/6019 3586/6547/6020 3585/6546/6021
f 3580/6429/6022 3578/6428/6023 3587/6564/6024 3586/6565/6025
f 3601/6566/6026 3600/6567/6027 3602/6568/6028 3603/6569/6029
f 3543/6570/6030 3542/6571/6031 3588/6572/6032 3589/6573/6033
f 3604/6574/6034 3605/6575/6035 3606/6576/6036 3607/6577/6037
f 3582/6431/6038 3583/6432/6039 3591/6578/6040 3590/6579/6041
f 3583/6555/6042 3543/6554/6043 3589/6556/6044 3591/6559/6045
f 3578/6580/6046 3538/6581/6047 3592/6582/6048 3593/6583/6049
f 3538/6560/6050 3584/6563/6051 3594/6584/6052 3592/6585/6053
f 3584/6586/6054 3587/6587/6055 3595/6588/6056 3594/6589/6057
f 3587/6564/6058 3578/6428/6059 3593/6590/6060 3595/6591/6061
f 3542/6592/6062 3582/6593/6063 3597/6594/6064 3596/6595/6065
f 3582/6431/6066 3590/6579/6067 3598/6596/6068 3597/6597/6069
f 3590/6598/6070 3588/6599/6071 3599/6600/6072 3598/6601/6073
f 3588/6572/6074 3542/6571/6075 3596/6602/6076 3599/6603/6077
f 3593/6583/6078 3592/6582/6079 3600/6604/6080 3601/6605/6081
f 3592/6585/6082 3594/6584/6083 3602/6606/6084 3600/6607/6085
f 3594/6589/6086 3595/6588/6087 3603/6608/6088 3602/6609/6089
f 3595/6591/6090 3593/6590/6091 3601/6610/6092 3603/6611/6093
f 3596/6595/6094 3597/6594/6095 3605/6612/6096 3604/6613/6097
f 3597/6597/6098 3598/6596/6099 3606/6614/6100 3605/6615/6101
f 3598/6601/6102 3599/6600/6103 3607/6616/6104 3606/6617/6105
f 3599/6603/6106 3596/6602/6107 3604/6618/6108 3607/6619/6109
f 3571/6522/6110 3570/6521/6111 3608/6620/6112 3609/6621/6113
f 3570/6524/6114 3572/6523/6115 3610/6622/6116 3608/6623/6117
f 3572/6624/6118 3573/6625/6119 3611/6508/6120 3610/6507/6121
f 3573/6530/6122 3571/6529/6123 3609/6626/6124 3611/6627/6125
f 3574/6534/6126 3575/6533/6127 3613/6628/6128 3612/6629/6129
f 3575/6536/6130 3576/6535/6131 3614/6630/6132 3613/6631/6133
f 3576/6632/6134 3577/6633/6135 3615/6516/6136 3614/6515/6137
f 3577/6542/6138 3574/6541/6139 3612/6634/6140 3615/6635/6141
f 3623/6460/6142 3621/6461/6143 3516/6390/6144 3542/6636/6145 3543/6637/6146
f 3482/6638/6147 3617/6639/6148 3623/6640/6149 3543/6554/6150 3541/6550/6151
f 3376/6126/6152 3272/5918/6153 3616/6641/6154 3617/6639/6155 3482/6638/6156
f 3272/6642/6157 3517/6391/6158 3516/6390/6159 3621/6461/6160 3616/6643/6161
f 3514/6399/6162 3513/6398/6163 3412/6644/6164 3618/6645/6165 3620/6457/6166
f 3412/6202/6167 3376/6126/6168 3482/6638/6169 3619/6646/6170 3618/6647/6171
f 3622/6648/6172 3619/6646/6173 3482/6638/6174 3541/6550/6175 3540/6549/6176
f 3514/6399/6177 3620/6457/6178 3622/6456/6179 3540/6649/6180 3538/6650/6181
usemtl openPBRSurface4SG
f 3642/6651/6182 3643/6652/6183 3644/6653/6184 3645/6654/6185
f 3643/6652/6186 3646/6655/6187 3647/6656/6188 3644/6653/6189
f 3646/6657/6190 3648/6658/6191 3649/6659/6192 3647/6660/6193
f 3648/6658/6194 3650/6661/6195 3651/6662/6196 3649/6659/6197
f 3650/6663/6198 3652/6664/6199 3653/6665/6200 3651/6666/6201
f 3652/6664/6202 3654/6667/6203 3655/6668/6204 3653/6665/6205
f 3654/6669/6206 3656/6670/6207 3657/6671/6208 3655/6672/6209
f 3656/6670/6210 3642/6673/6211 3645/6674/6212 3657/6671/6213
s 89
usemtl openPBRSurface5SG
f 3625/6675/6214 3624/6676/6215 3640/6677/6216
f 3626/6678/6217 3625/6675/6214 3640/6677/6216
usemtl openPBRSurface10SG
f 3627/6679/6218 3626/6678/6217 3640/6677/6216
f 3628/6680/6219 3627/6679/6218 3640/6677/6216
usemtl openPBRSurface5SG
f 3629/6681/6220 3628/6680/6219 3640/6677/6216
f 3630/6682/6221 3629/6681/6220 3640/6677/6216
usemtl openPBRSurface10SG
f 3631/6683/6222 3630/6682/6221 3640/6677/6216
f 3624/6676/6215 3631/6683/6222 3640/6677/6216
s 90
usemtl openPBRSurface5SG
f 3632/6684/6223 3633/6685/6224 3641/6686/6225
f 3633/6685/6224 3634/6687/6226 3641/6686/6225
usemtl openPBRSurface10SG
f 3634/6687/6226 3635/6688/6227 3641/6686/6225
f 3635/6688/6227 3636/6689/6228 3641/6686/6225
usemtl openPBRSurface5SG
f 3636/6689/6228 3637/6690/6229 3641/6686/6225
f 3637/6690/6229 3638/6691/6230 3641/6686/6225
usemtl openPBRSurface10SG
f 3638/6691/6230 3639/6692/6231 3641/6686/6225
f 3639/6692/6231 3632/6684/6223 3641/6686/6225
s off
usemtl openPBRSurface4SG
f 3658/6693/6232 3659/6694/6233 3660/6695/6234 3661/6696/6235
f 3675/6697/6236 3674/6698/6237 3676/6699/6238 3677/6700/6239
f 3659/6694/6240 3662/6701/6241 3663/6702/6242 3660/6695/6243
f 3678/6703/6244 3675/6697/6245 3677/6700/6246 3679/6704/6247
f 3662/6701/6248 3664/6705/6249 3665/6706/6250 3663/6702/6251
f 3680/6707/6252 3678/6703/6253 3679/6704/6254 3681/6708/6255
f 3664/6705/6256 3666/6709/6257 3667/6710/6258 3665/6706/6259
f 3682/6711/6260 3680/6707/6261 3681/6708/6262 3683/6712/6263
f 3666/6709/6264 3668/6713/6265 3669/6714/6266 3667/6710/6267
f 3684/6715/6268 3682/6711/6269 3683/6712/6270 3685/6716/6271
f 3668/6713/6272 3670/6717/6273 3671/6718/6274 3669/6714/6275
f 3686/6719/6276 3684/6715/6277 3685/6716/6278 3687/6720/6279
f 3670/6717/6280 3672/6721/6281 3673/6722/6282 3671/6718/6283
f 3688/6723/6284 3686/6719/6285 3687/6720/6286 3689/6724/6287
f 3672/6721/6288 3658/6693/6289 3661/6696/6290 3673/6722/6291
f 3674/6698/6292 3688/6723/6293 3689/6724/6294 3676/6699/6295
f 3624/6725/6296 3625/6726/6297 3659/6727/6298 3658/6728/6299
f 3643/6652/6300 3642/6651/6301 3661/6729/6302 3660/6730/6303
f 3625/6726/6304 3626/6731/6305 3662/6732/6306 3659/6727/6307
f 3646/6655/6308 3643/6652/6309 3660/6730/6310 3663/6733/6311
f 3626/6734/6312 3627/6735/6313 3664/6736/6314 3662/6737/6315
f 3648/6658/6316 3646/6657/6317 3663/6738/6318 3665/6739/6319
f 3627/6735/6320 3628/6740/6321 3666/6741/6322 3664/6736/6323
f 3650/6661/6324 3648/6658/6325 3665/6739/6326 3667/6742/6327
f 3628/6743/6328 3629/6744/6329 3668/6745/6330 3666/6746/6331
f 3652/6664/6332 3650/6663/6333 3667/6747/6334 3669/6748/6335
f 3629/6744/6336 3630/6749/6337 3670/6750/6338 3668/6745/6339
f 3654/6667/6340 3652/6664/6341 3669/6748/6342 3671/6751/6343
f 3630/6752/6344 3631/6753/6345 3672/6754/6346 3670/6755/6347
f 3656/6670/6348 3654/6669/6349 3671/6756/6350 3673/6757/6351
f 3631/6753/6352 3624/6758/6353 3658/6759/6354 3672/6754/6355
f 3642/6673/6356 3656/6670/6357 3673/6757/6358 3661/6760/6359
f 3633/6761/6360 3632/6762/6361 3674/6763/6362 3675/6764/6363
f 3645/6654/6364 3644/6653/6365 3677/6765/6366 3676/6766/6367
f 3634/6767/6368 3633/6761/6369 3675/6764/6370 3678/6768/6371
f 3644/6653/6372 3647/6656/6373 3679/6769/6374 3677/6765/6375
f 3635/6770/6376 3634/6771/6377 3678/6772/6378 3680/6773/6379
f 3647/6660/6380 3649/6659/6381 3681/6774/6382 3679/6775/6383
f 3636/6776/6384 3635/6770/6385 3680/6773/6386 3682/6777/6387
f 3649/6659/6388 3651/6662/6389 3683/6778/6390 3681/6774/6391
f 3637/6779/6392 3636/6780/6393 3682/6781/6394 3684/6782/6395
f 3651/6666/6396 3653/6665/6397 3685/6783/6398 3683/6784/6399
f 3638/6785/6400 3637/6779/6401 3684/6782/6402 3686/6786/6403
f 3653/6665/6404 3655/6668/6405 3687/6787/6406 3685/6783/6407
f 3639/6788/6408 3638/6789/6409 3686/6790/6410 3688/6791/6411
f 3655/6672/6412 3657/6671/6413 3689/6792/6414 3687/6793/6415
f 3632/6794/6416 3639/6788/6417 3688/6791/6418 3674/6795/6419
f 3657/6671/6420 3645/6674/6421 3676/6796/6422 3689/6792/6423
s 91
usemtl openPBRSurface2SG
f 3690/6797/6424 3810/6798/6425 3837/6799/6426 3691/6800/6427
f 3692/6801/6428 3694/6802/6429 3695/6803/6430 3693/6804/6431
f 3811/6805/6432 3696/6806/6433 3697/6807/6434 3812/6808/6435
f 3696/6809/6433 3690/6810/6424 3691/6811/6427 3697/6812/6434
f 4187/6813/6436 4189/6814/6437 4188/6815/6438 4186/6816/6439
f 3992/6817/6440 3995/6818/6441 3994/6819/6442 3993/6820/6443
f 3691/6821/6427 3699/6822/6444 3698/6823/6445 3697/6824/6434
f 3697/6807/6434 3698/6825/6445 3813/6826/6446 3812/6808/6435
f 3695/6803/6430 3700/6827/6447 3701/6828/6448 3693/6804/6431
f 3836/6829/6449 3699/6830/6444 3691/6800/6427 3837/6799/6426
f 3699/6831/6444 3703/6832/6450 3702/6833/6451 3698/6834/6445
f 3698/6825/6445 3702/6835/6451 3814/6836/6452 3813/6826/6446
f 3700/6827/6447 3704/6837/6453 3705/6838/6454 3701/6828/6448
f 3835/6839/6455 3703/6840/6450 3699/6830/6444 3836/6829/6449
f 3703/6832/6450 3707/6841/6456 3706/6842/6457 3702/6833/6451
f 3702/6835/6451 3706/6843/6457 3815/6844/6458 3814/6836/6452
f 3739/6845/6459 3741/6846/6460 3740/6847/6461 3738/6848/6462
f 3834/6849/6463 3707/6850/6456 3703/6840/6450 3835/6839/6455
f 3707/6841/6456 3711/6851/6464 3710/6852/6465 3706/6842/6457
f 3706/6843/6457 3710/6853/6465 3816/6854/6466 3815/6844/6458
f 3708/6855/6467 3712/6856/6468 3713/6857/6469 3709/6858/6470
f 3833/6859/6471 3711/6860/6464 3707/6850/6456 3834/6849/6463
f 3711/6861/6464 3715/6862/6472 3714/6863/6473 3710/6864/6465
f 3710/6853/6465 3714/6865/6473 3817/6866/6474 3816/6854/6466
f 3712/6856/6468 3716/6867/6475 3717/6868/6476 3713/6857/6469
f 3832/6869/6477 3715/6870/6472 3711/6860/6464 3833/6859/6471
f 3715/6862/6472 3719/6871/6478 3718/6872/6479 3714/6863/6473
f 3714/6865/6473 3718/6873/6479 3818/6874/6480 3817/6866/6474
f 3716/6867/6475 3720/6875/6481 3721/6876/6482 3717/6868/6476
f 3831/6877/6483 3719/6878/6478 3715/6870/6472 3832/6869/6477
f 3719/6871/6478 3723/6879/6484 3722/6880/6485 3718/6872/6479
f 3718/6873/6479 3722/6881/6485 3819/6882/6486 3818/6874/6480
f 3720/6875/6481 3724/6883/6487 3725/6884/6488 3721/6876/6482
f 3830/6885/6489 3723/6886/6484 3719/6878/6478 3831/6877/6483
f 3723/6879/6484 3727/6887/6490 3726/6888/6491 3722/6880/6485
f 3722/6881/6485 3726/6889/6491 3820/6890/6492 3819/6882/6486
f 3724/6883/6487 3728/6891/6493 3729/6892/6494 3725/6884/6488
f 3829/6893/6495 3727/6894/6490 3723/6886/6484 3830/6885/6489
f 3727/6895/6490 3731/6896/6496 3730/6897/6497 3726/6898/6491
f 3726/6898/6491 3730/6897/6497 3821/6899/6498 3820/6900/6492
f 3728/6901/6493 3732/6902/6499 3733/6903/6500 3729/6904/6494
f 3828/6905/6501 3731/6896/6496 3727/6895/6490 3829/6906/6495
f 3731/6907/6496 3735/6908/6502 3734/6909/6503 3730/6910/6497
f 3730/6911/6497 3734/6912/6503 3822/6913/6504 3821/6914/6498
f 3732/6915/6499 3736/6916/6505 3737/6917/6506 3733/6918/6500
f 3827/6919/6507 3735/6920/6502 3731/6921/6496 3828/6922/6501
f 3747/6923/6508 3749/6924/6509 3748/6925/6510 3746/6926/6511
f 3705/6927/6454 3738/6928/6462 3740/6929/6461 3709/6930/6470
f 3770/6931/6512 3773/6932/6513 3772/6933/6514 3771/6934/6515
f 3708/6935/6467 3741/6936/6460 3739/6937/6459 3704/6938/6453
f 3704/6939/6453 3743/6940/6516 3742/6941/6517 3705/6942/6454
f 3705/6927/6454 3742/6943/6517 3744/6944/6518 3738/6928/6462
f 3738/6945/6462 3744/6946/6518 3745/6947/6519 3739/6948/6459
f 3739/6937/6459 3745/6949/6519 3743/6950/6516 3704/6938/6453
f 3743/6940/6516 3747/6951/6508 3746/6952/6511 3742/6941/6517
f 3742/6943/6517 3746/6953/6511 3748/6954/6510 3744/6944/6518
f 3744/6946/6518 3748/6925/6510 3749/6924/6509 3745/6947/6519
f 3745/6949/6519 3749/6955/6509 3747/6956/6508 3743/6950/6516
f 3709/6957/6470 3750/6958/6520 3751/6959/6521 3708/6960/6467
f 3708/6935/6467 3751/6961/6521 3752/6962/6522 3741/6936/6460
f 3741/6846/6460 3752/6963/6522 3753/6964/6523 3740/6847/6461
f 3740/6929/6461 3753/6965/6523 3750/6966/6520 3709/6930/6470
f 3750/6958/6520 3754/6967/6524 3755/6968/6525 3751/6959/6521
f 3751/6961/6521 3755/6969/6525 3756/6970/6526 3752/6962/6522
f 3752/6963/6522 3756/6971/6526 3757/6972/6527 3753/6964/6523
f 3753/6965/6523 3757/6973/6527 3754/6974/6524 3750/6966/6520
f 3754/6967/6524 3758/6975/6528 3759/6976/6529 3755/6968/6525
f 3755/6969/6525 3759/6977/6529 3760/6978/6530 3756/6970/6526
f 3756/6971/6526 3760/6979/6530 3761/6980/6531 3757/6972/6527
f 3757/6973/6527 3761/6981/6531 3758/6982/6528 3754/6974/6524
f 3758/6975/6528 3762/6983/6532 3763/6984/6533 3759/6976/6529
f 3759/6977/6529 3763/6985/6533 3764/6986/6534 3760/6978/6530
f 3760/6979/6530 3764/6987/6534 3765/6988/6535 3761/6980/6531
f 3761/6981/6531 3765/6989/6535 3762/6990/6532 3758/6982/6528
f 3762/6983/6532 3766/6991/6536 3767/6992/6537 3763/6984/6533
f 3763/6985/6533 3767/6993/6537 3768/6994/6538 3764/6986/6534
f 3764/6987/6534 3768/6995/6538 3769/6996/6539 3765/6988/6535
f 3765/6989/6535 3769/6997/6539 3766/6998/6536 3762/6990/6532
f 3766/6991/6536 3770/6931/6512 3771/6934/6515 3767/6992/6537
f 3767/6993/6537 3771/6999/6515 3772/7000/6514 3768/6994/6538
f 3768/6995/6538 3772/7001/6514 3773/7002/6513 3769/6996/6539
f 3769/6997/6539 3773/7003/6513 3770/7004/6512 3766/6998/6536
f 3735/7005/6502 3775/7006/6540 3774/7007/6541 3734/7008/6503
f 3734/6912/6503 3774/7009/6541 3823/7010/6542 3822/6913/6504
f 3736/7011/6505 3776/7012/6543 3777/7013/6544 3737/7014/6506
f 3826/7015/6545 3775/7016/6540 3735/6920/6502 3827/6919/6507
f 4195/7017/6546 4197/7018/6547 4196/7019/6548 4194/7020/6549
f 3774/7009/6541 3778/7021/6550 3824/7022/6551 3823/7010/6542
f 3776/7012/6543 3780/7023/6552 3781/7024/6553 3777/7013/6544
f 3825/7025/6554 3779/7026/6555 3775/7016/6540 3826/7015/6545
f 4199/7027/6556 4201/7028/6557 4200/7029/6558 4198/7030/6559
f 4198/7031/6559 4200/7032/6558 4203/7033/6560 4202/7034/6561
f 4202/7035/6561 4203/7036/6560 4205/7037/6562 4204/7038/6563
f 4204/7039/6563 4205/7040/6562 4201/7041/6557 4199/7042/6556
f 4201/7028/6557 4207/7043/6564 4206/7044/6565 4200/7029/6558
f 4200/7032/6558 4206/7045/6565 4208/7046/6566 4203/7033/6560
f 4203/7036/6560 4208/7047/6566 4209/7048/6567 4205/7037/6562
f 4205/7040/6562 4209/7049/6567 4207/7050/6564 4201/7041/6557
f 4207/7043/6564 4211/7051/6568 4210/7052/6569 4206/7044/6565
f 4206/7045/6565 4210/7053/6569 4212/7054/6570 4208/7046/6566
f 4208/7047/6566 4212/7055/6570 4213/7056/6571 4209/7048/6567
f 4209/7049/6567 4213/7057/6571 4211/7058/6568 4207/7050/6564
f 4211/7051/6568 4215/7059/6572 4214/7060/6573 4210/7052/6569
f 4210/7053/6569 4214/7061/6573 4216/7062/6574 4212/7054/6570
f 4212/7055/6570 4216/7063/6574 4217/7064/6575 4213/7056/6571
f 4213/7057/6571 4217/7065/6575 4215/7066/6572 4211/7058/6568
f 4215/7059/6572 4219/7067/6576 4218/7068/6577 4214/7060/6573
f 4214/7061/6573 4218/7069/6577 4220/7070/6578 4216/7062/6574
f 4216/7063/6574 4220/7071/6578 4221/7072/6579 4217/7064/6575
f 4217/7065/6575 4221/7073/6579 4219/7074/6576 4215/7066/6572
f 4219/7067/6576 4223/7075/6580 4222/7076/6581 4218/7068/6577
f 4218/7069/6577 4222/7077/6581 4224/7078/6582 4220/7070/6578
f 4220/7071/6578 4224/7079/6582 4225/7080/6583 4221/7072/6579
f 4221/7073/6579 4225/7081/6583 4223/7082/6580 4219/7074/6576
f 4223/7075/6580 4227/7083/6584 4226/7084/6585 4222/7076/6581
f 4222/7077/6581 4226/7085/6585 4228/7086/6586 4224/7078/6582
f 4224/7079/6582 4228/7087/6586 4229/7088/6587 4225/7080/6583
f 4225/7081/6583 4229/7089/6587 4227/7090/6584 4223/7082/6580
f 4227/7083/6584 4231/7091/6588 4230/7092/6589 4226/7084/6585
f 4226/7085/6585 4230/7093/6589 4232/7094/6590 4228/7086/6586
f 4228/7087/6586 4232/7095/6590 4233/7096/6591 4229/7088/6587
f 4229/7089/6587 4233/7097/6591 4231/7098/6588 4227/7090/6584
f 4231/7091/6588 4235/7099/6592 4234/7100/6593 4230/7092/6589
f 4230/7093/6589 4234/7101/6593 4236/7102/6594 4232/7094/6590
f 4232/7095/6590 4236/7103/6594 4237/7104/6595 4233/7096/6591
f 4233/7097/6591 4237/7105/6595 4235/7106/6592 4231/7098/6588
f 4235/7099/6592 4239/7107/6596 4238/7108/6597 4234/7100/6593
f 4234/7101/6593 4238/7109/6597 4240/7110/6598 4236/7102/6594
f 4236/7103/6594 4240/7111/6598 4241/7112/6599 4237/7104/6595
f 4237/7105/6595 4241/7113/6599 4239/7114/6596 4235/7106/6592
f 4239/7107/6596 4195/7115/6546 4194/7116/6549 4238/7108/6597
f 4238/7109/6597 4194/7117/6549 4196/7118/6548 4240/7110/6598
f 4240/7111/6598 4196/7019/6548 4197/7018/6547 4241/7112/6599
f 4241/7113/6599 4197/7119/6547 4195/7120/6546 4239/7114/6596
f 3996/7121/6600 3999/7122/6601 3998/7123/6602 3997/7124/6603
f 3694/7125/6429 3838/7126/6604 3865/7127/6605 3695/7128/6430
f 3864/7129/6606 3700/7130/6447 3695/7128/6430 3865/7127/6605
f 3863/7131/6607 3704/6938/6453 3700/7130/6447 3864/7129/6606
f 3862/7132/6608 3708/6935/6467 3704/6938/6453 3863/7131/6607
f 3861/7133/6609 3712/7134/6468 3708/6935/6467 3862/7132/6608
f 3860/7135/6610 3716/7136/6475 3712/7134/6468 3861/7133/6609
f 3859/7137/6611 3720/7138/6481 3716/7136/6475 3860/7135/6610
f 3858/7139/6612 3724/7140/6487 3720/7138/6481 3859/7137/6611
f 3857/7141/6613 3728/7142/6493 3724/7140/6487 3858/7139/6612
f 3856/7143/6614 3732/6902/6499 3728/6901/6493 3857/7144/6613
f 3855/7145/6615 3736/7146/6505 3732/7147/6499 3856/7148/6614
f 3854/7149/6616 3776/7150/6543 3736/7146/6505 3855/7145/6615
f 3853/7151/6617 3780/7152/6552 3776/7150/6543 3854/7149/6616
f 3918/7153/6618 3921/7154/6619 3920/7155/6620 3919/7156/6621
f 3777/7157/6544 3781/7158/6553 3852/7159/6622 3851/7160/6623
f 3737/7161/6506 3777/7157/6544 3851/7160/6623 3850/7162/6624
f 3733/7163/6500 3737/7161/6506 3850/7162/6624 3849/7164/6625
f 3729/6904/6494 3733/6903/6500 3849/7165/6625 3848/7166/6626
f 3725/7167/6488 3729/7168/6494 3848/7169/6626 3847/7170/6627
f 3721/7171/6482 3725/7167/6488 3847/7170/6627 3846/7172/6628
f 3717/7173/6476 3721/7171/6482 3846/7172/6628 3845/7174/6629
f 3713/7175/6469 3717/7173/6476 3845/7174/6629 3844/7176/6630
f 3709/6930/6470 3713/7175/6469 3844/7176/6630 3843/7177/6631
f 3705/6927/6454 3709/6930/6470 3843/7177/6631 3842/7178/6632
f 3701/7179/6448 3705/6927/6454 3842/7178/6632 3841/7180/6633
f 3693/7181/6431 3701/7179/6448 3841/7180/6633 3840/7182/6634
f 3839/7183/6635 3692/7184/6428 3693/7181/6431 3840/7182/6634
f 3995/6818/6441 4001/7185/6636 4000/7186/6637 3994/6819/6442
f 3783/7187/6638 3811/6805/6432 3812/6808/6435 3784/7188/6639
f 3813/6826/6446 3785/7189/6640 3784/7188/6639 3812/6808/6435
f 3814/6836/6452 3786/7190/6641 3785/7189/6640 3813/6826/6446
f 3815/6844/6458 3787/7191/6642 3786/7190/6641 3814/6836/6452
f 3816/6854/6466 3788/7192/6643 3787/7191/6642 3815/6844/6458
f 3817/6866/6474 3789/7193/6644 3788/7192/6643 3816/6854/6466
f 3818/6874/6480 3790/7194/6645 3789/7193/6644 3817/6866/6474
f 3819/6882/6486 3791/7195/6646 3790/7194/6645 3818/6874/6480
f 3820/6890/6492 3792/7196/6647 3791/7195/6646 3819/6882/6486
f 3821/6899/6498 3793/7197/6648 3792/7198/6647 3820/6900/6492
f 3822/6913/6504 3794/7199/6649 3793/7200/6648 3821/6914/6498
f 3823/7010/6542 3795/7201/6650 3794/7199/6649 3822/6913/6504
f 3824/7022/6551 3796/7202/6651 3795/7201/6650 3823/7010/6542
f 4119/7203/6652 4121/7204/6653 4120/7205/6654 4118/7206/6655
f 3797/7207/6656 3825/7025/6554 3826/7015/6545 3798/7208/6657
f 3798/7208/6657 3826/7015/6545 3827/6919/6507 3799/7209/6658
f 3799/7209/6658 3827/6919/6507 3828/6922/6501 3800/7210/6659
f 3800/7211/6659 3828/6905/6501 3829/6906/6495 3801/7212/6660
f 3801/7213/6660 3829/6893/6495 3830/6885/6489 3802/7214/6661
f 3802/7214/6661 3830/6885/6489 3831/6877/6483 3803/7215/6662
f 3803/7215/6662 3831/6877/6483 3832/6869/6477 3804/7216/6663
f 3804/7216/6663 3832/6869/6477 3833/6859/6471 3805/7217/6664
f 3805/7217/6664 3833/6859/6471 3834/6849/6463 3806/7218/6665
f 3806/7218/6665 3834/6849/6463 3835/6839/6455 3807/7219/6666
f 3807/7219/6666 3835/6839/6455 3836/6829/6449 3808/7220/6667
f 3808/7220/6667 3836/6829/6449 3837/6799/6426 3809/7221/6668
f 3810/6798/6425 3782/7222/6669 3809/7221/6668 3837/6799/6426
f 4001/7185/6636 3996/7121/6600 3997/7124/6603 4000/7186/6637
f 3782/7222/6669 3839/7183/6635 3840/7182/6634 3809/7221/6668
f 3841/7180/6633 3808/7220/6667 3809/7221/6668 3840/7182/6634
f 3842/7178/6632 3807/7219/6666 3808/7220/6667 3841/7180/6633
f 3843/7177/6631 3806/7218/6665 3807/7219/6666 3842/7178/6632
f 3844/7176/6630 3805/7217/6664 3806/7218/6665 3843/7177/6631
f 3845/7174/6629 3804/7216/6663 3805/7217/6664 3844/7176/6630
f 3846/7172/6628 3803/7215/6662 3804/7216/6663 3845/7174/6629
f 3847/7170/6627 3802/7214/6661 3803/7215/6662 3846/7172/6628
f 3848/7169/6626 3801/7213/6660 3802/7214/6661 3847/7170/6627
f 3849/7165/6625 3800/7211/6659 3801/7212/6660 3848/7166/6626
f 3850/7162/6624 3799/7209/6658 3800/7210/6659 3849/7164/6625
f 3851/7160/6623 3798/7208/6657 3799/7209/6658 3850/7162/6624
f 3852/7159/6622 3797/7207/6656 3798/7208/6657 3851/7160/6623
f 4063/7223/6670 4065/7224/6671 4064/7225/6672 4062/7226/6673
f 3796/7202/6651 3853/7151/6617 3854/7149/6616 3795/7201/6650
f 3795/7201/6650 3854/7149/6616 3855/7145/6615 3794/7199/6649
f 3794/7199/6649 3855/7145/6615 3856/7148/6614 3793/7200/6648
f 3793/7197/6648 3856/7143/6614 3857/7144/6613 3792/7198/6647
f 3792/7196/6647 3857/7141/6613 3858/7139/6612 3791/7195/6646
f 3791/7195/6646 3858/7139/6612 3859/7137/6611 3790/7194/6645
f 3790/7194/6645 3859/7137/6611 3860/7135/6610 3789/7193/6644
f 3789/7193/6644 3860/7135/6610 3861/7133/6609 3788/7192/6643
f 3788/7192/6643 3861/7133/6609 3862/7132/6608 3787/7191/6642
f 3787/7191/6642 3862/7132/6608 3863/7131/6607 3786/7190/6641
f 3786/7190/6641 3863/7131/6607 3864/7129/6606 3785/7189/6640
f 3785/7189/6640 3864/7129/6606 3865/7127/6605 3784/7188/6639
f 3838/7126/6604 3783/7187/6638 3784/7188/6639 3865/7127/6605
f 3852/7227/6622 3866/7228/6674 3867/7229/6675 3853/7230/6617
f 3853/7231/6617 3867/7232/6675 3868/7233/6676 3780/7234/6552
f 3780/7234/6552 3868/7233/6676 3869/7235/6677 3781/7236/6553
f 3781/7158/6553 3869/7237/6677 3866/7238/6674 3852/7159/6622
f 3866/7228/6674 3870/7239/6678 3871/7240/6679 3867/7229/6675
f 3867/7241/6675 3871/7242/6679 3872/7243/6680 3868/7244/6676
f 3868/7245/6676 3872/7246/6680 3873/7247/6681 3869/7248/6677
f 3869/7248/6677 3873/7247/6681 3870/7249/6678 3866/7250/6674
f 3870/7239/6678 3874/7251/6682 3875/7252/6683 3871/7240/6679
f 3871/7242/6679 3875/7253/6683 3876/7254/6684 3872/7243/6680
f 3872/7246/6680 3876/7255/6684 3877/7256/6685 3873/7247/6681
f 3873/7257/6681 3877/7258/6685 3874/7259/6682 3870/7260/6678
f 3874/7251/6682 3878/7261/6686 3879/7262/6687 3875/7252/6683
f 3875/7253/6683 3879/7263/6687 3880/7264/6688 3876/7254/6684
f 3876/7255/6684 3880/7265/6688 3881/7266/6689 3877/7256/6685
f 3877/7258/6685 3881/7267/6689 3878/7268/6686 3874/7259/6682
f 3878/7261/6686 3882/7269/6690 3883/7270/6691 3879/7262/6687
f 3879/7263/6687 3883/7271/6691 3884/7272/6692 3880/7264/6688
f 3880/7273/6688 3884/7274/6692 3885/7275/6693 3881/7276/6689
f 3881/7267/6689 3885/7277/6693 3882/7278/6690 3878/7268/6686
f 3882/7279/6690 3886/7280/6694 3887/7281/6695 3883/7282/6691
f 3883/7271/6691 3887/7283/6695 3888/7284/6696 3884/7272/6692
f 3884/7285/6692 3888/7286/6696 3889/7287/6697 3885/7288/6693
f 3885/7277/6693 3889/7289/6697 3886/7290/6694 3882/7278/6690
f 3886/7291/6694 3890/7292/6698 3891/7293/6699 3887/7294/6695
f 3887/7283/6695 3891/7295/6699 3892/7296/6700 3888/7284/6696
f 3888/7286/6696 3892/7297/6700 3893/7298/6701 3889/7287/6697
f 3889/7289/6697 3893/7299/6701 3890/7300/6698 3886/7290/6694
f 3890/7292/6698 3894/7301/6702 3895/7302/6703 3891/7293/6699
f 3891/7295/6699 3895/7303/6703 3896/7304/6704 3892/7296/6700
f 3892/7297/6700 3896/7305/6704 3897/7306/6705 3893/7298/6701
f 3893/7299/6701 3897/7307/6705 3894/7308/6702 3890/7300/6698
f 3894/7301/6702 3898/7309/6706 3899/7310/6707 3895/7302/6703
f 3895/7302/6703 3899/7310/6707 3900/7311/6708 3896/7312/6704
f 3896/7313/6704 3900/7314/6708 3901/7315/6709 3897/7316/6705
f 3897/7317/6705 3901/7318/6709 3898/7309/6706 3894/7301/6702
f 3898/7319/6706 3902/7320/6710 3903/7321/6711 3899/7322/6707
f 3899/7323/6707 3903/7324/6711 3904/7325/6712 3900/7326/6708
f 3900/7327/6708 3904/7328/6712 3905/7329/6713 3901/7330/6709
f 3901/7330/6709 3905/7329/6713 3902/7331/6710 3898/7332/6706
f 3902/7333/6710 3906/7334/6714 3907/7335/6715 3903/7336/6711
f 3903/7324/6711 3907/7337/6715 3908/7338/6716 3904/7325/6712
f 3904/7328/6712 3908/7339/6716 3909/7340/6717 3905/7329/6713
f 3905/7341/6713 3909/7342/6717 3906/7343/6714 3902/7344/6710
f 3906/7334/6714 3910/7345/6718 3911/7346/6719 3907/7335/6715
f 3907/7335/6715 3911/7346/6719 3912/7347/6720 3908/7348/6716
f 3908/7349/6716 3912/7350/6720 3913/7351/6721 3909/7352/6717
f 3909/7342/6717 3913/7353/6721 3910/7354/6718 3906/7343/6714
f 3910/7355/6718 3914/7356/6722 3915/7357/6723 3911/7358/6719
f 3911/7359/6719 3915/7360/6723 3916/7361/6724 3912/7362/6720
f 3912/7363/6720 3916/7364/6724 3917/7365/6725 3913/7366/6721
f 3913/7366/6721 3917/7365/6725 3914/7367/6722 3910/7368/6718
f 3914/7356/6722 3918/7369/6618 3919/7370/6621 3915/7357/6723
f 3915/7360/6723 3919/7371/6621 3920/7372/6620 3916/7361/6724
f 3916/7364/6724 3920/7373/6620 3921/7374/6619 3917/7365/6725
f 3917/7375/6725 3921/7376/6619 3918/7377/6618 3914/7378/6722
f 3696/6809/6433 3922/7379/6726 3923/7380/6727 3690/6810/6424
f 3690/6797/6424 3923/7381/6727 3924/7382/6728 3810/6798/6425
f 3811/6805/6432 3925/7383/6729 3922/7384/6726 3696/6806/6433
f 3839/7183/6635 3927/7385/6730 3928/7386/6731 3692/7184/6428
f 3692/6801/6428 3928/7387/6731 3929/7388/6732 3694/6802/6429
f 3694/7125/6429 3929/7389/6732 3926/7390/6733 3838/7126/6604
f 3810/6798/6425 3924/7382/6728 3930/7391/6734 3782/7222/6669
f 3783/7187/6638 3931/7392/6735 3925/7383/6729 3811/6805/6432
f 3782/7222/6669 3930/7391/6734 3927/7385/6730 3839/7183/6635
f 3838/7126/6604 3926/7390/6733 3931/7392/6735 3783/7187/6638
f 3922/7379/6726 3932/7393/6736 3933/7394/6737 3923/7380/6727
f 3923/7381/6727 3933/7395/6737 3934/7396/6738 3924/7382/6728
f 3925/7383/6729 3935/7397/6739 3932/7398/6736 3922/7384/6726
f 3927/7385/6730 3937/7399/6740 3938/7400/6741 3928/7386/6731
f 3928/7387/6731 3938/7401/6741 3939/7402/6742 3929/7388/6732
f 3929/7389/6732 3939/7403/6742 3936/7404/6743 3926/7390/6733
f 3924/7382/6728 3934/7396/6738 3940/7405/6744 3930/7391/6734
f 3931/7392/6735 3941/7406/6745 3935/7397/6739 3925/7383/6729
f 3930/7391/6734 3940/7405/6744 3937/7399/6740 3927/7385/6730
f 3926/7390/6733 3936/7404/6743 3941/7406/6745 3931/7392/6735
f 3932/7393/6736 3942/7407/6746 3943/7408/6747 3933/7394/6737
f 3933/7395/6737 3943/7409/6747 3944/7410/6748 3934/7396/6738
f 3935/7397/6739 3945/7411/6749 3942/7412/6746 3932/7398/6736
f 3937/7399/6740 3947/7413/6750 3948/7414/6751 3938/7400/6741
f 3938/7401/6741 3948/7415/6751 3949/7416/6752 3939/7402/6742
f 3939/7403/6742 3949/7417/6752 3946/7418/6753 3936/7404/6743
f 3934/7396/6738 3944/7410/6748 3950/7419/6754 3940/7405/6744
f 3941/7406/6745 3951/7420/6755 3945/7411/6749 3935/7397/6739
f 3940/7405/6744 3950/7419/6754 3947/7413/6750 3937/7399/6740
f 3936/7404/6743 3946/7418/6753 3951/7420/6755 3941/7406/6745
f 3942/7407/6746 3952/7421/6756 3953/7422/6757 3943/7408/6747
f 3943/7409/6747 3953/7423/6757 3954/7424/6758 3944/7410/6748
f 3945/7411/6749 3955/7425/6759 3952/7426/6756 3942/7412/6746
f 3947/7413/6750 3957/7427/6760 3958/7428/6761 3948/7414/6751
f 3948/7415/6751 3958/7429/6761 3959/7430/6762 3949/7416/6752
f 3949/7417/6752 3959/7431/6762 3956/7432/6763 3946/7418/6753
f 3944/7410/6748 3954/7424/6758 3960/7433/6764 3950/7419/6754
f 3951/7420/6755 3961/7434/6765 3955/7425/6759 3945/7411/6749
f 3950/7419/6754 3960/7433/6764 3957/7427/6760 3947/7413/6750
f 3946/7418/6753 3956/7432/6763 3961/7434/6765 3951/7420/6755
f 3952/7435/6756 3962/7436/6766 3963/7437/6767 3953/7438/6757
f 3953/7423/6757 3963/7439/6767 3964/7440/6768 3954/7424/6758
f 3955/7425/6759 3965/7441/6769 3962/7442/6766 3952/7426/6756
f 3957/7427/6760 3967/7443/6770 3968/7444/6771 3958/7428/6761
f 3958/7429/6761 3968/7445/6771 3969/7446/6772 3959/7430/6762
f 3959/7431/6762 3969/7447/6772 3966/7448/6773 3956/7432/6763
f 3954/7424/6758 3964/7440/6768 3970/7449/6774 3960/7433/6764
f 3961/7434/6765 3971/7450/6775 3965/7441/6769 3955/7425/6759
f 3960/7433/6764 3970/7449/6774 3967/7443/6770 3957/7427/6760
f 3956/7432/6763 3966/7448/6773 3971/7450/6775 3961/7434/6765
f 3962/7451/6766 3972/7452/6776 3973/7453/6777 3963/7454/6767
f 3963/7439/6767 3973/7455/6777 3974/7456/6778 3964/7440/6768
f 3965/7441/6769 3975/7457/6779 3972/7458/6776 3962/7442/6766
f 3967/7443/6770 3977/7459/6780 3978/7460/6781 3968/7444/6771
f 3968/7445/6771 3978/7461/6781 3979/7462/6782 3969/7446/6772
f 3969/7447/6772 3979/7463/6782 3976/7464/6783 3966/7448/6773
f 3964/7440/6768 3974/7456/6778 3980/7465/6784 3970/7449/6774
f 3971/7450/6775 3981/7466/6785 3975/7457/6779 3965/7441/6769
f 3970/7449/6774 3980/7465/6784 3977/7459/6780 3967/7443/6770
f 3966/7448/6773 3976/7464/6783 3981/7466/6785 3971/7450/6775
f 3972/7452/6776 3982/7467/6786 3983/7468/6787 3973/7453/6777
f 3973/7455/6777 3983/7469/6787 3984/7470/6788 3974/7456/6778
f 3975/7457/6779 3985/7471/6789 3982/7472/6786 3972/7458/6776
f 3977/7459/6780 3987/7473/6790 3988/7474/6791 3978/7460/6781
f 3978/7461/6781 3988/7475/6791 3989/7476/6792 3979/7462/6782
f 3979/7463/6782 3989/7477/6792 3986/7478/6793 3976/7464/6783
f 3974/7456/6778 3984/7470/6788 3990/7479/6794 3980/7465/6784
f 3981/7466/6785 3991/7480/6795 3985/7471/6789 3975/7457/6779
f 3980/7465/6784 3990/7479/6794 3987/7473/6790 3977/7459/6780
f 3976/7464/6783 3986/7478/6793 3991/7480/6795 3981/7466/6785
f 3982/7467/6786 3992/7481/6440 3993/7482/6443 3983/7468/6787
f 3983/7469/6787 3993/7483/6443 3994/7484/6442 3984/7470/6788
f 3985/7471/6789 3995/7485/6441 3992/7486/6440 3982/7472/6786
f 3987/7473/6790 3997/7487/6603 3998/7488/6602 3988/7474/6791
f 3988/7489/6791 3998/7123/6602 3999/7122/6601 3989/7490/6792
f 3989/7477/6792 3999/7491/6601 3996/7492/6600 3986/7478/6793
f 3984/7470/6788 3994/7484/6442 4000/7493/6637 3990/7479/6794
f 3991/7480/6795 4001/7494/6636 3995/7485/6441 3985/7471/6789
f 3990/7479/6794 4000/7493/6637 3997/7487/6603 3987/7473/6790
f 3986/7478/6793 3996/7492/6600 4001/7494/6636 3991/7480/6795
f 3797/7495/6656 4003/7496/6796 4002/7497/6797 3796/7498/6651
f 3796/7498/6651 4002/7497/6797 4004/7499/6798 3853/7230/6617
f 3853/7230/6617 4004/7499/6798 4005/7500/6799 3852/7227/6622
f 3852/7159/6622 4005/7501/6799 4003/7502/6796 3797/7207/6656
f 4003/7496/6796 4007/7503/6800 4006/7504/6801 4002/7497/6797
f 4002/7505/6797 4006/7506/6801 4008/7507/6802 4004/7508/6798
f 4004/7509/6798 4008/7510/6802 4009/7511/6803 4005/7512/6799
f 4005/7501/6799 4009/7513/6803 4007/7514/6800 4003/7502/6796
f 4007/7515/6800 4011/7516/6804 4010/7517/6805 4006/7518/6801
f 4006/7506/6801 4010/7519/6805 4012/7520/6806 4008/7507/6802
f 4008/7521/6802 4012/7522/6806 4013/7523/6807 4009/7524/6803
f 4009/7513/6803 4013/7525/6807 4011/7526/6804 4007/7514/6800
f 4011/7516/6804 4015/7527/6808 4014/7528/6809 4010/7517/6805
f 4010/7519/6805 4014/7529/6809 4016/7530/6810 4012/7520/6806
f 4012/7522/6806 4016/7531/6810 4017/7532/6811 4013/7523/6807
f 4013/7525/6807 4017/7533/6811 4015/7534/6808 4011/7526/6804
f 4015/7527/6808 4019/7535/6812 4018/7536/6813 4014/7528/6809
f 4014/7529/6809 4018/7537/6813 4020/7538/6814 4016/7530/6810
f 4016/7531/6810 4020/7539/6814 4021/7540/6815 4017/7532/6811
f 4017/7533/6811 4021/7541/6815 4019/7542/6812 4015/7534/6808
f 4019/7535/6812 4023/7543/6816 4022/7544/6817 4018/7536/6813
f 4018/7537/6813 4022/7545/6817 4024/7546/6818 4020/7538/6814
f 4020/7539/6814 4024/7547/6818 4025/7548/6819 4021/7540/6815
f 4021/7541/6815 4025/7549/6819 4023/7550/6816 4019/7542/6812
f 4023/7543/6816 4027/7551/6820 4026/7552/6821 4022/7544/6817
f 4022/7544/6817 4026/7552/6821 4028/7553/6822 4024/7554/6818
f 4024/7547/6818 4028/7555/6822 4029/7556/6823 4025/7548/6819
f 4025/7549/6819 4029/7557/6823 4027/7558/6820 4023/7550/6816
f 4027/7559/6820 4031/7560/6824 4030/7561/6825 4026/7562/6821
f 4026/7563/6821 4030/7564/6825 4032/7565/6826 4028/7566/6822
f 4028/7567/6822 4032/7568/6826 4033/7569/6827 4029/7570/6823
f 4029/7557/6823 4033/7571/6827 4031/7572/6824 4027/7558/6820
f 4031/7573/6824 4035/7574/6828 4034/7575/6829 4030/7576/6825
f 4030/7564/6825 4034/7577/6829 4036/7578/6830 4032/7565/6826
f 4032/7568/6826 4036/7579/6830 4037/7580/6831 4033/7569/6827
f 4033/7571/6827 4037/7581/6831 4035/7582/6828 4031/7572/6824
f 4035/7574/6828 4039/7583/6832 4038/7584/6833 4034/7575/6829
f 4034/7577/6829 4038/7585/6833 4040/7586/6834 4036/7578/6830
f 4036/7579/6830 4040/7587/6834 4041/7588/6835 4037/7580/6831
f 4037/7581/6831 4041/7589/6835 4039/7590/6832 4035/7582/6828
f 4039/7583/6832 4043/7591/6836 4042/7592/6837 4038/7584/6833
f 4038/7584/6833 4042/7592/6837 4044/7593/6838 4040/7594/6834
f 4040/7595/6834 4044/7596/6838 4045/7597/6839 4041/7598/6835
f 4041/7589/6835 4045/7599/6839 4043/7600/6836 4039/7590/6832
f 4043/7601/6836 4047/7602/6840 4046/7603/6841 4042/7604/6837
f 4042/7605/6837 4046/7606/6841 4048/7607/6842 4044/7608/6838
f 4044/7609/6838 4048/7610/6842 4049/7611/6843 4045/7612/6839
f 4045/7612/6839 4049/7611/6843 4047/7613/6840 4043/7614/6836
f 4047/7615/6840 4051/7616/6844 4050/7617/6845 4046/7618/6841
f 4046/7606/6841 4050/7619/6845 4052/7620/6846 4048/7607/6842
f 4048/7610/6842 4052/7621/6846 4053/7622/6847 4049/7611/6843
f 4049/7623/6843 4053/7624/6847 4051/7625/6844 4047/7626/6840
f 4051/7616/6844 4055/7627/6848 4054/7628/6849 4050/7617/6845
f 4050/7619/6845 4054/7629/6849 4056/7630/6850 4052/7620/6846
f 4052/7631/6846 4056/7632/6850 4057/7633/6851 4053/7634/6847
f 4053/7624/6847 4057/7635/6851 4055/7636/6848 4051/7625/6844
f 4055/7637/6848 4059/7638/6852 4058/7639/6853 4054/7640/6849
f 4054/7629/6849 4058/7641/6853 4060/7642/6854 4056/7630/6850
f 4056/7643/6850 4060/7644/6854 4061/7645/6855 4057/7646/6851
f 4057/7635/6851 4061/7647/6855 4059/7648/6852 4055/7636/6848
f 4059/7638/6852 4063/7649/6670 4062/7650/6673 4058/7639/6853
f 4058/7641/6853 4062/7651/6673 4064/7652/6672 4060/7642/6854
f 4060/7644/6854 4064/7653/6672 4065/7654/6671 4061/7645/6855
f 4061/7647/6855 4065/7655/6671 4063/7656/6670 4059/7648/6852
f 3825/7657/6554 4067/7658/6856 4066/7659/6857 3824/7660/6551
f 3824/7022/6551 4066/7661/6857 4068/7662/6858 3796/7202/6651
f 3796/7663/6651 4068/7664/6858 4069/7665/6859 3797/7666/6656
f 3797/7207/6656 4069/7667/6859 4067/7668/6856 3825/7025/6554
f 4067/7658/6856 4071/7669/6860 4070/7670/6861 4066/7659/6857
f 4066/7661/6857 4070/7671/6861 4072/7672/6862 4068/7662/6858
f 4068/7673/6858 4072/7674/6862 4073/7675/6863 4069/7676/6859
f 4069/7667/6859 4073/7677/6863 4071/7678/6860 4067/7668/6856
f 4071/7669/6860 4075/7679/6864 4074/7680/6865 4070/7670/6861
f 4070/7671/6861 4074/7681/6865 4076/7682/6866 4072/7672/6862
f 4072/7674/6862 4076/7683/6866 4077/7684/6867 4073/7675/6863
f 4073/7677/6863 4077/7685/6867 4075/7686/6864 4071/7678/6860
f 4075/7679/6864 4079/7687/6868 4078/7688/6869 4074/7680/6865
f 4074/7681/6865 4078/7689/6869 4080/7690/6870 4076/7682/6866
f 4076/7683/6866 4080/7691/6870 4081/7692/6871 4077/7684/6867
f 4077/7685/6867 4081/7693/6871 4079/7694/6868 4075/7686/6864
f 4079/7687/6868 4083/7695/6872 4082/7696/6873 4078/7688/6869
f 4078/7689/6869 4082/7697/6873 4084/7698/6874 4080/7690/6870
f 4080/7691/6870 4084/7699/6874 4085/7700/6875 4081/7692/6871
f 4081/7693/6871 4085/7701/6875 4083/7702/6872 4079/7694/6868
f 4083/7703/6872 4087/7704/6876 4086/7705/6877 4082/7706/6873
f 4082/7697/6873 4086/7707/6877 4088/7708/6878 4084/7698/6874
f 4084/7699/6874 4088/7709/6878 4089/7710/6879 4085/7700/6875
f 4085/7701/6875 4089/7711/6879 4087/7712/6876 4083/7702/6872
f 4087/7713/6876 4091/7714/6880 4090/7715/6881 4086/7716/6877
f 4086/7707/6877 4090/7717/6881 4092/7718/6882 4088/7708/6878
f 4088/7709/6878 4092/7719/6882 4093/7720/6883 4089/7710/6879
f 4089/7711/6879 4093/7721/6883 4091/7722/6880 4087/7712/6876
f 4091/7714/6880 4095/7723/6884 4094/7724/6885 4090/7715/6881
f 4090/7717/6881 4094/7725/6885 4096/7726/6886 4092/7718/6882
f 4092/7719/6882 4096/7727/6886 4097/7728/6887 4093/7720/6883
f 4093/7721/6883 4097/7729/6887 4095/7730/6884 4091/7722/6880
f 4095/7723/6884 4099/7731/6888 4098/7732/6889 4094/7724/6885
f 4094/7724/6885 4098/7732/6889 4100/7733/6890 4096/7734/6886
f 4096/7735/6886 4100/7736/6890 4101/7737/6891 4097/7738/6887
f 4097/7729/6887 4101/7739/6891 4099/7740/6888 4095/7730/6884
f 4099/7741/6888 4103/7742/6892 4102/7743/6893 4098/7744/6889
f 4098/7745/6889 4102/7746/6893 4104/7747/6894 4100/7748/6890
f 4100/7749/6890 4104/7750/6894 4105/7751/6895 4101/7752/6891
f 4101/7739/6891 4105/7753/6895 4103/7754/6892 4099/7740/6888
f 4103/7755/6892 4107/7756/6896 4106/7757/6897 4102/7758/6893
f 4102/7746/6893 4106/7759/6897 4108/7760/6898 4104/7747/6894
f 4104/7750/6894 4108/7761/6898 4109/7762/6899 4105/7751/6895
f 4105/7753/6895 4109/7763/6899 4107/7764/6896 4103/7754/6892
f 4107/7756/6896 4111/7765/6900 4110/7766/6901 4106/7757/6897
f 4106/7757/6897 4110/7766/6901 4112/7767/6902 4108/7768/6898
f 4108/7769/6898 4112/7770/6902 4113/7771/6903 4109/7772/6899
f 4109/7763/6899 4113/7773/6903 4111/7774/6900 4107/7764/6896
f 4111/7775/6900 4115/7776/6904 4114/7777/6905 4110/7778/6901
f 4110/7779/6901 4114/7780/6905 4116/7781/6906 4112/7782/6902
f 4112/7783/6902 4116/7784/6906 4117/7785/6907 4113/7786/6903
f 4113/7773/6903 4117/7787/6907 4115/7788/6904 4111/7774/6900
f 4115/7776/6904 4119/7789/6652 4118/7790/6655 4114/7777/6905
f 4114/7780/6905 4118/7791/6655 4120/7792/6654 4116/7781/6906
f 4116/7784/6906 4120/7793/6654 4121/7794/6653 4117/7785/6907
f 4117/7787/6907 4121/7795/6653 4119/7796/6652 4115/7788/6904
f 3779/7797/6555 4123/7798/6908 4122/7799/6909 3778/7800/6550
f 3778/7021/6550 4122/7801/6909 4124/7802/6910 3824/7022/6551
f 3824/7803/6551 4124/7804/6910 4125/7805/6911 3825/7806/6554
f 3825/7025/6554 4125/7807/6911 4123/7808/6908 3779/7026/6555
f 4123/7809/6908 4127/7810/6912 4126/7811/6913 4122/7812/6909
f 4122/7801/6909 4126/7813/6913 4128/7814/6914 4124/7802/6910
f 4124/7804/6910 4128/7815/6914 4129/7816/6915 4125/7805/6911
f 4125/7807/6911 4129/7817/6915 4127/7818/6912 4123/7808/6908
f 4127/7810/6912 4131/7819/6916 4130/7820/6917 4126/7811/6913
f 4126/7813/6913 4130/7821/6917 4132/7822/6918 4128/7814/6914
f 4128/7823/6914 4132/7824/6918 4133/7825/6919 4129/7826/6915
f 4129/7817/6915 4133/7827/6919 4131/7828/6916 4127/7818/6912
f 4131/7819/6916 4135/7829/6920 4134/7830/6921 4130/7820/6917
f 4130/7821/6917 4134/7831/6921 4136/7832/6922 4132/7822/6918
f 4132/7824/6918 4136/7833/6922 4137/7834/6923 4133/7825/6919
f 4133/7827/6919 4137/7835/6923 4135/7836/6920 4131/7828/6916
f 4135/7829/6920 4139/7837/6924 4138/7838/6925 4134/7830/6921
f 4134/7831/6921 4138/7839/6925 4140/7840/6926 4136/7832/6922
f 4136/7833/6922 4140/7841/6926 4141/7842/6927 4137/7834/6923
f 4137/7835/6923 4141/7843/6927 4139/7844/6924 4135/7836/6920
f 4139/7845/6924 4143/7846/6928 4142/7847/6929 4138/7848/6925
f 4138/7839/6925 4142/7849/6929 4144/7850/6930 4140/7840/6926
f 4140/7841/6926 4144/7851/6930 4145/7852/6931 4141/7842/6927
f 4141/7843/6927 4145/7853/6931 4143/7854/6928 4139/7844/6924
f 4143/7855/6928 4147/7856/6932 4146/7857/6933 4142/7858/6929
f 4142/7849/6929 4146/7859/6933 4148/7860/6934 4144/7850/6930
f 4144/7861/6930 4148/7862/6934 4149/7863/6935 4145/7864/6931
f 4145/7853/6931 4149/7865/6935 4147/7866/6932 4143/7854/6928
f 4147/7867/6932 4151/7868/6936 4150/7869/6937 4146/7870/6933
f 4146/7859/6933 4150/7871/6937 4152/7872/6938 4148/7860/6934
f 4148/7862/6934 4152/7873/6938 4153/7874/6939 4149/7863/6935
f 4149/7865/6935 4153/7875/6939 4151/7876/6936 4147/7866/6932
f 4151/7868/6936 4155/7877/6940 4154/7878/6941 4150/7869/6937
f 4150/7871/6937 4154/7879/6941 4156/7880/6942 4152/7872/6938
f 4152/7881/6938 4156/7882/6942 4157/7883/6943 4153/7884/6939
f 4153/7875/6939 4157/7885/6943 4155/7886/6940 4151/7876/6936
f 4155/7877/6940 4159/7887/6944 4158/7888/6945 4154/7878/6941
f 4154/7879/6941 4158/7889/6945 4160/7890/6946 4156/7880/6942
f 4156/7882/6942 4160/7891/6946 4161/7892/6947 4157/7883/6943
f 4157/7885/6943 4161/7893/6947 4159/7894/6944 4155/7886/6940
f 4159/7887/6944 4163/7895/6948 4162/7896/6949 4158/7888/6945
f 4158/7889/6945 4162/7897/6949 4164/7898/6950 4160/7890/6946
f 4160/7891/6946 4164/7899/6950 4165/7900/6951 4161/7892/6947
f 4161/7893/6947 4165/7901/6951 4163/7902/6948 4159/7894/6944
f 4163/7903/6948 4167/7904/6952 4166/7905/6953 4162/7906/6949
f 4162/7897/6949 4166/7907/6953 4168/7908/6954 4164/7898/6950
f 4164/7909/6950 4168/7910/6954 4169/7911/6955 4165/7912/6951
f 4165/7901/6951 4169/7913/6955 4167/7914/6952 4163/7902/6948
f 4167/7915/6952 4171/7916/6956 4170/7917/6957 4166/7918/6953
f 4166/7918/6953 4170/7917/6957 4172/7919/6958 4168/7920/6954
f 4168/7920/6954 4172/7919/6958 4173/7921/6959 4169/7922/6955
f 4169/7922/6955 4173/7921/6959 4171/7916/6956 4167/7915/6952
f 4171/7923/6956 4175/7924/6960 4174/7925/6961 4170/7926/6957
f 4170/7927/6957 4174/7928/6961 4176/7929/6962 4172/7930/6958
f 4172/7931/6958 4176/7932/6962 4177/7933/6963 4173/7934/6959
f 4173/7935/6959 4177/7936/6963 4175/7937/6960 4171/7938/6956
f 4175/7924/6960 4179/7939/6964 4178/7940/6965 4174/7925/6961
f 4174/7928/6961 4178/7941/6965 4180/7942/6966 4176/7929/6962
f 4176/7932/6962 4180/7943/6966 4181/7944/6967 4177/7933/6963
f 4177/7936/6963 4181/7945/6967 4179/7946/6964 4175/7937/6960
f 4179/7947/6964 4183/7948/6968 4182/7949/6969 4178/7950/6965
f 4178/7941/6965 4182/7951/6969 4184/7952/6970 4180/7942/6966
f 4180/7953/6966 4184/7954/6970 4185/7955/6971 4181/7956/6967
f 4181/7945/6967 4185/7957/6971 4183/7958/6968 4179/7946/6964
f 4183/7948/6968 4187/7959/6436 4186/7960/6439 4182/7949/6969
f 4182/7951/6969 4186/7961/6439 4188/7962/6438 4184/7952/6970
f 4184/7954/6970 4188/7963/6438 4189/7964/6437 4185/7955/6971
f 4185/7957/6971 4189/7965/6437 4187/7966/6436 4183/7958/6968
f 3775/7006/6540 4191/7967/6972 4190/7968/6973 3774/7007/6541
f 3774/7969/6541 4190/7970/6973 4192/7971/6974 3778/7800/6550
f 3778/7800/6550 4192/7971/6974 4193/7972/6975 3779/7797/6555
f 3779/7026/6555 4193/7973/6975 4191/7974/6972 3775/7016/6540
f 4191/7975/6972 4199/7976/6556 4198/7977/6559 4190/7978/6973
f 4190/7979/6973 4198/7031/6559 4202/7034/6561 4192/7980/6974
f 4192/7981/6974 4202/7982/6561 4204/7983/6563 4193/7984/6975
f 4193/7984/6975 4204/7983/6563 4199/7976/6556 4191/7975/6972
s 106
f 4242/7985/6976 4243/7986/6977 4389/7987/6978 4362/7988/6979
f 4244/7989/6980 4245/7990/6981 4247/7991/6982 4246/7992/6983
f 4363/7993/6984 4364/7994/6985 4249/7995/6986 4248/7996/6987
f 4248/7997/6987 4249/7998/6986 4243/7999/6977 4242/8000/6976
f 4739/8001/6988 4738/8002/6989 4740/8003/6990 4741/8004/6991
f 4544/8005/6992 4545/8006/6993 4546/8007/6994 4547/8008/6995
f 4243/8009/6977 4249/8010/6986 4250/8011/6996 4251/8012/6997
f 4249/7995/6986 4364/7994/6985 4365/8013/6998 4250/8014/6996
f 4247/7991/6982 4245/7990/6981 4253/8015/6999 4252/8016/7000
f 4388/8017/7001 4389/7987/6978 4243/7986/6977 4251/8018/6997
f 4251/8019/6997 4250/8020/6996 4254/8021/7002 4255/8022/7003
f 4250/8014/6996 4365/8013/6998 4366/8023/7004 4254/8024/7002
f 4252/8016/7000 4253/8015/6999 4257/8025/7005 4256/8026/7006
f 4387/8027/7007 4388/8017/7001 4251/8018/6997 4255/8028/7003
f 4255/8022/7003 4254/8021/7002 4258/8029/7008 4259/8030/7009
f 4254/8024/7002 4366/8023/7004 4367/8031/7010 4258/8032/7008
f 4291/8033/7011 4290/8034/7012 4292/8035/7013 4293/8036/7014
f 4386/8037/7015 4387/8027/7007 4255/8028/7003 4259/8038/7009
f 4259/8030/7009 4258/8029/7008 4262/8039/7016 4263/8040/7017
f 4258/8032/7008 4367/8031/7010 4368/8041/7018 4262/8042/7016
f 4260/8043/7019 4261/8044/7020 4265/8045/7021 4264/8046/7022
f 4385/8047/7023 4386/8037/7015 4259/8038/7009 4263/8048/7017
f 4263/8049/7017 4262/8050/7016 4266/8051/7024 4267/8052/7025
f 4262/8042/7016 4368/8041/7018 4369/8053/7026 4266/8054/7024
f 4264/8046/7022 4265/8045/7021 4269/8055/7027 4268/8056/7028
f 4384/8057/7029 4385/8047/7023 4263/8048/7017 4267/8058/7025
f 4267/8052/7025 4266/8051/7024 4270/8059/7030 4271/8060/7031
f 4266/8054/7024 4369/8053/7026 4370/8061/7032 4270/8062/7030
f 4268/8056/7028 4269/8055/7027 4273/8063/7033 4272/8064/7034
f 4383/8065/7035 4384/8057/7029 4267/8058/7025 4271/8066/7031
f 4271/8060/7031 4270/8059/7030 4274/8067/7036 4275/8068/7037
f 4270/8062/7030 4370/8061/7032 4371/8069/7038 4274/8070/7036
f 4272/8064/7034 4273/8063/7033 4277/8071/7039 4276/8072/7040
f 4382/8073/7041 4383/8065/7035 4271/8066/7031 4275/8074/7037
f 4275/8068/7037 4274/8067/7036 4278/8075/7042 4279/8076/7043
f 4274/8070/7036 4371/8069/7038 4372/8077/7044 4278/8078/7042
f 4276/8072/7040 4277/8071/7039 4281/8079/7045 4280/8080/7046
f 4381/8081/7047 4382/8073/7041 4275/8074/7037 4279/8082/7043
f 4279/8083/7043 4278/8084/7042 4282/8085/7048 4283/8086/7049
f 4278/8084/7042 4372/8087/7044 4373/8088/7050 4282/8085/7048
f 4280/8089/7046 4281/8090/7045 4285/8091/7051 4284/8092/7052
f 4380/8093/7053 4381/8094/7047 4279/8083/7043 4283/8086/7049
f 4283/8095/7049 4282/8096/7048 4286/8097/7054 4287/8098/7055
f 4282/8099/7048 4373/8100/7050 4374/8101/7056 4286/8102/7054
f 4284/8103/7052 4285/8104/7051 4289/8105/7057 4288/8106/7058
f 4379/8107/7059 4380/8108/7053 4283/8109/7049 4287/8110/7055
f 4299/8111/7060 4298/8112/7061 4300/8113/7062 4301/8114/7063
f 4257/8115/7005 4261/8116/7020 4292/8117/7013 4290/8118/7012
f 4322/8119/7064 4323/8120/7065 4324/8121/7066 4325/8122/7067
f 4260/8123/7019 4256/8124/7006 4291/8125/7011 4293/8126/7014
f 4256/8127/7006 4257/8128/7005 4294/8129/7068 4295/8130/7069
f 4257/8115/7005 4290/8118/7012 4296/8131/7070 4294/8132/7068
f 4290/8133/7012 4291/8134/7011 4297/8135/7071 4296/8136/7070
f 4291/8125/7011 4256/8124/7006 4295/8137/7069 4297/8138/7071
f 4295/8130/7069 4294/8129/7068 4298/8139/7061 4299/8140/7060
f 4294/8132/7068 4296/8131/7070 4300/8141/7062 4298/8142/7061
f 4296/8136/7070 4297/8135/7071 4301/8114/7063 4300/8113/7062
f 4297/8138/7071 4295/8137/7069 4299/8143/7060 4301/8144/7063
f 4261/8145/7020 4260/8146/7019 4303/8147/7072 4302/8148/7073
f 4260/8123/7019 4293/8126/7014 4304/8149/7074 4303/8150/7072
f 4293/8036/7014 4292/8035/7013 4305/8151/7075 4304/8152/7074
f 4292/8117/7013 4261/8116/7020 4302/8153/7073 4305/8154/7075
f 4302/8148/7073 4303/8147/7072 4307/8155/7076 4306/8156/7077
f 4303/8150/7072 4304/8149/7074 4308/8157/7078 4307/8158/7076
f 4304/8152/7074 4305/8151/7075 4309/8159/7079 4308/8160/7078
f 4305/8154/7075 4302/8153/7073 4306/8161/7077 4309/8162/7079
f 4306/8156/7077 4307/8155/7076 4311/8163/7080 4310/8164/7081
f 4307/8158/7076 4308/8157/7078 4312/8165/7082 4311/8166/7080
f 4308/8160/7078 4309/8159/7079 4313/8167/7083 4312/8168/7082
f 4309/8162/7079 4306/8161/7077 4310/8169/7081 4313/8170/7083
f 4310/8164/7081 4311/8163/7080 4315/8171/7084 4314/8172/7085
f 4311/8166/7080 4312/8165/7082 4316/8173/7086 4315/8174/7084
f 4312/8168/7082 4313/8167/7083 4317/8175/7087 4316/8176/7086
f 4313/8170/7083 4310/8169/7081 4314/8177/7085 4317/8178/7087
f 4314/8172/7085 4315/8171/7084 4319/8179/7088 4318/8180/7089
f 4315/8174/7084 4316/8173/7086 4320/8181/7090 4319/8182/7088
f 4316/8176/7086 4317/8175/7087 4321/8183/7091 4320/8184/7090
f 4317/8178/7087 4314/8177/7085 4318/8185/7089 4321/8186/7091
f 4318/8180/7089 4319/8179/7088 4323/8120/7065 4322/8119/7064
f 4319/8182/7088 4320/8181/7090 4324/8187/7066 4323/8188/7065
f 4320/8184/7090 4321/8183/7091 4325/8189/7067 4324/8190/7066
f 4321/8186/7091 4318/8185/7089 4322/8191/7064 4325/8192/7067
f 4287/8193/7055 4286/8194/7054 4326/8195/7092 4327/8196/7093
f 4286/8102/7054 4374/8101/7056 4375/8197/7094 4326/8198/7092
f 4288/8199/7058 4289/8200/7057 4329/8201/7095 4328/8202/7096
f 4378/8203/7097 4379/8107/7059 4287/8110/7055 4327/8204/7093
f 4747/8205/7098 4746/8206/7099 4748/8207/7100 4749/8208/7101
f 4326/8198/7092 4375/8197/7094 4376/8209/7102 4330/8210/7103
f 4328/8202/7096 4329/8201/7095 4333/8211/7104 4332/8212/7105
f 4377/8213/7106 4378/8203/7097 4327/8204/7093 4331/8214/7107
f 4751/8215/7108 4750/8216/7109 4752/8217/7110 4753/8218/7111
f 4750/8219/7109 4754/8220/7112 4755/8221/7113 4752/8222/7110
f 4754/8223/7112 4756/8224/7114 4757/8225/7115 4755/8226/7113
f 4756/8227/7114 4751/8228/7108 4753/8229/7111 4757/8230/7115
f 4753/8218/7111 4752/8217/7110 4758/8231/7116 4759/8232/7117
f 4752/8222/7110 4755/8221/7113 4760/8233/7118 4758/8234/7116
f 4755/8226/7113 4757/8225/7115 4761/8235/7119 4760/8236/7118
f 4757/8230/7115 4753/8229/7111 4759/8237/7117 4761/8238/7119
f 4759/8232/7117 4758/8231/7116 4762/8239/7120 4763/8240/7121
f 4758/8234/7116 4760/8233/7118 4764/8241/7122 4762/8242/7120
f 4760/8236/7118 4761/8235/7119 4765/8243/7123 4764/8244/7122
f 4761/8238/7119 4759/8237/7117 4763/8245/7121 4765/8246/7123
f 4763/8240/7121 4762/8239/7120 4766/8247/7124 4767/8248/7125
f 4762/8242/7120 4764/8241/7122 4768/8249/7126 4766/8250/7124
f 4764/8244/7122 4765/8243/7123 4769/8251/7127 4768/8252/7126
f 4765/8246/7123 4763/8245/7121 4767/8253/7125 4769/8254/7127
f 4767/8248/7125 4766/8247/7124 4770/8255/7128 4771/8256/7129
f 4766/8250/7124 4768/8249/7126 4772/8257/7130 4770/8258/7128
f 4768/8252/7126 4769/8251/7127 4773/8259/7131 4772/8260/7130
f 4769/8254/7127 4767/8253/7125 4771/8261/7129 4773/8262/7131
f 4771/8256/7129 4770/8255/7128 4774/8263/7132 4775/8264/7133
f 4770/8258/7128 4772/8257/7130 4776/8265/7134 4774/8266/7132
f 4772/8260/7130 4773/8259/7131 4777/8267/7135 4776/8268/7134
f 4773/8262/7131 4771/8261/7129 4775/8269/7133 4777/8270/7135
f 4775/8264/7133 4774/8263/7132 4778/8271/7136 4779/8272/7137
f 4774/8266/7132 4776/8265/7134 4780/8273/7138 4778/8274/7136
f 4776/8268/7134 4777/8267/7135 4781/8275/7139 4780/8276/7138
f 4777/8270/7135 4775/8269/7133 4779/8277/7137 4781/8278/7139
f 4779/8272/7137 4778/8271/7136 4782/8279/7140 4783/8280/7141
f 4778/8274/7136 4780/8273/7138 4784/8281/7142 4782/8282/7140
f 4780/8276/7138 4781/8275/7139 4785/8283/7143 4784/8284/7142
f 4781/8278/7139 4779/8277/7137 4783/8285/7141 4785/8286/7143
f 4783/8280/7141 4782/8279/7140 4786/8287/7144 4787/8288/7145
f 4782/8282/7140 4784/8281/7142 4788/8289/7146 4786/8290/7144
f 4784/8284/7142 4785/8283/7143 4789/8291/7147 4788/8292/7146
f 4785/8286/7143 4783/8285/7141 4787/8293/7145 4789/8294/7147
f 4787/8288/7145 4786/8287/7144 4790/8295/7148 4791/8296/7149
f 4786/8290/7144 4788/8289/7146 4792/8297/7150 4790/8298/7148
f 4788/8292/7146 4789/8291/7147 4793/8299/7151 4792/8300/7150
f 4789/8294/7147 4787/8293/7145 4791/8301/7149 4793/8302/7151
f 4791/8296/7149 4790/8295/7148 4746/8303/7099 4747/8304/7098
f 4790/8298/7148 4792/8297/7150 4748/8305/7100 4746/8306/7099
f 4792/8300/7150 4793/8299/7151 4749/8208/7101 4748/8207/7100
f 4793/8302/7151 4791/8301/7149 4747/8307/7098 4749/8308/7101
f 4548/8309/7152 4549/8310/7153 4550/8311/7154 4551/8312/7155
f 4246/8313/6983 4247/8314/6982 4417/8315/7156 4390/8316/7157
f 4416/8317/7158 4417/8315/7156 4247/8314/6982 4252/8318/7000
f 4415/8319/7159 4416/8317/7158 4252/8318/7000 4256/8124/7006
f 4414/8320/7160 4415/8319/7159 4256/8124/7006 4260/8123/7019
f 4413/8321/7161 4414/8320/7160 4260/8123/7019 4264/8322/7022
f 4412/8323/7162 4413/8321/7161 4264/8322/7022 4268/8324/7028
f 4411/8325/7163 4412/8323/7162 4268/8324/7028 4272/8326/7034
f 4410/8327/7164 4411/8325/7163 4272/8326/7034 4276/8328/7040
f 4409/8329/7165 4410/8327/7164 4276/8328/7040 4280/8330/7046
f 4408/8331/7166 4409/8332/7165 4280/8089/7046 4284/8092/7052
f 4407/8333/7167 4408/8334/7166 4284/8335/7052 4288/8336/7058
f 4406/8337/7168 4407/8333/7167 4288/8336/7058 4328/8338/7096
f 4405/8339/7169 4406/8337/7168 4328/8338/7096 4332/8340/7105
f 4470/8341/7170 4471/8342/7171 4472/8343/7172 4473/8344/7173
f 4329/8345/7095 4403/8346/7174 4404/8347/7175 4333/8348/7104
f 4289/8349/7057 4402/8350/7176 4403/8346/7174 4329/8345/7095
f 4285/8351/7051 4401/8352/7177 4402/8350/7176 4289/8349/7057
f 4281/8090/7045 4400/8353/7178 4401/8354/7177 4285/8091/7051
f 4277/8355/7039 4399/8356/7179 4400/8357/7178 4281/8358/7045
f 4273/8359/7033 4398/8360/7180 4399/8356/7179 4277/8355/7039
f 4269/8361/7027 4397/8362/7181 4398/8360/7180 4273/8359/7033
f 4265/8363/7021 4396/8364/7182 4397/8362/7181 4269/8361/7027
f 4261/8116/7020 4395/8365/7183 4396/8364/7182 4265/8363/7021
f 4257/8115/7005 4394/8366/7184 4395/8365/7183 4261/8116/7020
f 4253/8367/6999 4393/8368/7185 4394/8366/7184 4257/8115/7005
f 4245/8369/6981 4392/8370/7186 4393/8368/7185 4253/8367/6999
f 4391/8371/7187 4392/8370/7186 4245/8369/6981 4244/8372/6980
f 4547/8008/6995 4546/8007/6994 4552/8373/7188 4553/8374/7189
f 4335/8375/7190 4336/8376/7191 4364/7994/6985 4363/7993/6984
f 4365/8013/6998 4364/7994/6985 4336/8376/7191 4337/8377/7192
f 4366/8023/7004 4365/8013/6998 4337/8377/7192 4338/8378/7193
f 4367/8031/7010 4366/8023/7004 4338/8378/7193 4339/8379/7194
f 4368/8041/7018 4367/8031/7010 4339/8379/7194 4340/8380/7195
f 4369/8053/7026 4368/8041/7018 4340/8380/7195 4341/8381/7196
f 4370/8061/7032 4369/8053/7026 4341/8381/7196 4342/8382/7197
f 4371/8069/7038 4370/8061/7032 4342/8382/7197 4343/8383/7198
f 4372/8077/7044 4371/8069/7038 4343/8383/7198 4344/8384/7199
f 4373/8088/7050 4372/8087/7044 4344/8385/7199 4345/8386/7200
f 4374/8101/7056 4373/8100/7050 4345/8387/7200 4346/8388/7201
f 4375/8197/7094 4374/8101/7056 4346/8388/7201 4347/8389/7202
f 4376/8209/7102 4375/8197/7094 4347/8389/7202 4348/8390/7203
f 4671/8391/7204 4670/8392/7205 4672/8393/7206 4673/8394/7207
f 4349/8395/7208 4350/8396/7209 4378/8203/7097 4377/8213/7106
f 4350/8396/7209 4351/8397/7210 4379/8107/7059 4378/8203/7097
f 4351/8397/7210 4352/8398/7211 4380/8108/7053 4379/8107/7059
f 4352/8399/7211 4353/8400/7212 4381/8094/7047 4380/8093/7053
f 4353/8401/7212 4354/8402/7213 4382/8073/7041 4381/8081/7047
f 4354/8402/7213 4355/8403/7214 4383/8065/7035 4382/8073/7041
f 4355/8403/7214 4356/8404/7215 4384/8057/7029 4383/8065/7035
f 4356/8404/7215 4357/8405/7216 4385/8047/7023 4384/8057/7029
f 4357/8405/7216 4358/8406/7217 4386/8037/7015 4385/8047/7023
f 4358/8406/7217 4359/8407/7218 4387/8027/7007 4386/8037/7015
f 4359/8407/7218 4360/8408/7219 4388/8017/7001 4387/8027/7007
f 4360/8408/7219 4361/8409/7220 4389/7987/6978 4388/8017/7001
f 4362/7988/6979 4389/7987/6978 4361/8409/7220 4334/8410/7221
f 4553/8374/7189 4552/8373/7188 4549/8310/7153 4548/8309/7152
f 4334/8410/7221 4361/8409/7220 4392/8370/7186 4391/8371/7187
f 4393/8368/7185 4392/8370/7186 4361/8409/7220 4360/8408/7219
f 4394/8366/7184 4393/8368/7185 4360/8408/7219 4359/8407/7218
f 4395/8365/7183 4394/8366/7184 4359/8407/7218 4358/8406/7217
f 4396/8364/7182 4395/8365/7183 4358/8406/7217 4357/8405/7216
f 4397/8362/7181 4396/8364/7182 4357/8405/7216 4356/8404/7215
f 4398/8360/7180 4397/8362/7181 4356/8404/7215 4355/8403/7214
f 4399/8356/7179 4398/8360/7180 4355/8403/7214 4354/8402/7213
f 4400/8357/7178 4399/8356/7179 4354/8402/7213 4353/8401/7212
f 4401/8354/7177 4400/8353/7178 4353/8400/7212 4352/8399/7211
f 4402/8350/7176 4401/8352/7177 4352/8398/7211 4351/8397/7210
f 4403/8346/7174 4402/8350/7176 4351/8397/7210 4350/8396/7209
f 4404/8347/7175 4403/8346/7174 4350/8396/7209 4349/8395/7208
f 4615/8411/7222 4614/8412/7223 4616/8413/7224 4617/8414/7225
f 4348/8390/7203 4347/8389/7202 4406/8337/7168 4405/8339/7169
f 4347/8389/7202 4346/8388/7201 4407/8333/7167 4406/8337/7168
f 4346/8388/7201 4345/8387/7200 4408/8334/7166 4407/8333/7167
f 4345/8386/7200 4344/8385/7199 4409/8332/7165 4408/8331/7166
f 4344/8384/7199 4343/8383/7198 4410/8327/7164 4409/8329/7165
f 4343/8383/7198 4342/8382/7197 4411/8325/7163 4410/8327/7164
f 4342/8382/7197 4341/8381/7196 4412/8323/7162 4411/8325/7163
f 4341/8381/7196 4340/8380/7195 4413/8321/7161 4412/8323/7162
f 4340/8380/7195 4339/8379/7194 4414/8320/7160 4413/8321/7161
f 4339/8379/7194 4338/8378/7193 4415/8319/7159 4414/8320/7160
f 4338/8378/7193 4337/8377/7192 4416/8317/7158 4415/8319/7159
f 4337/8377/7192 4336/8376/7191 4417/8315/7156 4416/8317/7158
f 4390/8316/7157 4417/8315/7156 4336/8376/7191 4335/8375/7190
f 4404/8415/7175 4405/8416/7169 4419/8417/7226 4418/8418/7227
f 4405/8419/7169 4332/8420/7105 4420/8421/7228 4419/8422/7226
f 4332/8420/7105 4333/8423/7104 4421/8424/7229 4420/8421/7228
f 4333/8348/7104 4404/8347/7175 4418/8425/7227 4421/8426/7229
f 4418/8418/7227 4419/8417/7226 4423/8427/7230 4422/8428/7231
f 4419/8429/7226 4420/8430/7228 4424/8431/7232 4423/8432/7230
f 4420/8433/7228 4421/8434/7229 4425/8435/7233 4424/8436/7232
f 4421/8434/7229 4418/8437/7227 4422/8438/7231 4425/8435/7233
f 4422/8428/7231 4423/8427/7230 4427/8439/7234 4426/8440/7235
f 4423/8432/7230 4424/8431/7232 4428/8441/7236 4427/8442/7234
f 4424/8436/7232 4425/8435/7233 4429/8443/7237 4428/8444/7236
f 4425/8445/7233 4422/8446/7231 4426/8447/7235 4429/8448/7237
f 4426/8440/7235 4427/8439/7234 4431/8449/7238 4430/8450/7239
f 4427/8442/7234 4428/8441/7236 4432/8451/7240 4431/8452/7238
f 4428/8444/7236 4429/8443/7237 4433/8453/7241 4432/8454/7240
f 4429/8448/7237 4426/8447/7235 4430/8455/7239 4433/8456/7241
f 4430/8450/7239 4431/8449/7238 4435/8457/7242 4434/8458/7243
f 4431/8452/7238 4432/8451/7240 4436/8459/7244 4435/8460/7242
f 4432/8461/7240 4433/8462/7241 4437/8463/7245 4436/8464/7244
f 4433/8456/7241 4430/8455/7239 4434/8465/7243 4437/8466/7245
f 4434/8467/7243 4435/8468/7242 4439/8469/7246 4438/8470/7247
f 4435/8460/7242 4436/8459/7244 4440/8471/7248 4439/8472/7246
f 4436/8473/7244 4437/8474/7245 4441/8475/7249 4440/8476/7248
f 4437/8466/7245 4434/8465/7243 4438/8477/7247 4441/8478/7249
f 4438/8479/7247 4439/8480/7246 4443/8481/7250 4442/8482/7251
f 4439/8472/7246 4440/8471/7248 4444/8483/7252 4443/8484/7250
f 4440/8476/7248 4441/8475/7249 4445/8485/7253 4444/8486/7252
f 4441/8478/7249 4438/8477/7247 4442/8487/7251 4445/8488/7253
f 4442/8482/7251 4443/8481/7250 4447/8489/7254 4446/8490/7255
f 4443/8484/7250 4444/8483/7252 4448/8491/7256 4447/8492/7254
f 4444/8486/7252 4445/8485/7253 4449/8493/7257 4448/8494/7256
f 4445/8488/7253 4442/8487/7251 4446/8495/7255 4449/8496/7257
f 4446/8490/7255 4447/8489/7254 4451/8497/7258 4450/8498/7259
f 4447/8489/7254 4448/8499/7256 4452/8500/7260 4451/8497/7258
f 4448/8501/7256 4449/8502/7257 4453/8503/7261 4452/8504/7260
f 4449/8505/7257 4446/8490/7255 4450/8498/7259 4453/8506/7261
f 4450/8507/7259 4451/8508/7258 4455/8509/7262 4454/8510/7263
f 4451/8511/7258 4452/8512/7260 4456/8513/7264 4455/8514/7262
f 4452/8515/7260 4453/8516/7261 4457/8517/7265 4456/8518/7264
f 4453/8516/7261 4450/8519/7259 4454/8520/7263 4457/8517/7265
f 4454/8521/7263 4455/8522/7262 4459/8523/7266 4458/8524/7267
f 4455/8514/7262 4456/8513/7264 4460/8525/7268 4459/8526/7266
f 4456/8518/7264 4457/8517/7265 4461/8527/7269 4460/8528/7268
f 4457/8529/7265 4454/8530/7263 4458/8531/7267 4461/8532/7269
f 4458/8524/7267 4459/8523/7266 4463/8533/7270 4462/8534/7271
f 4459/8523/7266 4460/8535/7268 4464/8536/7272 4463/8533/7270
f 4460/8537/7268 4461/8538/7269 4465/8539/7273 4464/8540/7272
f 4461/8532/7269 4458/8531/7267 4462/8541/7271 4465/8542/7273
f 4462/8543/7271 4463/8544/7270 4467/8545/7274 4466/8546/7275
f 4463/8547/7270 4464/8548/7272 4468/8549/7276 4467/8550/7274
f 4464/8551/7272 4465/8552/7273 4469/8553/7277 4468/8554/7276
f 4465/8552/7273 4462/8555/7271 4466/8556/7275 4469/8553/7277
f 4466/8546/7275 4467/8545/7274 4471/8557/7171 4470/8558/7170
f 4467/8550/7274 4468/8549/7276 4472/8559/7172 4471/8560/7171
f 4468/8554/7276 4469/8553/7277 4473/8561/7173 4472/8562/7172
f 4469/8563/7277 4466/8564/7275 4470/8565/7170 4473/8566/7173
f 4248/7997/6987 4242/8000/6976 4475/8567/7278 4474/8568/7279
f 4242/7985/6976 4362/7988/6979 4476/8569/7280 4475/8570/7278
f 4363/7993/6984 4248/7996/6987 4474/8571/7279 4477/8572/7281
f 4391/8371/7187 4244/8372/6980 4480/8573/7282 4479/8574/7283
f 4244/7989/6980 4246/7992/6983 4481/8575/7284 4480/8576/7282
f 4246/8313/6983 4390/8316/7157 4478/8577/7285 4481/8578/7284
f 4362/7988/6979 4334/8410/7221 4482/8579/7286 4476/8569/7280
f 4335/8375/7190 4363/7993/6984 4477/8572/7281 4483/8580/7287
f 4334/8410/7221 4391/8371/7187 4479/8574/7283 4482/8579/7286
f 4390/8316/7157 4335/8375/7190 4483/8580/7287 4478/8577/7285
f 4474/8568/7279 4475/8567/7278 4485/8581/7288 4484/8582/7289
f 4475/8570/7278 4476/8569/7280 4486/8583/7290 4485/8584/7288
f 4477/8572/7281 4474/8571/7279 4484/8585/7289 4487/8586/7291
f 4479/8574/7283 4480/8573/7282 4490/8587/7292 4489/8588/7293
f 4480/8576/7282 4481/8575/7284 4491/8589/7294 4490/8590/7292
f 4481/8578/7284 4478/8577/7285 4488/8591/7295 4491/8592/7294
f 4476/8569/7280 4482/8579/7286 4492/8593/7296 4486/8583/7290
f 4483/8580/7287 4477/8572/7281 4487/8586/7291 4493/8594/7297
f 4482/8579/7286 4479/8574/7283 4489/8588/7293 4492/8593/7296
f 4478/8577/7285 4483/8580/7287 4493/8594/7297 4488/8591/7295
f 4484/8582/7289 4485/8581/7288 4495/8595/7298 4494/8596/7299
f 4485/8584/7288 4486/8583/7290 4496/8597/7300 4495/8598/7298
f 4487/8586/7291 4484/8585/7289 4494/8599/7299 4497/8600/7301
f 4489/8588/7293 4490/8587/7292 4500/8601/7302 4499/8602/7303
f 4490/8590/7292 4491/8589/7294 4501/8603/7304 4500/8604/7302
f 4491/8592/7294 4488/8591/7295 4498/8605/7305 4501/8606/7304
f 4486/8583/7290 4492/8593/7296 4502/8607/7306 4496/8597/7300
f 4493/8594/7297 4487/8586/7291 4497/8600/7301 4503/8608/7307
f 4492/8593/7296 4489/8588/7293 4499/8602/7303 4502/8607/7306
f 4488/8591/7295 4493/8594/7297 4503/8608/7307 4498/8605/7305
f 4494/8596/7299 4495/8595/7298 4505/8609/7308 4504/8610/7309
f 4495/8598/7298 4496/8597/7300 4506/8611/7310 4505/8612/7308
f 4497/8600/7301 4494/8599/7299 4504/8613/7309 4507/8614/7311
f 4499/8602/7303 4500/8601/7302 4510/8615/7312 4509/8616/7313
f 4500/8604/7302 4501/8603/7304 4511/8617/7314 4510/8618/7312
f 4501/8606/7304 4498/8605/7305 4508/8619/7315 4511/8620/7314
f 4496/8597/7300 4502/8607/7306 4512/8621/7316 4506/8611/7310
f 4503/8608/7307 4497/8600/7301 4507/8614/7311 4513/8622/7317
f 4502/8607/7306 4499/8602/7303 4509/8616/7313 4512/8621/7316
f 4498/8605/7305 4503/8608/7307 4513/8622/7317 4508/8619/7315
f 4504/8623/7309 4505/8624/7308 4515/8625/7318 4514/8626/7319
f 4505/8612/7308 4506/8611/7310 4516/8627/7320 4515/8628/7318
f 4507/8614/7311 4504/8613/7309 4514/8629/7319 4517/8630/7321
f 4509/8616/7313 4510/8615/7312 4520/8631/7322 4519/8632/7323
f 4510/8618/7312 4511/8617/7314 4521/8633/7324 4520/8634/7322
f 4511/8620/7314 4508/8619/7315 4518/8635/7325 4521/8636/7324
f 4506/8611/7310 4512/8621/7316 4522/8637/7326 4516/8627/7320
f 4513/8622/7317 4507/8614/7311 4517/8630/7321 4523/8638/7327
f 4512/8621/7316 4509/8616/7313 4519/8632/7323 4522/8637/7326
f 4508/8619/7315 4513/8622/7317 4523/8638/7327 4518/8635/7325
f 4514/8639/7319 4515/8640/7318 4525/8641/7328 4524/8642/7329
f 4515/8628/7318 4516/8627/7320 4526/8643/7330 4525/8644/7328
f 4517/8630/7321 4514/8629/7319 4524/8645/7329 4527/8646/7331
f 4519/8632/7323 4520/8631/7322 4530/8647/7332 4529/8648/7333
f 4520/8634/7322 4521/8633/7324 4531/8649/7334 4530/8650/7332
f 4521/8636/7324 4518/8635/7325 4528/8651/7335 4531/8652/7334
f 4516/8627/7320 4522/8637/7326 4532/8653/7336 4526/8643/7330
f 4523/8638/7327 4517/8630/7321 4527/8646/7331 4533/8654/7337
f 4522/8637/7326 4519/8632/7323 4529/8648/7333 4532/8653/7336
f 4518/8635/7325 4523/8638/7327 4533/8654/7337 4528/8651/7335
f 4524/8642/7329 4525/8641/7328 4535/8655/7338 4534/8656/7339
f 4525/8644/7328 4526/8643/7330 4536/8657/7340 4535/8658/7338
f 4527/8646/7331 4524/8645/7329 4534/8659/7339 4537/8660/7341
f 4529/8648/7333 4530/8647/7332 4540/8661/7342 4539/8662/7343
f 4530/8650/7332 4531/8649/7334 4541/8663/7344 4540/8664/7342
f 4531/8652/7334 4528/8651/7335 4538/8665/7345 4541/8666/7344
f 4526/8643/7330 4532/8653/7336 4542/8667/7346 4536/8657/7340
f 4533/8654/7337 4527/8646/7331 4537/8660/7341 4543/8668/7347
f 4532/8653/7336 4529/8648/7333 4539/8662/7343 4542/8667/7346
f 4528/8651/7335 4533/8654/7337 4543/8668/7347 4538/8665/7345
f 4534/8656/7339 4535/8655/7338 4545/8669/6993 4544/8670/6992
f 4535/8658/7338 4536/8657/7340 4546/8671/6994 4545/8672/6993
f 4537/8660/7341 4534/8659/7339 4544/8673/6992 4547/8674/6995
f 4539/8662/7343 4540/8661/7342 4550/8675/7154 4549/8676/7153
f 4540/8677/7342 4541/8678/7344 4551/8312/7155 4550/8311/7154
f 4541/8666/7344 4538/8665/7345 4548/8679/7152 4551/8680/7155
f 4536/8657/7340 4542/8667/7346 4552/8681/7188 4546/8671/6994
f 4543/8668/7347 4537/8660/7341 4547/8674/6995 4553/8682/7189
f 4542/8667/7346 4539/8662/7343 4549/8676/7153 4552/8681/7188
f 4538/8665/7345 4543/8668/7347 4553/8682/7189 4548/8679/7152
f 4349/8683/7208 4348/8684/7203 4554/8685/7348 4555/8686/7349
f 4348/8684/7203 4405/8416/7169 4556/8687/7350 4554/8685/7348
f 4405/8416/7169 4404/8415/7175 4557/8688/7351 4556/8687/7350
f 4404/8347/7175 4349/8395/7208 4555/8689/7349 4557/8690/7351
f 4555/8686/7349 4554/8685/7348 4558/8691/7352 4559/8692/7353
f 4554/8693/7348 4556/8694/7350 4560/8695/7354 4558/8696/7352
f 4556/8697/7350 4557/8698/7351 4561/8699/7355 4560/8700/7354
f 4557/8690/7351 4555/8689/7349 4559/8701/7353 4561/8702/7355
f 4559/8703/7353 4558/8704/7352 4562/8705/7356 4563/8706/7357
f 4558/8696/7352 4560/8695/7354 4564/8707/7358 4562/8708/7356
f 4560/8709/7354 4561/8710/7355 4565/8711/7359 4564/8712/7358
f 4561/8702/7355 4559/8701/7353 4563/8713/7357 4565/8714/7359
f 4563/8706/7357 4562/8705/7356 4566/8715/7360 4567/8716/7361
f 4562/8708/7356 4564/8707/7358 4568/8717/7362 4566/8718/7360
f 4564/8712/7358 4565/8711/7359 4569/8719/7363 4568/8720/7362
f 4565/8714/7359 4563/8713/7357 4567/8721/7361 4569/8722/7363
f 4567/8716/7361 4566/8715/7360 4570/8723/7364 4571/8724/7365
f 4566/8718/7360 4568/8717/7362 4572/8725/7366 4570/8726/7364
f 4568/8720/7362 4569/8719/7363 4573/8727/7367 4572/8728/7366
f 4569/8722/7363 4567/8721/7361 4571/8729/7365 4573/8730/7367
f 4571/8724/7365 4570/8723/7364 4574/8731/7368 4575/8732/7369
f 4570/8726/7364 4572/8725/7366 4576/8733/7370 4574/8734/7368
f 4572/8728/7366 4573/8727/7367 4577/8735/7371 4576/8736/7370
f 4573/8730/7367 4571/8729/7365 4575/8737/7369 4577/8738/7371
f 4575/8732/7369 4574/8731/7368 4578/8739/7372 4579/8740/7373
f 4574/8731/7368 4576/8741/7370 4580/8742/7374 4578/8739/7372
f 4576/8736/7370 4577/8735/7371 4581/8743/7375 4580/8744/7374
f 4577/8738/7371 4575/8737/7369 4579/8745/7373 4581/8746/7375
f 4579/8747/7373 4578/8748/7372 4582/8749/7376 4583/8750/7377
f 4578/8751/7372 4580/8752/7374 4584/8753/7378 4582/8754/7376
f 4580/8755/7374 4581/8756/7375 4585/8757/7379 4584/8758/7378
f 4581/8746/7375 4579/8745/7373 4583/8759/7377 4585/8760/7379
f 4583/8761/7377 4582/8762/7376 4586/8763/7380 4587/8764/7381
f 4582/8754/7376 4584/8753/7378 4588/8765/7382 4586/8766/7380
f 4584/8758/7378 4585/8757/7379 4589/8767/7383 4588/8768/7382
f 4585/8760/7379 4583/8759/7377 4587/8769/7381 4589/8770/7383
f 4587/8764/7381 4586/8763/7380 4590/8771/7384 4591/8772/7385
f 4586/8766/7380 4588/8765/7382 4592/8773/7386 4590/8774/7384
f 4588/8768/7382 4589/8767/7383 4593/8775/7387 4592/8776/7386
f 4589/8770/7383 4587/8769/7381 4591/8777/7385 4593/8778/7387
f 4591/8772/7385 4590/8771/7384 4594/8779/7388 4595/8780/7389
f 4590/8771/7384 4592/8781/7386 4596/8782/7390 4594/8779/7388
f 4592/8783/7386 4593/8784/7387 4597/8785/7391 4596/8786/7390
f 4593/8778/7387 4591/8777/7385 4595/8787/7389 4597/8788/7391
f 4595/8789/7389 4594/8790/7388 4598/8791/7392 4599/8792/7393
f 4594/8793/7388 4596/8794/7390 4600/8795/7394 4598/8796/7392
f 4596/8797/7390 4597/8798/7391 4601/8799/7395 4600/8800/7394
f 4597/8798/7391 4595/8801/7389 4599/8802/7393 4601/8799/7395
f 4599/8803/7393 4598/8804/7392 4602/8805/7396 4603/8806/7397
f 4598/8796/7392 4600/8795/7394 4604/8807/7398 4602/8808/7396
f 4600/8800/7394 4601/8799/7395 4605/8809/7399 4604/8810/7398
f 4601/8811/7395 4599/8812/7393 4603/8813/7397 4605/8814/7399
f 4603/8806/7397 4602/8805/7396 4606/8815/7400 4607/8816/7401
f 4602/8808/7396 4604/8807/7398 4608/8817/7402 4606/8818/7400
f 4604/8819/7398 4605/8820/7399 4609/8821/7403 4608/8822/7402
f 4605/8814/7399 4603/8813/7397 4607/8823/7401 4609/8824/7403
f 4607/8825/7401 4606/8826/7400 4610/8827/7404 4611/8828/7405
f 4606/8818/7400 4608/8817/7402 4612/8829/7406 4610/8830/7404
f 4608/8831/7402 4609/8832/7403 4613/8833/7407 4612/8834/7406
f 4609/8824/7403 4607/8823/7401 4611/8835/7405 4613/8836/7407
f 4611/8828/7405 4610/8827/7404 4614/8837/7223 4615/8838/7222
f 4610/8830/7404 4612/8829/7406 4616/8839/7224 4614/8840/7223
f 4612/8834/7406 4613/8833/7407 4617/8841/7225 4616/8842/7224
f 4613/8836/7407 4611/8835/7405 4615/8843/7222 4617/8844/7225
f 4377/8845/7106 4376/8846/7102 4618/8847/7408 4619/8848/7409
f 4376/8209/7102 4348/8390/7203 4620/8849/7410 4618/8850/7408
f 4348/8851/7203 4349/8852/7208 4621/8853/7411 4620/8854/7410
f 4349/8395/7208 4377/8213/7106 4619/8855/7409 4621/8856/7411
f 4619/8848/7409 4618/8847/7408 4622/8857/7412 4623/8858/7413
f 4618/8850/7408 4620/8849/7410 4624/8859/7414 4622/8860/7412
f 4620/8861/7410 4621/8862/7411 4625/8863/7415 4624/8864/7414
f 4621/8856/7411 4619/8855/7409 4623/8865/7413 4625/8866/7415
f 4623/8858/7413 4622/8857/7412 4626/8867/7416 4627/8868/7417
f 4622/8860/7412 4624/8859/7414 4628/8869/7418 4626/8870/7416
f 4624/8864/7414 4625/8863/7415 4629/8871/7419 4628/8872/7418
f 4625/8866/7415 4623/8865/7413 4627/8873/7417 4629/8874/7419
f 4627/8868/7417 4626/8867/7416 4630/8875/7420 4631/8876/7421
f 4626/8870/7416 4628/8869/7418 4632/8877/7422 4630/8878/7420
f 4628/8872/7418 4629/8871/7419 4633/8879/7423 4632/8880/7422
f 4629/8874/7419 4627/8873/7417 4631/8881/7421 4633/8882/7423
f 4631/8876/7421 4630/8875/7420 4634/8883/7424 4635/8884/7425
f 4630/8878/7420 4632/8877/7422 4636/8885/7426 4634/8886/7424
f 4632/8880/7422 4633/8879/7423 4637/8887/7427 4636/8888/7426
f 4633/8882/7423 4631/8881/7421 4635/8889/7425 4637/8890/7427
f 4635/8891/7425 4634/8892/7424 4638/8893/7428 4639/8894/7429
f 4634/8886/7424 4636/8885/7426 4640/8895/7430 4638/8896/7428
f 4636/8888/7426 4637/8887/7427 4641/8897/7431 4640/8898/7430
f 4637/8890/7427 4635/8889/7425 4639/8899/7429 4641/8900/7431
f 4639/8901/7429 4638/8902/7428 4642/8903/7432 4643/8904/7433
f 4638/8896/7428 4640/8895/7430 4644/8905/7434 4642/8906/7432
f 4640/8898/7430 4641/8897/7431 4645/8907/7435 4644/8908/7434
f 4641/8900/7431 4639/8899/7429 4643/8909/7433 4645/8910/7435
f 4643/8904/7433 4642/8903/7432 4646/8911/7436 4647/8912/7437
f 4642/8906/7432 4644/8905/7434 4648/8913/7438 4646/8914/7436
f 4644/8908/7434 4645/8907/7435 4649/8915/7439 4648/8916/7438
f 4645/8910/7435 4643/8909/7433 4647/8917/7437 4649/8918/7439
f 4647/8912/7437 4646/8911/7436 4650/8919/7440 4651/8920/7441
f 4646/8911/7436 4648/8921/7438 4652/8922/7442 4650/8919/7440
f 4648/8923/7438 4649/8924/7439 4653/8925/7443 4652/8926/7442
f 4649/8918/7439 4647/8917/7437 4651/8927/7441 4653/8928/7443
f 4651/8929/7441 4650/8930/7440 4654/8931/7444 4655/8932/7445
f 4650/8933/7440 4652/8934/7442 4656/8935/7446 4654/8936/7444
f 4652/8937/7442 4653/8938/7443 4657/8939/7447 4656/8940/7446
f 4653/8928/7443 4651/8927/7441 4655/8941/7445 4657/8942/7447
f 4655/8943/7445 4654/8944/7444 4658/8945/7448 4659/8946/7449
f 4654/8936/7444 4656/8935/7446 4660/8947/7450 4658/8948/7448
f 4656/8940/7446 4657/8939/7447 4661/8949/7451 4660/8950/7450
f 4657/8942/7447 4655/8941/7445 4659/8951/7449 4661/8952/7451
f 4659/8946/7449 4658/8945/7448 4662/8953/7452 4663/8954/7453
f 4658/8945/7448 4660/8955/7450 4664/8956/7454 4662/8953/7452
f 4660/8957/7450 4661/8958/7451 4665/8959/7455 4664/8960/7454
f 4661/8952/7451 4659/8951/7449 4663/8961/7453 4665/8962/7455
f 4663/8963/7453 4662/8964/7452 4666/8965/7456 4667/8966/7457
f 4662/8967/7452 4664/8968/7454 4668/8969/7458 4666/8970/7456
f 4664/8971/7454 4665/8972/7455 4669/8973/7459 4668/8974/7458
f 4665/8962/7455 4663/8961/7453 4667/8975/7457 4669/8976/7459
f 4667/8966/7457 4666/8965/7456 4670/8977/7205 4671/8978/7204
f 4666/8970/7456 4668/8969/7458 4672/8979/7206 4670/8980/7205
f 4668/8974/7458 4669/8973/7459 4673/8981/7207 4672/8982/7206
f 4669/8976/7459 4667/8975/7457 4671/8983/7204 4673/8984/7207
f 4331/8985/7107 4330/8986/7103 4674/8987/7460 4675/8988/7461
f 4330/8210/7103 4376/8209/7102 4676/8989/7462 4674/8990/7460
f 4376/8991/7102 4377/8992/7106 4677/8993/7463 4676/8994/7462
f 4377/8213/7106 4331/8214/7107 4675/8995/7461 4677/8996/7463
f 4675/8997/7461 4674/8998/7460 4678/8999/7464 4679/9000/7465
f 4674/8990/7460 4676/8989/7462 4680/9001/7466 4678/9002/7464
f 4676/8994/7462 4677/8993/7463 4681/9003/7467 4680/9004/7466
f 4677/8996/7463 4675/8995/7461 4679/9005/7465 4681/9006/7467
f 4679/9000/7465 4678/8999/7464 4682/9007/7468 4683/9008/7469
f 4678/9002/7464 4680/9001/7466 4684/9009/7470 4682/9010/7468
f 4680/9011/7466 4681/9012/7467 4685/9013/7471 4684/9014/7470
f 4681/9006/7467 4679/9005/7465 4683/9015/7469 4685/9016/7471
f 4683/9008/7469 4682/9007/7468 4686/9017/7472 4687/9018/7473
f 4682/9010/7468 4684/9009/7470 4688/9019/7474 4686/9020/7472
f 4684/9014/7470 4685/9013/7471 4689/9021/7475 4688/9022/7474
f 4685/9016/7471 4683/9015/7469 4687/9023/7473 4689/9024/7475
f 4687/9018/7473 4686/9017/7472 4690/9025/7476 4691/9026/7477
f 4686/9020/7472 4688/9019/7474 4692/9027/7478 4690/9028/7476
f 4688/9022/7474 4689/9021/7475 4693/9029/7479 4692/9030/7478
f 4689/9024/7475 4687/9023/7473 4691/9031/7477 4693/9032/7479
f 4691/9033/7477 4690/9034/7476 4694/9035/7480 4695/9036/7481
f 4690/9028/7476 4692/9027/7478 4696/9037/7482 4694/9038/7480
f 4692/9030/7478 4693/9029/7479 4697/9039/7483 4696/9040/7482
f 4693/9032/7479 4691/9031/7477 4695/9041/7481 4697/9042/7483
f 4695/9043/7481 4694/9044/7480 4698/9045/7484 4699/9046/7485
f 4694/9038/7480 4696/9037/7482 4700/9047/7486 4698/9048/7484
f 4696/9049/7482 4697/9050/7483 4701/9051/7487 4700/9052/7486
f 4697/9042/7483 4695/9041/7481 4699/9053/7485 4701/9054/7487
f 4699/9055/7485 4698/9056/7484 4702/9057/7488 4703/9058/7489
f 4698/9048/7484 4700/9047/7486 4704/9059/7490 4702/9060/7488
f 4700/9052/7486 4701/9051/7487 4705/9061/7491 4704/9062/7490
f 4701/9054/7487 4699/9053/7485 4703/9063/7489 4705/9064/7491
f 4703/9058/7489 4702/9057/7488 4706/9065/7492 4707/9066/7493
f 4702/9060/7488 4704/9059/7490 4708/9067/7494 4706/9068/7492
f 4704/9069/7490 4705/9070/7491 4709/9071/7495 4708/9072/7494
f 4705/9064/7491 4703/9063/7489 4707/9073/7493 4709/9074/7495
f 4707/9066/7493 4706/9065/7492 4710/9075/7496 4711/9076/7497
f 4706/9068/7492 4708/9067/7494 4712/9077/7498 4710/9078/7496
f 4708/9072/7494 4709/9071/7495 4713/9079/7499 4712/9080/7498
f 4709/9074/7495 4707/9073/7493 4711/9081/7497 4713/9082/7499
f 4711/9076/7497 4710/9075/7496 4714/9083/7500 4715/9084/7501
f 4710/9078/7496 4712/9077/7498 4716/9085/7502 4714/9086/7500
f 4712/9080/7498 4713/9079/7499 4717/9087/7503 4716/9088/7502
f 4713/9082/7499 4711/9081/7497 4715/9089/7501 4717/9090/7503
f 4715/9091/7501 4714/9092/7500 4718/9093/7504 4719/9094/7505
f 4714/9086/7500 4716/9085/7502 4720/9095/7506 4718/9096/7504
f 4716/9097/7502 4717/9098/7503 4721/9099/7507 4720/9100/7506
f 4717/9090/7503 4715/9089/7501 4719/9101/7505 4721/9102/7507
f 4719/9103/7505 4718/9104/7504 4722/9105/7508 4723/9106/7509
f 4718/9104/7504 4720/9107/7506 4724/9108/7510 4722/9105/7508
f 4720/9107/7506 4721/9109/7507 4725/9110/7511 4724/9108/7510
f 4721/9109/7507 4719/9103/7505 4723/9106/7509 4725/9110/7511
f 4723/9111/7509 4722/9112/7508 4726/9113/7512 4727/9114/7513
f 4722/9115/7508 4724/9116/7510 4728/9117/7514 4726/9118/7512
f 4724/9119/7510 4725/9120/7511 4729/9121/7515 4728/9122/7514
f 4725/9123/7511 4723/9124/7509 4727/9125/7513 4729/9126/7515
f 4727/9114/7513 4726/9113/7512 4730/9127/7516 4731/9128/7517
f 4726/9118/7512 4728/9117/7514 4732/9129/7518 4730/9130/7516
f 4728/9122/7514 4729/9121/7515 4733/9131/7519 4732/9132/7518
f 4729/9126/7515 4727/9125/7513 4731/9133/7517 4733/9134/7519
f 4731/9135/7517 4730/9136/7516 4734/9137/7520 4735/9138/7521
f 4730/9130/7516 4732/9129/7518 4736/9139/7522 4734/9140/7520
f 4732/9141/7518 4733/9142/7519 4737/9143/7523 4736/9144/7522
f 4733/9134/7519 4731/9133/7517 4735/9145/7521 4737/9146/7523
f 4735/9138/7521 4734/9137/7520 4738/9147/6989 4739/9148/6988
f 4734/9140/7520 4736/9139/7522 4740/9149/6990 4738/9150/6989
f 4736/9144/7522 4737/9143/7523 4741/9151/6991 4740/9152/6990
f 4737/9146/7523 4735/9145/7521 4739/9153/6988 4741/9154/6991
f 4327/8196/7093 4326/8195/7092 4742/9155/7524 4743/9156/7525
f 4326/9157/7092 4330/8986/7103 4744/9158/7526 4742/9159/7524
f 4330/8986/7103 4331/8985/7107 4745/9160/7527 4744/9158/7526
f 4331/8214/7107 4327/8204/7093 4743/9161/7525 4745/9162/7527
f 4743/9163/7525 4742/9164/7524 4750/9165/7109 4751/9166/7108
f 4742/9167/7524 4744/9168/7526 4754/8220/7112 4750/8219/7109
f 4744/9169/7526 4745/9170/7527 4756/9171/7114 4754/9172/7112
f 4745/9170/7527 4743/9163/7525 4751/9166/7108 4756/9171/7114
s off
usemtl openPBRSurface4SG
f 4812/9173/7528 4813/9174/7529 4814/9175/7530 4815/9176/7531
f 4813/9174/7532 4816/9177/7533 4817/9178/7534 4814/9175/7535
f 4816/9179/7536 4818/9180/7537 4819/9181/7538 4817/9182/7539
f 4818/9180/7540 4820/9183/7541 4821/9184/7542 4819/9181/7543
f 4820/9185/7544 4822/9186/7545 4823/9187/7546 4821/9188/7547
f 4822/9186/7548 4824/9189/7549 4825/9190/7550 4823/9187/7551
f 4824/9191/7552 4826/9192/7553 4827/9193/7554 4825/9194/7555
f 4826/9192/7556 4812/9195/7557 4815/9196/7558 4827/9193/7559
s 125
usemtl openPBRSurface5SG
f 4795/9197/7560 4794/9198/7561 4810/9199/7562
f 4796/9200/7563 4795/9197/7560 4810/9199/7562
usemtl openPBRSurface10SG
f 4797/9201/7564 4796/9200/7563 4810/9199/7562
f 4798/9202/7565 4797/9201/7564 4810/9199/7562
usemtl openPBRSurface5SG
f 4799/9203/7566 4798/9202/7565 4810/9199/7562
f 4800/9204/7567 4799/9203/7566 4810/9199/7562
usemtl openPBRSurface10SG
f 4801/9205/7568 4800/9204/7567 4810/9199/7562
f 4794/9198/7561 4801/9205/7568 4810/9199/7562
s 126
usemtl openPBRSurface5SG
f 4802/9206/7569 4803/9207/7570 4811/9208/7571
f 4803/9207/7570 4804/9209/7572 4811/9208/7571
usemtl openPBRSurface10SG
f 4804/9209/7572 4805/9210/7573 4811/9208/7571
f 4805/9210/7573 4806/9211/7574 4811/9208/7571
usemtl openPBRSurface5SG
f 4806/9211/7574 4807/9212/7575 4811/9208/7571
f 4807/9212/7575 4808/9213/7576 4811/9208/7571
usemtl openPBRSurface10SG
f 4808/9213/7576 4809/9214/7577 4811/9208/7571
f 4809/9214/7577 4802/9206/7569 4811/9208/7571
s off
usemtl openPBRSurface4SG
f 4828/9215/7578 4829/9216/7579 4830/9217/7580 4831/9218/7581
f 4845/9219/7582 4844/9220/7583 4846/9221/7584 4847/9222/7585
f 4829/9216/7586 4832/9223/7587 4833/9224/7588 4830/9217/7589
f 4848/9225/7590 4845/9219/7591 4847/9222/7592 4849/9226/7593
f 4832/9223/7594 4834/9227/7595 4835/9228/7596 4833/9224/7597
f 4850/9229/7598 4848/9225/7599 4849/9226/7600 4851/9230/7601
f 4834/9227/7602 4836/9231/7603 4837/9232/7604 4835/9228/7605
f 4852/9233/7606 4850/9229/7607 4851/9230/7608 4853/9234/7609
f 4836/9231/7610 4838/9235/7611 4839/9236/7612 4837/9232/7613
f 4854/9237/7614 4852/9233/7615 4853/9234/7616 4855/9238/7617
f 4838/9235/7618 4840/9239/7619 4841/9240/7620 4839/9236/7621
f 4856/9241/7622 4854/9237/7623 4855/9238/7624 4857/9242/7625
f 4840/9239/7626 4842/9243/7627 4843/9244/7628 4841/9240/7629
f 4858/9245/7630 4856/9241/7631 4857/9242/7632 4859/9246/7633
f 4842/9243/7634 4828/9215/7635 4831/9218/7636 4843/9244/7637
f 4844/9220/7638 4858/9245/7639 4859/9246/7640 4846/9221/7641
f 4794/9247/7642 4795/9248/7643 4829/9249/7644 4828/9250/7645
f 4813/9174/7646 4812/9173/7647 4831/9251/7648 4830/9252/7649
f 4795/9248/7650 4796/9253/7651 4832/9254/7652 4829/9249/7653
f 4816/9177/7654 4813/9174/7655 4830/9252/7656 4833/9255/7657
f 4796/9256/7658 4797/9257/7659 4834/9258/7660 4832/9259/7661
f 4818/9180/7662 4816/9179/7663 4833/9260/7664 4835/9261/7665
f 4797/9257/7666 4798/9262/7667 4836/9263/7668 4834/9258/7669
f 4820/9183/7670 4818/9180/7671 4835/9261/7672 4837/9264/7673
f 4798/9265/7674 4799/9266/7675 4838/9267/7676 4836/9268/7677
f 4822/9186/7678 4820/9185/7679 4837/9269/7680 4839/9270/7681
f 4799/9266/7682 4800/9271/7683 4840/9272/7684 4838/9267/7685
f 4824/9189/7686 4822/9186/7687 4839/9270/7688 4841/9273/7689
f 4800/9274/7690 4801/9275/7691 4842/9276/7692 4840/9277/7693
f 4826/9192/7694 4824/9191/7695 4841/9278/7696 4843/9279/7697
f 4801/9275/7698 4794/9280/7699 4828/9281/7700 4842/9276/7701
f 4812/9195/7702 4826/9192/7703 4843/9279/7704 4831/9282/7705
f 4803/9283/7706 4802/9284/7707 4844/9285/7708 4845/9286/7709
f 4815/9176/7710 4814/9175/7711 4847/9287/7712 4846/9288/7713
f 4804/9289/7714 4803/9283/7715 4845/9286/7716 4848/9290/7717
f 4814/9175/7718 4817/9178/7719 4849/9291/7720 4847/9287/7721
f 4805/9292/7722 4804/9293/7723 4848/9294/7724 4850/9295/7725
f 4817/9182/7726 4819/9181/7727 4851/9296/7728 4849/9297/7729
f 4806/9298/7730 4805/9292/7731 4850/9295/7732 4852/9299/7733
f 4819/9181/7734 4821/9184/7735 4853/9300/7736 4851/9296/7737
f 4807/9301/7738 4806/9302/7739 4852/9303/7740 4854/9304/7741
f 4821/9188/7742 4823/9187/7743 4855/9305/7744 4853/9306/7745
f 4808/9307/7746 4807/9301/7747 4854/9304/7748 4856/9308/7749
f 4823/9187/7750 4825/9190/7751 4857/9309/7752 4855/9305/7753
f 4809/9310/7754 4808/9311/7755 4856/9312/7756 4858/9313/7757
f 4825/9194/7758 4827/9193/7759 4859/9314/7760 4857/9315/7761
f 4802/9316/7762 4809/9310/7763 4858/9313/7764 4844/9317/7765
f 4827/9193/7766 4815/9196/7767 4846/9318/7768 4859/9314/7769
