# This file uses centimeters as units for non-parametric coordinates.

mtllib TvVFF_Drift_Log_02_v02.mtl
g default
v -0.500000 0.000000 0.500000
v -0.400000 0.000000 0.500000
v -0.300000 0.000000 0.500000
v -0.200000 0.000000 0.500000
v -0.100000 0.000000 0.500000
v 0.000000 0.000000 0.500000
v 0.100000 0.000000 0.500000
v 0.200000 0.000000 0.500000
v 0.300000 0.000000 0.500000
v 0.400000 0.000000 0.500000
v 0.500000 0.000000 0.500000
v -0.500000 0.000000 0.400000
v -0.400000 0.000000 0.400000
v -0.300000 0.000000 0.400000
v -0.200000 0.000000 0.400000
v -0.100000 0.000000 0.400000
v 0.000000 0.000000 0.400000
v 0.100000 0.000000 0.400000
v 0.200000 0.000000 0.400000
v 0.300000 0.000000 0.400000
v 0.400000 0.000000 0.400000
v 0.500000 0.000000 0.400000
v -0.500000 0.000000 0.300000
v -0.400000 0.000000 0.300000
v -0.300000 0.000000 0.300000
v -0.200000 0.000000 0.300000
v -0.100000 0.000000 0.300000
v 0.000000 0.000000 0.300000
v 0.100000 0.000000 0.300000
v 0.200000 0.000000 0.300000
v 0.300000 0.000000 0.300000
v 0.400000 0.000000 0.300000
v 0.500000 0.000000 0.300000
v -0.500000 0.000000 0.200000
v -0.400000 0.000000 0.200000
v -0.300000 0.000000 0.200000
v -0.200000 0.000000 0.200000
v -0.100000 0.000000 0.200000
v 0.000000 0.000000 0.200000
v 0.100000 0.000000 0.200000
v 0.200000 0.000000 0.200000
v 0.300000 0.000000 0.200000
v 0.400000 0.000000 0.200000
v 0.500000 0.000000 0.200000
v -0.500000 0.000000 0.100000
v -0.400000 0.000000 0.100000
v -0.300000 0.000000 0.100000
v -0.200000 0.000000 0.100000
v -0.100000 0.000000 0.100000
v 0.000000 0.000000 0.100000
v 0.100000 0.000000 0.100000
v 0.200000 0.000000 0.100000
v 0.300000 0.000000 0.100000
v 0.400000 0.000000 0.100000
v 0.500000 0.000000 0.100000
v -0.500000 0.000000 0.000000
v -0.400000 0.000000 0.000000
v -0.300000 0.000000 0.000000
v -0.200000 0.000000 0.000000
v -0.100000 0.000000 0.000000
v 0.000000 0.000000 0.000000
v 0.100000 0.000000 0.000000
v 0.200000 0.000000 0.000000
v 0.300000 0.000000 0.000000
v 0.400000 0.000000 0.000000
v 0.500000 0.000000 0.000000
v -0.500000 0.000000 -0.100000
v -0.400000 0.000000 -0.100000
v -0.300000 0.000000 -0.100000
v -0.200000 0.000000 -0.100000
v -0.100000 0.000000 -0.100000
v 0.000000 0.000000 -0.100000
v 0.100000 0.000000 -0.100000
v 0.200000 0.000000 -0.100000
v 0.300000 0.000000 -0.100000
v 0.400000 0.000000 -0.100000
v 0.500000 0.000000 -0.100000
v -0.500000 0.000000 -0.200000
v -0.400000 0.000000 -0.200000
v -0.300000 0.000000 -0.200000
v -0.200000 0.000000 -0.200000
v -0.100000 0.000000 -0.200000
v 0.000000 0.000000 -0.200000
v 0.100000 0.000000 -0.200000
v 0.200000 0.000000 -0.200000
v 0.300000 0.000000 -0.200000
v 0.400000 0.000000 -0.200000
v 0.500000 0.000000 -0.200000
v -0.500000 0.000000 -0.300000
v -0.400000 0.000000 -0.300000
v -0.300000 0.000000 -0.300000
v -0.200000 0.000000 -0.300000
v -0.100000 0.000000 -0.300000
v 0.000000 0.000000 -0.300000
v 0.100000 0.000000 -0.300000
v 0.200000 0.000000 -0.300000
v 0.300000 0.000000 -0.300000
v 0.400000 0.000000 -0.300000
v 0.500000 0.000000 -0.300000
v -0.500000 0.000000 -0.400000
v -0.400000 0.000000 -0.400000
v -0.300000 0.000000 -0.400000
v -0.200000 0.000000 -0.400000
v -0.100000 0.000000 -0.400000
v 0.000000 0.000000 -0.400000
v 0.100000 0.000000 -0.400000
v 0.200000 0.000000 -0.400000
v 0.300000 0.000000 -0.400000
v 0.400000 0.000000 -0.400000
v 0.500000 0.000000 -0.400000
v -0.500000 0.000000 -0.500000
v -0.400000 0.000000 -0.500000
v -0.300000 0.000000 -0.500000
v -0.200000 0.000000 -0.500000
v -0.100000 0.000000 -0.500000
v 0.000000 0.000000 -0.500000
v 0.100000 0.000000 -0.500000
v 0.200000 0.000000 -0.500000
v 0.300000 0.000000 -0.500000
v 0.400000 0.000000 -0.500000
v 0.500000 0.000000 -0.500000
v -0.634931 0.324081 -4.953259
v -0.774703 0.207049 -5.023520
v -0.868597 0.049701 -5.091304
v -0.907423 -0.132561 -5.149976
v -0.887380 -0.321895 -5.193793
v -0.810429 -0.499770 -5.218464
v -0.684104 -0.648772 -5.221577
v -0.520770 -0.754316 -5.202825
v -0.336415 -0.806072 -5.164043
v -0.149086 -0.798972 -5.109031
v 0.022882 -0.733712 -5.043169
v 0.162654 -0.616680 -4.972909
v 0.256548 -0.459332 -4.905124
v 0.295374 -0.277063 -4.846451
v 0.275332 -0.087737 -4.802624
v 0.198380 0.090139 -4.777964
v 0.072055 0.239141 -4.774851
v -0.091279 0.344685 -4.793603
v -0.275634 0.396440 -4.832384
v -0.462964 0.389341 -4.887399
v -0.266125 0.341619 -6.203939
v -0.417349 0.223068 -6.239251
v -0.529079 0.063360 -6.252604
v -0.590380 -0.121879 -6.242686
v -0.595251 -0.314512 -6.210473
v -0.543214 -0.495685 -6.159113
v -0.439365 -0.647663 -6.093636
v -0.293867 -0.755569 -6.020451
v -0.120965 -0.808841 -5.946721
v 0.062420 -0.802264 -5.879669
v 0.238333 -0.736482 -5.825847
v 0.389556 -0.617933 -5.790534
v 0.501287 -0.458223 -5.777183
v 0.562589 -0.272997 -5.787104
v 0.567457 -0.080347 -5.819324
v 0.515422 0.100821 -5.870674
v 0.411572 0.252799 -5.936150
v 0.266075 0.360705 -6.009335
v 0.093172 0.413978 -6.083065
v -0.090213 0.407400 -6.150118
v 0.168555 -0.099951 -7.231681
v 0.007120 -0.209501 -7.242027
v -0.120514 -0.355195 -7.216497
v -0.201855 -0.522772 -7.157583
v -0.228941 -0.695828 -7.071054
v -0.199119 -0.857424 -6.965381
v -0.115310 -0.991740 -6.850908
v 0.014284 -1.085631 -6.738839
v 0.176975 -1.129904 -6.640144
v 0.356842 -1.120227 -6.564489
v 0.536272 -1.057544 -6.519270
v 0.697707 -0.947994 -6.508923
v 0.825342 -0.802300 -6.534455
v 0.906684 -0.634724 -6.593369
v 0.933769 -0.461668 -6.679897
v 0.903947 -0.300072 -6.785570
v 0.820137 -0.165754 -6.900044
v 0.690543 -0.071865 -7.012110
v 0.527852 -0.027591 -7.110806
v 0.347986 -0.037270 -7.186461
v 0.187737 -0.149901 -7.194520
v 0.043143 -0.248023 -7.203786
v -0.071176 -0.378517 -7.180919
v -0.144031 -0.528612 -7.128151
v -0.168291 -0.683614 -7.050650
v -0.141580 -0.828351 -6.956001
v -0.066514 -0.948654 -6.853471
v 0.049559 -1.032750 -6.753094
v 0.195278 -1.072404 -6.664695
v 0.356380 -1.063736 -6.596933
v 0.517091 -1.007593 -6.556431
v 0.661685 -0.909472 -6.547163
v 0.776004 -0.778978 -6.570033
v 0.848859 -0.628884 -6.622801
v 0.873119 -0.473882 -6.700300
v 0.846408 -0.329144 -6.794950
v 0.771342 -0.208840 -6.897480
v 0.655268 -0.124745 -6.997857
v 0.509549 -0.085091 -7.086255
v 0.348448 -0.093760 -7.154018
v 0.163601 -0.119386 -7.141045
v 0.019007 -0.217508 -7.150310
v 0.328278 -0.548233 -6.822000
v -0.095311 -0.348001 -7.127443
v -0.168167 -0.498096 -7.074676
v -0.192427 -0.653099 -6.997174
v -0.165716 -0.797836 -6.902525
v -0.090650 -0.918139 -6.799995
v 0.025423 -1.002234 -6.699617
v 0.171142 -1.041888 -6.611218
v 0.332244 -1.033221 -6.543457
v 0.492955 -0.977078 -6.502955
v 0.637549 -0.878957 -6.493688
v 0.751868 -0.748462 -6.516557
v 0.824723 -0.598369 -6.569324
v 0.848982 -0.443367 -6.646825
v 0.822272 -0.298630 -6.741473
v 0.747206 -0.178325 -6.844004
v 0.631132 -0.094230 -6.944381
v 0.485413 -0.054576 -7.032779
v 0.324312 -0.063244 -7.100542
v 1.726861 0.256791 -3.288668
v 1.720274 0.488187 -3.198488
v 1.741757 0.253972 -3.274978
v 1.735081 0.485607 -3.184803
v 1.683263 0.270916 -3.197321
v 1.679368 0.408133 -3.143832
v 1.668379 0.273711 -3.211007
v 1.664572 0.410685 -3.157520
v 1.780994 0.272365 -3.349547
v 1.773488 0.530098 -3.249308
v 1.788374 0.527307 -3.235614
v 1.795895 0.269533 -3.335845
v 1.844111 0.319841 -3.410275
v 1.837293 0.550578 -3.320653
v 1.852289 0.547493 -3.306951
v 1.859063 0.316872 -3.396576
v 1.919559 0.416652 -3.469166
v 1.915950 0.537139 -3.422420
v 1.930875 0.534245 -3.408730
v 1.934470 0.413795 -3.455466
v 1.964002 0.491439 -3.497874
v 1.963350 0.512654 -3.489669
v 1.978448 0.509293 -3.475966
v 1.978794 0.488910 -3.484184
v 1.660955 0.318703 -3.154826
v 1.660495 0.339846 -3.146443
v 1.647090 0.342284 -3.158836
v 1.647563 0.321100 -3.167222
v 1.551035 0.247335 -3.029951
v 1.550061 0.290569 -3.013708
v 1.521299 0.295508 -3.040482
v 1.522099 0.252749 -3.056737
v 0.255810 0.264262 -1.968855
v 0.467656 0.248405 -1.632514
v 0.590940 0.312681 -2.177655
v 0.802786 0.296824 -1.841315
v 0.623554 -0.081856 -2.216799
v 0.835400 -0.097713 -1.880458
v 0.288424 -0.130275 -2.007998
v 0.500269 -0.146132 -1.671658
v 0.707801 0.266258 -2.186620
v 0.859468 0.254906 -1.945823
v 0.882817 -0.027555 -1.973847
v 0.731150 -0.016203 -2.214644
v 1.085253 0.312319 -2.413243
v 1.228866 0.301569 -2.185233
v 1.250975 0.034106 -2.211769
v 1.107361 0.044856 -2.439780
v 1.228523 0.340375 -2.576656
v 1.428957 0.339043 -2.396232
v 1.451065 0.071580 -2.422768
v 1.250630 0.072912 -2.603192
v 1.705962 0.183139 -2.119514
v 1.670139 0.040803 -2.142930
v 1.661476 0.069117 -2.301780
v 1.697299 0.211453 -2.278362
v 1.339543 0.330037 -2.786438
v 1.514266 0.337188 -2.712931
v 1.529817 0.149060 -2.731596
v 1.355094 0.141910 -2.805103
v 1.472402 0.356329 -3.044055
v 1.546335 0.336434 -2.929636
v 1.541822 0.200409 -2.950371
v 1.467888 0.220303 -3.064789
v 1.691325 0.331525 -3.103166
v 1.710936 0.326227 -3.033432
v 1.716891 0.254191 -3.040578
v 1.697279 0.259489 -3.110313
v 1.943768 0.077475 -2.151986
v 1.905889 -0.011843 -2.215239
v 1.892097 0.064329 -2.314540
v 1.929977 0.153646 -2.251287
v 2.131147 0.033350 -2.242233
v 2.107681 -0.021980 -2.281417
v 2.099135 0.025207 -2.342930
v 2.122602 0.080536 -2.303746
v 2.144073 -0.051502 -2.422929
v 2.166459 -0.127975 -2.223473
v 2.134046 -0.065817 -2.425478
v 2.156523 -0.142278 -2.225820
v 2.075670 -0.042732 -2.367696
v 2.088935 -0.088091 -2.249418
v 2.085685 -0.028423 -2.365167
v 2.098864 -0.073788 -2.247097
v 2.202120 -0.083610 -2.450159
v 2.227193 -0.168602 -2.228011
v 2.217175 -0.182916 -2.230535
v 2.192081 -0.097927 -2.452714
v 2.273614 -0.131111 -2.457307
v 2.296142 -0.207094 -2.258434
v 2.286011 -0.221419 -2.261204
v 2.263527 -0.145431 -2.459982
v 2.364522 -0.201570 -2.432341
v 2.376322 -0.241198 -2.328495
v 2.366269 -0.255513 -2.331107
v 2.354475 -0.215889 -2.434919
v 2.420559 -0.249119 -2.402808
v 2.422652 -0.256077 -2.384526
v 2.412424 -0.270411 -2.387530
v 2.410636 -0.263424 -2.405111
v 2.059981 -0.047739 -2.311504
v 2.061932 -0.054872 -2.293281
v 2.070971 -0.041949 -2.291083
v 2.069008 -0.034814 -2.309343
v 1.925400 0.027457 -2.284541
v 1.930071 0.013112 -2.247562
v 1.949489 0.040961 -2.243120
v 1.944998 0.055324 -2.279700
v -2.611134 0.160222 -3.679619
v -2.570376 0.157632 -3.570320
v -2.609186 0.169605 -3.679146
v -2.568406 0.166955 -3.569745
v -2.563628 0.163244 -3.673463
v -2.539456 0.161715 -3.608647
v -2.565578 0.153870 -3.673945
v -2.541431 0.152398 -3.609235
v -2.648485 0.165829 -3.670084
v -2.603130 0.162828 -3.548367
v -2.601178 0.172204 -3.547882
v -2.646533 0.175217 -3.669616
v -2.687543 0.172092 -3.645091
v -2.646964 0.169338 -3.536136
v -2.645037 0.178787 -3.535777
v -2.685607 0.181512 -3.644683
v -2.728220 0.179129 -3.596267
v -2.707041 0.177659 -3.539379
v -2.705100 0.187059 -3.538938
v -2.726273 0.188523 -3.595810
v -2.749554 0.183053 -3.559109
v -2.745831 0.182782 -3.549095
v -2.743932 0.192297 -3.548854
v -2.747578 0.192368 -3.558512
v -2.540560 0.160059 -3.651793
v -2.536812 0.159912 -3.641789
v -2.538596 0.151461 -3.642263
v -2.542349 0.151617 -3.652285
v -2.464677 0.152625 -3.689407
v -2.457368 0.152099 -3.668986
v -2.461273 0.133951 -3.670144
v -2.468539 0.134361 -3.690361
v 0.951057 0.309017 -1.000000
v 0.809018 0.587786 -1.000000
v 0.587786 0.809017 -1.000000
v 0.309017 0.951057 -1.000000
v 0.000000 1.000000 -1.000000
v -0.309017 0.951057 -1.000000
v -0.587785 0.809017 -1.000000
v -0.809017 0.587785 -1.000000
v -0.951057 0.309017 -1.000000
v -1.000000 0.000000 -1.000000
v -0.951057 -0.309017 -1.000000
v -0.809017 -0.587785 -1.000000
v -0.587785 -0.809017 -1.000000
v -0.309017 -0.951057 -1.000000
v -0.000000 -1.000000 -1.000000
v 0.309017 -0.951057 -1.000000
v 0.587785 -0.809017 -1.000000
v 0.809017 -0.587785 -1.000000
v 0.951057 -0.309017 -1.000000
v 1.000000 0.000000 -1.000000
v 0.951057 0.309017 1.000000
v 0.809018 0.587786 1.000000
v 0.587786 0.809017 1.000000
v 0.309017 0.951057 1.000000
v 0.000000 1.000000 1.000000
v -0.309017 0.951057 1.000000
v -0.587785 0.809017 1.000000
v -0.809017 0.587785 1.000000
v -0.951057 0.309017 1.000000
v -1.000000 0.000000 1.000000
v -0.951057 -0.309017 1.000000
v -0.809017 -0.587785 1.000000
v -0.587785 -0.809017 1.000000
v -0.309017 -0.951057 1.000000
v -0.000000 -1.000000 1.000000
v 0.309017 -0.951057 1.000000
v 0.587785 -0.809017 1.000000
v 0.809017 -0.587785 1.000000
v 0.951057 -0.309017 1.000000
v 1.000000 0.000000 1.000000
v 0.879171 0.285660 1.000000
v 0.747867 0.543357 1.000000
v 0.543357 0.747867 1.000000
v 0.285660 0.879171 1.000000
v -0.000000 0.924415 1.000000
v -0.285660 0.879171 1.000000
v -0.543357 0.747867 1.000000
v -0.747867 0.543357 1.000000
v -0.879171 0.285660 1.000000
v -0.924415 0.000000 1.000000
v -0.879171 -0.285660 1.000000
v -0.747867 -0.543357 1.000000
v -0.543357 -0.747867 1.000000
v -0.285660 -0.879170 1.000000
v -0.000000 -0.924414 1.000000
v 0.285660 -0.879170 1.000000
v 0.543357 -0.747867 1.000000
v 0.747867 -0.543357 1.000000
v 0.879170 -0.285660 1.000000
v 0.924414 0.000000 1.000000
v 0.879171 0.285660 0.938772
v 0.747867 0.543357 0.938772
v -0.000000 0.000000 0.938772
v 0.543357 0.747867 0.938772
v 0.285660 0.879171 0.938772
v -0.000000 0.924415 0.938772
v -0.285660 0.879171 0.938772
v -0.543357 0.747867 0.938772
v -0.747867 0.543357 0.938772
v -0.879171 0.285660 0.938772
v -0.924415 0.000000 0.938772
v -0.879171 -0.285660 0.938772
v -0.747867 -0.543357 0.938772
v -0.543357 -0.747867 0.938772
v -0.285660 -0.879170 0.938772
v -0.000000 -0.924414 0.938772
v 0.285660 -0.879170 0.938772
v 0.543357 -0.747867 0.938772
v 0.747867 -0.543357 0.938772
v 0.879170 -0.285660 0.938772
v 0.924414 0.000000 0.938772
v 0.903149 0.309017 -2.465908
v 0.761141 0.587786 -2.462923
v 0.539958 0.809017 -2.458275
v 0.261251 0.951057 -2.452417
v -0.047698 1.000000 -2.445923
v -0.356647 0.951057 -2.439430
v -0.635354 0.809017 -2.433573
v -0.856537 0.587785 -2.428924
v -0.998545 0.309017 -2.425939
v -1.047477 0.000000 -2.424911
v -0.998545 -0.309017 -2.425939
v -0.856537 -0.587785 -2.428924
v -0.635354 -0.809017 -2.433573
v -0.356647 -0.951057 -2.439430
v -0.047698 -1.000000 -2.445923
v 0.261251 -0.951057 -2.452417
v 0.539957 -0.809017 -2.458275
v 0.761140 -0.587785 -2.462924
v 0.903148 -0.309017 -2.465908
v 0.952081 0.000000 -2.466937
v 0.690263 0.309017 -4.300899
v 0.550974 0.587786 -4.273082
v 0.334026 0.809017 -4.229757
v 0.060655 0.951057 -4.175165
v -0.242378 1.000000 -4.114649
v -0.545412 0.951057 -4.054132
v -0.818782 0.809017 -3.999540
v -1.035731 0.587785 -3.956215
v -1.175020 0.309017 -3.928399
v -1.223016 0.000000 -3.918814
v -1.175020 -0.309017 -3.928399
v -1.035730 -0.587785 -3.956215
v -0.818782 -0.809017 -3.999540
v -0.545412 -0.951057 -4.054132
v -0.242378 -1.000000 -4.114649
v 0.060655 -0.951057 -4.175165
v 0.334026 -0.809017 -4.229757
v 0.550974 -0.587785 -4.273082
v 0.690263 -0.309017 -4.300899
v 0.738258 0.000000 -4.310483
v -0.093330 0.309017 -5.997074
v -0.209334 0.587786 -5.915104
v -0.390014 0.809017 -5.787442
v -0.617684 0.951057 -5.626573
v -0.870058 1.000000 -5.448251
v -1.122431 0.951057 -5.269928
v -1.350100 0.809017 -5.109061
v -1.530781 0.587785 -4.981395
v -1.646784 0.309017 -4.899427
v -1.686757 0.000000 -4.871189
v -1.646784 -0.309017 -4.899427
v -1.530781 -0.587785 -4.981395
v -1.350101 -0.809017 -5.109061
v -1.122431 -0.951057 -5.269928
v -0.870058 -1.000000 -5.448251
v -0.617683 -0.951057 -5.626573
v -0.390014 -0.809017 -5.787441
v -0.209335 -0.587785 -5.915104
v -0.093329 -0.309017 -5.997073
v -0.053358 0.000000 -6.025313
v -1.514139 0.309017 -7.291186
v -1.598244 0.587786 -7.176721
v -1.729242 0.809017 -6.998445
v -1.894309 0.951057 -6.773800
v -2.077287 1.000000 -6.524782
v -2.260265 0.951057 -6.275763
v -2.425331 0.809017 -6.051120
v -2.556329 0.587785 -5.872840
v -2.640433 0.309017 -5.758377
v -2.669417 0.000000 -5.718940
v -2.640433 -0.309017 -5.758377
v -2.556329 -0.587785 -5.872840
v -2.425331 -0.809017 -6.051120
v -2.260265 -0.951057 -6.275763
v -2.077287 -1.000000 -6.524782
v -1.894308 -0.951057 -6.773800
v -1.729242 -0.809017 -6.998445
v -1.598244 -0.587785 -7.176721
v -1.514138 -0.309017 -7.291185
v -1.485157 0.000000 -7.330623
v -1.571247 0.277680 -7.213467
v -1.646823 0.528179 -7.110609
v -1.764536 0.726977 -6.950412
v -1.912864 0.854612 -6.748548
v -2.077287 0.898593 -6.524782
v -2.241709 0.854612 -6.301015
v -2.390036 0.726977 -6.099153
v -2.507750 0.528179 -5.938952
v -2.583325 0.277680 -5.836097
v -2.609370 0.000000 -5.800659
v -2.583325 -0.277680 -5.836097
v -2.507750 -0.528179 -5.938952
v -2.390036 -0.726976 -6.099153
v -2.241709 -0.854612 -6.301015
v -2.077287 -0.898592 -6.524782
v -1.912864 -0.854612 -6.748548
v -1.764536 -0.726976 -6.950412
v -1.646823 -0.528179 -7.110609
v -1.571246 -0.277680 -7.213466
v -1.545203 0.000000 -7.248904
v -1.505440 0.277680 -7.165112
v -1.581016 0.528179 -7.062254
v -2.011480 0.000000 -6.476427
v -1.698729 0.726977 -6.902057
v -1.847057 0.854612 -6.700193
v -2.011480 0.898593 -6.476427
v -2.175903 0.854612 -6.252661
v -2.324229 0.726977 -6.050798
v -2.441943 0.528179 -5.890598
v -2.517519 0.277680 -5.787742
v -2.543563 0.000000 -5.752305
v -2.517519 -0.277680 -5.787742
v -2.441943 -0.528179 -5.890598
v -2.324229 -0.726976 -6.050798
v -2.175903 -0.854612 -6.252661
v -2.011480 -0.898592 -6.476427
v -1.847057 -0.854612 -6.700193
v -1.698729 -0.726976 -6.902057
v -1.581016 -0.528179 -7.062254
v -1.505439 -0.277680 -7.165112
v -1.479396 0.000000 -7.200550
v -0.892810 -0.692125 -3.640531
v -0.687706 -0.809562 -3.660132
v -0.455935 -0.859707 -3.663419
v -0.220184 -0.837651 -3.650070
v -0.003530 -0.745553 -3.621393
v 0.172819 -0.592430 -3.580194
v 0.291601 -0.393269 -3.530508
v 0.341189 -0.167566 -3.477196
v 0.316729 0.062586 -3.425477
v 0.220615 0.274658 -3.380415
v 0.062255 0.447891 -3.346420
v -0.142849 0.565328 -3.326819
v -0.374620 0.615472 -3.323533
v -0.610370 0.593416 -3.336881
v -0.827024 0.501320 -3.365557
v -1.003373 0.348196 -3.406756
v -1.122155 0.149035 -3.456443
v -1.171743 -0.076668 -3.509755
v -1.147283 -0.306820 -3.561474
v -1.051169 -0.518892 -3.606536
v -0.734115 -0.312680 -4.979026
v -0.531055 -0.435187 -4.980498
v -0.302469 -0.493229 -4.955549
v -0.070730 -0.481123 -4.906621
v 0.141475 -0.400056 -4.838504
v 0.313377 -0.257963 -4.757865
v 0.428146 -0.068752 -4.672599
v 0.474550 0.149055 -4.591051
v 0.448045 0.374137 -4.521204
v 0.351226 0.584462 -4.469895
v 0.193571 0.759442 -4.442145
v -0.009488 0.881948 -4.440676
v -0.238074 0.939990 -4.465624
v -0.469820 0.927884 -4.514555
v -0.682024 0.846819 -4.582655
v -0.853919 0.704724 -4.663307
v -0.968689 0.515513 -4.748573
v -1.015093 0.297707 -4.830121
v -0.988588 0.072625 -4.899968
v -0.891769 -0.137700 -4.951278
v -0.214037 0.272921 -6.159041
v -0.026479 0.132412 -6.122669
v 0.177961 0.046331 -6.038785
v 0.379275 0.023104 -5.915590
v 0.557754 0.065006 -5.765151
v 0.695928 0.167933 -5.602188
v 0.780273 0.321811 -5.442655
v 0.802531 0.511578 -5.302169
v 0.760523 0.718656 -5.194480
v 0.658364 0.922780 -5.130136
v 0.506050 1.103962 -5.115422
v 0.318493 1.244471 -5.151793
v 0.114052 1.330552 -5.235680
v -0.087247 1.353784 -5.358870
v -0.265739 1.311877 -5.509327
v -0.403915 1.208951 -5.672276
v -0.488260 1.055072 -5.831807
v -0.510517 0.865305 -5.972294
v -0.468511 0.658226 -6.079983
v -0.366351 0.454103 -6.144328
v 0.706409 1.049087 -6.979092
v 0.873257 0.890599 -6.921760
v 1.045445 0.776519 -6.805230
v 1.206116 0.718009 -6.640898
v 1.339544 0.720800 -6.444856
v 1.432667 0.784617 -6.236293
v 1.476368 0.903212 -6.035625
v 1.466374 1.064979 -5.862491
v 1.403658 1.254081 -5.733843
v 1.294364 1.452010 -5.662275
v 1.149184 1.639385 -5.654785
v 0.982336 1.797872 -5.712116
v 0.810148 1.911954 -5.828650
v 0.649477 1.970464 -5.992980
v 0.516049 1.967673 -6.189020
v 0.422927 1.903856 -6.397584
v 0.379224 1.785260 -6.598254
v 0.389219 1.623493 -6.771383
v 0.451935 1.434391 -6.900033
v 0.561230 1.236464 -6.971601
v 0.729505 1.079879 -6.910013
v 0.878947 0.937925 -6.858662
v 1.033171 0.835746 -6.754288
v 1.177080 0.783341 -6.607100
v 1.296588 0.785840 -6.431510
v 1.379996 0.842999 -6.244705
v 1.419138 0.949223 -6.064973
v 1.410186 1.094113 -5.909902
v 1.354013 1.263486 -5.794674
v 1.256121 1.440766 -5.730573
v 1.126087 1.608594 -5.723865
v 0.976646 1.750547 -5.775214
v 0.822422 1.852727 -5.879591
v 0.678513 1.905132 -6.026777
v 0.559005 1.902632 -6.202365
v 0.475597 1.845473 -6.389170
v 0.436453 1.739250 -6.568905
v 0.445406 1.594360 -6.723974
v 0.501579 1.424986 -6.839201
v 0.599472 1.247707 -6.903304
v 0.674408 1.035666 -6.871884
v 0.823849 0.893713 -6.820531
v 0.872699 1.300024 -6.278809
v 0.978074 0.791534 -6.716158
v 1.121983 0.739129 -6.568971
v 1.241491 0.741627 -6.393381
v 1.324898 0.798787 -6.206576
v 1.364041 0.905010 -6.026845
v 1.355088 1.049900 -5.871772
v 1.298915 1.219273 -5.756545
v 1.201024 1.396554 -5.692444
v 1.070990 1.564381 -5.685735
v 0.921549 1.706334 -5.737085
v 0.767325 1.808514 -5.841462
v 0.623415 1.860919 -5.988647
v 0.503908 1.858420 -6.164236
v 0.420500 1.801261 -6.351040
v 0.381356 1.695038 -6.530775
v 0.390309 1.550147 -6.685844
v 0.446482 1.380773 -6.801072
v 0.544375 1.203494 -6.865174
v -2.726492 0.262642 -3.730504
v -2.656964 0.284500 -3.568884
v -2.720158 0.275441 -3.733434
v -2.650610 0.297245 -3.571639
v -2.654871 0.251341 -3.722624
v -2.613635 0.264312 -3.626784
v -2.661205 0.238550 -3.719711
v -2.619995 0.251572 -3.624047
v -2.778514 0.288272 -3.718659
v -2.701180 0.312461 -3.538630
v -2.694841 0.325254 -3.541540
v -2.772174 0.301076 -3.721597
v -2.831329 0.321265 -3.684350
v -2.762156 0.342829 -3.523170
v -2.755843 0.355689 -3.526294
v -2.825006 0.334098 -3.687390
v -2.883961 0.364890 -3.615319
v -2.847867 0.376108 -3.531151
v -2.841542 0.388923 -3.534135
v -2.877625 0.377700 -3.618277
v -2.910372 0.392427 -3.562230
v -2.904030 0.394386 -3.547409
v -2.897744 0.407306 -3.550730
v -2.904010 0.405166 -3.564951
v -2.619998 0.246222 -3.689549
v -2.613576 0.248344 -3.674792
v -2.619328 0.236809 -3.672223
v -2.625757 0.234693 -3.687010
v -2.514614 0.192956 -3.741952
v -2.502090 0.197096 -3.711740
v -2.514566 0.172298 -3.706429
v -2.527050 0.168053 -3.736298
v -0.260899 0.078847 -3.767470
v 0.204980 -0.044021 -3.501338
v -0.377354 -0.457340 -3.811157
v 0.088526 -0.580208 -3.545024
v -0.646354 -0.438010 -3.331331
v -0.180475 -0.560878 -3.065199
v -0.529900 0.098177 -3.287645
v -0.064021 -0.024691 -3.021513
v -1.304359 0.211786 -3.895661
v -1.113312 0.193902 -4.185431
v -1.186842 -0.144651 -4.213016
v -1.377889 -0.126767 -3.923245
v -1.562231 0.253127 -4.130515
v -1.374668 0.229403 -4.339333
v -1.434266 -0.044998 -4.361690
v -1.621828 -0.021275 -4.152873
v -1.993075 0.050315 -3.573954
v -1.949193 0.252357 -3.557493
v -2.018599 0.263349 -3.754971
v -2.054166 0.099591 -3.768313
v -2.484322 0.100384 -3.673341
v -2.454313 0.238555 -3.662084
v -2.422396 0.229188 -3.801515
v -2.446719 0.117199 -3.810639
v -2.011447 0.431808 -4.247070
v -1.934257 0.443191 -4.375679
v -1.965443 0.299431 -4.407121
v -2.042633 0.288047 -4.278512
v -2.074126 0.442523 -4.361249
v -2.003711 0.441897 -4.428231
v -2.023858 0.349016 -4.448545
v -2.094274 0.349642 -4.381564
v -2.749990 0.191613 -3.762840
v -2.730795 0.279990 -3.755640
v -2.710379 0.273999 -3.844823
v -2.725937 0.202368 -3.850659
v -1.876007 0.420754 -4.495776
v -1.892901 0.342877 -4.512808
v -1.924545 0.369738 -4.535248
v -1.913631 0.420053 -4.524244
v -2.185084 0.475334 -4.511711
v -2.148132 0.475005 -4.546858
v -2.158704 0.426267 -4.557517
v -2.195657 0.426595 -4.522371
vt 0.935942 0.623927
vt 0.952425 0.618621
vt 0.953660 0.723640
vt 0.936908 0.722743
vt 0.966654 0.612491
vt 0.968103 0.722433
vt 0.915809 0.810808
vt 0.900655 0.805480
vt 0.918821 0.627889
vt 0.919488 0.719830
vt 0.977238 0.606137
vt 0.978824 0.719239
vt 0.928985 0.813116
vt 0.885005 0.797655
vt 0.902735 0.630120
vt 0.903104 0.715186
vt 0.870391 0.788099
vt 0.889260 0.630402
vt 0.889360 0.709264
vt 0.858245 0.777747
vt 0.879716 0.628706
vt 0.879602 0.702646
vt 0.849754 0.767612
vt 0.905240 0.196682
vt 0.888686 0.191354
vt 0.888787 0.112154
vt 0.905609 0.111254
vt 0.874396 0.185198
vt 0.874282 0.110942
vt 0.857538 0.043380
vt 0.872757 0.038030
vt 0.922434 0.200663
vt 0.923105 0.108327
vt 0.863768 0.178817
vt 0.863516 0.107735
vt 0.844307 0.045699
vt 0.888474 0.030171
vt 0.938588 0.202902
vt 0.939559 0.103664
vt 0.903150 0.020574
vt 0.952121 0.203185
vt 0.953361 0.097717
vt 0.915349 0.010178
vt 0.961706 0.201482
vt 0.963161 0.091071
vt 0.923875 0.000000
vt 0.145890 0.031360
vt 0.152845 0.045269
vt 0.148046 0.048007
vt 0.141091 0.034098
vt 0.157580 0.058738
vt 0.152781 0.061476
vt 0.137397 0.018372
vt 0.132598 0.021110
vt 0.159632 0.070448
vt 0.154833 0.073186
vt 0.128196 0.007576
vt 0.123397 0.010315
vt 0.119189 0.000030
vt 0.114390 0.002768
vt 0.141091 0.123486
vt 0.148046 0.109577
vt 0.152845 0.112316
vt 0.145890 0.126225
vt 0.152781 0.096108
vt 0.157580 0.098847
vt 0.132598 0.136475
vt 0.137397 0.139213
vt 0.154833 0.084398
vt 0.159632 0.087137
vt 0.123397 0.147270
vt 0.128196 0.150008
vt 0.114390 0.154817
vt 0.119189 0.157555
vt 0.158185 0.124374
vt 0.157736 0.130278
vt 0.151638 0.129673
vt 0.152086 0.123769
vt 0.158601 0.139065
vt 0.147085 0.137310
vt 0.158664 0.157411
vt 0.142738 0.155831
vt 0.158821 0.184222
vt 0.136178 0.181975
vt 0.046745 0.131273
vt 0.005110 0.127143
vt 0.012513 0.117287
vt 0.042321 0.120245
vt 0.041635 0.153308
vt 0.000000 0.149177
vt 0.019020 0.092180
vt 0.047245 0.094980
vt 0.065366 0.004609
vt 0.068617 0.000019
vt 0.073721 0.003934
vt 0.070470 0.008524
vt 0.956358 0.040031
vt 0.982036 0.037483
vt 0.981044 0.057624
vt 0.962982 0.059415
vt 0.953664 0.024342
vt 0.979342 0.021795
vt 0.983568 0.082356
vt 0.970508 0.084347
vt 0.947802 0.002728
vt 0.974920 0.000037
vt 0.099686 0.001013
vt 0.099660 0.000061
vt 0.100565 0.000038
vt 0.100572 0.000956
vt 0.100206 0.004503
vt 0.099313 0.004546
vt 0.099540 0.009150
vt 0.098644 0.009188
vt 0.098941 0.011520
vt 0.098049 0.011565
vt 0.028796 0.000118
vt 0.028753 0.001824
vt 0.027236 0.001728
vt 0.027270 0.000038
vt 0.289653 0.003166
vt 0.288786 0.003111
vt 0.288698 0.000036
vt 0.289485 0.000080
vt 0.289273 0.006734
vt 0.290141 0.006788
vt 0.290630 0.008824
vt 0.289757 0.008779
vt 0.813395 0.565244
vt 0.838284 0.565244
vt 0.838284 0.743807
vt 0.813395 0.743807
vt 0.813395 0.434366
vt 0.838284 0.434632
vt 0.858036 0.565244
vt 0.858036 0.743807
vt 0.785806 0.565244
vt 0.785806 0.743807
vt 0.785806 0.434274
vt 0.813395 0.270535
vt 0.838284 0.273019
vt 0.858036 0.435047
vt 0.758216 0.565244
vt 0.758216 0.743807
vt 0.758216 0.434366
vt 0.785806 0.269679
vt 0.813395 0.119098
vt 0.838284 0.126416
vt 0.858036 0.276887
vt 0.733327 0.565244
vt 0.733327 0.743807
vt 0.733327 0.434632
vt 0.758216 0.270535
vt 0.785806 0.116577
vt 0.813395 0.003558
vt 0.838284 0.013777
vt 0.858036 0.137814
vt 0.713575 0.565244
vt 0.713575 0.743807
vt 0.713575 0.435047
vt 0.733327 0.273019
vt 0.758216 0.119098
vt 0.785806 0.000037
vt 0.713575 0.276887
vt 0.733327 0.126416
vt 0.758216 0.003558
vt 0.713575 0.137814
vt 0.733327 0.013777
vt 0.675468 0.178460
vt 0.650599 0.178460
vt 0.650599 0.000038
vt 0.675468 0.000038
vt 0.675468 0.305936
vt 0.650599 0.305670
vt 0.623031 0.178460
vt 0.623031 0.000038
vt 0.695204 0.178460
vt 0.695204 0.000038
vt 0.695204 0.306351
vt 0.675468 0.442188
vt 0.650599 0.439706
vt 0.623031 0.305578
vt 0.595463 0.178460
vt 0.595463 0.000038
vt 0.695204 0.446053
vt 0.675468 0.533645
vt 0.650599 0.526333
vt 0.623031 0.438851
vt 0.595463 0.305670
vt 0.570594 0.178460
vt 0.570594 0.000038
vt 0.695204 0.545034
vt 0.675468 0.613172
vt 0.650599 0.602961
vt 0.623031 0.523814
vt 0.595463 0.439706
vt 0.570594 0.305936
vt 0.550858 0.178460
vt 0.550858 0.000038
vt 0.670150 0.619070
vt 0.647803 0.609894
vt 0.623031 0.599442
vt 0.595463 0.526333
vt 0.570594 0.442188
vt 0.550858 0.306351
vt 0.695204 0.629077
vt 0.687885 0.633362
vt 0.623031 0.606733
vt 0.595463 0.602961
vt 0.570594 0.533645
vt 0.550858 0.446053
vt 0.707876 0.649117
vt 0.699272 0.651370
vt 0.598259 0.609894
vt 0.570594 0.613172
vt 0.550858 0.545034
vt 0.712242 0.671332
vt 0.703195 0.671332
vt 0.575911 0.619070
vt 0.707876 0.693548
vt 0.699272 0.691295
vt 0.550858 0.629077
vt 0.558176 0.633362
vt 0.695204 0.713589
vt 0.687885 0.709303
vt 0.538186 0.649117
vt 0.546790 0.651370
vt 0.675468 0.729493
vt 0.670150 0.723595
vt 0.533820 0.671332
vt 0.542866 0.671332
vt 0.650599 0.739704
vt 0.647803 0.732771
vt 0.538186 0.693548
vt 0.546790 0.691295
vt 0.623031 0.743222
vt 0.623031 0.735932
vt 0.647803 0.728457
vt 0.670150 0.719281
vt 0.550858 0.713589
vt 0.558176 0.709303
vt 0.595463 0.739704
vt 0.598259 0.732771
vt 0.623031 0.731618
vt 0.623031 0.667019
vt 0.570594 0.729493
vt 0.575911 0.723595
vt 0.598259 0.728457
vt 0.687885 0.704990
vt 0.575911 0.719281
vt 0.699272 0.686981
vt 0.558176 0.704990
vt 0.546790 0.686981
vt 0.702535 0.190928
vt 0.702535 0.213241
vt 0.697234 0.213241
vt 0.697234 0.190928
vt 0.702535 0.230949
vt 0.697234 0.230949
vt 0.702535 0.166194
vt 0.697234 0.166194
vt 0.702535 0.141461
vt 0.697234 0.141461
vt 0.702535 0.119148
vt 0.697234 0.119148
vt 0.702535 0.101441
vt 0.697234 0.101441
vt 0.708128 0.233908
vt 0.708128 0.211596
vt 0.713430 0.211596
vt 0.713430 0.233908
vt 0.708128 0.186862
vt 0.713430 0.186862
vt 0.708128 0.251616
vt 0.713430 0.251616
vt 0.708128 0.162128
vt 0.713430 0.162128
vt 0.708128 0.139815
vt 0.713430 0.139815
vt 0.708128 0.122108
vt 0.713430 0.122108
vt 0.222507 0.708864
vt 0.201558 0.703916
vt 0.231678 0.597914
vt 0.251893 0.605483
vt 0.183073 0.699304
vt 0.214116 0.590000
vt 0.267928 0.526442
vt 0.285540 0.539481
vt 0.243868 0.713664
vt 0.272784 0.611966
vt 0.168861 0.695480
vt 0.200928 0.582516
vt 0.253645 0.511635
vt 0.321890 0.471406
vt 0.336904 0.487476
vt 0.304760 0.549476
vt 0.263551 0.717846
vt 0.292305 0.616728
vt 0.244092 0.496510
vt 0.310882 0.452782
vt 0.326160 0.468682
vt 0.339608 0.483075
vt 0.354455 0.499416
vt 0.323706 0.555448
vt 0.279629 0.721002
vt 0.308546 0.619303
vt 0.304959 0.433424
vt 0.316301 0.452001
vt 0.355328 0.493770
vt 0.372825 0.506059
vt 0.340522 0.556814
vt 0.310996 0.434663
vt 0.371782 0.499719
vt 0.304700 0.415229
vt 0.310764 0.418366
vt 0.390216 0.506754
vt 0.387359 0.500342
vt 0.310131 0.399976
vt 0.315628 0.404705
vt 0.404926 0.501433
vt 0.400534 0.495576
vt 0.320719 0.389161
vt 0.325111 0.395017
vt 0.415515 0.490617
vt 0.410017 0.485888
vt 0.335429 0.383840
vt 0.338287 0.390251
vt 0.420945 0.475364
vt 0.414881 0.472228
vt 0.352820 0.384535
vt 0.353863 0.390874
vt 0.420686 0.457169
vt 0.414649 0.455931
vt 0.371190 0.391177
vt 0.370317 0.396823
vt 0.414763 0.437812
vt 0.409344 0.438592
vt 0.388741 0.403118
vt 0.386037 0.407518
vt 0.366214 0.400362
vt 0.349760 0.394413
vt 0.410546 0.459469
vt 0.405241 0.442132
vt 0.403756 0.419187
vt 0.399485 0.421911
vt 0.381934 0.411057
vt 0.358719 0.448836
vt 0.395382 0.425450
vt 0.334183 0.393790
vt 0.410778 0.475767
vt 0.405914 0.489428
vt 0.360609 0.637411
vt 0.380988 0.632598
vt 0.414077 0.749264
vt 0.394412 0.756627
vt 0.398970 0.628112
vt 0.431161 0.741566
vt 0.462794 0.847069
vt 0.445660 0.859754
vt 0.339829 0.642081
vt 0.374089 0.762934
vt 0.412796 0.624392
vt 0.443991 0.734283
vt 0.476688 0.832665
vt 0.528723 0.916272
vt 0.514117 0.931904
vt 0.426963 0.869477
vt 0.320681 0.646150
vt 0.355099 0.767567
vt 0.485981 0.817953
vt 0.539431 0.898153
vt 0.497043 0.943519
vt 0.408533 0.875287
vt 0.305040 0.649219
vt 0.339300 0.770072
vt 0.545193 0.879322
vt 0.479172 0.949981
vt 0.392174 0.876615
vt 0.301884 0.021614
vt 0.287508 0.037000
vt 0.283121 0.033217
vt 0.297497 0.017831
vt 0.276968 0.054833
vt 0.272581 0.051050
vt 0.318689 0.010181
vt 0.314302 0.006398
vt 0.271297 0.073368
vt 0.266910 0.069585
vt 0.336279 0.003821
vt 0.331892 0.000038
vt 0.010096 0.001461
vt 0.010286 0.000024
vt 0.011538 0.000346
vt 0.011331 0.001724
vt 0.008668 0.006893
vt 0.007427 0.006607
vt 0.004442 0.013592
vt 0.003198 0.013298
vt 0.001241 0.016908
vt 0.000000 0.016623
vt 0.023983 0.000033
vt 0.024348 0.002695
vt 0.022163 0.003163
vt 0.021789 0.000531
vt 0.901400 0.004608
vt 0.900186 0.004868
vt 0.898778 0.000275
vt 0.899878 0.000030
vt 0.903325 0.010128
vt 0.904540 0.009865
vt 0.907211 0.012735
vt 0.905991 0.013013
vt 0.537615 0.214403
vt 0.495690 0.216092
vt 0.499507 0.169242
vt 0.541432 0.167553
vt 0.266910 0.000631
vt 0.274212 0.000036
vt 0.273717 0.007405
vt 0.267799 0.007887
vt 0.866095 0.002821
vt 0.878835 0.000035
vt 0.879785 0.010153
vt 0.871554 0.011954
vt 0.882693 0.023487
vt 0.878374 0.024432
vt 0.882664 0.026602
vt 0.878344 0.027547
vt 0.470468 0.036074
vt 0.457560 0.033251
vt 0.461461 0.023761
vt 0.468453 0.025291
vt 0.463872 0.021747
vt 0.468390 0.022734
vt 0.348617 0.610742
vt 0.348617 0.602704
vt 0.356656 0.602704
vt 0.356656 0.610742
vt 0.348617 0.594665
vt 0.356656 0.594665
vt 0.364694 0.602704
vt 0.364694 0.610742
vt 0.348617 0.586627
vt 0.356656 0.586627
vt 0.364694 0.594665
vt 0.372733 0.602704
vt 0.372733 0.610742
vt 0.348617 0.578588
vt 0.356656 0.578588
vt 0.364694 0.586627
vt 0.372733 0.594665
vt 0.380771 0.602704
vt 0.380771 0.610742
vt 0.348617 0.570550
vt 0.356656 0.570550
vt 0.364694 0.578588
vt 0.372733 0.586627
vt 0.380771 0.594665
vt 0.388810 0.602704
vt 0.388810 0.610742
vt 0.348617 0.562511
vt 0.356656 0.562511
vt 0.364694 0.570550
vt 0.372733 0.578588
vt 0.380771 0.586627
vt 0.388810 0.594665
vt 0.396848 0.602704
vt 0.396848 0.610742
vt 0.348617 0.554473
vt 0.356656 0.554473
vt 0.364694 0.562511
vt 0.372733 0.570550
vt 0.380771 0.578588
vt 0.388810 0.586627
vt 0.396848 0.594665
vt 0.404887 0.602704
vt 0.404887 0.610742
vt 0.348617 0.546434
vt 0.356656 0.546434
vt 0.364694 0.554473
vt 0.372733 0.562511
vt 0.380771 0.570550
vt 0.388810 0.578588
vt 0.396848 0.586627
vt 0.404887 0.594665
vt 0.412925 0.602704
vt 0.412925 0.610742
vt 0.348617 0.538396
vt 0.356656 0.538396
vt 0.364694 0.546434
vt 0.372733 0.554473
vt 0.380771 0.562511
vt 0.388810 0.570550
vt 0.396848 0.578588
vt 0.404887 0.586627
vt 0.412925 0.594665
vt 0.420964 0.602704
vt 0.420964 0.610742
vt 0.348617 0.530357
vt 0.356656 0.530357
vt 0.364694 0.538396
vt 0.372733 0.546434
vt 0.380771 0.554473
vt 0.388810 0.562511
vt 0.396848 0.570550
vt 0.404887 0.578588
vt 0.412925 0.586627
vt 0.420964 0.594665
vt 0.429002 0.602704
vt 0.429002 0.610742
vt 0.364694 0.530357
vt 0.372733 0.538396
vt 0.380771 0.546434
vt 0.388810 0.554473
vt 0.396848 0.562511
vt 0.404887 0.570550
vt 0.412925 0.578588
vt 0.420964 0.586627
vt 0.429002 0.594665
vt 0.372733 0.530357
vt 0.380771 0.538396
vt 0.388810 0.546434
vt 0.396848 0.554473
vt 0.404887 0.562511
vt 0.412925 0.570550
vt 0.420964 0.578588
vt 0.429002 0.586627
vt 0.380771 0.530357
vt 0.388810 0.538396
vt 0.396848 0.546434
vt 0.404887 0.554473
vt 0.412925 0.562511
vt 0.420964 0.570550
vt 0.429002 0.578588
vt 0.388810 0.530357
vt 0.396848 0.538396
vt 0.404887 0.546434
vt 0.412925 0.554473
vt 0.420964 0.562511
vt 0.429002 0.570550
vt 0.396848 0.530357
vt 0.404887 0.538396
vt 0.412925 0.546434
vt 0.420964 0.554473
vt 0.429002 0.562511
vt 0.404887 0.530357
vt 0.412925 0.538396
vt 0.420964 0.546434
vt 0.429002 0.554473
vt 0.412925 0.530357
vt 0.420964 0.538396
vt 0.429002 0.546434
vt 0.420964 0.530357
vt 0.429002 0.538396
vt 0.429002 0.530357
vt 0.119128 0.909659
vt 0.103496 0.906370
vt 0.122736 0.837039
vt 0.137397 0.843291
vt 0.148866 0.776123
vt 0.162661 0.784492
vt 0.135013 0.914324
vt 0.152948 0.848977
vt 0.177913 0.790907
vt 0.149595 0.919908
vt 0.167864 0.853541
vt 0.193128 0.794741
vt 0.180687 0.856535
vt 0.206817 0.795619
vt 0.297237 0.155353
vt 0.312798 0.152079
vt 0.342961 0.254695
vt 0.328366 0.260918
vt 0.378789 0.339336
vt 0.365056 0.347666
vt 0.281425 0.159996
vt 0.312888 0.266578
vt 0.349874 0.354052
vt 0.266910 0.165555
vt 0.298039 0.271121
vt 0.334729 0.357869
vt 0.285275 0.274101
vt 0.321103 0.358742
vt 0.015231 0.072963
vt 0.023105 0.085941
vt 0.018342 0.088091
vt 0.010468 0.075112
vt 0.009196 0.058614
vt 0.004433 0.060763
vt 0.005588 0.044299
vt 0.000826 0.046449
vt 0.004763 0.031421
vt 0.000000 0.033570
vt 0.713149 0.089758
vt 0.721023 0.076779
vt 0.725786 0.078929
vt 0.717912 0.091908
vt 0.707114 0.104107
vt 0.711877 0.106257
vt 0.703506 0.118421
vt 0.708269 0.120571
vt 0.702681 0.131300
vt 0.707444 0.133450
vt 0.279846 0.025380
vt 0.285018 0.018512
vt 0.286335 0.019723
vt 0.281162 0.026591
vt 0.289805 0.013129
vt 0.291123 0.014340
vt 0.279190 0.030349
vt 0.278005 0.029252
vt 0.295387 0.007758
vt 0.296709 0.008969
vt 0.269469 0.041392
vt 0.266910 0.039023
vt 0.302059 0.002550
vt 0.303378 0.003762
vt 0.305989 0.000011
vt 0.307298 0.001222
vt 0.135495 0.004683
vt 0.136761 0.003513
vt 0.141318 0.007858
vt 0.140045 0.009029
vt 0.130731 0.001180
vt 0.131997 0.000009
vt 0.146784 0.013959
vt 0.145502 0.015130
vt 0.153504 0.022662
vt 0.152228 0.023833
vt 0.157573 0.028412
vt 0.156281 0.029584
vt 0.545265 0.010929
vt 0.544162 0.011948
vt 0.533820 0.002217
vt 0.536184 0.000016
vt 0.038587 0.522509
vt 0.010894 0.505066
vt 0.028086 0.477473
vt 0.055779 0.494915
vt 0.036691 0.472806
vt 0.056517 0.485294
vt 0.056403 0.442391
vt 0.075177 0.454215
vt 0.073776 0.425916
vt 0.088632 0.442419
vt 0.050992 0.403108
vt 0.064071 0.403822
vt 0.099852 0.418892
vt 0.105904 0.433278
vt 0.053666 0.383528
vt 0.061842 0.384664
vt 0.117695 0.416252
vt 0.127116 0.422339
vt 0.061096 0.368100
vt 0.066161 0.368804
vt 0.126241 0.402699
vt 0.131983 0.404314
vt 0.067050 0.387783
vt 0.069387 0.370736
vt 0.482203 0.124314
vt 0.509933 0.106848
vt 0.527148 0.134478
vt 0.499418 0.151944
vt 0.482380 0.115443
vt 0.502233 0.102938
vt 0.463819 0.084426
vt 0.482617 0.072585
vt 0.450346 0.072613
vt 0.465221 0.056088
vt 0.433699 0.064001
vt 0.439759 0.049595
vt 0.475196 0.038741
vt 0.488293 0.038026
vt 0.412289 0.054701
vt 0.421722 0.048606
vt 0.474144 0.019727
vt 0.482331 0.018590
vt 0.408535 0.035789
vt 0.414285 0.034172
vt 0.471804 0.002657
vt 0.476875 0.001952
vt 0.487546 0.015467
vt 0.480106 0.000018
vt 0.414671 0.012302
vt 0.405833 0.009008
vt 0.408976 0.006669
vt 0.414212 0.008622
vt 0.413901 0.015320
vt 0.404066 0.011655
vt 0.411653 0.006455
vt 0.412462 0.006758
vt 0.411887 0.018477
vt 0.403088 0.015199
vt 0.413851 0.000037
vt 0.415500 0.000627
vt 0.407939 0.021762
vt 0.403344 0.020051
vt 0.404925 0.023483
vt 0.404145 0.023189
vt 0.883763 0.008447
vt 0.888994 0.006495
vt 0.892139 0.008835
vt 0.883305 0.012129
vt 0.885514 0.006570
vt 0.886324 0.006266
vt 0.893913 0.011482
vt 0.884076 0.015148
vt 0.882437 0.000604
vt 0.884071 0.000017
vt 0.894902 0.015025
vt 0.886096 0.018305
vt 0.894640 0.019881
vt 0.890042 0.021592
vt 0.893854 0.023016
vt 0.893045 0.023317
vt 0.263891 0.167901
vt 0.240493 0.167901
vt 0.240493 0.000038
vt 0.263891 0.000038
vt 0.259876 0.290297
vt 0.236484 0.289805
vt 0.214557 0.167901
vt 0.214557 0.000038
vt 0.242592 0.438980
vt 0.219648 0.434398
vt 0.210553 0.289260
vt 0.188620 0.167901
vt 0.188620 0.000038
vt 0.181822 0.569719
vt 0.162714 0.556217
vt 0.194214 0.429319
vt 0.184623 0.288715
vt 0.165223 0.167901
vt 0.165223 0.000038
vt 0.069419 0.671360
vt 0.055564 0.652505
vt 0.141531 0.541250
vt 0.168779 0.424239
vt 0.161230 0.288223
vt 0.196987 0.580434
vt 0.080414 0.686323
vt 0.040207 0.631605
vt 0.120349 0.526283
vt 0.145835 0.419658
vt 0.024849 0.610704
vt 0.101241 0.512781
vt 0.010995 0.591850
vt 0.086076 0.502066
vt 0.000000 0.576887
vt 0.432133 0.518425
vt 0.455530 0.518425
vt 0.455530 0.686288
vt 0.432133 0.686288
vt 0.428140 0.398103
vt 0.451533 0.397611
vt 0.481466 0.518425
vt 0.481466 0.686288
vt 0.412745 0.266669
vt 0.435689 0.262087
vt 0.477463 0.397067
vt 0.507403 0.518425
vt 0.507403 0.686288
vt 0.368150 0.173545
vt 0.387259 0.160043
vt 0.461123 0.257008
vt 0.503394 0.396522
vt 0.530800 0.518425
vt 0.530800 0.686288
vt 0.277905 0.094477
vt 0.291759 0.075622
vt 0.408441 0.145076
vt 0.486557 0.251929
vt 0.526786 0.396030
vt 0.352986 0.184260
vt 0.266910 0.109440
vt 0.307117 0.054722
vt 0.429623 0.130110
vt 0.509502 0.247347
vt 0.322474 0.033821
vt 0.448732 0.116608
vt 0.336329 0.014966
vt 0.463897 0.105893
vt 0.347323 0.000003
vt 0.996458 0.033843
vt 0.996458 0.055216
vt 0.991379 0.055216
vt 0.991379 0.033843
vt 0.996458 0.078909
vt 0.991379 0.078909
vt 0.996458 0.102602
vt 0.991379 0.102602
vt 0.996458 0.123975
vt 0.991379 0.123975
vt 0.544714 0.152923
vt 0.544714 0.131549
vt 0.549792 0.131549
vt 0.549792 0.152923
vt 0.544714 0.107856
vt 0.549792 0.107856
vt 0.544714 0.084164
vt 0.549792 0.084164
vt 0.544714 0.062790
vt 0.549792 0.062790
vt 0.133215 0.232705
vt 0.146058 0.215227
vt 0.151756 0.219414
vt 0.138913 0.236892
vt 0.156250 0.201356
vt 0.161948 0.205543
vt 0.118978 0.252080
vt 0.124676 0.256266
vt 0.104742 0.271454
vt 0.110440 0.275641
vt 0.091899 0.288932
vt 0.097597 0.293119
vt 0.081707 0.302803
vt 0.087405 0.306990
vt 0.072059 0.035546
vt 0.059216 0.018068
vt 0.064914 0.013881
vt 0.077757 0.031359
vt 0.049024 0.004197
vt 0.054722 0.000010
vt 0.086296 0.054921
vt 0.091994 0.050734
vt 0.100532 0.074295
vt 0.106230 0.070108
vt 0.113375 0.091774
vt 0.119073 0.087587
vt 0.123567 0.105644
vt 0.129265 0.101457
vt 0.018207 0.978283
vt 0.000000 0.980023
vt 0.014087 0.861205
vt 0.032113 0.861074
vt 0.060255 0.756455
vt 0.076904 0.759684
vt 0.038781 0.977991
vt 0.052405 0.863289
vt 0.141963 0.683659
vt 0.156774 0.688748
vt 0.095052 0.767130
vt 0.059709 0.979176
vt 0.072976 0.867632
vt 0.172059 0.699093
vt 0.112923 0.778066
vt 0.078941 0.981722
vt 0.091814 0.873679
vt 0.186322 0.713680
vt 0.128767 0.791421
vt 0.198166 0.731083
vt 0.262034 0.719661
vt 0.280167 0.721394
vt 0.291777 0.818269
vt 0.273824 0.818139
vt 0.319404 0.877795
vt 0.302822 0.881011
vt 0.241542 0.719371
vt 0.253614 0.820345
vt 0.376265 0.925482
vt 0.361514 0.930550
vt 0.284747 0.888428
vt 0.220699 0.720551
vt 0.233125 0.824671
vt 0.346290 0.940853
vt 0.266949 0.899319
vt 0.201544 0.723086
vt 0.214364 0.830692
vt 0.332085 0.955382
vt 0.251169 0.912621
vt 0.320288 0.972714
vt 0.992726 0.554872
vt 0.979912 0.573699
vt 0.974005 0.569611
vt 0.986818 0.550783
vt 0.964482 0.589481
vt 0.958574 0.585393
vt 0.947275 0.538498
vt 0.947945 0.600672
vt 0.942037 0.596584
vt 0.995762 0.530753
vt 0.931922 0.606179
vt 0.926014 0.602090
vt 0.999959 0.511482
vt 0.998999 0.494854
vt 0.992976 0.482499
vt 0.982480 0.475626
vt 0.968537 0.474907
vt 0.952513 0.480413
vt 0.935977 0.491604
vt 0.495690 0.087007
vt 0.512518 0.075553
vt 0.516172 0.080834
vt 0.499344 0.092287
vt 0.526623 0.061761
vt 0.530278 0.067042
vt 0.536627 0.046981
vt 0.540281 0.052261
vt 0.541548 0.032659
vt 0.545202 0.037939
vt 0.306383 0.042703
vt 0.292570 0.036765
vt 0.297278 0.033608
vt 0.305460 0.037129
vt 0.305372 0.047143
vt 0.290000 0.040541
vt 0.301376 0.033603
vt 0.302636 0.034152
vt 0.302452 0.051654
vt 0.288698 0.045749
vt 0.304531 0.024085
vt 0.307110 0.025155
vt 0.296551 0.056146
vt 0.289368 0.053066
vt 0.291999 0.058399
vt 0.290785 0.057864
vt 0.981903 0.012556
vt 0.990081 0.009033
vt 0.994797 0.012194
vt 0.980980 0.018138
vt 0.984699 0.009526
vt 0.985963 0.008976
vt 0.997384 0.015974
vt 0.981993 0.022585
vt 0.980485 0.001088
vt 0.983039 0.000020
vt 0.998705 0.021187
vt 0.984926 0.027100
vt 0.998023 0.028514
vt 0.990828 0.031600
vt 0.996633 0.033315
vt 0.995366 0.033857
vt 0.078301 0.223948
vt 0.100394 0.185273
vt 0.140226 0.207604
vt 0.118133 0.246279
vt 0.068996 0.307008
vt 0.044940 0.291148
vt 0.049933 0.327258
vt 0.032598 0.311688
vt 0.097992 0.358077
vt 0.081857 0.363149
vt 0.039503 0.362191
vt 0.028827 0.355784
vt 0.089741 0.398858
vt 0.078344 0.395737
vt 0.030948 0.366479
vt 0.025388 0.360633
vt 0.082312 0.420913
vt 0.075021 0.418916
vt 0.019259 0.374895
vt 0.016341 0.371827
vt 0.018190 0.352388
vt 0.020053 0.349761
vt 0.021588 0.059619
vt 0.000000 0.021828
vt 0.038921 0.000008
vt 0.060509 0.037798
vt 0.094412 0.106943
vt 0.070907 0.122440
vt 0.106896 0.128143
vt 0.089958 0.143357
vt 0.109844 0.173534
vt 0.099412 0.179796
vt 0.059495 0.180376
vt 0.043476 0.174746
vt 0.114107 0.179168
vt 0.108674 0.184880
vt 0.063271 0.213130
vt 0.051960 0.215719
vt 0.119586 0.168809
vt 0.121895 0.171861
vt 0.123730 0.190883
vt 0.120879 0.193880
vt 0.066784 0.236490
vt 0.059549 0.238146
vt 0.657327 0.816949
vt 0.648556 0.804023
vt 0.686892 0.789302
vt 0.643537 0.789657
vt 0.668993 0.827168
vt 0.642762 0.775255
vt 0.682410 0.833681
vt 0.646307 0.762229
vt 0.696266 0.835849
vt 0.653825 0.751853
vt 0.709205 0.833462
vt 0.664579 0.745143
vt 0.719959 0.826751
vt 0.677517 0.742755
vt 0.727476 0.816375
vt 0.691374 0.744924
vt 0.731021 0.803349
vt 0.704791 0.751436
vt 0.730246 0.788948
vt 0.716456 0.761656
vt 0.725227 0.774581
vt 0.473821 0.769117
vt 0.464028 0.754686
vt 0.468493 0.752972
vt 0.477265 0.765897
vt 0.458425 0.738647
vt 0.463475 0.738605
vt 0.486845 0.780527
vt 0.488930 0.776117
vt 0.457560 0.722568
vt 0.462700 0.724204
vt 0.501825 0.787798
vt 0.502347 0.782629
vt 0.461518 0.708024
vt 0.466245 0.711178
vt 0.517295 0.790220
vt 0.516203 0.784798
vt 0.469910 0.696440
vt 0.473762 0.700801
vt 0.531741 0.787554
vt 0.529142 0.782410
vt 0.481918 0.688947
vt 0.484516 0.694091
vt 0.543748 0.780062
vt 0.539896 0.775700
vt 0.496363 0.686282
vt 0.497455 0.691703
vt 0.552141 0.768477
vt 0.547414 0.765324
vt 0.511833 0.688703
vt 0.511311 0.693872
vt 0.556098 0.753934
vt 0.550958 0.752297
vt 0.526813 0.695974
vt 0.524728 0.700385
vt 0.555233 0.737855
vt 0.550184 0.737896
vt 0.539837 0.707384
vt 0.536394 0.710604
vt 0.549630 0.721815
vt 0.545165 0.723530
vt 0.453341 0.009282
vt 0.419430 0.012085
vt 0.423420 0.002041
vt 0.447698 0.000034
vt 0.457503 0.038087
vt 0.423591 0.040891
vt 0.995320 0.142314
vt 0.973363 0.140500
vt 0.973913 0.106089
vt 0.985597 0.103149
vt 0.969591 0.086736
vt 0.976923 0.083627
vt 0.997790 0.218114
vt 0.975038 0.219995
vt 0.985892 0.197168
vt 0.998000 0.200215
vt 0.990809 0.177374
vt 0.998407 0.180597
vt 0.948044 0.024135
vt 0.936908 0.023766
vt 0.938939 0.005843
vt 0.944836 0.005356
vt 0.115843 0.022241
vt 0.120540 0.028100
vt 0.119300 0.028961
vt 0.114603 0.023102
vt 0.123300 0.030518
vt 0.122180 0.031302
vt 0.111080 0.017844
vt 0.112321 0.016976
vt 0.130487 0.041049
vt 0.128073 0.042732
vt 0.107743 0.011877
vt 0.108984 0.010999
vt 0.104787 0.004920
vt 0.106028 0.004048
vt 0.103496 0.000919
vt 0.104738 0.000032
vt 0.270075 0.024287
vt 0.268863 0.023438
vt 0.271581 0.018525
vt 0.272792 0.019375
vt 0.266910 0.028380
vt 0.268121 0.029227
vt 0.275601 0.012474
vt 0.276813 0.013327
vt 0.281565 0.004779
vt 0.282777 0.005629
vt 0.285589 0.000036
vt 0.286800 0.000876
vt 0.018240 0.000026
vt 0.019293 0.000762
vt 0.013165 0.011729
vt 0.010894 0.010132
vt 0.933266 0.008568
vt 0.932729 0.012419
vt 0.931935 0.012254
vt 0.932473 0.008403
vt 0.932254 0.015577
vt 0.931461 0.015412
vt 0.932742 0.006453
vt 0.933456 0.006604
vt 0.933371 0.000037
vt 0.934915 0.000364
vt 0.833412 0.000189
vt 0.834174 0.000030
vt 0.834709 0.003593
vt 0.833941 0.003750
vt 0.835381 0.008472
vt 0.834617 0.008630
vt 0.835806 0.011627
vt 0.835033 0.011781
vt 0.045727 0.006614
vt 0.045027 0.006762
vt 0.043577 0.000359
vt 0.045080 0.000035
vt 0.907581 0.880895
vt 0.897026 0.901610
vt 0.836909 0.857932
vt 0.880587 0.918050
vt 0.911218 0.857932
vt 0.859872 0.928604
vt 0.907581 0.834969
vt 0.836909 0.932241
vt 0.897026 0.814254
vt 0.813946 0.928604
vt 0.880587 0.797815
vt 0.793231 0.918050
vt 0.859872 0.787260
vt 0.776791 0.901610
vt 0.836909 0.783623
vt 0.766237 0.880895
vt 0.813946 0.787260
vt 0.762600 0.857932
vt 0.793231 0.797815
vt 0.766237 0.834969
vt 0.776791 0.814254
vt 0.756022 0.840770
vt 0.744604 0.863179
vt 0.739688 0.859607
vt 0.750243 0.838892
vt 0.726820 0.880962
vt 0.723249 0.876047
vt 0.759956 0.815929
vt 0.753880 0.815929
vt 0.704411 0.892380
vt 0.702533 0.886602
vt 0.756022 0.791089
vt 0.750243 0.792967
vt 0.679571 0.896315
vt 0.679571 0.890239
vt 0.744604 0.768680
vt 0.739688 0.772251
vt 0.654730 0.892380
vt 0.656608 0.886602
vt 0.726820 0.750896
vt 0.723248 0.755812
vt 0.632321 0.880962
vt 0.635893 0.876047
vt 0.704411 0.739478
vt 0.702533 0.745257
vt 0.614538 0.863179
vt 0.619453 0.859607
vt 0.679571 0.735544
vt 0.679571 0.741620
vt 0.603120 0.840770
vt 0.608898 0.838892
vt 0.654730 0.739478
vt 0.656608 0.745257
vt 0.599185 0.815929
vt 0.605261 0.815929
vt 0.632321 0.750896
vt 0.635893 0.755812
vt 0.603120 0.791089
vt 0.608898 0.792967
vt 0.614538 0.768680
vt 0.619453 0.772251
vt 0.500688 0.079022
vt 0.484795 0.065661
vt 0.531217 0.009874
vt 0.547653 0.022609
vt 0.156071 0.081464
vt 0.140040 0.094941
vt 0.070813 0.012864
vt 0.087393 0.000018
vt 0.151796 0.000037
vt 0.162942 0.014423
vt 0.158219 0.018213
vt 0.147073 0.003827
vt 0.331803 0.012712
vt 0.320657 0.027098
vt 0.315934 0.023308
vt 0.327080 0.008922
vt 0.462874 0.012475
vt 0.460827 0.018025
vt 0.459739 0.017486
vt 0.461787 0.011937
vt 0.458648 0.022446
vt 0.457560 0.021907
vt 0.462222 0.008973
vt 0.463202 0.009463
vt 0.466749 0.000016
vt 0.468866 0.001073
vt 0.364958 0.002927
vt 0.366010 0.002406
vt 0.368511 0.007419
vt 0.367454 0.007938
vt 0.371242 0.014462
vt 0.370189 0.014982
vt 0.372753 0.019081
vt 0.371691 0.019597
vt 0.115238 0.009241
vt 0.114283 0.009717
vt 0.108943 0.001044
vt 0.110996 0.000012
vt 0.891549 0.466774
vt 0.901970 0.427262
vt 0.947446 0.437138
vt 0.937025 0.476651
vt 0.910505 0.545306
vt 0.881791 0.539070
vt 0.902053 0.566291
vt 0.878780 0.561236
vt 0.872841 0.611342
vt 0.860648 0.608697
vt 0.871362 0.248481
vt 0.860648 0.207858
vt 0.907402 0.197703
vt 0.918116 0.238326
vt 0.928022 0.305857
vt 0.898501 0.312268
vt 0.931560 0.362085
vt 0.913942 0.365911
vt 0.930356 0.406129
vt 0.918308 0.408746
vt 0.933969 0.430238
vt 0.926263 0.431912
vt 0.698163 0.039869
vt 0.712456 0.042973
vt 0.710920 0.077236
vt 0.701145 0.075113
vt 0.699056 0.000036
vt 0.723006 0.005238
vt 0.703486 0.101606
vt 0.697234 0.100248
vt 0.370405 0.004946
vt 0.393023 0.000034
vt 0.407751 0.037061
vt 0.395901 0.039631
vt 0.005472 0.150255
vt 0.003509 0.151015
vt 0.003820 0.152282
vt 0.005706 0.151522
vt 0.012392 0.152911
vt 0.001243 0.157237
vt 0.021349 0.158360
vt 0.000000 0.166653
vt 0.025742 0.163979
vt 0.001895 0.173254
vt 0.027183 0.169612
vt 0.005773 0.177956
vt 0.025617 0.176798
vt 0.012944 0.181747
vt 0.021233 0.180849
vt 0.019273 0.181625
vt 0.027557 0.191072
vt 0.023600 0.192576
vt 0.839473 0.019354
vt 0.860871 0.027684
vt 0.853714 0.031469
vt 0.841038 0.026528
vt 0.840910 0.013731
vt 0.864723 0.022990
vt 0.847405 0.031228
vt 0.845452 0.030453
vt 0.845283 0.008121
vt 0.866588 0.016400
vt 0.853949 0.030204
vt 0.847631 0.030083
vt 0.842853 0.043490
vt 0.838859 0.041989
vt 0.854237 0.002681
vt 0.865364 0.006998
vt 0.861176 0.000028
vt 0.863059 0.000787
vt 0.509565 0.002305
vt 0.507595 0.001555
vt 0.507919 0.000011
vt 0.509813 0.000764
vt 0.512747 0.007428
vt 0.501558 0.003159
vt 0.515437 0.015020
vt 0.494010 0.006833
vt 0.514667 0.020138
vt 0.490731 0.010980
vt 0.511733 0.023597
vt 0.490243 0.015358
vt 0.505510 0.026084
vt 0.492788 0.021196
vt 0.499495 0.025396
vt 0.497527 0.024627
vt 0.496301 0.035107
vt 0.492360 0.033560
vt 0.335986 0.203421
vt 0.357460 0.195198
vt 0.354922 0.201025
vt 0.342201 0.205904
vt 0.333057 0.199968
vt 0.356952 0.190827
vt 0.350204 0.204598
vt 0.348244 0.205365
vt 0.332276 0.194859
vt 0.353654 0.186686
vt 0.355121 0.211910
vt 0.351144 0.213453
vt 0.342473 0.207443
vt 0.348477 0.206755
vt 0.334971 0.187281
vt 0.346136 0.183019
vt 0.355599 0.214905
vt 0.351665 0.216450
vt 0.338177 0.182169
vt 0.340068 0.181417
vt 0.537404 0.140556
vt 0.548490 0.167557
vt 0.543278 0.167557
vt 0.532192 0.140556
vt 0.533584 0.110627
vt 0.528373 0.110627
vt 0.537404 0.080697
vt 0.532192 0.080697
vt 0.548490 0.053697
vt 0.543278 0.053697
vt 0.526822 0.013041
vt 0.517478 0.010997
vt 0.525250 0.000035
vt 0.530153 0.001107
vt 0.002610 0.000035
vt 0.004193 0.004248
vt 0.001584 0.004729
vt 0.000000 0.000563
vt 0.964144 0.143695
vt 0.993601 0.142307
vt 0.997029 0.176860
vt 0.967572 0.178249
vt 0.935157 0.973325
vt 0.915119 0.969387
vt 0.935157 0.892859
vt 0.955195 0.969387
vt 0.973271 0.957957
vt 0.987616 0.940155
vt 0.996827 0.917724
vt 1.000000 0.892859
vt 0.996827 0.867993
vt 0.987616 0.845562
vt 0.973271 0.827760
vt 0.955195 0.816331
vt 0.935157 0.812392
vt 0.915119 0.816331
vt 0.724470 0.002039
vt 0.733642 0.000033
vt 0.731484 0.009515
vt 0.726516 0.010601
vn 0.000000 1.000000 0.000000
vn 0.000000 1.000000 0.000000
vn 0.000000 1.000000 0.000000
vn 0.000000 1.000000 0.000000
vn 0.000000 1.000000 0.000000
vn 0.000000 1.000000 0.000000
vn 0.000000 1.000000 0.000000
vn 0.000000 1.000000 0.000000
vn 0.000000 1.000000 0.000000
vn 0.000000 1.000000 0.000000
vn 0.000000 1.000000 0.000000
vn 0.000000 1.000000 0.000000
vn 0.000000 1.000000 0.000000
vn 0.000000 1.000000 0.000000
vn 0.000000 1.000000 0.000000
vn 0.000000 1.000000 0.000000
vn 0.000000 1.000000 0.000000
vn 0.000000 1.000000 0.000000
vn 0.000000 1.000000 0.000000
vn 0.000000 1.000000 0.000000
vn 0.000000 1.000000 0.000000
vn 0.000000 1.000000 0.000000
vn 0.000000 1.000000 0.000000
vn 0.000000 1.000000 0.000000
vn 0.000000 1.000000 0.000000
vn 0.000000 1.000000 0.000000
vn 0.000000 1.000000 0.000000
vn 0.000000 1.000000 0.000000
vn 0.000000 1.000000 0.000000
vn 0.000000 1.000000 0.000000
vn 0.000000 1.000000 0.000000
vn 0.000000 1.000000 0.000000
vn 0.000000 1.000000 0.000000
vn 0.000000 1.000000 0.000000
vn 0.000000 1.000000 0.000000
vn 0.000000 1.000000 0.000000
vn 0.000000 1.000000 0.000000
vn 0.000000 1.000000 0.000000
vn 0.000000 1.000000 0.000000
vn 0.000000 1.000000 0.000000
vn 0.000000 1.000000 0.000000
vn 0.000000 1.000000 0.000000
vn 0.000000 1.000000 0.000000
vn 0.000000 1.000000 0.000000
vn 0.000000 1.000000 0.000000
vn 0.000000 1.000000 0.000000
vn 0.000000 1.000000 0.000000
vn 0.000000 1.000000 0.000000
vn 0.000000 1.000000 0.000000
vn 0.000000 1.000000 0.000000
vn 0.000000 1.000000 0.000000
vn 0.000000 1.000000 0.000000
vn 0.000000 1.000000 0.000000
vn 0.000000 1.000000 0.000000
vn 0.000000 1.000000 0.000000
vn 0.000000 1.000000 0.000000
vn 0.000000 1.000000 0.000000
vn 0.000000 1.000000 0.000000
vn 0.000000 1.000000 0.000000
vn 0.000000 1.000000 0.000000
vn 0.000000 1.000000 0.000000
vn 0.000000 1.000000 0.000000
vn 0.000000 1.000000 0.000000
vn 0.000000 1.000000 0.000000
vn 0.000000 1.000000 0.000000
vn 0.000000 1.000000 0.000000
vn 0.000000 1.000000 0.000000
vn 0.000000 1.000000 0.000000
vn 0.000000 1.000000 0.000000
vn 0.000000 1.000000 0.000000
vn 0.000000 1.000000 0.000000
vn 0.000000 1.000000 0.000000
vn 0.000000 1.000000 0.000000
vn 0.000000 1.000000 0.000000
vn 0.000000 1.000000 0.000000
vn 0.000000 1.000000 0.000000
vn 0.000000 1.000000 0.000000
vn 0.000000 1.000000 0.000000
vn 0.000000 1.000000 0.000000
vn 0.000000 1.000000 0.000000
vn 0.000000 1.000000 0.000000
vn 0.000000 1.000000 0.000000
vn 0.000000 1.000000 0.000000
vn 0.000000 1.000000 0.000000
vn 0.000000 1.000000 0.000000
vn 0.000000 1.000000 0.000000
vn 0.000000 1.000000 0.000000
vn 0.000000 1.000000 0.000000
vn 0.000000 1.000000 0.000000
vn 0.000000 1.000000 0.000000
vn 0.000000 1.000000 0.000000
vn 0.000000 1.000000 0.000000
vn 0.000000 1.000000 0.000000
vn 0.000000 1.000000 0.000000
vn 0.000000 1.000000 0.000000
vn 0.000000 1.000000 0.000000
vn 0.000000 1.000000 0.000000
vn 0.000000 1.000000 0.000000
vn 0.000000 1.000000 0.000000
vn 0.000000 1.000000 0.000000
vn 0.000000 1.000000 0.000000
vn 0.000000 1.000000 0.000000
vn 0.000000 1.000000 0.000000
vn 0.000000 1.000000 0.000000
vn 0.000000 1.000000 0.000000
vn 0.000000 1.000000 0.000000
vn 0.000000 1.000000 0.000000
vn 0.000000 1.000000 0.000000
vn 0.000000 1.000000 0.000000
vn 0.000000 1.000000 0.000000
vn 0.000000 1.000000 0.000000
vn 0.000000 1.000000 0.000000
vn 0.000000 1.000000 0.000000
vn 0.000000 1.000000 0.000000
vn 0.000000 1.000000 0.000000
vn 0.000000 1.000000 0.000000
vn 0.000000 1.000000 0.000000
vn 0.000000 1.000000 0.000000
vn 0.000000 1.000000 0.000000
vn 0.000000 1.000000 0.000000
vn 0.000000 1.000000 0.000000
vn 0.364950 -0.461445 -0.808628
vn 0.364950 -0.461445 -0.808628
vn 0.364950 -0.461445 -0.808628
vn 0.364973 -0.461430 -0.808627
vn 0.364973 -0.461430 -0.808627
vn 0.364973 -0.461430 -0.808627
vn 0.364967 -0.461436 -0.808626
vn 0.364967 -0.461436 -0.808626
vn 0.364967 -0.461436 -0.808626
vn 0.364965 -0.461439 -0.808625
vn 0.364965 -0.461439 -0.808625
vn 0.364965 -0.461439 -0.808625
vn 0.364967 -0.461434 -0.808627
vn 0.364967 -0.461434 -0.808627
vn 0.364967 -0.461434 -0.808627
vn 0.364966 -0.461435 -0.808627
vn 0.364966 -0.461435 -0.808627
vn 0.364966 -0.461435 -0.808627
vn 0.364971 -0.461437 -0.808624
vn 0.364971 -0.461437 -0.808624
vn 0.364971 -0.461437 -0.808624
vn 0.364972 -0.461440 -0.808622
vn 0.364972 -0.461440 -0.808622
vn 0.364972 -0.461440 -0.808622
vn 0.364944 -0.461438 -0.808635
vn 0.364944 -0.461438 -0.808635
vn 0.364944 -0.461438 -0.808635
vn 0.364978 -0.461431 -0.808624
vn 0.364978 -0.461431 -0.808624
vn 0.364978 -0.461431 -0.808624
vn 0.364961 -0.461440 -0.808626
vn 0.364961 -0.461440 -0.808626
vn 0.364961 -0.461440 -0.808626
vn 0.364967 -0.461438 -0.808625
vn 0.364967 -0.461438 -0.808625
vn 0.364967 -0.461438 -0.808625
vn 0.364966 -0.461434 -0.808627
vn 0.364966 -0.461434 -0.808627
vn 0.364966 -0.461434 -0.808627
vn 0.364966 -0.461434 -0.808628
vn 0.364966 -0.461434 -0.808627
vn 0.364966 -0.461434 -0.808628
vn 0.364967 -0.461435 -0.808626
vn 0.364967 -0.461435 -0.808626
vn 0.364967 -0.461435 -0.808626
vn 0.364967 -0.461435 -0.808626
vn 0.364967 -0.461435 -0.808626
vn 0.364967 -0.461435 -0.808626
vn 0.364963 -0.461435 -0.808629
vn 0.364963 -0.461435 -0.808629
vn 0.364963 -0.461435 -0.808629
vn 0.364968 -0.461436 -0.808626
vn 0.364968 -0.461436 -0.808626
vn 0.364968 -0.461436 -0.808626
vn 0.364962 -0.461434 -0.808629
vn 0.364962 -0.461434 -0.808629
vn 0.364962 -0.461434 -0.808629
vn 0.364983 -0.461430 -0.808622
vn 0.364983 -0.461430 -0.808622
vn 0.364983 -0.461430 -0.808622
vn -0.584938 0.794857 -0.161403
vn -0.584938 0.794857 -0.161403
vn -0.584938 0.794857 -0.161403
vn -0.584938 0.794857 -0.161403
vn -0.790330 0.570035 -0.224583
vn -0.790330 0.570035 -0.224583
vn -0.790330 0.570035 -0.224583
vn -0.790330 0.570035 -0.224583
vn -0.920806 0.286049 -0.265128
vn -0.920806 0.286049 -0.265128
vn -0.920806 0.286049 -0.265128
vn -0.920806 0.286049 -0.265128
vn -0.960248 -0.029712 -0.277565
vn -0.960248 -0.029712 -0.277565
vn -0.960247 -0.029712 -0.277564
vn -0.960248 -0.029712 -0.277565
vn -0.902462 -0.343526 -0.259909
vn -0.902462 -0.343526 -0.259909
vn -0.902462 -0.343526 -0.259909
vn -0.902462 -0.343526 -0.259909
vn -0.753846 -0.620989 -0.214684
vn -0.753846 -0.620989 -0.214684
vn -0.753846 -0.620989 -0.214684
vn -0.753846 -0.620989 -0.214684
vn -0.531991 -0.833640 -0.148423
vn -0.531991 -0.833640 -0.148423
vn -0.531991 -0.833640 -0.148423
vn -0.531991 -0.833640 -0.148423
vn -0.261079 -0.962794 -0.069747
vn -0.261079 -0.962794 -0.069747
vn -0.261079 -0.962794 -0.069747
vn -0.261079 -0.962794 -0.069747
vn 0.032635 -0.999385 0.012870
vn 0.032635 -0.999385 0.012870
vn 0.032635 -0.999385 0.012870
vn 0.032635 -0.999385 0.012870
vn 0.322984 -0.941878 0.092454
vn 0.322984 -0.941878 0.092454
vn 0.322984 -0.941878 0.092454
vn 0.322984 -0.941878 0.092454
vn 0.584244 -0.794940 0.163494
vn 0.584244 -0.794940 0.163494
vn 0.584244 -0.794940 0.163494
vn 0.584244 -0.794940 0.163494
vn 0.791478 -0.569853 0.220975
vn 0.791478 -0.569853 0.220975
vn 0.791478 -0.569853 0.220975
vn 0.791478 -0.569853 0.220975
vn 0.922434 -0.285782 0.259702
vn 0.922434 -0.285782 0.259702
vn 0.922434 -0.285782 0.259702
vn 0.922434 -0.285782 0.259702
vn 0.961038 0.029826 0.274804
vn 0.961038 0.029826 0.274804
vn 0.961038 0.029826 0.274804
vn 0.961038 0.029826 0.274804
vn 0.901514 0.343443 0.263287
vn 0.901514 0.343443 0.263287
vn 0.901514 0.343443 0.263287
vn 0.901514 0.343443 0.263287
vn 0.750800 0.620881 0.225402
vn 0.750801 0.620881 0.225402
vn 0.750800 0.620881 0.225402
vn 0.750800 0.620881 0.225402
vn 0.527085 0.833654 0.164934
vn 0.527085 0.833654 0.164934
vn 0.527085 0.833654 0.164934
vn 0.527085 0.833654 0.164934
vn 0.255264 0.962835 0.088255
vn 0.255264 0.962835 0.088255
vn 0.255264 0.962835 0.088255
vn 0.255264 0.962835 0.088255
vn -0.037852 0.999279 0.002985
vn -0.037852 0.999279 0.002985
vn -0.037852 0.999279 0.002985
vn -0.037852 0.999279 0.002985
vn -0.326188 0.941663 -0.082903
vn -0.326188 0.941663 -0.082903
vn -0.326188 0.941663 -0.082903
vn -0.326187 0.941663 -0.082903
vn -0.458068 0.729540 -0.507884
vn -0.458068 0.729540 -0.507884
vn -0.458068 0.729540 -0.507884
vn -0.458068 0.729540 -0.507884
vn -0.685097 0.516475 -0.513708
vn -0.685097 0.516475 -0.513708
vn -0.685097 0.516475 -0.513708
vn -0.685097 0.516475 -0.513708
vn -0.846923 0.250954 -0.468768
vn -0.846923 0.250954 -0.468768
vn -0.846923 0.250954 -0.468768
vn -0.846923 0.250954 -0.468768
vn -0.925890 -0.041038 -0.375558
vn -0.925890 -0.041038 -0.375558
vn -0.925890 -0.041038 -0.375558
vn -0.925890 -0.041038 -0.375558
vn -0.912710 -0.328989 -0.242335
vn -0.912710 -0.328989 -0.242335
vn -0.912710 -0.328989 -0.242335
vn -0.912710 -0.328989 -0.242335
vn -0.808812 -0.582207 -0.082810
vn -0.808812 -0.582207 -0.082810
vn -0.808812 -0.582207 -0.082810
vn -0.808812 -0.582208 -0.082810
vn -0.626203 -0.774931 0.085739
vn -0.626203 -0.774931 0.085739
vn -0.626203 -0.774931 0.085739
vn -0.626203 -0.774931 0.085739
vn -0.384669 -0.889872 0.245269
vn -0.384669 -0.889872 0.245269
vn -0.384669 -0.889872 0.245269
vn -0.384669 -0.889872 0.245269
vn -0.108011 -0.918827 0.379593
vn -0.108011 -0.918827 0.379593
vn -0.108011 -0.918827 0.379593
vn -0.108011 -0.918827 0.379593
vn 0.178629 -0.861100 0.476024
vn 0.178629 -0.861100 0.476024
vn 0.178629 -0.861100 0.476024
vn 0.178629 -0.861100 0.476024
vn 0.449787 -0.721819 0.525994
vn 0.449787 -0.721819 0.525994
vn 0.449787 -0.721819 0.525994
vn 0.449787 -0.721819 0.525994
vn 0.679853 -0.511904 0.525122
vn 0.679853 -0.511904 0.525122
vn 0.679853 -0.511904 0.525122
vn 0.679853 -0.511904 0.525122
vn 0.844811 -0.249184 0.473500
vn 0.844811 -0.249184 0.473500
vn 0.844811 -0.249184 0.473500
vn 0.844811 -0.249184 0.473500
vn 0.925651 0.041253 0.376123
vn 0.925651 0.041253 0.376123
vn 0.925651 0.041253 0.376123
vn 0.925651 0.041253 0.376123
vn 0.912484 0.329192 0.242909
vn 0.912484 0.329192 0.242909
vn 0.912484 0.329192 0.242909
vn 0.912485 0.329192 0.242909
vn 0.806981 0.584039 0.087635
vn 0.806981 0.584039 0.087635
vn 0.806981 0.584039 0.087635
vn 0.806981 0.584039 0.087635
vn 0.621794 0.779673 -0.074044
vn 0.621794 0.779673 -0.074044
vn 0.621794 0.779673 -0.074044
vn 0.621794 0.779673 -0.074044
vn 0.377488 0.897814 -0.226788
vn 0.377488 0.897814 -0.226788
vn 0.377488 0.897814 -0.226788
vn 0.377488 0.897814 -0.226788
vn 0.098710 0.928848 -0.357068
vn 0.098710 0.928848 -0.357068
vn 0.098710 0.928848 -0.357068
vn 0.098710 0.928848 -0.357068
vn -0.188440 0.871018 -0.453671
vn -0.188440 0.871018 -0.453671
vn -0.188440 0.871018 -0.453671
vn -0.188440 0.871018 -0.453671
vn 0.364959 -0.461442 -0.808626
vn 0.364959 -0.461442 -0.808626
vn 0.364959 -0.461442 -0.808626
vn 0.364959 -0.461442 -0.808626
vn 0.364985 -0.461432 -0.808620
vn 0.364985 -0.461432 -0.808620
vn 0.364985 -0.461432 -0.808620
vn 0.364985 -0.461432 -0.808620
vn 0.364975 -0.461439 -0.808621
vn 0.364975 -0.461439 -0.808621
vn 0.364975 -0.461439 -0.808620
vn 0.364975 -0.461439 -0.808620
vn 0.364970 -0.461438 -0.808623
vn 0.364970 -0.461438 -0.808623
vn 0.364970 -0.461438 -0.808623
vn 0.364970 -0.461438 -0.808623
vn 0.364961 -0.461436 -0.808629
vn 0.364960 -0.461436 -0.808629
vn 0.364960 -0.461436 -0.808629
vn 0.364960 -0.461436 -0.808629
vn 0.364967 -0.461434 -0.808627
vn 0.364967 -0.461434 -0.808627
vn 0.364967 -0.461434 -0.808627
vn 0.364967 -0.461434 -0.808627
vn 0.364966 -0.461434 -0.808627
vn 0.364966 -0.461434 -0.808627
vn 0.364966 -0.461434 -0.808627
vn 0.364966 -0.461434 -0.808628
vn 0.364977 -0.461432 -0.808624
vn 0.364977 -0.461432 -0.808624
vn 0.364977 -0.461432 -0.808624
vn 0.364977 -0.461432 -0.808624
vn 0.364953 -0.461432 -0.808634
vn 0.364953 -0.461432 -0.808634
vn 0.364953 -0.461432 -0.808634
vn 0.364953 -0.461432 -0.808634
vn 0.364982 -0.461426 -0.808625
vn 0.364982 -0.461426 -0.808625
vn 0.364982 -0.461426 -0.808625
vn 0.364982 -0.461426 -0.808625
vn 0.364960 -0.461436 -0.808629
vn 0.364960 -0.461436 -0.808629
vn 0.364960 -0.461436 -0.808629
vn 0.364960 -0.461436 -0.808629
vn 0.364967 -0.461439 -0.808625
vn 0.364967 -0.461439 -0.808625
vn 0.364967 -0.461439 -0.808625
vn 0.364967 -0.461439 -0.808625
vn 0.364964 -0.461439 -0.808626
vn 0.364964 -0.461439 -0.808626
vn 0.364964 -0.461439 -0.808626
vn 0.364964 -0.461439 -0.808626
vn 0.364957 -0.461433 -0.808633
vn 0.364957 -0.461433 -0.808633
vn 0.364957 -0.461432 -0.808633
vn 0.364957 -0.461432 -0.808633
vn 0.364970 -0.461437 -0.808624
vn 0.364970 -0.461437 -0.808624
vn 0.364970 -0.461437 -0.808624
vn 0.364970 -0.461437 -0.808624
vn 0.364961 -0.461440 -0.808626
vn 0.364961 -0.461440 -0.808626
vn 0.364961 -0.461440 -0.808626
vn 0.364961 -0.461440 -0.808626
vn 0.364959 -0.461435 -0.808630
vn 0.364959 -0.461435 -0.808630
vn 0.364959 -0.461435 -0.808630
vn 0.364959 -0.461435 -0.808630
vn 0.364974 -0.461436 -0.808623
vn 0.364974 -0.461436 -0.808623
vn 0.364974 -0.461436 -0.808623
vn 0.364974 -0.461436 -0.808623
vn 0.364959 -0.461434 -0.808631
vn 0.364959 -0.461434 -0.808631
vn 0.364959 -0.461434 -0.808631
vn 0.364959 -0.461434 -0.808631
vn 0.364976 -0.461425 -0.808628
vn 0.364976 -0.461425 -0.808628
vn 0.364976 -0.461425 -0.808628
vn 0.364976 -0.461425 -0.808628
vn 0.428993 -0.687499 0.585927
vn 0.428993 -0.687498 0.585927
vn 0.428993 -0.687499 0.585927
vn 0.428993 -0.687499 0.585927
vn 0.663319 -0.480586 0.573624
vn 0.663319 -0.480586 0.573624
vn 0.663319 -0.480586 0.573624
vn 0.663319 -0.480586 0.573624
vn 0.832741 -0.226612 0.505164
vn 0.832741 -0.226612 0.505164
vn 0.832741 -0.226612 0.505164
vn 0.832741 -0.226612 0.505164
vn 0.920640 0.049536 0.387256
vn 0.920640 0.049536 0.387256
vn 0.920640 0.049536 0.387256
vn 0.920641 0.049536 0.387256
vn 0.918422 0.320837 0.231440
vn 0.918422 0.320837 0.231440
vn 0.918422 0.320837 0.231440
vn 0.918422 0.320837 0.231440
vn 0.826299 0.560736 0.052970
vn 0.826299 0.560736 0.052970
vn 0.826299 0.560736 0.052970
vn 0.826299 0.560736 0.052970
vn 0.653304 0.745732 -0.130681
vn 0.653304 0.745732 -0.130681
vn 0.653304 0.745732 -0.130681
vn 0.653304 0.745732 -0.130681
vn 0.416347 0.857743 -0.301551
vn 0.416347 0.857743 -0.301551
vn 0.416347 0.857743 -0.301551
vn 0.416347 0.857743 -0.301551
vn 0.138631 0.885789 -0.442900
vn 0.138631 0.885789 -0.442900
vn 0.138631 0.885789 -0.442900
vn 0.138631 0.885789 -0.442900
vn -0.152638 0.827129 -0.540887
vn -0.152638 0.827129 -0.540887
vn -0.152638 0.827129 -0.540887
vn -0.152638 0.827129 -0.540887
vn -0.428980 0.687500 -0.585935
vn -0.428980 0.687500 -0.585935
vn -0.428980 0.687500 -0.585935
vn -0.428980 0.687500 -0.585935
vn -0.663331 0.480573 -0.573621
vn -0.663331 0.480573 -0.573621
vn -0.663331 0.480573 -0.573621
vn -0.663331 0.480573 -0.573621
vn -0.832742 0.226613 -0.505160
vn -0.832742 0.226613 -0.505160
vn -0.832742 0.226613 -0.505160
vn -0.832742 0.226613 -0.505160
vn -0.920639 -0.049535 -0.387259
vn -0.920639 -0.049535 -0.387259
vn -0.920639 -0.049535 -0.387259
vn -0.920639 -0.049535 -0.387259
vn -0.918421 -0.320838 -0.231443
vn -0.918421 -0.320838 -0.231443
vn -0.918421 -0.320838 -0.231443
vn -0.918421 -0.320838 -0.231443
vn -0.826301 -0.560732 -0.052973
vn -0.826301 -0.560732 -0.052973
vn -0.826301 -0.560732 -0.052973
vn -0.826301 -0.560732 -0.052973
vn -0.653292 -0.745742 0.130685
vn -0.653292 -0.745742 0.130685
vn -0.653292 -0.745742 0.130685
vn -0.653292 -0.745742 0.130685
vn -0.416347 -0.857745 0.301544
vn -0.416347 -0.857745 0.301544
vn -0.416347 -0.857745 0.301544
vn -0.416347 -0.857745 0.301544
vn -0.138628 -0.885793 0.442892
vn -0.138628 -0.885793 0.442892
vn -0.138628 -0.885793 0.442892
vn -0.138628 -0.885793 0.442892
vn 0.152634 -0.827137 0.540877
vn 0.152634 -0.827137 0.540877
vn 0.152634 -0.827137 0.540877
vn 0.152634 -0.827137 0.540877
vn 0.677646 0.284052 -0.678314
vn 0.677646 0.284052 -0.678314
vn 0.677646 0.284052 -0.678314
vn 0.677646 0.284052 -0.678314
vn 0.756318 -0.218498 0.616638
vn 0.756318 -0.218498 0.616638
vn 0.756318 -0.218498 0.616638
vn 0.756318 -0.218498 0.616638
vn -0.680520 -0.271280 0.680661
vn -0.680520 -0.271280 0.680661
vn -0.680520 -0.271280 0.680661
vn -0.680520 -0.271280 0.680661
vn -0.756465 0.219011 -0.616276
vn -0.756465 0.219011 -0.616276
vn -0.756465 0.219011 -0.616276
vn -0.756465 0.219011 -0.616276
vn -0.452891 0.648868 0.611441
vn -0.452891 0.648868 0.611441
vn -0.452891 0.648868 0.611441
vn -0.452891 0.648868 0.611441
vn -0.223772 -0.973659 0.043755
vn -0.223772 -0.973659 0.043755
vn -0.223772 -0.973659 0.043755
vn -0.223772 -0.973659 0.043755
vn -0.757295 0.217861 -0.615664
vn -0.757295 0.217861 -0.615663
vn -0.757295 0.217861 -0.615663
vn -0.757295 0.217861 -0.615664
vn -0.252736 0.860238 0.442849
vn -0.252736 0.860238 0.442849
vn -0.252736 0.860238 0.442849
vn -0.252736 0.860238 0.442849
vn 0.756779 -0.217824 0.616310
vn 0.756779 -0.217824 0.616310
vn 0.756779 -0.217824 0.616310
vn 0.756779 -0.217824 0.616310
vn 0.024347 -0.973518 -0.227310
vn 0.024347 -0.973518 -0.227310
vn 0.024347 -0.973518 -0.227310
vn 0.024347 -0.973518 -0.227310
vn -0.757247 0.217204 -0.615954
vn -0.757247 0.217204 -0.615954
vn -0.757247 0.217204 -0.615954
vn -0.757247 0.217204 -0.615954
vn -0.034401 0.968828 0.245335
vn -0.034401 0.968828 0.245335
vn -0.034401 0.968828 0.245335
vn -0.034401 0.968828 0.245335
vn 0.756519 -0.217596 0.616710
vn 0.756519 -0.217596 0.616710
vn 0.756519 -0.217596 0.616710
vn 0.756519 -0.217596 0.616710
vn 0.232175 -0.868999 -0.436961
vn 0.232175 -0.868999 -0.436961
vn 0.232175 -0.868999 -0.436961
vn 0.232175 -0.868999 -0.436961
vn -0.758232 0.216296 -0.615062
vn -0.758232 0.216296 -0.615062
vn -0.758232 0.216296 -0.615062
vn -0.758232 0.216296 -0.615062
vn 0.184142 0.982808 0.013398
vn 0.184142 0.982808 0.013398
vn 0.184142 0.982808 0.013398
vn 0.184142 0.982808 0.013398
vn 0.758677 -0.216279 0.614519
vn 0.758677 -0.216279 0.614519
vn 0.758677 -0.216279 0.614519
vn 0.758677 -0.216279 0.614519
vn 0.414528 -0.686187 -0.597758
vn 0.414528 -0.686187 -0.597758
vn 0.414528 -0.686187 -0.597758
vn 0.414528 -0.686187 -0.597758
vn -0.759393 0.215271 -0.613987
vn -0.759393 0.215271 -0.613987
vn -0.759393 0.215271 -0.613987
vn -0.759393 0.215271 -0.613987
vn 0.311455 0.941835 -0.126263
vn 0.311455 0.941835 -0.126263
vn 0.311455 0.941835 -0.126263
vn 0.311455 0.941835 -0.126263
vn 0.759261 -0.218018 0.613181
vn 0.759261 -0.218018 0.613181
vn 0.759261 -0.218018 0.613181
vn 0.759261 -0.218018 0.613181
vn 0.508053 -0.553633 -0.659828
vn 0.508053 -0.553633 -0.659828
vn 0.508053 -0.553633 -0.659828
vn 0.508053 -0.553633 -0.659828
vn 0.733681 -0.229680 0.639499
vn 0.733681 -0.229680 0.639499
vn 0.733681 -0.229680 0.639499
vn 0.733681 -0.229680 0.639499
vn -0.656190 0.153299 0.738860
vn -0.656190 0.153299 0.738860
vn -0.656190 0.153299 0.738860
vn -0.656190 0.153299 0.738860
vn -0.775603 0.211655 -0.594678
vn -0.775603 0.211655 -0.594678
vn -0.775603 0.211655 -0.594678
vn -0.775603 0.211655 -0.594678
vn -0.560027 -0.681201 0.471524
vn -0.560027 -0.681201 0.471524
vn -0.560027 -0.681201 0.471524
vn -0.560027 -0.681201 0.471524
vn 0.789085 -0.204058 0.579401
vn 0.789085 -0.204058 0.579401
vn 0.789085 -0.204058 0.579401
vn 0.789085 -0.204058 0.579401
vn -0.092005 0.955846 0.279095
vn -0.092005 0.955846 0.279095
vn -0.092005 0.955846 0.279095
vn -0.092005 0.955846 0.279095
vn -0.711507 0.240305 -0.660312
vn -0.711507 0.240305 -0.660312
vn -0.711507 0.240305 -0.660312
vn -0.711507 0.240305 -0.660312
vn 0.173063 -0.913171 -0.369010
vn 0.173063 -0.913171 -0.369010
vn 0.173063 -0.913171 -0.369010
vn 0.173063 -0.913171 -0.369010
vn -0.081983 0.991765 0.098397
vn -0.081983 0.991765 0.098397
vn -0.081983 0.991765 0.098397
vn -0.081983 0.991765 0.098397
vn 0.959362 0.105276 -0.261806
vn 0.959362 0.105276 -0.261806
vn 0.959362 0.105276 -0.261806
vn 0.959362 0.105276 -0.261806
vn 0.081983 -0.991765 -0.098397
vn 0.081983 -0.991765 -0.098397
vn 0.081983 -0.991765 -0.098397
vn 0.081983 -0.991765 -0.098397
vn -0.842434 -0.121713 0.524873
vn -0.842434 -0.121713 0.524873
vn -0.842434 -0.121713 0.524873
vn -0.842434 -0.121713 0.524873
vn 0.532526 -0.039862 0.845475
vn 0.532526 -0.039862 0.845475
vn 0.532526 -0.039862 0.845475
vn 0.532526 -0.039862 0.845475
vn -0.532526 0.039862 -0.845475
vn -0.532525 0.039862 -0.845475
vn -0.532526 0.039862 -0.845475
vn -0.532525 0.039862 -0.845475
vn 0.351460 0.919119 -0.178035
vn 0.351460 0.919119 -0.178035
vn 0.351460 0.919119 -0.178035
vn 0.351460 0.919119 -0.178035
vn 0.883145 0.026538 0.468348
vn 0.883145 0.026538 0.468348
vn 0.883145 0.026538 0.468348
vn 0.883145 0.026538 0.468348
vn 0.493328 -0.797064 -0.348305
vn 0.493328 -0.797064 -0.348305
vn 0.493328 -0.797064 -0.348304
vn 0.493328 -0.797064 -0.348305
vn -0.038361 0.095516 -0.994689
vn -0.038361 0.095516 -0.994689
vn -0.038361 0.095516 -0.994689
vn -0.038361 0.095516 -0.994689
vn -0.067578 0.993700 0.089413
vn -0.067578 0.993700 0.089413
vn -0.067578 0.993700 0.089413
vn -0.067578 0.993700 0.089413
vn 0.546840 -0.037777 0.836384
vn 0.546840 -0.037777 0.836384
vn 0.546840 -0.037777 0.836384
vn 0.546840 -0.037777 0.836384
vn 0.096362 -0.989541 -0.107347
vn 0.096362 -0.989541 -0.107347
vn 0.096362 -0.989541 -0.107347
vn 0.096362 -0.989541 -0.107347
vn -0.518055 0.041938 -0.854318
vn -0.518055 0.041938 -0.854318
vn -0.518055 0.041938 -0.854318
vn -0.518055 0.041938 -0.854318
vn -0.081982 0.991765 0.098396
vn -0.081982 0.991765 0.098396
vn -0.081982 0.991765 0.098396
vn -0.081982 0.991765 0.098396
vn 0.938625 -0.198121 -0.282367
vn 0.938625 -0.198121 -0.282367
vn 0.938625 -0.198121 -0.282367
vn 0.938625 -0.198121 -0.282367
vn 0.081983 -0.991765 -0.098396
vn 0.081983 -0.991765 -0.098396
vn 0.081983 -0.991765 -0.098396
vn 0.081983 -0.991765 -0.098396
vn -0.752198 0.003200 -0.658929
vn -0.752198 0.003200 -0.658929
vn -0.752198 0.003200 -0.658929
vn -0.752198 0.003200 -0.658929
vn -0.161394 -0.114088 0.980273
vn -0.161394 -0.114088 0.980273
vn -0.161394 -0.114088 0.980273
vn -0.161394 -0.114088 0.980273
vn 0.051556 -0.987497 -0.148968
vn 0.051556 -0.987497 -0.148968
vn 0.051556 -0.987497 -0.148968
vn 0.051556 -0.987497 -0.148968
vn 0.464415 0.091832 -0.880844
vn 0.464415 0.091832 -0.880844
vn 0.464415 0.091832 -0.880844
vn 0.464415 0.091832 -0.880844
vn 0.235696 0.928437 0.287144
vn 0.235696 0.928437 0.287144
vn 0.235696 0.928437 0.287144
vn 0.235696 0.928437 0.287144
vn 0.000133 0.999733 -0.023103
vn 0.000133 0.999733 -0.023103
vn 0.000133 0.999733 -0.023103
vn 0.000133 0.999733 -0.023103
vn 0.964254 0.053966 0.259425
vn 0.964254 0.053966 0.259425
vn 0.964254 0.053966 0.259425
vn 0.964254 0.053966 0.259425
vn 0.162334 -0.962403 -0.217780
vn 0.162334 -0.962403 -0.217780
vn 0.162334 -0.962403 -0.217780
vn 0.162334 -0.962403 -0.217780
vn -0.884085 -0.026789 -0.466557
vn -0.884086 -0.026789 -0.466557
vn -0.884086 -0.026789 -0.466557
vn -0.884085 -0.026789 -0.466557
vn 0.008348 0.998359 0.056656
vn 0.008348 0.998359 0.056656
vn 0.008348 0.998359 0.056656
vn 0.008348 0.998359 0.056656
vn 0.994440 0.021328 0.103123
vn 0.994440 0.021328 0.103123
vn 0.994440 0.021328 0.103123
vn 0.994440 0.021328 0.103123
vn 0.123939 -0.965396 -0.229454
vn 0.123939 -0.965396 -0.229454
vn 0.123939 -0.965396 -0.229454
vn 0.123939 -0.965396 -0.229454
vn -0.904757 0.020900 -0.425415
vn -0.904757 0.020900 -0.425415
vn -0.904757 0.020900 -0.425415
vn -0.904757 0.020900 -0.425415
vn 0.121634 0.989841 0.073625
vn 0.121634 0.989841 0.073625
vn 0.121634 0.989841 0.073625
vn 0.121634 0.989841 0.073625
vn 0.503603 -0.111318 0.856733
vn 0.503603 -0.111318 0.856733
vn 0.503603 -0.111318 0.856733
vn 0.503603 -0.111318 0.856733
vn 0.151819 -0.966002 -0.209265
vn 0.151819 -0.966002 -0.209265
vn 0.151819 -0.966002 -0.209265
vn 0.151819 -0.966002 -0.209265
vn -0.229311 0.127720 -0.964937
vn -0.229311 0.127720 -0.964937
vn -0.229311 0.127720 -0.964937
vn -0.229311 0.127720 -0.964937
vn 0.080416 -0.371618 0.924897
vn 0.080416 -0.371618 0.924897
vn 0.080416 -0.371618 0.924897
vn 0.080416 -0.371618 0.924897
vn -0.177895 -0.917451 -0.355860
vn -0.177895 -0.917451 -0.355860
vn -0.177895 -0.917451 -0.355860
vn -0.177895 -0.917451 -0.355860
vn 0.073522 0.328867 -0.941510
vn 0.073522 0.328867 -0.941510
vn 0.073522 0.328867 -0.941510
vn 0.073522 0.328867 -0.941510
vn 0.312901 0.889559 0.332833
vn 0.312901 0.889559 0.332833
vn 0.312901 0.889559 0.332833
vn 0.312901 0.889559 0.332832
vn 0.215166 -0.623528 0.751609
vn 0.215166 -0.623528 0.751609
vn 0.215166 -0.623528 0.751609
vn 0.215166 -0.623528 0.751609
vn -0.227361 -0.787660 -0.572625
vn -0.227361 -0.787660 -0.572625
vn -0.227361 -0.787660 -0.572625
vn -0.227361 -0.787660 -0.572625
vn -0.002492 0.578643 -0.815577
vn -0.002492 0.578643 -0.815577
vn -0.002492 0.578643 -0.815577
vn -0.002492 0.578643 -0.815577
vn 0.423173 0.746334 0.513722
vn 0.423173 0.746334 0.513722
vn 0.423173 0.746334 0.513722
vn 0.423173 0.746334 0.513722
vn 0.807567 -0.514899 -0.287601
vn 0.807567 -0.514899 -0.287601
vn 0.807567 -0.514899 -0.287601
vn 0.807567 -0.514899 -0.287601
vn -0.554269 -0.796155 -0.242742
vn -0.554269 -0.796155 -0.242742
vn -0.554269 -0.796155 -0.242742
vn -0.554269 -0.796155 -0.242742
vn -0.804094 0.513040 0.300372
vn -0.804094 0.513040 0.300372
vn -0.804094 0.513040 0.300372
vn -0.804094 0.513040 0.300372
vn 0.554165 0.796033 0.243376
vn 0.554165 0.796033 0.243376
vn 0.554165 0.796033 0.243376
vn 0.554165 0.796033 0.243376
vn -0.294391 0.048670 0.954445
vn -0.294391 0.048670 0.954445
vn -0.294391 0.048670 0.954445
vn -0.294391 0.048670 0.954445
vn -0.511339 0.484007 -0.710120
vn -0.511339 0.484007 -0.710120
vn -0.511339 0.484007 -0.710120
vn -0.511339 0.484007 -0.710120
vn 0.552994 0.796970 0.242973
vn 0.552994 0.796970 0.242973
vn 0.552994 0.796970 0.242973
vn 0.552994 0.796970 0.242973
vn -0.025423 -0.150510 0.988282
vn -0.025423 -0.150510 0.988282
vn -0.025423 -0.150510 0.988282
vn -0.025423 -0.150510 0.988282
vn -0.553607 -0.796693 -0.242488
vn -0.553607 -0.796692 -0.242488
vn -0.553607 -0.796692 -0.242488
vn -0.553607 -0.796692 -0.242488
vn -0.243303 0.332898 -0.911034
vn -0.243302 0.332898 -0.911034
vn -0.243303 0.332898 -0.911034
vn -0.243303 0.332898 -0.911034
vn 0.552952 0.797207 0.242291
vn 0.552952 0.797207 0.242291
vn 0.552952 0.797207 0.242291
vn 0.552952 0.797207 0.242291
vn 0.224073 -0.327362 0.917946
vn 0.224073 -0.327362 0.917946
vn 0.224073 -0.327362 0.917946
vn 0.224073 -0.327362 0.917946
vn -0.553876 -0.796641 -0.242042
vn -0.553876 -0.796641 -0.242042
vn -0.553876 -0.796641 -0.242042
vn -0.553876 -0.796641 -0.242042
vn 0.013789 0.170271 -0.985301
vn 0.013789 0.170271 -0.985301
vn 0.013789 0.170271 -0.985301
vn 0.013789 0.170271 -0.985301
vn 0.551635 0.798128 0.242259
vn 0.551635 0.798128 0.242259
vn 0.551635 0.798128 0.242259
vn 0.551635 0.798128 0.242259
vn 0.460529 -0.466480 0.755189
vn 0.460529 -0.466480 0.755189
vn 0.460529 -0.466480 0.755189
vn 0.460529 -0.466480 0.755189
vn -0.551102 -0.798387 -0.242619
vn -0.551102 -0.798387 -0.242619
vn -0.551102 -0.798387 -0.242619
vn -0.551102 -0.798387 -0.242619
vn 0.260746 -0.006233 -0.965387
vn 0.260746 -0.006233 -0.965387
vn 0.260746 -0.006233 -0.965387
vn 0.260746 -0.006233 -0.965387
vn 0.550096 0.799185 0.242275
vn 0.550096 0.799185 0.242275
vn 0.550096 0.799185 0.242275
vn 0.550097 0.799185 0.242275
vn 0.579767 -0.531502 0.617557
vn 0.579767 -0.531502 0.617557
vn 0.579767 -0.531502 0.617557
vn 0.579767 -0.531502 0.617557
vn -0.550646 -0.798030 -0.244822
vn -0.550646 -0.798030 -0.244822
vn -0.550646 -0.798030 -0.244822
vn -0.550646 -0.798030 -0.244822
vn 0.387206 -0.114094 -0.914907
vn 0.387206 -0.114094 -0.914907
vn 0.387206 -0.114094 -0.914907
vn 0.387206 -0.114094 -0.914907
vn -0.582180 -0.778516 -0.234478
vn -0.582180 -0.778516 -0.234478
vn -0.582180 -0.778516 -0.234478
vn -0.582180 -0.778516 -0.234478
vn -0.657801 0.347368 0.668306
vn -0.657801 0.347368 0.668306
vn -0.657801 0.347368 0.668306
vn -0.657801 0.347368 0.668306
vn 0.529505 0.809700 0.253001
vn 0.529505 0.809700 0.253001
vn 0.529505 0.809700 0.253001
vn 0.529505 0.809700 0.253001
vn -0.793648 0.584179 -0.169878
vn -0.793648 0.584179 -0.169878
vn -0.793648 0.584179 -0.169878
vn -0.793648 0.584179 -0.169878
vn -0.510982 -0.820035 -0.257761
vn -0.510982 -0.820035 -0.257761
vn -0.510982 -0.820035 -0.257761
vn -0.510982 -0.820035 -0.257761
vn 0.181615 -0.280270 0.942584
vn 0.181615 -0.280270 0.942584
vn 0.181615 -0.280270 0.942584
vn 0.181615 -0.280270 0.942584
vn 0.608013 0.760867 0.226717
vn 0.608013 0.760867 0.226717
vn 0.608013 0.760867 0.226717
vn 0.608013 0.760867 0.226717
vn -0.073319 0.218483 -0.973082
vn -0.073319 0.218483 -0.973083
vn -0.073319 0.218483 -0.973082
vn -0.073319 0.218483 -0.973083
vn -0.921159 0.174070 0.348088
vn -0.921159 0.174070 0.348088
vn -0.921159 0.174070 0.348088
vn -0.921159 0.174070 0.348088
vn 0.141186 0.989561 -0.028902
vn 0.141186 0.989561 -0.028902
vn 0.141186 0.989561 -0.028902
vn 0.141186 0.989561 -0.028902
vn 0.924975 -0.177840 -0.335849
vn 0.924975 -0.177840 -0.335849
vn 0.924975 -0.177840 -0.335849
vn 0.924975 -0.177840 -0.335849
vn -0.140787 -0.989603 0.029409
vn -0.140787 -0.989603 0.029409
vn -0.140787 -0.989603 0.029409
vn -0.140787 -0.989603 0.029409
vn 0.772751 -0.201112 0.602005
vn 0.772751 -0.201112 0.602005
vn 0.772751 -0.201112 0.602005
vn 0.772751 -0.201112 0.602005
vn 0.126978 0.024107 -0.991613
vn 0.126978 0.024107 -0.991613
vn 0.126978 0.024107 -0.991613
vn 0.126978 0.024107 -0.991613
vn -0.139864 -0.989770 0.028179
vn -0.139864 -0.989770 0.028179
vn -0.139864 -0.989770 0.028179
vn -0.139864 -0.989770 0.028179
vn 0.531219 -0.158651 0.832247
vn 0.531219 -0.158651 0.832247
vn 0.531219 -0.158651 0.832248
vn 0.531219 -0.158651 0.832248
vn 0.140675 0.989655 -0.028178
vn 0.140675 0.989655 -0.028178
vn 0.140675 0.989655 -0.028178
vn 0.140675 0.989655 -0.028178
vn -0.232450 0.096830 -0.967776
vn -0.232450 0.096830 -0.967776
vn -0.232450 0.096830 -0.967776
vn -0.232450 0.096830 -0.967776
vn -0.140146 -0.989748 0.027515
vn -0.140146 -0.989748 0.027515
vn -0.140146 -0.989748 0.027515
vn -0.140146 -0.989748 0.027515
vn 0.252944 -0.095306 0.962775
vn 0.252944 -0.095306 0.962775
vn 0.252944 -0.095306 0.962775
vn 0.252944 -0.095306 0.962775
vn 0.141167 0.989590 -0.027974
vn 0.141167 0.989591 -0.027974
vn 0.141167 0.989590 -0.027974
vn 0.141167 0.989590 -0.027974
vn -0.515917 0.145991 -0.844107
vn -0.515917 0.145991 -0.844107
vn -0.515917 0.145991 -0.844107
vn -0.515917 0.145991 -0.844107
vn -0.138905 -0.989951 0.026519
vn -0.138905 -0.989951 0.026519
vn -0.138905 -0.989951 0.026519
vn -0.138905 -0.989951 0.026519
vn -0.057414 -0.030592 0.997882
vn -0.057414 -0.030592 0.997882
vn -0.057414 -0.030592 0.997882
vn -0.057414 -0.030592 0.997882
vn 0.138213 0.990049 -0.026464
vn 0.138213 0.990049 -0.026464
vn 0.138213 0.990049 -0.026464
vn 0.138213 0.990049 -0.026464
vn -0.742435 0.182932 -0.644457
vn -0.742435 0.182932 -0.644457
vn -0.742435 0.182932 -0.644457
vn -0.742435 0.182932 -0.644458
vn -0.137420 -0.990187 0.025396
vn -0.137420 -0.990187 0.025396
vn -0.137420 -0.990187 0.025396
vn -0.137420 -0.990187 0.025396
vn -0.243361 0.014447 0.969828
vn -0.243361 0.014447 0.969828
vn -0.243361 0.014447 0.969828
vn -0.243361 0.014447 0.969828
vn 0.136722 0.990209 -0.028168
vn 0.136722 0.990209 -0.028168
vn 0.136722 0.990209 -0.028168
vn 0.136722 0.990209 -0.028168
vn -0.840077 0.204535 -0.502431
vn -0.840077 0.204535 -0.502431
vn -0.840077 0.204535 -0.502431
vn -0.840077 0.204535 -0.502431
vn 0.172080 0.984180 -0.042168
vn 0.172080 0.984180 -0.042168
vn 0.172080 0.984180 -0.042168
vn 0.172080 0.984180 -0.042168
vn 0.973348 -0.211216 0.089337
vn 0.973348 -0.211216 0.089337
vn 0.973348 -0.211216 0.089337
vn 0.973348 -0.211216 0.089337
vn -0.112647 -0.993425 0.020418
vn -0.112647 -0.993425 0.020418
vn -0.112647 -0.993425 0.020418
vn -0.112647 -0.993425 0.020418
vn 0.673434 -0.101305 -0.732273
vn 0.673434 -0.101305 -0.732273
vn 0.673434 -0.101305 -0.732273
vn 0.673434 -0.101305 -0.732273
vn 0.092840 0.995612 -0.011719
vn 0.092840 0.995612 -0.011719
vn 0.092840 0.995612 -0.011719
vn 0.092840 0.995612 -0.011719
vn 0.310964 -0.124302 0.942258
vn 0.310964 -0.124302 0.942258
vn 0.310964 -0.124302 0.942258
vn 0.310964 -0.124302 0.942258
vn -0.201003 -0.978047 0.054963
vn -0.201003 -0.978047 0.054963
vn -0.201003 -0.978047 0.054963
vn -0.201003 -0.978047 0.054963
vn -0.428494 0.139033 -0.892784
vn -0.428494 0.139033 -0.892784
vn -0.428494 0.139033 -0.892784
vn -0.428494 0.139033 -0.892784
vn 0.891007 0.453991 0.000000
vn 0.891007 0.453991 0.000000
vn 0.891007 0.453991 0.000000
vn 0.891007 0.453991 0.000000
vn 0.707107 0.707107 0.000000
vn 0.707107 0.707107 0.000000
vn 0.707107 0.707107 0.000000
vn 0.707107 0.707107 0.000000
vn 0.453990 0.891007 0.000000
vn 0.453990 0.891007 0.000000
vn 0.453990 0.891007 0.000000
vn 0.453990 0.891007 0.000000
vn 0.156434 0.987688 0.000000
vn 0.156434 0.987688 0.000000
vn 0.156434 0.987688 0.000000
vn 0.156434 0.987688 0.000000
vn -0.156435 0.987688 0.000000
vn -0.156435 0.987688 0.000000
vn -0.156435 0.987688 0.000000
vn -0.156435 0.987688 0.000000
vn -0.453991 0.891006 0.000000
vn -0.453991 0.891006 0.000000
vn -0.453991 0.891006 0.000000
vn -0.453991 0.891006 0.000000
vn -0.707107 0.707107 0.000000
vn -0.707107 0.707107 0.000000
vn -0.707107 0.707107 0.000000
vn -0.707107 0.707107 0.000000
vn -0.891007 0.453990 0.000000
vn -0.891007 0.453990 0.000000
vn -0.891007 0.453990 0.000000
vn -0.891007 0.453990 0.000000
vn -0.987688 0.156434 0.000000
vn -0.987688 0.156434 0.000000
vn -0.987688 0.156434 0.000000
vn -0.987688 0.156434 0.000000
vn -0.987688 -0.156434 0.000000
vn -0.987688 -0.156434 0.000000
vn -0.987688 -0.156434 0.000000
vn -0.987688 -0.156434 0.000000
vn -0.891007 -0.453991 0.000000
vn -0.891007 -0.453991 0.000000
vn -0.891007 -0.453991 0.000000
vn -0.891007 -0.453991 0.000000
vn -0.707107 -0.707107 0.000000
vn -0.707107 -0.707107 0.000000
vn -0.707107 -0.707107 0.000000
vn -0.707107 -0.707107 0.000000
vn -0.453990 -0.891007 0.000000
vn -0.453990 -0.891007 0.000000
vn -0.453990 -0.891007 0.000000
vn -0.453990 -0.891007 0.000000
vn -0.156434 -0.987688 0.000000
vn -0.156434 -0.987688 0.000000
vn -0.156434 -0.987688 0.000000
vn -0.156434 -0.987688 0.000000
vn 0.156435 -0.987688 0.000000
vn 0.156435 -0.987688 0.000000
vn 0.156435 -0.987688 0.000000
vn 0.156435 -0.987688 0.000000
vn 0.453991 -0.891007 0.000000
vn 0.453991 -0.891007 0.000000
vn 0.453991 -0.891007 0.000000
vn 0.453991 -0.891007 0.000000
vn 0.707107 -0.707107 0.000000
vn 0.707107 -0.707107 0.000000
vn 0.707107 -0.707107 0.000000
vn 0.707107 -0.707107 0.000000
vn 0.891007 -0.453990 0.000000
vn 0.891007 -0.453990 0.000000
vn 0.891007 -0.453990 0.000000
vn 0.891007 -0.453990 0.000000
vn 0.987688 -0.156434 0.000000
vn 0.987688 -0.156434 0.000000
vn 0.987688 -0.156434 0.000000
vn 0.987688 -0.156434 0.000000
vn 0.987689 0.156432 0.000000
vn 0.987689 0.156432 0.000000
vn 0.987689 0.156432 0.000000
vn 0.987689 0.156432 0.000000
vn -0.805846 0.000009 -0.592126
vn -0.805846 0.000009 -0.592126
vn -0.805846 0.000009 -0.592126
vn -0.805841 -0.000003 -0.592132
vn -0.805841 -0.000003 -0.592132
vn -0.805841 -0.000003 -0.592132
vn -0.805844 0.000002 -0.592129
vn -0.805844 0.000002 -0.592129
vn -0.805843 0.000002 -0.592129
vn -0.805842 0.000000 -0.592130
vn -0.805842 0.000000 -0.592130
vn -0.805842 0.000000 -0.592130
vn -0.805841 0.000000 -0.592132
vn -0.805841 0.000000 -0.592132
vn -0.805841 0.000000 -0.592132
vn -0.805844 -0.000001 -0.592128
vn -0.805844 -0.000001 -0.592128
vn -0.805844 -0.000001 -0.592128
vn -0.805843 -0.000001 -0.592129
vn -0.805843 -0.000001 -0.592129
vn -0.805843 -0.000001 -0.592129
vn -0.805846 -0.000006 -0.592125
vn -0.805846 -0.000006 -0.592125
vn -0.805846 -0.000006 -0.592125
vn -0.805842 0.000016 -0.592131
vn -0.805842 0.000016 -0.592131
vn -0.805842 0.000016 -0.592131
vn -0.805842 -0.000016 -0.592131
vn -0.805842 -0.000016 -0.592131
vn -0.805842 -0.000016 -0.592131
vn -0.805846 0.000007 -0.592125
vn -0.805846 0.000007 -0.592125
vn -0.805846 0.000007 -0.592125
vn -0.805844 0.000001 -0.592128
vn -0.805844 0.000001 -0.592128
vn -0.805844 0.000001 -0.592128
vn -0.805844 0.000001 -0.592128
vn -0.805844 0.000001 -0.592128
vn -0.805844 0.000001 -0.592128
vn -0.805842 0.000000 -0.592130
vn -0.805842 0.000000 -0.592130
vn -0.805842 0.000000 -0.592130
vn -0.805840 0.000000 -0.592133
vn -0.805840 0.000000 -0.592133
vn -0.805840 0.000000 -0.592133
vn -0.805844 -0.000002 -0.592128
vn -0.805844 -0.000002 -0.592128
vn -0.805844 -0.000002 -0.592128
vn -0.805841 0.000002 -0.592131
vn -0.805841 0.000002 -0.592131
vn -0.805841 0.000002 -0.592131
vn -0.805844 -0.000006 -0.592127
vn -0.805844 -0.000006 -0.592127
vn -0.805845 -0.000006 -0.592127
vn -0.805842 0.000010 -0.592131
vn -0.805842 0.000010 -0.592131
vn -0.805842 0.000010 -0.592131
vn -0.805842 -0.000011 -0.592131
vn -0.805842 -0.000011 -0.592131
vn -0.805842 -0.000011 -0.592131
vn 0.000000 0.000000 1.000000
vn 0.000000 0.000000 1.000000
vn 0.000000 0.000000 1.000000
vn 0.000000 0.000000 1.000000
vn 0.000000 0.000000 1.000000
vn 0.000000 0.000000 1.000000
vn 0.000000 0.000000 1.000000
vn 0.000000 0.000000 1.000000
vn 0.000000 0.000000 1.000000
vn 0.000000 0.000000 1.000000
vn 0.000000 0.000000 1.000000
vn 0.000000 0.000000 1.000000
vn 0.000000 0.000000 1.000000
vn 0.000000 0.000000 1.000000
vn 0.000000 0.000000 1.000000
vn 0.000000 0.000000 1.000000
vn 0.000000 0.000000 1.000000
vn 0.000000 0.000000 1.000000
vn 0.000000 0.000000 1.000000
vn 0.000000 0.000000 1.000000
vn 0.000000 0.000000 1.000000
vn 0.000000 0.000000 1.000000
vn 0.000000 0.000000 1.000000
vn 0.000000 0.000000 1.000000
vn 0.000000 0.000000 1.000000
vn 0.000000 0.000000 1.000000
vn 0.000000 0.000000 1.000000
vn 0.000000 0.000000 1.000000
vn 0.000000 0.000000 1.000000
vn 0.000000 0.000000 1.000000
vn 0.000000 0.000000 1.000000
vn 0.000000 0.000000 1.000000
vn 0.000000 0.000000 1.000000
vn 0.000000 0.000000 1.000000
vn 0.000000 0.000000 1.000000
vn 0.000000 0.000000 1.000000
vn 0.000000 0.000000 1.000000
vn 0.000000 0.000000 1.000000
vn 0.000000 0.000000 1.000000
vn 0.000000 0.000000 1.000000
vn 0.000000 0.000000 1.000000
vn 0.000000 0.000000 1.000000
vn 0.000000 0.000000 1.000000
vn 0.000000 0.000000 1.000000
vn 0.000000 0.000000 1.000000
vn 0.000000 0.000000 1.000000
vn 0.000000 0.000000 1.000000
vn 0.000000 0.000000 1.000000
vn 0.000000 0.000000 1.000000
vn 0.000000 0.000000 1.000000
vn 0.000000 0.000000 1.000000
vn 0.000000 0.000000 1.000000
vn 0.000000 0.000000 1.000000
vn 0.000000 0.000000 1.000000
vn 0.000000 0.000000 1.000000
vn 0.000000 0.000000 1.000000
vn 0.000000 0.000000 1.000000
vn 0.000000 0.000000 1.000000
vn 0.000000 0.000000 1.000000
vn 0.000000 0.000000 1.000000
vn 0.000000 0.000000 1.000000
vn 0.000000 0.000000 1.000000
vn 0.000000 0.000000 1.000000
vn 0.000000 0.000000 1.000000
vn 0.000000 0.000000 1.000000
vn 0.000000 0.000000 1.000000
vn 0.000000 0.000000 1.000000
vn 0.000000 0.000000 1.000000
vn 0.000000 0.000000 1.000000
vn 0.000000 0.000000 1.000000
vn 0.000000 0.000000 1.000000
vn 0.000000 0.000000 1.000000
vn 0.000000 0.000000 1.000000
vn 0.000000 0.000000 1.000000
vn 0.000000 0.000000 1.000000
vn 0.000000 0.000000 1.000000
vn 0.000000 0.000000 1.000000
vn 0.000000 0.000000 1.000000
vn 0.000000 0.000000 1.000000
vn 0.000000 0.000000 1.000000
vn 0.000000 0.000000 1.000000
vn 0.000000 0.000000 1.000000
vn 0.000000 0.000000 1.000000
vn 0.000000 0.000000 1.000000
vn 0.000000 0.000000 1.000000
vn 0.000000 0.000000 1.000000
vn 0.000000 0.000000 1.000000
vn 0.000000 0.000000 1.000000
vn 0.000000 0.000000 1.000000
vn 0.000000 0.000000 1.000000
vn 0.000000 0.000000 1.000000
vn 0.000000 0.000000 1.000000
vn 0.000000 0.000000 1.000000
vn 0.000000 0.000000 1.000000
vn 0.000000 0.000000 1.000000
vn 0.000000 0.000000 1.000000
vn 0.000001 0.000000 1.000000
vn 0.000001 0.000000 1.000000
vn 0.000001 0.000000 1.000000
vn 0.000001 0.000000 1.000000
vn 0.000000 0.000000 1.000000
vn 0.000000 0.000000 1.000000
vn 0.000000 0.000000 1.000000
vn 0.000000 0.000000 1.000000
vn 0.000000 0.000000 1.000000
vn 0.000000 0.000000 1.000000
vn 0.000000 0.000000 1.000000
vn 0.000000 0.000000 1.000000
vn 0.000000 0.000000 1.000000
vn 0.000000 0.000000 1.000000
vn 0.000000 0.000000 1.000000
vn 0.000000 0.000000 1.000000
vn 0.000000 0.000000 1.000000
vn 0.000000 0.000000 1.000000
vn 0.000000 0.000000 1.000000
vn 0.000000 0.000000 1.000000
vn 0.000000 0.000000 1.000000
vn 0.000000 0.000000 1.000000
vn 0.000000 0.000000 1.000000
vn 0.000000 0.000000 1.000000
vn 0.000000 0.000000 1.000000
vn 0.000000 0.000000 1.000000
vn 0.000000 0.000000 1.000000
vn 0.000000 0.000000 1.000000
vn 0.000000 0.000000 1.000000
vn 0.000000 0.000000 1.000000
vn 0.000000 0.000000 1.000000
vn 0.000000 0.000000 1.000000
vn 0.000000 0.000000 1.000000
vn 0.000000 0.000000 1.000000
vn 0.000000 0.000000 1.000000
vn 0.000000 0.000000 1.000000
vn 0.000000 0.000000 1.000000
vn 0.000000 0.000000 1.000000
vn 0.000000 0.000000 1.000000
vn 0.000000 0.000000 1.000000
vn 0.000001 0.000000 1.000000
vn 0.000001 0.000000 1.000000
vn 0.000001 0.000000 1.000000
vn 0.000001 0.000000 1.000000
vn -0.891007 -0.453991 0.000000
vn -0.891007 -0.453991 0.000000
vn -0.891007 -0.453991 0.000000
vn -0.891007 -0.453991 0.000000
vn -0.707107 -0.707107 0.000000
vn -0.707107 -0.707107 0.000000
vn -0.707107 -0.707107 0.000000
vn -0.707107 -0.707107 0.000000
vn -0.453990 -0.891007 0.000000
vn -0.453990 -0.891007 0.000000
vn -0.453990 -0.891007 0.000000
vn -0.453990 -0.891007 0.000000
vn -0.156434 -0.987688 0.000000
vn -0.156434 -0.987688 0.000000
vn -0.156434 -0.987688 0.000000
vn -0.156434 -0.987688 0.000000
vn 0.156434 -0.987688 0.000000
vn 0.156434 -0.987688 0.000000
vn 0.156434 -0.987688 0.000000
vn 0.156434 -0.987688 0.000000
vn 0.453991 -0.891006 0.000000
vn 0.453991 -0.891006 0.000000
vn 0.453991 -0.891006 0.000000
vn 0.453991 -0.891006 0.000000
vn 0.707107 -0.707106 0.000000
vn 0.707107 -0.707106 0.000000
vn 0.707107 -0.707106 0.000000
vn 0.707107 -0.707106 0.000000
vn 0.891007 -0.453990 0.000000
vn 0.891007 -0.453990 0.000000
vn 0.891007 -0.453990 0.000000
vn 0.891007 -0.453990 0.000000
vn 0.987688 -0.156434 0.000000
vn 0.987688 -0.156434 0.000000
vn 0.987688 -0.156434 0.000000
vn 0.987688 -0.156434 0.000000
vn 0.987688 0.156434 0.000000
vn 0.987688 0.156434 0.000000
vn 0.987688 0.156434 0.000000
vn 0.987688 0.156434 0.000000
vn 0.891006 0.453991 0.000000
vn 0.891006 0.453991 0.000000
vn 0.891006 0.453991 0.000000
vn 0.891006 0.453991 0.000000
vn 0.707107 0.707107 0.000000
vn 0.707107 0.707107 0.000000
vn 0.707107 0.707107 0.000000
vn 0.707107 0.707107 0.000000
vn 0.453991 0.891007 0.000000
vn 0.453991 0.891007 0.000000
vn 0.453991 0.891007 0.000000
vn 0.453991 0.891007 0.000000
vn 0.156434 0.987688 0.000000
vn 0.156434 0.987688 0.000000
vn 0.156434 0.987688 0.000000
vn 0.156434 0.987688 0.000000
vn -0.156434 0.987688 0.000000
vn -0.156434 0.987688 0.000000
vn -0.156434 0.987688 0.000000
vn -0.156434 0.987688 0.000000
vn -0.453991 0.891006 0.000000
vn -0.453991 0.891006 0.000000
vn -0.453991 0.891006 0.000000
vn -0.453991 0.891006 0.000000
vn -0.707107 0.707107 0.000000
vn -0.707107 0.707107 0.000000
vn -0.707107 0.707107 0.000000
vn -0.707107 0.707107 0.000000
vn -0.891006 0.453991 0.000000
vn -0.891006 0.453991 0.000000
vn -0.891006 0.453991 0.000000
vn -0.891006 0.453991 0.000000
vn -0.987688 0.156434 0.000000
vn -0.987688 0.156434 0.000000
vn -0.987688 0.156434 0.000000
vn -0.987688 0.156434 0.000000
vn -0.987689 -0.156432 0.000000
vn -0.987689 -0.156432 0.000000
vn -0.987689 -0.156432 0.000000
vn -0.987689 -0.156432 0.000000
vn 0.890586 0.453882 -0.029126
vn 0.890586 0.453882 -0.029126
vn 0.890586 0.453882 -0.029126
vn 0.890586 0.453882 -0.029126
vn 0.706835 0.707000 -0.023157
vn 0.706835 0.707000 -0.023157
vn 0.706835 0.707000 -0.023157
vn 0.706835 0.707000 -0.023157
vn 0.453855 0.890951 -0.014906
vn 0.453855 0.890951 -0.014906
vn 0.453855 0.890951 -0.014906
vn 0.453855 0.890951 -0.014906
vn 0.156396 0.987681 -0.005151
vn 0.156396 0.987681 -0.005151
vn 0.156396 0.987681 -0.005151
vn 0.156396 0.987681 -0.005151
vn -0.156396 0.987681 0.005167
vn -0.156396 0.987681 0.005167
vn -0.156396 0.987681 0.005167
vn -0.156396 0.987681 0.005167
vn -0.453854 0.890949 0.015039
vn -0.453854 0.890949 0.015039
vn -0.453854 0.890949 0.015039
vn -0.453854 0.890949 0.015039
vn -0.706828 0.706996 0.023480
vn -0.706828 0.706996 0.023480
vn -0.706828 0.706996 0.023480
vn -0.706828 0.706996 0.023480
vn -0.890571 0.453877 0.029638
vn -0.890571 0.453877 0.029638
vn -0.890571 0.453877 0.029638
vn -0.890571 0.453877 0.029638
vn -0.987149 0.156386 0.032883
vn -0.987149 0.156386 0.032883
vn -0.987149 0.156386 0.032883
vn -0.987148 0.156386 0.032883
vn -0.987149 -0.156386 0.032883
vn -0.987149 -0.156386 0.032883
vn -0.987148 -0.156386 0.032883
vn -0.987149 -0.156386 0.032883
vn -0.890571 -0.453877 0.029638
vn -0.890571 -0.453877 0.029638
vn -0.890571 -0.453877 0.029638
vn -0.890571 -0.453877 0.029638
vn -0.706827 -0.706996 0.023480
vn -0.706827 -0.706996 0.023480
vn -0.706827 -0.706997 0.023480
vn -0.706827 -0.706997 0.023480
vn -0.453854 -0.890949 0.015039
vn -0.453854 -0.890949 0.015039
vn -0.453854 -0.890949 0.015039
vn -0.453854 -0.890949 0.015039
vn -0.156396 -0.987681 0.005167
vn -0.156396 -0.987681 0.005167
vn -0.156396 -0.987681 0.005167
vn -0.156396 -0.987681 0.005167
vn 0.156397 -0.987681 -0.005151
vn 0.156397 -0.987681 -0.005151
vn 0.156397 -0.987681 -0.005151
vn 0.156397 -0.987681 -0.005151
vn 0.453855 -0.890951 -0.014906
vn 0.453855 -0.890951 -0.014906
vn 0.453855 -0.890951 -0.014906
vn 0.453855 -0.890951 -0.014906
vn 0.706835 -0.707000 -0.023157
vn 0.706835 -0.707000 -0.023157
vn 0.706835 -0.707000 -0.023157
vn 0.706835 -0.707000 -0.023157
vn 0.890586 -0.453882 -0.029126
vn 0.890586 -0.453882 -0.029126
vn 0.890586 -0.453882 -0.029126
vn 0.890586 -0.453882 -0.029126
vn 0.987169 -0.156389 -0.032254
vn 0.987169 -0.156389 -0.032254
vn 0.987169 -0.156389 -0.032254
vn 0.987169 -0.156389 -0.032254
vn 0.987169 0.156387 -0.032254
vn 0.987169 0.156387 -0.032254
vn 0.987169 0.156387 -0.032254
vn 0.987169 0.156387 -0.032254
vn 0.885776 0.452585 -0.102802
vn 0.885776 0.452585 -0.102802
vn 0.885776 0.452585 -0.102802
vn 0.885776 0.452585 -0.102802
vn 0.703752 0.705726 -0.081759
vn 0.703752 0.705726 -0.081759
vn 0.703752 0.705726 -0.081759
vn 0.703752 0.705726 -0.081759
vn 0.452347 0.890288 -0.052627
vn 0.452347 0.890288 -0.052627
vn 0.452347 0.890288 -0.052627
vn 0.452347 0.890288 -0.052627
vn 0.155976 0.987594 -0.018179
vn 0.155976 0.987594 -0.018179
vn 0.155976 0.987594 -0.018179
vn 0.155976 0.987594 -0.018179
vn -0.155972 0.987594 0.018215
vn -0.155972 0.987594 0.018215
vn -0.155972 0.987594 0.018215
vn -0.155972 0.987594 0.018215
vn -0.452314 0.890287 0.052929
vn -0.452314 0.890287 0.052929
vn -0.452314 0.890287 0.052929
vn -0.452314 0.890287 0.052929
vn -0.703669 0.705723 0.082491
vn -0.703669 0.705723 0.082491
vn -0.703669 0.705723 0.082491
vn -0.703669 0.705723 0.082491
vn -0.885641 0.452582 0.103967
vn -0.885641 0.452582 0.103967
vn -0.885641 0.452582 0.103967
vn -0.885641 0.452582 0.103967
vn -0.981036 0.155838 0.115252
vn -0.981036 0.155838 0.115252
vn -0.981036 0.155838 0.115252
vn -0.981036 0.155838 0.115252
vn -0.981036 -0.155838 0.115252
vn -0.981036 -0.155838 0.115252
vn -0.981036 -0.155838 0.115252
vn -0.981036 -0.155838 0.115252
vn -0.885641 -0.452582 0.103967
vn -0.885641 -0.452582 0.103967
vn -0.885641 -0.452582 0.103967
vn -0.885641 -0.452582 0.103967
vn -0.703669 -0.705723 0.082491
vn -0.703669 -0.705723 0.082491
vn -0.703669 -0.705723 0.082491
vn -0.703669 -0.705723 0.082491
vn -0.452314 -0.890287 0.052929
vn -0.452314 -0.890287 0.052929
vn -0.452314 -0.890287 0.052929
vn -0.452314 -0.890287 0.052929
vn -0.155972 -0.987594 0.018215
vn -0.155972 -0.987594 0.018215
vn -0.155972 -0.987594 0.018215
vn -0.155972 -0.987594 0.018215
vn 0.155976 -0.987594 -0.018179
vn 0.155976 -0.987594 -0.018179
vn 0.155976 -0.987594 -0.018179
vn 0.155976 -0.987594 -0.018179
vn 0.452348 -0.890288 -0.052627
vn 0.452348 -0.890288 -0.052627
vn 0.452348 -0.890288 -0.052627
vn 0.452348 -0.890288 -0.052627
vn 0.703752 -0.705725 -0.081759
vn 0.703752 -0.705725 -0.081759
vn 0.703752 -0.705725 -0.081759
vn 0.703752 -0.705725 -0.081759
vn 0.885776 -0.452585 -0.102802
vn 0.885776 -0.452585 -0.102802
vn 0.885776 -0.452585 -0.102802
vn 0.885776 -0.452585 -0.102802
vn 0.981203 -0.155840 -0.113819
vn 0.981203 -0.155840 -0.113819
vn 0.981203 -0.155840 -0.113819
vn 0.981203 -0.155840 -0.113819
vn 0.981203 0.155838 -0.113819
vn 0.981203 0.155838 -0.113819
vn 0.981203 0.155838 -0.113819
vn 0.981203 0.155838 -0.113819
vn 0.812373 0.445966 -0.375719
vn 0.812373 0.445966 -0.375719
vn 0.812373 0.445966 -0.375719
vn 0.812373 0.445966 -0.375719
vn 0.648591 0.699142 -0.300882
vn 0.648591 0.699142 -0.300882
vn 0.648591 0.699142 -0.300882
vn 0.648591 0.699142 -0.300882
vn 0.418862 0.886819 -0.195209
vn 0.418862 0.886819 -0.195209
vn 0.418862 0.886819 -0.195209
vn 0.418862 0.886819 -0.195209
vn 0.144780 0.987132 -0.067894
vn 0.144780 0.987132 -0.067894
vn 0.144780 0.987132 -0.067894
vn 0.144780 0.987132 -0.067894
vn -0.144593 0.987129 0.068326
vn -0.144593 0.987129 0.068326
vn -0.144593 0.987129 0.068326
vn -0.144593 0.987129 0.068326
vn -0.417253 0.886762 0.198879
vn -0.417253 0.886762 0.198879
vn -0.417253 0.886762 0.198879
vn -0.417253 0.886762 0.198879
vn -0.644524 0.698970 0.309888
vn -0.644524 0.698970 0.309888
vn -0.644524 0.698970 0.309888
vn -0.644524 0.698970 0.309888
vn -0.805648 0.445734 0.390196
vn -0.805648 0.445734 0.390196
vn -0.805648 0.445734 0.390196
vn -0.805648 0.445734 0.390196
vn -0.888692 0.152947 0.432242
vn -0.888692 0.152947 0.432242
vn -0.888692 0.152947 0.432242
vn -0.888692 0.152947 0.432242
vn -0.888692 -0.152947 0.432242
vn -0.888692 -0.152947 0.432242
vn -0.888692 -0.152947 0.432242
vn -0.888692 -0.152947 0.432242
vn -0.805648 -0.445734 0.390195
vn -0.805648 -0.445734 0.390195
vn -0.805648 -0.445734 0.390195
vn -0.805648 -0.445734 0.390196
vn -0.644523 -0.698970 0.309888
vn -0.644523 -0.698970 0.309888
vn -0.644523 -0.698970 0.309888
vn -0.644523 -0.698970 0.309888
vn -0.417253 -0.886762 0.198879
vn -0.417253 -0.886762 0.198879
vn -0.417253 -0.886762 0.198879
vn -0.417253 -0.886762 0.198879
vn -0.144593 -0.987129 0.068326
vn -0.144593 -0.987129 0.068326
vn -0.144593 -0.987129 0.068326
vn -0.144593 -0.987129 0.068326
vn 0.144780 -0.987132 -0.067894
vn 0.144780 -0.987132 -0.067894
vn 0.144780 -0.987132 -0.067894
vn 0.144780 -0.987132 -0.067894
vn 0.418862 -0.886819 -0.195209
vn 0.418862 -0.886819 -0.195209
vn 0.418862 -0.886819 -0.195209
vn 0.418862 -0.886819 -0.195209
vn 0.648591 -0.699142 -0.300882
vn 0.648591 -0.699142 -0.300882
vn 0.648591 -0.699142 -0.300882
vn 0.648591 -0.699142 -0.300882
vn 0.812373 -0.445966 -0.375719
vn 0.812373 -0.445966 -0.375719
vn 0.812373 -0.445966 -0.375719
vn 0.812373 -0.445966 -0.375719
vn 0.897172 -0.153055 -0.414316
vn 0.897172 -0.153055 -0.414316
vn 0.897172 -0.153055 -0.414316
vn 0.897172 -0.153055 -0.414316
vn 0.897172 0.153054 -0.414316
vn 0.897172 0.153054 -0.414316
vn 0.897172 0.153054 -0.414316
vn 0.897172 0.153054 -0.414316
vn 0.601326 0.448745 -0.661086
vn 0.601326 0.448745 -0.661086
vn 0.601326 0.448745 -0.661086
vn 0.601326 0.448745 -0.661086
vn 0.478346 0.701881 -0.527777
vn 0.478345 0.701881 -0.527777
vn 0.478346 0.701881 -0.527777
vn 0.478346 0.701881 -0.527777
vn 0.307585 0.888247 -0.341187
vn 0.307585 0.888247 -0.341187
vn 0.307585 0.888247 -0.341187
vn 0.307585 0.888247 -0.341187
vn 0.105893 0.987318 -0.118278
vn 0.105893 0.987318 -0.118278
vn 0.105893 0.987318 -0.118278
vn 0.105893 0.987318 -0.118278
vn -0.105438 0.987311 0.118739
vn -0.105438 0.987311 0.118739
vn -0.105438 0.987311 0.118739
vn -0.105438 0.987311 0.118739
vn -0.303698 0.888096 0.345041
vn -0.303698 0.888096 0.345041
vn -0.303698 0.888096 0.345041
vn -0.303698 0.888096 0.345041
vn -0.468662 0.701433 0.536980
vn -0.468662 0.701433 0.536980
vn -0.468662 0.701433 0.536980
vn -0.468662 0.701433 0.536980
vn -0.585561 0.448151 0.675484
vn -0.585561 0.448151 0.675484
vn -0.585561 0.448151 0.675484
vn -0.585561 0.448151 0.675484
vn -0.645805 0.153944 0.747822
vn -0.645805 0.153944 0.747822
vn -0.645805 0.153944 0.747822
vn -0.645805 0.153944 0.747822
vn -0.645805 -0.153944 0.747822
vn -0.645805 -0.153944 0.747822
vn -0.645805 -0.153944 0.747822
vn -0.645805 -0.153944 0.747822
vn -0.585561 -0.448152 0.675484
vn -0.585561 -0.448152 0.675484
vn -0.585561 -0.448152 0.675484
vn -0.585561 -0.448152 0.675484
vn -0.468662 -0.701433 0.536981
vn -0.468662 -0.701433 0.536981
vn -0.468662 -0.701433 0.536981
vn -0.468662 -0.701433 0.536981
vn -0.303698 -0.888096 0.345041
vn -0.303698 -0.888096 0.345041
vn -0.303698 -0.888096 0.345041
vn -0.303698 -0.888096 0.345041
vn -0.105438 -0.987311 0.118739
vn -0.105438 -0.987311 0.118739
vn -0.105438 -0.987311 0.118739
vn -0.105438 -0.987311 0.118739
vn 0.105893 -0.987318 -0.118278
vn 0.105893 -0.987318 -0.118278
vn 0.105893 -0.987318 -0.118278
vn 0.105893 -0.987318 -0.118278
vn 0.307585 -0.888247 -0.341188
vn 0.307585 -0.888247 -0.341188
vn 0.307585 -0.888247 -0.341188
vn 0.307585 -0.888247 -0.341188
vn 0.478346 -0.701881 -0.527777
vn 0.478346 -0.701881 -0.527777
vn 0.478346 -0.701881 -0.527777
vn 0.478346 -0.701881 -0.527777
vn 0.601327 -0.448744 -0.661086
vn 0.601327 -0.448744 -0.661086
vn 0.601327 -0.448744 -0.661086
vn 0.601327 -0.448744 -0.661086
vn 0.665486 -0.154219 -0.730305
vn 0.665486 -0.154219 -0.730305
vn 0.665486 -0.154219 -0.730305
vn 0.665486 -0.154219 -0.730305
vn 0.665486 0.154217 -0.730305
vn 0.665486 0.154217 -0.730305
vn 0.665486 0.154217 -0.730305
vn 0.665486 0.154217 -0.730305
vn -0.805845 0.000008 -0.592126
vn -0.805845 0.000008 -0.592126
vn -0.805845 0.000008 -0.592126
vn -0.805845 0.000008 -0.592126
vn -0.805840 -0.000003 -0.592133
vn -0.805840 -0.000003 -0.592133
vn -0.805840 -0.000003 -0.592133
vn -0.805840 -0.000003 -0.592133
vn -0.805844 0.000001 -0.592128
vn -0.805844 0.000001 -0.592128
vn -0.805844 0.000001 -0.592128
vn -0.805844 0.000001 -0.592128
vn -0.805842 0.000000 -0.592130
vn -0.805842 0.000000 -0.592130
vn -0.805842 0.000000 -0.592130
vn -0.805842 0.000000 -0.592130
vn -0.805842 0.000001 -0.592130
vn -0.805842 0.000001 -0.592130
vn -0.805842 0.000001 -0.592130
vn -0.805842 0.000001 -0.592130
vn -0.805845 0.000001 -0.592127
vn -0.805845 0.000001 -0.592127
vn -0.805845 0.000001 -0.592127
vn -0.805845 0.000001 -0.592127
vn -0.805845 -0.000002 -0.592127
vn -0.805845 -0.000002 -0.592127
vn -0.805845 -0.000002 -0.592127
vn -0.805845 -0.000002 -0.592127
vn -0.805845 -0.000004 -0.592127
vn -0.805845 -0.000004 -0.592127
vn -0.805845 -0.000004 -0.592127
vn -0.805845 -0.000004 -0.592127
vn -0.805840 0.000016 -0.592133
vn -0.805840 0.000016 -0.592133
vn -0.805840 0.000016 -0.592133
vn -0.805840 0.000016 -0.592133
vn -0.805842 -0.000016 -0.592131
vn -0.805842 -0.000016 -0.592131
vn -0.805842 -0.000016 -0.592131
vn -0.805842 -0.000016 -0.592131
vn -0.805845 0.000005 -0.592126
vn -0.805845 0.000005 -0.592126
vn -0.805845 0.000005 -0.592127
vn -0.805845 0.000005 -0.592127
vn -0.805845 0.000003 -0.592127
vn -0.805845 0.000003 -0.592127
vn -0.805845 0.000003 -0.592127
vn -0.805845 0.000003 -0.592127
vn -0.805844 -0.000001 -0.592127
vn -0.805845 -0.000001 -0.592127
vn -0.805844 -0.000001 -0.592127
vn -0.805845 -0.000001 -0.592127
vn -0.805843 -0.000001 -0.592129
vn -0.805843 -0.000001 -0.592129
vn -0.805843 -0.000001 -0.592129
vn -0.805843 -0.000001 -0.592129
vn -0.805842 0.000001 -0.592131
vn -0.805842 0.000001 -0.592131
vn -0.805842 0.000001 -0.592131
vn -0.805842 0.000001 -0.592131
vn -0.805845 -0.000002 -0.592126
vn -0.805845 -0.000002 -0.592126
vn -0.805845 -0.000002 -0.592126
vn -0.805845 -0.000002 -0.592126
vn -0.805843 0.000003 -0.592130
vn -0.805843 0.000003 -0.592130
vn -0.805843 0.000003 -0.592130
vn -0.805843 0.000003 -0.592130
vn -0.805846 -0.000005 -0.592126
vn -0.805846 -0.000005 -0.592126
vn -0.805845 -0.000005 -0.592126
vn -0.805846 -0.000005 -0.592126
vn -0.805841 0.000009 -0.592133
vn -0.805841 0.000009 -0.592133
vn -0.805841 0.000009 -0.592133
vn -0.805841 0.000009 -0.592133
vn -0.805842 -0.000012 -0.592131
vn -0.805842 -0.000012 -0.592131
vn -0.805842 -0.000012 -0.592131
vn -0.805842 -0.000012 -0.592131
vn -0.527591 -0.453996 0.718008
vn -0.527591 -0.453996 0.718008
vn -0.527591 -0.453996 0.718008
vn -0.527591 -0.453996 0.718008
vn -0.418701 -0.707104 0.569819
vn -0.418701 -0.707104 0.569819
vn -0.418701 -0.707104 0.569819
vn -0.418701 -0.707104 0.569819
vn -0.268819 -0.891007 0.365844
vn -0.268819 -0.891007 0.365844
vn -0.268819 -0.891007 0.365844
vn -0.268819 -0.891007 0.365844
vn -0.092629 -0.987688 0.126062
vn -0.092629 -0.987688 0.126062
vn -0.092629 -0.987688 0.126062
vn -0.092629 -0.987688 0.126062
vn 0.092630 -0.987688 -0.126062
vn 0.092630 -0.987688 -0.126062
vn 0.092630 -0.987688 -0.126062
vn 0.092630 -0.987688 -0.126062
vn 0.268824 -0.891005 -0.365846
vn 0.268824 -0.891005 -0.365846
vn 0.268824 -0.891005 -0.365846
vn 0.268824 -0.891005 -0.365846
vn 0.418695 -0.707110 -0.569816
vn 0.418695 -0.707110 -0.569816
vn 0.418695 -0.707110 -0.569816
vn 0.418695 -0.707110 -0.569816
vn 0.527590 -0.453992 -0.718011
vn 0.527590 -0.453992 -0.718011
vn 0.527590 -0.453992 -0.718011
vn 0.527590 -0.453992 -0.718011
vn 0.584835 -0.156431 -0.795925
vn 0.584835 -0.156431 -0.795926
vn 0.584835 -0.156431 -0.795925
vn 0.584835 -0.156431 -0.795925
vn 0.584844 0.156429 -0.795919
vn 0.584844 0.156429 -0.795919
vn 0.584844 0.156429 -0.795919
vn 0.584844 0.156429 -0.795919
vn 0.527590 0.453992 -0.718011
vn 0.527590 0.453992 -0.718011
vn 0.527590 0.453992 -0.718011
vn 0.527590 0.453992 -0.718011
vn 0.418695 0.707110 -0.569816
vn 0.418695 0.707110 -0.569816
vn 0.418695 0.707110 -0.569816
vn 0.418695 0.707110 -0.569816
vn 0.268824 0.891005 -0.365846
vn 0.268824 0.891005 -0.365846
vn 0.268824 0.891005 -0.365846
vn 0.268824 0.891005 -0.365846
vn 0.092630 0.987688 -0.126061
vn 0.092630 0.987688 -0.126061
vn 0.092630 0.987688 -0.126061
vn 0.092630 0.987688 -0.126061
vn -0.092629 0.987688 0.126062
vn -0.092629 0.987688 0.126062
vn -0.092629 0.987688 0.126062
vn -0.092629 0.987688 0.126062
vn -0.268820 0.891008 0.365844
vn -0.268820 0.891007 0.365844
vn -0.268820 0.891008 0.365844
vn -0.268820 0.891007 0.365844
vn -0.418701 0.707104 0.569819
vn -0.418701 0.707104 0.569819
vn -0.418701 0.707104 0.569819
vn -0.418701 0.707104 0.569819
vn -0.527595 0.453995 0.718006
vn -0.527595 0.453995 0.718006
vn -0.527595 0.453995 0.718006
vn -0.527595 0.453995 0.718006
vn -0.584839 0.156428 0.795923
vn -0.584839 0.156428 0.795923
vn -0.584839 0.156428 0.795923
vn -0.584839 0.156428 0.795923
vn -0.584833 -0.156428 0.795927
vn -0.584833 -0.156428 0.795927
vn -0.584833 -0.156428 0.795927
vn -0.584833 -0.156428 0.795927
vn 0.686358 0.550743 -0.474968
vn 0.686358 0.550743 -0.474968
vn 0.686358 0.550743 -0.474968
vn 0.686342 0.550756 -0.474977
vn 0.686342 0.550756 -0.474976
vn 0.686342 0.550756 -0.474976
vn 0.686346 0.550754 -0.474973
vn 0.686346 0.550754 -0.474973
vn 0.686346 0.550754 -0.474973
vn 0.686351 0.550751 -0.474968
vn 0.686351 0.550751 -0.474969
vn 0.686351 0.550751 -0.474969
vn 0.686347 0.550752 -0.474974
vn 0.686347 0.550752 -0.474974
vn 0.686347 0.550752 -0.474974
vn 0.686346 0.550753 -0.474974
vn 0.686346 0.550753 -0.474974
vn 0.686346 0.550753 -0.474974
vn 0.686347 0.550756 -0.474970
vn 0.686347 0.550756 -0.474970
vn 0.686347 0.550756 -0.474970
vn 0.686348 0.550757 -0.474967
vn 0.686348 0.550757 -0.474967
vn 0.686348 0.550757 -0.474967
vn 0.686357 0.550736 -0.474978
vn 0.686357 0.550736 -0.474978
vn 0.686357 0.550736 -0.474978
vn 0.686337 0.550766 -0.474972
vn 0.686337 0.550766 -0.474972
vn 0.686337 0.550766 -0.474972
vn 0.686353 0.550747 -0.474970
vn 0.686353 0.550747 -0.474970
vn 0.686353 0.550747 -0.474970
vn 0.686350 0.550750 -0.474972
vn 0.686350 0.550750 -0.474972
vn 0.686350 0.550750 -0.474972
vn 0.686346 0.550752 -0.474975
vn 0.686346 0.550752 -0.474975
vn 0.686346 0.550752 -0.474975
vn 0.686346 0.550752 -0.474975
vn 0.686346 0.550752 -0.474975
vn 0.686346 0.550753 -0.474975
vn 0.686346 0.550753 -0.474973
vn 0.686346 0.550753 -0.474973
vn 0.686346 0.550753 -0.474973
vn 0.686346 0.550753 -0.474973
vn 0.686346 0.550753 -0.474973
vn 0.686346 0.550753 -0.474973
vn 0.686348 0.550750 -0.474974
vn 0.686348 0.550750 -0.474974
vn 0.686348 0.550750 -0.474974
vn 0.686346 0.550756 -0.474970
vn 0.686346 0.550756 -0.474970
vn 0.686346 0.550756 -0.474970
vn 0.686351 0.550746 -0.474975
vn 0.686351 0.550746 -0.474975
vn 0.686351 0.550746 -0.474975
vn 0.686340 0.550763 -0.474971
vn 0.686340 0.550763 -0.474971
vn 0.686340 0.550763 -0.474971
vn -0.495993 -0.818188 -0.290792
vn -0.495993 -0.818188 -0.290792
vn -0.495993 -0.818188 -0.290792
vn -0.495993 -0.818188 -0.290792
vn -0.206042 -0.934730 -0.289529
vn -0.206042 -0.934730 -0.289529
vn -0.206042 -0.934730 -0.289529
vn -0.206042 -0.934730 -0.289529
vn 0.104765 -0.959945 -0.259864
vn 0.104765 -0.959945 -0.259864
vn 0.104765 -0.959945 -0.259864
vn 0.104765 -0.959945 -0.259864
vn 0.405831 -0.890777 -0.204493
vn 0.405831 -0.890777 -0.204493
vn 0.405831 -0.890777 -0.204493
vn 0.405831 -0.890777 -0.204493
vn 0.667083 -0.733765 -0.128797
vn 0.667083 -0.733765 -0.128797
vn 0.667083 -0.733765 -0.128797
vn 0.667083 -0.733765 -0.128797
vn 0.862408 -0.504604 -0.040328
vn 0.862409 -0.504604 -0.040328
vn 0.862408 -0.504604 -0.040328
vn 0.862409 -0.504604 -0.040328
vn 0.972656 -0.226344 0.052044
vn 0.972656 -0.226344 0.052044
vn 0.972656 -0.226344 0.052044
vn 0.972656 -0.226344 0.052044
vn 0.987546 0.073398 0.139161
vn 0.987546 0.073398 0.139161
vn 0.987546 0.073398 0.139161
vn 0.987546 0.073398 0.139161
vn 0.906244 0.365443 0.212539
vn 0.906244 0.365443 0.212539
vn 0.906244 0.365443 0.212539
vn 0.906244 0.365443 0.212539
vn 0.736943 0.621786 0.265136
vn 0.736943 0.621786 0.265136
vn 0.736943 0.621786 0.265136
vn 0.736943 0.621786 0.265136
vn 0.495862 0.817868 0.291913
vn 0.495862 0.817868 0.291913
vn 0.495862 0.817868 0.291913
vn 0.495862 0.817868 0.291913
vn 0.205961 0.934529 0.290234
vn 0.205961 0.934529 0.290234
vn 0.205961 0.934529 0.290234
vn 0.205961 0.934529 0.290234
vn -0.104798 0.959863 0.260154
vn -0.104798 0.959863 0.260154
vn -0.104798 0.959863 0.260154
vn -0.104798 0.959863 0.260154
vn -0.405825 0.890770 0.204533
vn -0.405825 0.890770 0.204533
vn -0.405825 0.890770 0.204533
vn -0.405825 0.890770 0.204533
vn -0.667099 0.733745 0.128830
vn -0.667099 0.733745 0.128830
vn -0.667099 0.733745 0.128830
vn -0.667099 0.733745 0.128830
vn -0.862441 0.504525 0.040619
vn -0.862441 0.504525 0.040619
vn -0.862441 0.504525 0.040619
vn -0.862441 0.504525 0.040619
vn -0.972740 0.226146 -0.051338
vn -0.972740 0.226146 -0.051338
vn -0.972740 0.226146 -0.051338
vn -0.972740 0.226146 -0.051338
vn -0.987680 -0.073712 -0.138039
vn -0.987680 -0.073712 -0.138039
vn -0.987680 -0.073712 -0.138039
vn -0.987680 -0.073712 -0.138039
vn -0.906410 -0.365832 -0.211159
vn -0.906410 -0.365832 -0.211159
vn -0.906410 -0.365832 -0.211159
vn -0.906410 -0.365832 -0.211159
vn -0.737107 -0.622178 -0.263757
vn -0.737107 -0.622178 -0.263757
vn -0.737107 -0.622178 -0.263757
vn -0.737107 -0.622178 -0.263757
vn -0.433411 -0.716254 -0.546933
vn -0.433411 -0.716254 -0.546933
vn -0.433411 -0.716254 -0.546933
vn -0.433411 -0.716254 -0.546933
vn -0.159654 -0.853835 -0.495456
vn -0.159654 -0.853835 -0.495456
vn -0.159654 -0.853835 -0.495456
vn -0.159654 -0.853835 -0.495456
vn 0.133372 -0.909250 -0.394306
vn 0.133372 -0.909250 -0.394306
vn 0.133372 -0.909250 -0.394306
vn 0.133372 -0.909250 -0.394306
vn 0.415808 -0.873970 -0.251558
vn 0.415808 -0.873970 -0.251558
vn 0.415807 -0.873969 -0.251558
vn 0.415808 -0.873969 -0.251558
vn 0.656443 -0.749992 -0.081212
vn 0.656443 -0.749992 -0.081212
vn 0.656443 -0.749992 -0.081212
vn 0.656443 -0.749992 -0.081212
vn 0.828624 -0.551093 0.098383
vn 0.828624 -0.551093 0.098383
vn 0.828624 -0.551093 0.098383
vn 0.828624 -0.551093 0.098383
vn 0.915540 -0.300122 0.267793
vn 0.915540 -0.300122 0.267793
vn 0.915540 -0.300122 0.267793
vn 0.915540 -0.300122 0.267793
vn 0.911895 -0.023757 0.409735
vn 0.911895 -0.023757 0.409735
vn 0.911895 -0.023757 0.409735
vn 0.911895 -0.023757 0.409735
vn 0.821862 0.252005 0.510918
vn 0.821862 0.252005 0.510918
vn 0.821862 0.252006 0.510918
vn 0.821862 0.252005 0.510918
vn 0.655702 0.503592 0.562539
vn 0.655702 0.503592 0.562539
vn 0.655702 0.503592 0.562539
vn 0.655702 0.503592 0.562539
vn 0.427649 0.709450 0.560176
vn 0.427649 0.709450 0.560176
vn 0.427649 0.709450 0.560176
vn 0.427649 0.709450 0.560176
vn 0.156181 0.849641 0.503704
vn 0.156181 0.849641 0.503704
vn 0.156181 0.849641 0.503704
vn 0.156181 0.849641 0.503704
vn -0.134747 0.907576 0.397681
vn -0.134747 0.907576 0.397681
vn -0.134747 0.907576 0.397681
vn -0.134747 0.907576 0.397681
vn -0.415966 0.873781 0.251951
vn -0.415966 0.873781 0.251951
vn -0.415966 0.873781 0.251951
vn -0.415966 0.873781 0.251951
vn -0.656611 0.749802 0.081604
vn -0.656611 0.749802 0.081604
vn -0.656611 0.749802 0.081604
vn -0.656611 0.749802 0.081604
vn -0.830066 0.549515 -0.094994
vn -0.830066 0.549515 -0.094994
vn -0.830066 0.549515 -0.094994
vn -0.830066 0.549515 -0.094994
vn -0.919198 0.296212 -0.259486
vn -0.919199 0.296212 -0.259486
vn -0.919199 0.296212 -0.259486
vn -0.919199 0.296212 -0.259486
vn -0.917908 0.017333 -0.396414
vn -0.917908 0.017333 -0.396414
vn -0.917908 0.017333 -0.396414
vn -0.917908 0.017333 -0.396414
vn -0.829339 -0.260184 -0.494471
vn -0.829339 -0.260184 -0.494471
vn -0.829339 -0.260184 -0.494471
vn -0.829339 -0.260184 -0.494471
vn -0.663060 -0.511952 -0.546129
vn -0.663060 -0.511952 -0.546129
vn -0.663060 -0.511952 -0.546129
vn -0.663060 -0.511952 -0.546129
vn -0.249975 -0.546737 -0.799119
vn -0.249975 -0.546737 -0.799119
vn -0.249975 -0.546737 -0.799119
vn -0.249975 -0.546737 -0.799119
vn -0.011466 -0.718198 -0.695744
vn -0.011466 -0.718198 -0.695744
vn -0.011466 -0.718198 -0.695744
vn -0.011466 -0.718198 -0.695744
vn 0.229996 -0.820789 -0.522884
vn 0.229996 -0.820789 -0.522884
vn 0.229996 -0.820789 -0.522884
vn 0.229996 -0.820789 -0.522884
vn 0.449396 -0.842931 -0.295823
vn 0.449396 -0.842931 -0.295823
vn 0.449396 -0.842931 -0.295823
vn 0.449396 -0.842931 -0.295822
vn 0.622830 -0.781481 -0.037015
vn 0.622830 -0.781481 -0.037015
vn 0.622830 -0.781481 -0.037015
vn 0.622830 -0.781481 -0.037015
vn 0.731584 -0.643068 0.226382
vn 0.731584 -0.643068 0.226382
vn 0.731584 -0.643068 0.226382
vn 0.731584 -0.643068 0.226382
vn 0.765460 -0.443045 0.466672
vn 0.765459 -0.443045 0.466672
vn 0.765459 -0.443045 0.466672
vn 0.765460 -0.443045 0.466672
vn 0.723693 -0.202303 0.659805
vn 0.723693 -0.202303 0.659805
vn 0.723693 -0.202303 0.659805
vn 0.723693 -0.202303 0.659805
vn 0.613243 0.056178 0.787894
vn 0.613243 0.056178 0.787894
vn 0.613243 0.056178 0.787894
vn 0.613243 0.056178 0.787894
vn 0.445998 0.309409 0.839853
vn 0.445998 0.309409 0.839853
vn 0.445998 0.309409 0.839853
vn 0.445998 0.309409 0.839853
vn 0.236821 0.534881 0.811060
vn 0.236821 0.534881 0.811060
vn 0.236821 0.534881 0.811060
vn 0.236821 0.534881 0.811060
vn 0.003428 0.710771 0.703416
vn 0.003428 0.710771 0.703416
vn 0.003428 0.710771 0.703416
vn 0.003428 0.710771 0.703416
vn -0.233236 0.817796 0.526127
vn -0.233236 0.817796 0.526127
vn -0.233236 0.817796 0.526127
vn -0.233236 0.817796 0.526127
vn -0.449789 0.842585 0.296209
vn -0.449789 0.842585 0.296209
vn -0.449789 0.842585 0.296209
vn -0.449789 0.842585 0.296209
vn -0.623222 0.781149 0.037414
vn -0.623222 0.781149 0.037414
vn -0.623222 0.781149 0.037414
vn -0.623222 0.781149 0.037414
vn -0.734994 0.640323 -0.223091
vn -0.734994 0.640323 -0.223091
vn -0.734994 0.640323 -0.223091
vn -0.734994 0.640323 -0.223091
vn -0.773986 0.436353 -0.458849
vn -0.773986 0.436353 -0.458849
vn -0.773986 0.436353 -0.458849
vn -0.773986 0.436353 -0.458849
vn -0.737490 0.191421 -0.647662
vn -0.737490 0.191421 -0.647662
vn -0.737490 0.191421 -0.647662
vn -0.737490 0.191421 -0.647662
vn -0.630205 -0.070051 -0.773262
vn -0.630205 -0.070051 -0.773262
vn -0.630205 -0.070051 -0.773262
vn -0.630205 -0.070051 -0.773262
vn -0.462663 -0.323730 -0.825313
vn -0.462663 -0.323730 -0.825313
vn -0.462663 -0.323730 -0.825313
vn -0.462663 -0.323730 -0.825313
vn 0.686357 0.550743 -0.474969
vn 0.686357 0.550743 -0.474969
vn 0.686357 0.550743 -0.474969
vn 0.686357 0.550743 -0.474969
vn 0.686341 0.550762 -0.474971
vn 0.686341 0.550762 -0.474971
vn 0.686341 0.550762 -0.474971
vn 0.686341 0.550762 -0.474971
vn 0.686347 0.550758 -0.474967
vn 0.686347 0.550758 -0.474967
vn 0.686347 0.550758 -0.474967
vn 0.686347 0.550758 -0.474967
vn 0.686348 0.550755 -0.474969
vn 0.686348 0.550755 -0.474969
vn 0.686347 0.550755 -0.474969
vn 0.686348 0.550755 -0.474969
vn 0.686342 0.550759 -0.474974
vn 0.686342 0.550759 -0.474974
vn 0.686342 0.550759 -0.474974
vn 0.686342 0.550759 -0.474974
vn 0.686343 0.550756 -0.474975
vn 0.686343 0.550756 -0.474975
vn 0.686343 0.550756 -0.474975
vn 0.686343 0.550756 -0.474975
vn 0.686343 0.550756 -0.474975
vn 0.686343 0.550756 -0.474975
vn 0.686343 0.550756 -0.474975
vn 0.686343 0.550756 -0.474975
vn 0.686345 0.550758 -0.474970
vn 0.686345 0.550758 -0.474970
vn 0.686345 0.550758 -0.474970
vn 0.686345 0.550758 -0.474970
vn 0.686356 0.550736 -0.474979
vn 0.686356 0.550736 -0.474979
vn 0.686356 0.550736 -0.474979
vn 0.686356 0.550736 -0.474979
vn 0.686332 0.550768 -0.474977
vn 0.686332 0.550768 -0.474977
vn 0.686332 0.550768 -0.474977
vn 0.686332 0.550768 -0.474977
vn 0.686352 0.550748 -0.474971
vn 0.686352 0.550748 -0.474972
vn 0.686352 0.550748 -0.474972
vn 0.686352 0.550748 -0.474971
vn 0.686350 0.550751 -0.474971
vn 0.686350 0.550751 -0.474971
vn 0.686350 0.550751 -0.474971
vn 0.686350 0.550751 -0.474971
vn 0.686348 0.550753 -0.474970
vn 0.686348 0.550753 -0.474970
vn 0.686348 0.550753 -0.474970
vn 0.686348 0.550753 -0.474970
vn 0.686345 0.550751 -0.474978
vn 0.686345 0.550751 -0.474978
vn 0.686345 0.550751 -0.474978
vn 0.686345 0.550751 -0.474978
vn 0.686353 0.550745 -0.474973
vn 0.686353 0.550745 -0.474973
vn 0.686353 0.550745 -0.474973
vn 0.686353 0.550745 -0.474973
vn 0.686357 0.550744 -0.474969
vn 0.686357 0.550744 -0.474969
vn 0.686357 0.550744 -0.474969
vn 0.686357 0.550744 -0.474969
vn 0.686347 0.550750 -0.474976
vn 0.686347 0.550749 -0.474976
vn 0.686347 0.550750 -0.474976
vn 0.686347 0.550750 -0.474976
vn 0.686346 0.550758 -0.474969
vn 0.686346 0.550758 -0.474969
vn 0.686346 0.550758 -0.474969
vn 0.686346 0.550758 -0.474969
vn 0.686351 0.550747 -0.474974
vn 0.686351 0.550747 -0.474974
vn 0.686351 0.550747 -0.474974
vn 0.686351 0.550747 -0.474974
vn 0.686340 0.550760 -0.474975
vn 0.686340 0.550760 -0.474975
vn 0.686339 0.550760 -0.474975
vn 0.686340 0.550760 -0.474975
vn 0.184277 0.500091 0.846139
vn 0.184277 0.500091 0.846139
vn 0.184277 0.500091 0.846139
vn 0.184277 0.500091 0.846139
vn -0.042138 0.682114 0.730031
vn -0.042138 0.682114 0.730031
vn -0.042138 0.682114 0.730031
vn -0.042138 0.682114 0.730031
vn -0.264445 0.797376 0.542457
vn -0.264445 0.797376 0.542457
vn -0.264445 0.797376 0.542457
vn -0.264445 0.797376 0.542457
vn -0.460860 0.834585 0.301787
vn -0.460860 0.834585 0.301787
vn -0.460860 0.834585 0.301787
vn -0.460860 0.834585 0.301787
vn -0.612163 0.790101 0.031571
vn -0.612163 0.790101 0.031571
vn -0.612163 0.790101 0.031571
vn -0.612163 0.790101 0.031571
vn -0.703544 0.668272 -0.241737
vn -0.703544 0.668273 -0.241737
vn -0.703544 0.668273 -0.241737
vn -0.703544 0.668272 -0.241737
vn -0.726053 0.481041 -0.491371
vn -0.726053 0.481041 -0.491371
vn -0.726053 0.481041 -0.491371
vn -0.726053 0.481041 -0.491371
vn -0.677496 0.246711 -0.692916
vn -0.677496 0.246711 -0.692916
vn -0.677496 0.246711 -0.692916
vn -0.677496 0.246711 -0.692916
vn -0.562618 -0.011769 -0.826633
vn -0.562618 -0.011769 -0.826633
vn -0.562618 -0.011769 -0.826633
vn -0.562618 -0.011769 -0.826633
vn -0.392670 -0.269090 -0.879432
vn -0.392670 -0.269090 -0.879432
vn -0.392670 -0.269090 -0.879432
vn -0.392670 -0.269090 -0.879432
vn -0.184277 -0.500081 -0.846145
vn -0.184277 -0.500081 -0.846145
vn -0.184277 -0.500081 -0.846145
vn -0.184277 -0.500081 -0.846145
vn 0.042147 -0.682110 -0.730034
vn 0.042147 -0.682110 -0.730034
vn 0.042147 -0.682110 -0.730034
vn 0.042147 -0.682110 -0.730034
vn 0.264447 -0.797375 -0.542459
vn 0.264447 -0.797375 -0.542459
vn 0.264447 -0.797375 -0.542459
vn 0.264447 -0.797375 -0.542459
vn 0.460857 -0.834587 -0.301786
vn 0.460857 -0.834588 -0.301786
vn 0.460857 -0.834587 -0.301786
vn 0.460857 -0.834587 -0.301786
vn 0.612164 -0.790100 -0.031573
vn 0.612164 -0.790100 -0.031573
vn 0.612164 -0.790100 -0.031573
vn 0.612164 -0.790100 -0.031573
vn 0.703543 -0.668276 0.241731
vn 0.703543 -0.668276 0.241732
vn 0.703543 -0.668276 0.241731
vn 0.703543 -0.668276 0.241731
vn 0.726057 -0.481032 0.491375
vn 0.726057 -0.481032 0.491375
vn 0.726057 -0.481032 0.491375
vn 0.726057 -0.481032 0.491375
vn 0.677498 -0.246710 0.692915
vn 0.677498 -0.246710 0.692915
vn 0.677498 -0.246710 0.692915
vn 0.677498 -0.246710 0.692915
vn 0.562617 0.011774 0.826634
vn 0.562617 0.011774 0.826634
vn 0.562617 0.011774 0.826634
vn 0.562617 0.011774 0.826634
vn 0.392672 0.269088 0.879432
vn 0.392672 0.269088 0.879432
vn 0.392672 0.269088 0.879432
vn 0.392672 0.269088 0.879432
vn -0.828645 0.477348 0.292381
vn -0.828645 0.477348 0.292381
vn -0.828645 0.477348 0.292381
vn -0.828645 0.477348 0.292381
vn 0.372365 0.884977 -0.279572
vn 0.372365 0.884977 -0.279572
vn 0.372365 0.884977 -0.279572
vn 0.372365 0.884977 -0.279572
vn 0.832207 -0.478817 -0.279581
vn 0.832207 -0.478817 -0.279581
vn 0.832207 -0.478817 -0.279581
vn 0.832207 -0.478817 -0.279581
vn -0.371956 -0.884990 0.280075
vn -0.371956 -0.884990 0.280075
vn -0.371956 -0.884990 0.280075
vn -0.371956 -0.884990 0.280075
vn 0.738314 -0.231855 0.633353
vn 0.738314 -0.231855 0.633353
vn 0.738314 -0.231855 0.633353
vn 0.738314 -0.231855 0.633353
vn 0.066251 -0.253173 -0.965150
vn 0.066251 -0.253173 -0.965150
vn 0.066251 -0.253173 -0.965150
vn 0.066251 -0.253173 -0.965150
vn -0.371180 -0.885678 0.278927
vn -0.371180 -0.885678 0.278927
vn -0.371180 -0.885678 0.278927
vn -0.371180 -0.885678 0.278927
vn 0.529032 -0.075429 0.845243
vn 0.529032 -0.075429 0.845243
vn 0.529032 -0.075429 0.845243
vn 0.529032 -0.075429 0.845243
vn 0.371939 0.885368 -0.278898
vn 0.371939 0.885368 -0.278898
vn 0.371939 0.885368 -0.278898
vn 0.371939 0.885368 -0.278898
vn -0.262978 -0.089988 -0.960596
vn -0.262978 -0.089988 -0.960596
vn -0.262978 -0.089988 -0.960596
vn -0.262978 -0.089988 -0.960596
vn -0.371489 -0.885751 0.278280
vn -0.371489 -0.885751 0.278280
vn -0.371489 -0.885751 0.278280
vn -0.371490 -0.885751 0.278280
vn 0.282937 0.085142 0.955352
vn 0.282937 0.085142 0.955352
vn 0.282937 0.085142 0.955352
vn 0.282937 0.085142 0.955352
vn 0.372409 0.885239 -0.278682
vn 0.372409 0.885239 -0.278682
vn 0.372409 0.885239 -0.278682
vn 0.372409 0.885239 -0.278682
vn -0.518004 0.056843 -0.853487
vn -0.518004 0.056843 -0.853487
vn -0.518004 0.056843 -0.853487
vn -0.518004 0.056843 -0.853487
vn -0.370398 -0.886494 0.277368
vn -0.370398 -0.886494 0.277368
vn -0.370398 -0.886494 0.277368
vn -0.370398 -0.886494 0.277368
vn -0.000006 0.231425 0.972853
vn -0.000006 0.231426 0.972853
vn -0.000006 0.231425 0.972853
vn -0.000006 0.231425 0.972853
vn 0.369757 0.886771 -0.277339
vn 0.369757 0.886771 -0.277339
vn 0.369757 0.886771 -0.277339
vn 0.369757 0.886771 -0.277339
vn -0.715999 0.196805 -0.669786
vn -0.715999 0.196805 -0.669786
vn -0.715999 0.196805 -0.669786
vn -0.715999 0.196805 -0.669786
vn -0.369085 -0.887362 0.276341
vn -0.369085 -0.887362 0.276341
vn -0.369086 -0.887362 0.276341
vn -0.369085 -0.887362 0.276341
vn -0.171110 0.312792 0.934282
vn -0.171110 0.312792 0.934282
vn -0.171110 0.312792 0.934282
vn -0.171110 0.312792 0.934282
vn 0.368237 0.886873 -0.279030
vn 0.368237 0.886873 -0.279030
vn 0.368237 0.886873 -0.279030
vn 0.368237 0.886873 -0.279030
vn -0.796431 0.276278 -0.537930
vn -0.796431 0.276278 -0.537930
vn -0.796431 0.276278 -0.537930
vn -0.796431 0.276278 -0.537930
vn 0.400168 0.869002 -0.291036
vn 0.400168 0.869002 -0.291036
vn 0.400168 0.869002 -0.291036
vn 0.400168 0.869002 -0.291036
vn 0.897883 -0.417343 0.140110
vn 0.897883 -0.417343 0.140110
vn 0.897883 -0.417343 0.140110
vn 0.897883 -0.417343 0.140110
vn -0.346176 -0.897768 0.272351
vn -0.346176 -0.897768 0.272351
vn -0.346176 -0.897768 0.272351
vn -0.346176 -0.897768 0.272351
vn 0.581893 -0.442325 -0.682458
vn 0.581893 -0.442325 -0.682458
vn 0.581893 -0.442325 -0.682458
vn 0.581893 -0.442325 -0.682458
vn 0.328065 0.906872 -0.264493
vn 0.328065 0.906872 -0.264493
vn 0.328065 0.906872 -0.264493
vn 0.328065 0.906872 -0.264493
vn 0.330854 0.038503 0.942896
vn 0.330854 0.038503 0.942896
vn 0.330854 0.038503 0.942896
vn 0.330854 0.038503 0.942896
vn -0.425909 -0.852928 0.301853
vn -0.425909 -0.852928 0.301853
vn -0.425909 -0.852928 0.301853
vn -0.425909 -0.852928 0.301853
vn -0.438058 0.016650 -0.898793
vn -0.438058 0.016650 -0.898793
vn -0.438058 0.016650 -0.898793
vn -0.438058 0.016650 -0.898793
vn 0.488716 -0.035119 -0.871736
vn 0.488716 -0.035119 -0.871736
vn 0.488716 -0.035119 -0.871736
vn 0.488716 -0.035119 -0.871736
vn -0.211573 -0.974134 -0.079369
vn -0.211573 -0.974134 -0.079369
vn -0.211573 -0.974134 -0.079369
vn -0.211573 -0.974134 -0.079369
vn -0.488715 0.035119 0.871737
vn -0.488715 0.035119 0.871737
vn -0.488715 0.035119 0.871737
vn -0.488715 0.035119 0.871737
vn 0.211572 0.974134 0.079369
vn 0.211572 0.974134 0.079369
vn 0.211572 0.974134 0.079369
vn 0.211572 0.974134 0.079369
vn 0.846401 -0.223224 0.483504
vn 0.846401 -0.223224 0.483504
vn 0.846401 -0.223224 0.483504
vn 0.846401 -0.223224 0.483504
vn -0.657280 0.294316 -0.693802
vn -0.657280 0.294316 -0.693802
vn -0.657280 0.294316 -0.693802
vn -0.657280 0.294316 -0.693802
vn 0.123232 0.992045 0.025695
vn 0.123232 0.992045 0.025695
vn 0.123232 0.992045 0.025695
vn 0.123232 0.992045 0.025695
vn 0.437769 -0.021846 -0.898822
vn 0.437769 -0.021846 -0.898822
vn 0.437769 -0.021846 -0.898822
vn 0.437769 -0.021846 -0.898822
vn -0.297584 -0.945503 -0.132169
vn -0.297584 -0.945503 -0.132169
vn -0.297584 -0.945503 -0.132169
vn -0.297584 -0.945503 -0.132169
vn -0.609878 0.068129 0.789561
vn -0.609878 0.068129 0.789561
vn -0.609878 0.068129 0.789561
vn -0.609878 0.068129 0.789561
vn 0.132969 0.990952 0.018277
vn 0.132969 0.990952 0.018277
vn 0.132969 0.990952 0.018277
vn 0.132969 0.990952 0.018277
vn 0.503101 -0.038926 -0.863351
vn 0.503101 -0.038927 -0.863351
vn 0.503101 -0.038926 -0.863351
vn 0.503101 -0.038926 -0.863351
vn -0.288018 -0.947387 -0.139651
vn -0.288019 -0.947387 -0.139651
vn -0.288018 -0.947387 -0.139651
vn -0.288019 -0.947387 -0.139651
vn -0.946524 0.224461 -0.231754
vn -0.946524 0.224461 -0.231754
vn -0.946524 0.224461 -0.231754
vn -0.946524 0.224461 -0.231754
vn 0.449385 -0.169073 0.877193
vn 0.449385 -0.169073 0.877193
vn 0.449385 -0.169073 0.877193
vn 0.449385 -0.169073 0.877193
vn 0.083146 0.994878 0.057484
vn 0.083146 0.994878 0.057484
vn 0.083146 0.994878 0.057484
vn 0.083146 0.994878 0.057484
vn -0.620386 0.196603 -0.759255
vn -0.620386 0.196603 -0.759255
vn -0.620386 0.196603 -0.759255
vn -0.620386 0.196603 -0.759255
vn -0.336317 -0.936438 -0.099872
vn -0.336317 -0.936438 -0.099872
vn -0.336317 -0.936438 -0.099872
vn -0.336317 -0.936438 -0.099872
vn -0.201689 -0.035943 0.978790
vn -0.201689 -0.035943 0.978790
vn -0.201689 -0.035943 0.978790
vn -0.201689 -0.035943 0.978790
vn -0.054498 0.998455 0.010878
vn -0.054498 0.998455 0.010878
vn -0.054498 0.998455 0.010878
vn -0.054498 0.998455 0.010878
vn 0.109556 0.057058 -0.992342
vn 0.109556 0.057058 -0.992342
vn 0.109556 0.057058 -0.992342
vn 0.109556 0.057058 -0.992342
vn -0.044248 -0.980353 -0.192226
vn -0.044248 -0.980353 -0.192226
vn -0.044248 -0.980353 -0.192226
vn -0.044248 -0.980353 -0.192226
vn 0.324361 0.919787 0.220865
vn 0.324361 0.919787 0.220865
vn 0.324361 0.919787 0.220865
vn 0.324361 0.919787 0.220865
vn 0.125100 0.099838 -0.987108
vn 0.125100 0.099838 -0.987108
vn 0.125100 0.099838 -0.987108
vn 0.125100 0.099838 -0.987108
vn -0.486025 -0.799879 -0.352097
vn -0.486025 -0.799879 -0.352097
vn -0.486025 -0.799879 -0.352097
vn -0.486025 -0.799879 -0.352097
vn -0.297766 -0.057950 0.952878
vn -0.297766 -0.057950 0.952878
vn -0.297766 -0.057950 0.952878
vn -0.297766 -0.057950 0.952878
vn 0.000967 0.998450 0.055648
vn 0.000967 0.998450 0.055648
vn 0.000967 0.998450 0.055648
vn 0.000967 0.998450 0.055648
vn 0.602291 0.043678 -0.797081
vn 0.602291 0.043678 -0.797081
vn 0.602290 0.043678 -0.797081
vn 0.602291 0.043678 -0.797081
vn -0.399574 -0.848000 -0.348192
vn -0.399574 -0.848000 -0.348192
vn -0.399574 -0.848000 -0.348192
vn -0.399574 -0.848000 -0.348192
vn -0.870317 0.082609 0.485514
vn -0.870317 0.082609 0.485514
vn -0.870317 0.082609 0.485514
vn -0.870317 0.082609 0.485514
vn -0.321503 -0.007321 0.946880
vn -0.321503 -0.007321 0.946880
vn -0.321503 -0.007321 0.946880
vn -0.321503 -0.007321 0.946880
vn 0.158104 0.986963 -0.030114
vn 0.158104 0.986963 -0.030114
vn 0.158104 0.986963 -0.030114
vn 0.158104 0.986963 -0.030114
vn 0.155636 0.046591 -0.986715
vn 0.155636 0.046591 -0.986715
vn 0.155636 0.046591 -0.986715
vn 0.155636 0.046591 -0.986715
vn -0.261866 -0.946684 -0.187660
vn -0.261866 -0.946684 -0.187660
vn -0.261866 -0.946684 -0.187660
vn -0.261866 -0.946684 -0.187660
vn 0.841065 -0.283238 0.460853
vn 0.841065 -0.283238 0.460853
vn 0.841065 -0.283238 0.460853
vn 0.841065 -0.283238 0.460853
vn -0.297549 -0.793732 -0.530523
vn -0.297549 -0.793732 -0.530523
vn -0.297549 -0.793732 -0.530523
vn -0.297549 -0.793732 -0.530523
vn -0.662647 0.294350 -0.688663
vn -0.662647 0.294350 -0.688663
vn -0.662647 0.294350 -0.688663
vn -0.662647 0.294350 -0.688663
vn 0.088522 0.986005 -0.141273
vn 0.088522 0.986005 -0.141273
vn 0.088522 0.986005 -0.141273
vn 0.088522 0.986005 -0.141273
vn 0.125170 0.984557 0.122394
vn 0.125170 0.984557 0.122394
vn 0.125170 0.984557 0.122394
vn 0.125170 0.984557 0.122394
vn 0.638499 0.029693 -0.769050
vn 0.638499 0.029693 -0.769050
vn 0.638499 0.029693 -0.769050
vn 0.638499 0.029693 -0.769050
vn -0.286318 -0.912399 -0.292491
vn -0.286318 -0.912399 -0.292491
vn -0.286318 -0.912399 -0.292491
vn -0.286318 -0.912399 -0.292491
vn -0.799651 0.042465 0.598962
vn -0.799651 0.042465 0.598962
vn -0.799651 0.042465 0.598962
vn -0.799651 0.042465 0.598962
s 1
g pPlane2
usemtl openPBRSurface3SG
f 1/436/1 2/437/2 13/438/3 12/439/4
f 2/437/2 3/440/5 14/441/6 13/438/3
f 3/440/5 4/444/7 15/445/8 14/441/6
f 4/444/7 5/449/9 16/450/10 15/445/8
f 5/449/9 6/455/11 17/456/12 16/450/10
f 6/455/11 7/462/13 18/463/14 17/456/12
f 7/462/13 8/470/15 19/471/16 18/463/14
f 8/470/15 9/479/17 20/480/18 19/471/16
f 9/479/17 10/489/19 21/490/20 20/480/18
f 10/489/19 11/500/21 22/501/22 21/490/20
f 12/439/4 13/438/3 24/442/23 23/443/24
f 13/438/3 14/441/6 25/446/25 24/442/23
f 14/441/6 15/445/8 26/451/26 25/446/25
f 15/445/8 16/450/10 27/457/27 26/451/26
f 16/450/10 17/456/12 28/464/28 27/457/27
f 17/456/12 18/463/14 29/472/29 28/464/28
f 18/463/14 19/471/16 30/481/30 29/472/29
f 19/471/16 20/480/18 31/491/31 30/481/30
f 20/480/18 21/490/20 32/502/32 31/491/31
f 21/490/20 22/501/22 33/512/33 32/502/32
f 23/443/24 24/442/23 35/447/34 34/448/35
f 24/442/23 25/446/25 36/452/36 35/447/34
f 25/446/25 26/451/26 37/458/37 36/452/36
f 26/451/26 27/457/27 38/465/38 37/458/37
f 27/457/27 28/464/28 39/473/39 38/465/38
f 28/464/28 29/472/29 40/482/40 39/473/39
f 29/472/29 30/481/30 41/492/41 40/482/40
f 30/481/30 31/491/31 42/503/42 41/492/41
f 31/491/31 32/502/32 43/513/43 42/503/42
f 32/502/32 33/512/33 44/521/44 43/513/43
f 34/448/35 35/447/34 46/453/45 45/454/46
f 35/447/34 36/452/36 47/459/47 46/453/45
f 36/452/36 37/458/37 48/466/48 47/459/47
f 37/458/37 38/465/38 49/474/49 48/466/48
f 38/465/38 39/473/39 50/483/50 49/474/49
f 39/473/39 40/482/40 51/493/51 50/483/50
f 40/482/40 41/492/41 52/504/52 51/493/51
f 41/492/41 42/503/42 53/514/53 52/504/52
f 42/503/42 43/513/43 54/522/54 53/514/53
f 43/513/43 44/521/44 55/529/55 54/522/54
f 45/454/46 46/453/45 57/460/56 56/461/57
f 46/453/45 47/459/47 58/467/58 57/460/56
f 47/459/47 48/466/48 59/475/59 58/467/58
f 48/466/48 49/474/49 60/484/60 59/475/59
f 49/474/49 50/483/50 61/494/61 60/484/60
f 50/483/50 51/493/51 62/505/62 61/494/61
f 51/493/51 52/504/52 63/515/63 62/505/62
f 52/504/52 53/514/53 64/523/64 63/515/63
f 53/514/53 54/522/54 65/530/65 64/523/64
f 54/522/54 55/529/55 66/536/66 65/530/65
f 56/461/57 57/460/56 68/468/67 67/469/68
f 57/460/56 58/467/58 69/476/69 68/468/67
f 58/467/58 59/475/59 70/485/70 69/476/69
f 59/475/59 60/484/60 71/495/71 70/485/70
f 60/484/60 61/494/61 72/506/72 71/495/71
f 61/494/61 62/505/62 73/516/73 72/506/72
f 62/505/62 63/515/63 74/524/74 73/516/73
f 63/515/63 64/523/64 75/531/75 74/524/74
f 64/523/64 65/530/65 76/537/76 75/531/75
f 65/530/65 66/536/66 77/542/77 76/537/76
f 67/469/68 68/468/67 79/477/78 78/478/79
f 68/468/67 69/476/69 80/486/80 79/477/78
f 69/476/69 70/485/70 81/496/81 80/486/80
f 70/485/70 71/495/71 82/507/82 81/496/81
f 71/495/71 72/506/72 83/517/83 82/507/82
f 72/506/72 73/516/73 84/525/84 83/517/83
f 73/516/73 74/524/74 85/532/85 84/525/84
f 74/524/74 75/531/75 86/538/86 85/532/85
f 75/531/75 76/537/76 87/543/87 86/538/86
f 76/537/76 77/542/77 88/547/88 87/543/87
f 78/478/79 79/477/78 90/487/89 89/488/90
f 79/477/78 80/486/80 91/497/91 90/487/89
f 80/486/80 81/496/81 92/508/92 91/497/91
f 81/496/81 82/507/82 93/518/93 92/508/92
f 82/507/82 83/517/83 94/526/94 93/518/93
f 83/517/83 84/525/84 95/533/95 94/526/94
f 84/525/84 85/532/85 96/539/96 95/533/95
f 85/532/85 86/538/86 97/544/97 96/539/96
f 86/538/86 87/543/87 98/548/98 97/544/97
f 87/543/87 88/547/88 99/551/99 98/548/98
f 89/488/90 90/487/89 101/498/100 100/499/101
f 90/487/89 91/497/91 102/509/102 101/498/100
f 91/497/91 92/508/92 103/519/103 102/509/102
f 92/508/92 93/518/93 104/527/104 103/519/103
f 93/518/93 94/526/94 105/534/105 104/527/104
f 94/526/94 95/533/95 106/540/106 105/534/105
f 95/533/95 96/539/96 107/545/107 106/540/106
f 96/539/96 97/544/97 108/549/108 107/545/107
f 97/544/97 98/548/98 109/552/109 108/549/108
f 98/548/98 99/551/99 110/554/110 109/552/109
f 100/499/101 101/498/100 112/510/111 111/511/112
f 101/498/100 102/509/102 113/520/113 112/510/111
f 102/509/102 103/519/103 114/528/114 113/520/113
f 103/519/103 104/527/104 115/535/115 114/528/114
f 104/527/104 105/534/105 116/541/116 115/535/115
f 105/534/105 106/540/106 117/546/117 116/541/116
f 106/540/106 107/545/107 118/550/118 117/546/117
f 107/545/107 108/549/108 119/553/119 118/550/118
f 108/549/108 109/552/109 120/555/120 119/553/119
f 109/552/109 110/554/110 121/556/121 120/555/120
s off
f 203/978/122 202/979/123 204/980/124
f 205/982/125 203/978/126 204/980/127
f 206/984/128 205/982/129 204/980/130
f 207/986/131 206/984/132 204/980/133
f 208/988/134 207/986/135 204/980/136
f 209/990/137 208/988/138 204/980/139
f 210/992/140 209/990/141 204/980/142
f 211/994/143 210/992/144 204/980/145
f 212/996/146 211/994/147 204/980/148
f 213/998/149 212/996/150 204/980/151
f 214/997/152 213/998/153 204/980/154
f 215/995/155 214/997/156 204/980/157
f 216/993/158 215/995/159 204/980/160
f 217/991/161 216/993/162 204/980/163
f 218/989/164 217/991/165 204/980/166
f 219/987/167 218/989/168 204/980/169
f 220/985/170 219/987/171 204/980/172
f 221/983/173 220/985/174 204/980/175
f 222/981/176 221/983/177 204/980/178
f 202/979/179 222/981/180 204/980/181
f 123/5/182 122/11/183 142/12/184 143/6/185
f 124/2/186 123/5/187 143/6/188 144/3/189
f 125/1/190 124/2/191 144/3/192 145/4/193
f 126/9/194 125/1/195 145/4/196 146/10/197
f 127/15/198 126/9/199 146/10/200 147/16/201
f 128/18/202 127/15/203 147/16/204 148/19/205
f 129/21/206 128/18/207 148/19/208 149/22/209
f 130/557/210 129/558/211 149/559/212 150/560/213
f 131/563/214 130/557/215 150/560/216 151/564/217
f 132/566/218 131/563/219 151/564/220 152/567/221
f 133/28/222 132/34/223 152/35/224 153/29/225
f 134/25/226 133/28/227 153/29/228 154/26/229
f 135/24/230 134/25/231 154/26/232 155/27/233
f 136/32/234 135/24/235 155/27/236 156/33/237
f 137/38/238 136/32/239 156/33/240 157/39/241
f 138/41/242 137/38/243 157/39/244 158/42/245
f 139/44/246 138/41/247 158/42/248 159/45/249
f 140/571/250 139/572/251 159/573/252 160/574/253
f 141/577/254 140/571/255 160/574/256 161/578/257
f 122/580/258 141/577/259 161/578/260 142/581/261
f 143/583/262 142/581/263 162/582/264 163/584/265
f 144/3/266 143/6/267 163/13/268 164/7/269
f 145/4/270 144/3/271 164/7/272 165/8/273
f 146/10/274 145/4/275 165/8/276 166/14/277
f 147/16/278 146/10/279 166/14/280 167/17/281
f 148/19/282 147/16/283 167/17/284 168/20/285
f 149/22/286 148/19/287 168/20/288 169/23/289
f 150/560/290 149/559/291 169/561/292 170/562/293
f 151/564/294 150/560/295 170/562/296 171/565/297
f 152/567/298 151/564/299 171/565/300 172/568/301
f 153/569/302 152/567/303 172/568/304 173/570/305
f 154/26/306 153/29/307 173/36/308 174/30/309
f 155/27/310 154/26/311 174/30/312 175/31/313
f 156/33/314 155/27/315 175/31/316 176/37/317
f 157/39/318 156/33/319 176/37/320 177/40/321
f 158/42/322 157/39/323 177/40/324 178/43/325
f 159/45/326 158/42/327 178/43/328 179/46/329
f 160/574/330 159/573/331 179/575/332 180/576/333
f 161/578/334 160/574/335 180/576/336 181/579/337
f 142/581/338 161/578/339 181/579/340 162/582/341
f 163/999/342 162/1000/343 182/1001/344 183/1002/345
f 164/1005/346 163/999/347 183/1002/348 184/1006/349
f 165/1009/350 164/1005/351 184/1006/352 185/1010/353
f 166/1013/354 165/1009/355 185/1010/356 186/1014/357
f 167/1017/358 166/1013/359 186/1014/360 187/1018/361
f 168/1021/362 167/1017/363 187/1018/364 188/1022/365
f 169/1025/366 168/1021/367 188/1022/368 189/1026/369
f 170/1029/370 169/1025/371 189/1026/372 190/1030/373
f 171/1033/374 170/1029/375 190/1030/376 191/1034/377
f 172/1037/378 171/1033/379 191/1034/380 192/1038/381
f 173/1035/382 172/1037/383 192/1038/384 193/1036/385
f 174/1031/386 173/1035/387 193/1036/388 194/1032/389
f 175/1027/390 174/1031/391 194/1032/392 195/1028/393
f 176/1023/394 175/1027/395 195/1028/396 196/1024/397
f 177/1019/398 176/1023/399 196/1024/400 197/1020/401
f 178/1015/402 177/1019/403 197/1020/404 198/1016/405
f 179/1011/406 178/1015/407 198/1016/408 199/1012/409
f 180/1007/410 179/1011/411 199/1012/412 200/1008/413
f 181/1003/414 180/1007/415 200/1008/416 201/1004/417
f 162/1000/418 181/1003/419 201/1004/420 182/1001/421
f 183/603/422 182/601/423 202/602/424 203/604/425
f 184/51/426 183/55/427 203/56/428 205/52/429
f 185/48/430 184/51/431 205/52/432 206/49/433
f 186/47/434 185/48/435 206/49/436 207/50/437
f 187/53/438 186/47/439 207/50/440 208/54/441
f 188/57/442 187/53/443 208/54/444 209/58/445
f 189/59/446 188/57/447 209/58/448 210/60/449
f 190/585/450 189/586/451 210/587/452 211/588/453
f 191/589/454 190/585/455 211/588/456 212/590/457
f 192/591/458 191/589/459 212/590/460 213/592/461
f 193/593/462 192/591/463 213/592/464 214/594/465
f 194/65/466 193/69/467 214/70/468 215/66/469
f 195/62/470 194/65/471 215/66/472 216/63/473
f 196/61/474 195/62/475 216/63/476 217/64/477
f 197/67/478 196/61/479 217/64/480 218/68/481
f 198/71/482 197/67/483 218/68/484 219/72/485
f 199/73/486 198/71/487 219/72/488 220/74/489
f 200/595/490 199/596/491 220/597/492 221/598/493
f 201/599/494 200/595/495 221/598/496 222/600/497
f 182/601/498 201/599/499 222/600/500 202/602/501
f 243/1248/502 244/1249/503 245/1250/504 246/1251/505
f 225/1266/506 226/1267/507 228/1268/508 227/1269/509
f 251/1336/510 252/1337/511 253/1338/512 254/1339/513
f 229/1260/514 230/1261/515 224/1259/516 223/1258/517
f 224/621/518 230/625/519 228/626/520 226/622/521
f 229/605/522 223/606/523 225/607/524 227/608/525
f 223/1258/526 224/1259/527 232/1257/528 231/1256/529
f 224/621/530 226/622/531 233/623/532 232/624/533
f 226/1267/534 225/1266/535 234/1270/536 233/1271/537
f 225/607/538 223/606/539 231/609/540 234/610/541
f 231/1256/542 232/1257/543 236/1255/544 235/1254/545
f 232/624/546 233/623/547 237/627/548 236/628/549
f 233/1271/550 234/1270/551 238/1274/552 237/1275/553
f 234/610/554 231/609/555 235/613/556 238/614/557
f 235/1254/558 236/1255/559 240/1253/560 239/1252/561
f 236/628/562 237/627/563 241/629/564 240/630/565
f 237/1275/566 238/1274/567 242/1280/568 241/1281/569
f 238/614/570 235/613/571 239/617/572 242/618/573
f 239/1252/574 240/1253/575 244/1249/576 243/1248/577
f 240/630/578 241/629/579 245/631/580 244/632/581
f 241/1281/582 242/1280/583 246/1282/584 245/1283/585
f 242/618/586 239/617/587 243/619/588 246/620/589
f 227/1269/590 228/1268/591 248/1272/592 247/1273/593
f 228/1268/594 230/1276/595 249/1277/596 248/1272/597
f 230/1261/598 229/1260/599 250/1262/600 249/1263/601
f 229/605/602 227/608/603 247/611/604 250/612/605
f 247/1273/606 248/1272/607 252/1278/608 251/1279/609
f 248/633/610 249/634/611 253/635/612 252/636/613
f 249/1263/614 250/1262/615 254/1264/616 253/1265/617
f 250/612/618 247/611/619 251/615/620 254/616/621
f 255/637/622 256/638/623 258/639/624 257/640/625
f 287/75/626 288/76/627 289/77/628 290/78/629
f 259/661/630 260/662/631 262/663/632 261/664/633
f 261/1340/634 262/1341/635 256/1342/636 255/1343/637
f 256/89/638 262/90/639 260/86/640 258/85/641
f 261/1043/642 255/1044/643 257/1040/644 259/1039/645
f 257/640/646 258/639/647 264/641/648 263/642/649
f 258/85/650 260/86/651 265/87/652 264/88/653
f 260/662/654 259/661/655 266/665/656 265/666/657
f 259/1039/658 257/1040/659 263/1041/660 266/1042/661
f 263/642/662 264/641/663 268/643/664 267/644/665
f 264/88/666 265/87/667 269/91/668 268/92/669
f 265/666/670 266/665/671 270/667/672 269/668/673
f 266/105/674 263/106/675 267/102/676 270/101/677
f 267/644/678 268/643/679 272/645/680 271/646/681
f 295/93/682 296/94/683 297/95/684 298/96/685
f 269/668/686 270/667/687 274/669/688 273/670/689
f 270/101/690 267/102/691 271/98/692 274/97/693
f 268/1045/694 269/1046/695 276/1047/696 275/1048/697
f 269/668/698 273/670/699 277/673/700 276/674/701
f 273/1051/702 272/1052/703 278/1053/704 277/1054/705
f 272/645/706 268/643/707 275/647/708 278/648/709
f 271/646/710 272/645/711 280/649/712 279/650/713
f 272/83/714 273/84/715 281/82/716 280/81/717
f 273/670/718 274/669/719 282/671/720 281/672/721
f 274/97/722 271/98/723 279/99/724 282/100/725
f 279/650/726 280/649/727 284/653/728 283/654/729
f 280/81/730 281/82/731 285/80/732 284/79/733
f 281/672/734 282/671/735 286/675/736 285/676/737
f 282/100/738 279/99/739 283/103/740 286/104/741
f 283/654/742 284/653/743 288/657/744 287/658/745
f 284/79/746 285/80/747 289/77/748 288/76/749
f 285/676/750 286/675/751 290/679/752 289/680/753
f 286/1057/754 283/1058/755 287/1059/756 290/1060/757
f 275/1048/758 276/1047/759 292/1049/760 291/1050/761
f 276/674/762 277/673/763 293/677/764 292/678/765
f 277/1054/766 278/1053/767 294/1055/768 293/1056/769
f 278/648/770 275/647/771 291/651/772 294/652/773
f 291/683/774 292/678/775 296/682/776 295/684/777
f 292/678/778 293/677/779 297/681/780 296/682/781
f 293/659/782 294/652/783 298/656/784 297/660/785
f 294/652/786 291/651/787 295/655/788 298/656/789
f 319/1284/790 320/1285/791 321/1286/792 322/1287/793
f 301/1302/794 302/1303/795 304/1304/796 303/1305/797
f 327/1313/798 328/1312/799 329/1318/800 330/1319/801
f 305/1296/802 306/1297/803 300/1295/804 299/1294/805
f 300/1061/806 306/1062/807 304/1063/808 302/1064/809
f 305/1081/810 299/1078/811 301/1077/812 303/1082/813
f 299/1294/814 300/1295/815 308/1293/816 307/1292/817
f 300/1061/818 302/1064/819 309/1067/820 308/1068/821
f 302/1303/822 301/1302/823 310/1306/824 309/1307/825
f 301/1077/826 299/1078/827 307/1079/828 310/1080/829
f 307/1292/830 308/1293/831 312/1291/832 311/1290/833
f 308/1068/834 309/1067/835 313/1071/836 312/1072/837
f 309/1307/838 310/1306/839 314/1310/840 313/1311/841
f 310/1080/842 307/1079/843 311/1083/844 314/1084/845
f 311/1290/846 312/1291/847 316/1289/848 315/1288/849
f 312/1072/850 313/1071/851 317/1073/852 316/1074/853
f 313/1311/854 314/1310/855 318/1316/856 317/1317/857
f 314/1084/858 311/1083/859 315/1085/860 318/1086/861
f 315/1288/862 316/1289/863 320/1285/864 319/1284/865
f 316/1074/866 317/1073/867 321/1075/868 320/1076/869
f 317/1317/870 318/1316/871 322/1320/872 321/1321/873
f 318/1086/874 315/1085/875 319/1087/876 322/1088/877
f 303/1305/878 304/1304/879 324/1308/880 323/1309/881
f 304/1063/882 306/1062/883 325/1065/884 324/1066/885
f 306/1297/886 305/1296/887 326/1298/888 325/1299/889
f 305/1314/890 303/1305/891 323/1309/892 326/1315/893
f 323/1309/894 324/1308/895 328/1312/896 327/1313/897
f 324/1066/898 325/1065/899 329/1069/900 328/1070/901
f 325/1299/902 326/1298/903 330/1300/904 329/1301/905
f 326/1089/906 323/1090/907 327/1091/908 330/1092/909
f 351/107/910 352/108/911 353/109/912 354/110/913
f 333/685/914 334/686/915 336/687/916 335/688/917
f 359/117/918 360/118/919 361/119/920 362/120/921
f 337/701/922 338/702/923 332/703/924 331/704/925
f 332/125/926 338/122/927 336/121/928 334/126/929
f 337/1093/930 331/1094/931 333/1095/932 335/1096/933
f 331/704/934 332/703/935 340/707/936 339/708/937
f 332/125/938 334/126/939 341/127/940 340/128/941
f 334/686/942 333/685/943 342/689/944 341/690/945
f 333/1095/946 331/1094/947 339/1097/948 342/1098/949
f 339/708/950 340/707/951 344/711/952 343/712/953
f 340/1103/954 341/1104/955 345/1105/956 344/1106/957
f 341/690/958 342/689/959 346/693/960 345/694/961
f 342/115/962 339/116/963 343/114/964 346/113/965
f 343/712/966 344/711/967 348/713/968 347/714/969
f 344/1106/970 345/1105/971 349/1107/972 348/1108/973
f 345/694/974 346/693/975 350/697/976 349/698/977
f 346/113/978 343/114/979 347/112/980 350/111/981
f 347/714/982 348/713/983 352/715/984 351/716/985
f 348/1108/986 349/1107/987 353/1109/988 352/1110/989
f 349/698/990 350/697/991 354/699/992 353/700/993
f 350/111/994 347/112/995 351/107/996 354/110/997
f 335/688/998 336/687/999 356/691/1000 355/692/1001
f 336/121/1002 338/122/1003 357/123/1004 356/124/1005
f 338/702/1006 337/701/1007 358/705/1008 357/706/1009
f 337/1093/1010 335/1096/1011 355/1099/1012 358/1100/1013
f 355/692/1014 356/691/1015 360/695/1016 359/696/1017
f 356/1111/1018 357/1112/1019 361/1113/1020 360/1114/1021
f 357/706/1022 358/705/1023 362/709/1024 361/710/1025
f 358/1100/1026 355/1099/1027 359/1101/1028 362/1102/1029
f 363/129/1030 364/130/1031 384/131/1032 383/132/1033
f 364/130/1034 365/135/1035 385/136/1036 384/131/1037
f 365/717/1038 366/718/1039 386/719/1040 385/720/1041
f 366/718/1042 367/723/1043 387/724/1044 386/719/1045
f 367/723/1046 368/728/1047 388/729/1048 387/724/1049
f 368/728/1050 369/734/1051 389/735/1052 388/729/1053
f 369/177/1054 370/169/1055 390/172/1056 389/178/1057
f 370/169/1058 371/170/1059 391/171/1060 390/172/1061
f 371/170/1062 372/175/1063 392/176/1064 391/171/1065
f 372/175/1066 373/183/1067 393/184/1068 392/176/1069
f 373/183/1070 374/190/1071 394/191/1072 393/184/1073
f 374/190/1074 375/198/1075 395/199/1076 394/191/1077
f 375/751/1078 376/752/1079 396/753/1080 395/754/1081
f 376/752/1082 377/757/1083 397/758/1084 396/753/1085
f 377/757/1086 378/762/1087 398/763/1088 397/758/1089
f 378/762/1090 379/768/1091 399/769/1092 398/763/1093
f 379/158/1094 380/150/1095 400/151/1096 399/159/1097
f 380/150/1098 381/143/1099 401/144/1100 400/151/1101
f 381/143/1102 382/137/1103 402/138/1104 401/144/1105
f 382/137/1106 363/129/1107 383/132/1108 402/138/1109
f 545/239/1110 544/238/1111 546/245/1112
f 547/249/1113 545/239/1114 546/245/1115
f 548/251/1116 547/249/1117 546/245/1118
f 549/1344/1119 548/1345/1120 546/1346/1121
f 550/1347/1122 549/1344/1123 546/1346/1124
f 551/1348/1125 550/1347/1126 546/1346/1127
f 552/1349/1128 551/1348/1129 546/1346/1130
f 553/1350/1131 552/1349/1132 546/1346/1133
f 554/1351/1134 553/1350/1135 546/1346/1136
f 555/1352/1137 554/1351/1138 546/1346/1139
f 556/1353/1140 555/1352/1141 546/1346/1142
f 557/1354/1143 556/1353/1144 546/1346/1145
f 558/1355/1146 557/1354/1147 546/1346/1148
f 559/1356/1149 558/1355/1150 546/1346/1151
f 560/1357/1152 559/1356/1153 546/1346/1154
f 561/252/1155 560/253/1156 546/245/1157
f 562/250/1158 561/252/1159 546/245/1160
f 563/248/1161 562/250/1162 546/245/1163
f 564/244/1164 563/248/1165 546/245/1166
f 544/238/1167 564/244/1168 546/245/1169
f 423/1115/1170 424/1116/1171 425/1117/1172
f 424/1116/1173 426/1118/1174 425/1117/1175
f 426/1118/1176 427/1120/1177 425/1117/1178
f 427/1120/1179 428/1122/1180 425/1117/1181
f 428/1122/1182 429/1124/1183 425/1117/1184
f 429/1124/1185 430/1126/1186 425/1117/1187
f 430/1126/1188 431/1128/1189 425/1117/1190
f 431/1128/1191 432/1130/1192 425/1117/1193
f 432/1130/1194 433/1132/1195 425/1117/1196
f 433/1132/1197 434/1134/1198 425/1117/1199
f 434/1134/1200 435/1135/1201 425/1117/1202
f 435/1135/1203 436/1133/1204 425/1117/1205
f 436/1133/1206 437/1131/1207 425/1117/1208
f 437/1131/1209 438/1129/1210 425/1117/1211
f 438/1129/1212 439/1127/1213 425/1117/1214
f 439/1127/1215 440/1125/1216 425/1117/1217
f 440/1125/1218 441/1123/1219 425/1117/1220
f 441/1123/1221 442/1121/1222 425/1117/1223
f 442/1121/1224 443/1119/1225 425/1117/1226
f 443/1119/1227 423/1115/1228 425/1117/1229
f 383/1136/1230 384/1137/1231 404/1138/1232 403/1139/1233
f 384/1137/1234 385/1140/1235 405/1141/1236 404/1138/1237
f 385/1140/1238 386/1144/1239 406/1145/1240 405/1141/1241
f 386/1144/1242 387/1148/1243 407/1149/1244 406/1145/1245
f 387/1148/1246 388/1152/1247 408/1153/1248 407/1149/1249
f 388/1152/1250 389/1156/1251 409/1157/1252 408/1153/1253
f 389/1156/1254 390/1160/1255 410/1161/1256 409/1157/1257
f 390/1160/1258 391/1164/1259 411/1165/1260 410/1161/1261
f 391/1164/1262 392/1168/1263 412/1169/1264 411/1165/1265
f 392/1168/1266 393/1172/1267 413/1173/1268 412/1169/1269
f 393/1172/1270 394/1174/1271 414/1175/1272 413/1173/1273
f 394/1174/1274 395/1170/1275 415/1171/1276 414/1175/1277
f 395/1170/1278 396/1166/1279 416/1167/1280 415/1171/1281
f 396/1166/1282 397/1162/1283 417/1163/1284 416/1167/1285
f 397/1162/1286 398/1158/1287 418/1159/1288 417/1163/1289
f 398/1158/1290 399/1154/1291 419/1155/1292 418/1159/1293
f 399/1154/1294 400/1150/1295 420/1151/1296 419/1155/1297
f 400/1150/1298 401/1146/1299 421/1147/1300 420/1151/1301
f 401/1146/1302 402/1142/1303 422/1143/1304 421/1147/1305
f 402/1142/1306 383/1136/1307 403/1139/1308 422/1143/1309
f 403/254/1310 404/255/1311 424/256/1312 423/257/1313
f 404/255/1314 405/258/1315 426/259/1316 424/256/1317
f 405/785/1318 406/786/1319 427/787/1320 426/788/1321
f 406/786/1322 407/789/1323 428/790/1324 427/787/1325
f 407/789/1326 408/791/1327 429/792/1328 428/790/1329
f 408/791/1330 409/793/1331 430/794/1332 429/792/1333
f 409/274/1334 410/268/1335 431/271/1336 430/275/1337
f 410/268/1338 411/269/1339 432/270/1340 431/271/1341
f 411/269/1342 412/272/1343 433/273/1344 432/270/1345
f 412/272/1346 413/276/1347 434/277/1348 433/273/1349
f 413/276/1350 414/278/1351 435/279/1352 434/277/1353
f 414/278/1354 415/280/1355 436/281/1356 435/279/1357
f 415/795/1358 416/796/1359 437/797/1360 436/798/1361
f 416/796/1362 417/799/1363 438/800/1364 437/797/1365
f 417/799/1366 418/801/1367 439/802/1368 438/800/1369
f 418/801/1370 419/803/1371 440/804/1372 439/802/1373
f 419/266/1374 420/264/1375 441/265/1376 440/267/1377
f 420/264/1378 421/262/1379 442/263/1380 441/265/1381
f 421/262/1382 422/260/1383 443/261/1384 442/263/1385
f 422/260/1386 403/254/1387 423/257/1388 443/261/1389
f 364/130/1390 363/129/1391 444/133/1392 445/134/1393
f 365/135/1394 364/130/1395 445/134/1396 446/142/1397
f 366/718/1398 365/717/1399 446/721/1400 447/722/1401
f 367/723/1402 366/718/1403 447/722/1404 448/727/1405
f 368/728/1406 367/723/1407 448/727/1408 449/733/1409
f 369/734/1410 368/728/1411 449/733/1412 450/740/1413
f 370/169/1414 369/177/1415 450/179/1416 451/173/1417
f 371/170/1418 370/169/1419 451/173/1420 452/174/1421
f 372/175/1422 371/170/1423 452/174/1424 453/182/1425
f 373/183/1426 372/175/1427 453/182/1428 454/189/1429
f 374/190/1430 373/183/1431 454/189/1432 455/197/1433
f 375/198/1434 374/190/1435 455/197/1436 456/205/1437
f 376/752/1438 375/751/1439 456/755/1440 457/756/1441
f 377/757/1442 376/752/1443 457/756/1444 458/761/1445
f 378/762/1446 377/757/1447 458/761/1448 459/767/1449
f 379/768/1450 378/762/1451 459/767/1452 460/774/1453
f 380/150/1454 379/158/1455 460/160/1456 461/152/1457
f 381/143/1458 380/150/1459 461/152/1460 462/145/1461
f 382/137/1462 381/143/1463 462/145/1464 463/139/1465
f 363/129/1466 382/137/1467 463/139/1468 444/133/1469
f 445/134/1470 444/133/1471 464/140/1472 465/141/1473
f 446/142/1474 445/134/1475 465/141/1476 466/149/1477
f 447/722/1478 446/721/1479 466/725/1480 467/726/1481
f 448/727/1482 447/722/1483 467/726/1484 468/732/1485
f 449/733/1486 448/727/1487 468/732/1488 469/739/1489
f 450/740/1490 449/733/1491 469/739/1492 470/745/1493
f 451/173/1494 450/179/1495 470/185/1496 471/180/1497
f 452/174/1498 451/173/1499 471/180/1500 472/181/1501
f 453/182/1502 452/174/1503 472/181/1504 473/188/1505
f 454/189/1506 453/182/1507 473/188/1508 474/196/1509
f 455/197/1510 454/189/1511 474/196/1512 475/204/1513
f 456/205/1514 455/197/1515 475/204/1516 476/211/1517
f 457/756/1518 456/755/1519 476/759/1520 477/760/1521
f 458/761/1522 457/756/1523 477/760/1524 478/766/1525
f 459/767/1526 458/761/1527 478/766/1528 479/773/1529
f 460/774/1530 459/767/1531 479/773/1532 480/779/1533
f 461/152/1534 460/160/1535 480/164/1536 481/161/1537
f 462/145/1538 461/152/1539 481/161/1540 482/153/1541
f 463/139/1542 462/145/1543 482/153/1544 483/146/1545
f 444/133/1546 463/139/1547 483/146/1548 464/140/1549
f 465/141/1550 464/140/1551 484/147/1552 485/148/1553
f 466/149/1554 465/141/1555 485/148/1556 486/157/1557
f 467/726/1558 466/725/1559 486/730/1560 487/731/1561
f 468/732/1562 467/726/1563 487/731/1564 488/738/1565
f 469/739/1566 468/732/1567 488/738/1568 489/744/1569
f 470/745/1570 469/739/1571 489/744/1572 490/747/1573
f 471/180/1574 470/185/1575 490/192/1576 491/186/1577
f 472/181/1578 471/180/1579 491/186/1580 492/187/1581
f 473/188/1582 472/181/1583 492/187/1584 493/195/1585
f 474/196/1586 473/188/1587 493/195/1588 494/203/1589
f 475/204/1590 474/196/1591 494/203/1592 495/210/1593
f 476/211/1594 475/204/1595 495/210/1596 496/216/1597
f 477/760/1598 476/759/1599 496/764/1600 497/765/1601
f 478/766/1602 477/760/1603 497/765/1604 498/772/1605
f 479/773/1606 478/766/1607 498/772/1608 499/778/1609
f 480/779/1610 479/773/1611 499/778/1612 500/781/1613
f 481/161/1614 480/164/1615 500/167/1616 501/165/1617
f 482/153/1618 481/161/1619 501/165/1620 502/162/1621
f 483/146/1622 482/153/1623 502/162/1624 503/154/1625
f 464/140/1626 483/146/1627 503/154/1628 484/147/1629
f 485/148/1630 484/147/1631 504/155/1632 505/156/1633
f 486/730/1634 485/741/1635 505/742/1636 506/736/1637
f 487/731/1638 486/730/1639 506/736/1640 507/737/1641
f 488/738/1642 487/731/1643 507/737/1644 508/743/1645
f 489/744/1646 488/738/1647 508/743/1648 509/746/1649
f 490/747/1650 489/744/1651 509/746/1652 510/748/1653
f 491/749/1654 490/747/1655 510/748/1656 511/750/1657
f 492/187/1658 491/186/1659 511/193/1660 512/194/1661
f 493/195/1662 492/187/1663 512/194/1664 513/202/1665
f 494/203/1666 493/195/1667 513/202/1668 514/209/1669
f 495/210/1670 494/203/1671 514/209/1672 515/215/1673
f 496/764/1674 495/775/1675 515/776/1676 516/770/1677
f 497/765/1678 496/764/1679 516/770/1680 517/771/1681
f 498/772/1682 497/765/1683 517/771/1684 518/777/1685
f 499/778/1686 498/772/1687 518/777/1688 519/780/1689
f 500/781/1690 499/778/1691 519/780/1692 520/782/1693
f 501/783/1694 500/781/1695 520/782/1696 521/784/1697
f 502/162/1698 501/165/1699 521/168/1700 522/166/1701
f 503/154/1702 502/162/1703 522/166/1704 523/163/1705
f 484/147/1706 503/154/1707 523/163/1708 504/155/1709
f 505/228/1710 504/232/1711 524/233/1712 525/229/1713
f 506/224/1714 505/228/1715 525/229/1716 526/225/1717
f 507/220/1718 506/224/1719 526/225/1720 527/221/1721
f 508/217/1722 507/220/1723 527/221/1724 528/218/1725
f 509/212/1726 508/217/1727 528/218/1728 529/213/1729
f 510/206/1730 509/212/1731 529/213/1732 530/207/1733
f 511/193/1734 510/206/1735 530/207/1736 531/200/1737
f 512/194/1738 511/193/1739 531/200/1740 532/201/1741
f 513/202/1742 512/194/1743 532/201/1744 533/208/1745
f 514/209/1746 513/202/1747 533/208/1748 534/214/1749
f 515/215/1750 514/209/1751 534/214/1752 535/219/1753
f 516/222/1754 515/215/1755 535/219/1756 536/223/1757
f 517/226/1758 516/222/1759 536/223/1760 537/227/1761
f 518/230/1762 517/226/1763 537/227/1764 538/231/1765
f 519/234/1766 518/230/1767 538/231/1768 539/235/1769
f 520/240/1770 519/234/1771 539/235/1772 540/241/1773
f 521/246/1774 520/240/1775 540/241/1776 541/247/1777
f 522/242/1778 521/246/1779 541/247/1780 542/243/1781
f 523/236/1782 522/242/1783 542/243/1784 543/237/1785
f 504/232/1786 523/236/1787 543/237/1788 524/233/1789
f 525/229/1790 524/233/1791 544/238/1792 545/239/1793
f 526/806/1794 525/809/1795 545/810/1796 547/807/1797
f 527/805/1798 526/806/1799 547/807/1800 548/808/1801
f 528/811/1802 527/805/1803 548/808/1804 549/812/1805
f 529/813/1806 528/811/1807 549/812/1808 550/814/1809
f 530/815/1810 529/813/1811 550/814/1812 551/816/1813
f 531/817/1814 530/815/1815 551/816/1816 552/818/1817
f 532/1322/1818 531/1323/1819 552/1324/1820 553/1325/1821
f 533/1326/1822 532/1322/1823 553/1325/1824 554/1327/1825
f 534/1328/1826 533/1326/1827 554/1327/1828 555/1329/1829
f 535/1330/1830 534/1328/1831 555/1329/1832 556/1331/1833
f 536/820/1834 535/823/1835 556/824/1836 557/821/1837
f 537/819/1838 536/820/1839 557/821/1840 558/822/1841
f 538/825/1842 537/819/1843 558/822/1844 559/826/1845
f 539/827/1846 538/825/1847 559/826/1848 560/828/1849
f 540/829/1850 539/827/1851 560/828/1852 561/830/1853
f 541/831/1854 540/829/1855 561/830/1856 562/832/1857
f 542/243/1858 541/247/1859 562/250/1860 563/248/1861
f 543/237/1862 542/243/1863 563/248/1864 564/244/1865
f 524/233/1866 543/237/1867 564/244/1868 544/238/1869
f 666/881/1870 665/884/1871 667/879/1872
f 668/878/1873 666/881/1874 667/879/1875
f 669/875/1876 668/878/1877 667/879/1878
f 670/876/1879 669/875/1880 667/879/1881
f 671/882/1882 670/876/1883 667/879/1884
f 672/885/1885 671/882/1886 667/879/1887
f 673/886/1888 672/885/1889 667/879/1890
f 674/887/1891 673/886/1892 667/879/1893
f 675/888/1894 674/887/1895 667/879/1896
f 676/889/1897 675/888/1898 667/879/1899
f 677/890/1900 676/889/1901 667/879/1902
f 678/891/1903 677/890/1904 667/879/1905
f 679/351/1906 678/352/1907 667/348/1908
f 680/343/1909 679/351/1910 667/348/1911
f 681/344/1912 680/343/1913 667/348/1914
f 682/349/1915 681/344/1916 667/348/1917
f 683/347/1918 682/349/1919 667/348/1920
f 684/341/1921 683/347/1922 667/348/1923
f 685/342/1924 684/341/1925 667/348/1926
f 665/350/1927 685/342/1928 667/348/1929
f 566/833/1930 565/834/1931 585/835/1932 586/836/1933
f 567/839/1934 566/833/1935 586/836/1936 587/840/1937
f 568/844/1938 567/839/1939 587/840/1940 588/845/1941
f 569/848/1942 568/844/1943 588/845/1944 589/849/1945
f 570/286/1946 569/292/1947 589/293/1948 590/287/1949
f 571/283/1950 570/286/1951 590/287/1952 591/284/1953
f 572/282/1954 571/283/1955 591/284/1956 592/285/1957
f 573/290/1958 572/282/1959 592/285/1960 593/291/1961
f 574/298/1962 573/290/1963 593/291/1964 594/299/1965
f 575/306/1966 574/298/1967 594/299/1968 595/307/1969
f 576/853/1970 575/854/1971 595/855/1972 596/856/1973
f 577/859/1974 576/853/1975 596/856/1976 597/860/1977
f 578/864/1978 577/859/1979 597/860/1980 598/865/1981
f 579/868/1982 578/864/1983 598/865/1984 599/869/1985
f 580/357/1986 579/363/1987 599/364/1988 600/358/1989
f 581/354/1990 580/357/1991 600/358/1992 601/355/1993
f 582/353/1994 581/354/1995 601/355/1996 602/356/1997
f 583/361/1998 582/353/1999 602/356/2000 603/362/2001
f 584/369/2002 583/361/2003 603/362/2004 604/370/2005
f 565/375/2006 584/369/2007 604/370/2008 585/376/2009
f 586/836/2010 585/835/2011 605/837/2012 606/838/2013
f 587/840/2014 586/836/2015 606/838/2016 607/843/2017
f 588/845/2018 587/840/2019 607/843/2020 608/847/2021
f 589/849/2022 588/845/2023 608/847/2024 609/851/2025
f 590/287/2026 589/293/2027 609/300/2028 610/294/2029
f 591/284/2030 590/287/2031 610/294/2032 611/288/2033
f 592/285/2034 591/284/2035 611/288/2036 612/289/2037
f 593/291/2038 592/285/2039 612/289/2040 613/297/2041
f 594/299/2042 593/291/2043 613/297/2044 614/305/2045
f 595/307/2046 594/299/2047 614/305/2048 615/312/2049
f 596/856/2050 595/855/2051 615/857/2052 616/858/2053
f 597/860/2054 596/856/2055 616/858/2056 617/863/2057
f 598/865/2058 597/860/2059 617/863/2060 618/867/2061
f 599/869/2062 598/865/2063 618/867/2064 619/871/2065
f 600/358/2066 599/364/2067 619/371/2068 620/365/2069
f 601/355/2070 600/358/2071 620/365/2072 621/359/2073
f 602/356/2074 601/355/2075 621/359/2076 622/360/2077
f 603/362/2078 602/356/2079 622/360/2080 623/368/2081
f 604/370/2082 603/362/2083 623/368/2084 624/374/2085
f 585/376/2086 604/370/2087 624/374/2088 605/379/2089
f 606/838/2090 605/837/2091 625/841/2092 626/842/2093
f 607/843/2094 606/838/2095 626/842/2096 627/846/2097
f 608/847/2098 607/843/2099 627/846/2100 628/850/2101
f 609/851/2102 608/847/2103 628/850/2104 629/852/2105
f 610/294/2106 609/300/2107 629/308/2108 630/301/2109
f 611/288/2110 610/294/2111 630/301/2112 631/295/2113
f 612/289/2114 611/288/2115 631/295/2116 632/296/2117
f 613/297/2118 612/289/2119 632/296/2120 633/304/2121
f 614/305/2122 613/297/2123 633/304/2124 634/311/2125
f 615/1176/2126 614/1177/2127 634/1178/2128 635/1179/2129
f 616/858/2130 615/857/2131 635/861/2132 636/862/2133
f 617/863/2134 616/858/2135 636/862/2136 637/866/2137
f 618/867/2138 617/863/2139 637/866/2140 638/870/2141
f 619/871/2142 618/867/2143 638/870/2144 639/872/2145
f 620/365/2146 619/371/2147 639/377/2148 640/372/2149
f 621/359/2150 620/365/2151 640/372/2152 641/366/2153
f 622/360/2154 621/359/2155 641/366/2156 642/367/2157
f 623/368/2158 622/360/2159 642/367/2160 643/373/2161
f 624/374/2162 623/368/2163 643/373/2164 644/378/2165
f 605/1180/2166 624/1181/2167 644/1182/2168 625/1183/2169
f 626/323/2170 625/327/2171 645/328/2172 646/324/2173
f 627/319/2174 626/323/2175 646/324/2176 647/320/2177
f 628/315/2178 627/319/2179 647/320/2180 648/316/2181
f 629/308/2182 628/315/2183 648/316/2184 649/313/2185
f 630/301/2186 629/308/2187 649/313/2188 650/309/2189
f 631/295/2190 630/301/2191 650/309/2192 651/302/2193
f 632/296/2194 631/295/2195 651/302/2196 652/303/2197
f 633/304/2198 632/296/2199 652/303/2200 653/310/2201
f 634/311/2202 633/304/2203 653/310/2204 654/314/2205
f 635/317/2206 634/311/2207 654/314/2208 655/318/2209
f 636/321/2210 635/317/2211 655/318/2212 656/322/2213
f 637/325/2214 636/321/2215 656/322/2216 657/326/2217
f 638/329/2218 637/325/2219 657/326/2220 658/330/2221
f 639/333/2222 638/329/2223 658/330/2224 659/334/2225
f 640/337/2226 639/333/2227 659/334/2228 660/338/2229
f 641/345/2230 640/337/2231 660/338/2232 661/346/2233
f 642/339/2234 641/345/2235 661/346/2236 662/340/2237
f 643/335/2238 642/339/2239 662/340/2240 663/336/2241
f 644/331/2242 643/335/2243 663/336/2244 664/332/2245
f 625/327/2246 644/331/2247 664/332/2248 645/328/2249
f 646/880/2250 645/883/2251 665/884/2252 666/881/2253
f 647/877/2254 646/880/2255 666/881/2256 668/878/2257
f 648/874/2258 647/877/2259 668/878/2260 669/875/2261
f 649/873/2262 648/874/2263 669/875/2264 670/876/2265
f 650/384/2266 649/388/2267 670/389/2268 671/385/2269
f 651/381/2270 650/384/2271 671/385/2272 672/382/2273
f 652/380/2274 651/381/2275 672/382/2276 673/383/2277
f 653/386/2278 652/380/2279 673/383/2280 674/387/2281
f 654/390/2282 653/386/2283 674/387/2284 675/391/2285
f 655/1184/2286 654/1185/2287 675/1186/2288 676/1187/2289
f 656/898/2290 655/900/2291 676/901/2292 677/899/2293
f 657/896/2294 656/898/2295 677/899/2296 678/897/2297
f 658/893/2298 657/896/2299 678/897/2300 679/894/2301
f 659/892/2302 658/893/2303 679/894/2304 680/895/2305
f 660/338/2306 659/334/2307 680/343/2308 681/344/2309
f 661/346/2310 660/338/2311 681/344/2312 682/349/2313
f 662/340/2314 661/346/2315 682/349/2316 683/347/2317
f 663/336/2318 662/340/2319 683/347/2320 684/341/2321
f 664/332/2322 663/336/2323 684/341/2324 685/342/2325
f 645/1188/2326 664/1189/2327 685/1190/2328 665/1191/2329
f 706/392/2330 707/393/2331 708/394/2332 709/395/2333
f 688/902/2334 689/903/2335 691/904/2336 690/905/2337
f 714/402/2338 715/403/2339 716/404/2340 717/405/2341
f 692/918/2342 693/919/2343 687/920/2344 686/921/2345
f 687/410/2346 693/407/2347 691/406/2348 689/411/2349
f 692/1192/2350 686/1193/2351 688/1194/2352 690/1195/2353
f 686/921/2354 687/920/2355 695/924/2356 694/925/2357
f 687/410/2358 689/411/2359 696/412/2360 695/413/2361
f 689/903/2362 688/902/2363 697/906/2364 696/907/2365
f 688/1194/2366 686/1193/2367 694/1196/2368 697/1197/2369
f 694/925/2370 695/924/2371 699/928/2372 698/929/2373
f 695/1202/2374 696/1203/2375 700/1204/2376 699/1205/2377
f 696/907/2378 697/906/2379 701/910/2380 700/911/2381
f 697/400/2382 694/401/2383 698/399/2384 701/398/2385
f 698/929/2386 699/928/2387 703/930/2388 702/931/2389
f 699/1205/2390 700/1204/2391 704/1206/2392 703/1207/2393
f 700/911/2394 701/910/2395 705/914/2396 704/915/2397
f 701/398/2398 698/399/2399 702/397/2400 705/396/2401
f 702/931/2402 703/930/2403 707/932/2404 706/933/2405
f 703/1207/2406 704/1206/2407 708/1208/2408 707/1209/2409
f 704/915/2410 705/914/2411 709/916/2412 708/917/2413
f 705/396/2414 702/397/2415 706/392/2416 709/395/2417
f 690/905/2418 691/904/2419 711/908/2420 710/909/2421
f 691/406/2422 693/407/2423 712/408/2424 711/409/2425
f 693/919/2426 692/918/2427 713/922/2428 712/923/2429
f 692/1192/2430 690/1195/2431 710/1198/2432 713/1199/2433
f 710/909/2434 711/908/2435 715/912/2436 714/913/2437
f 711/1210/2438 712/1211/2439 716/1212/2440 715/1213/2441
f 712/923/2442 713/922/2443 717/926/2444 716/927/2445
f 713/1199/2446 710/1198/2447 714/1200/2448 717/1201/2449
f 718/1214/2450 719/1215/2451 721/1216/2452 720/1217/2453
f 720/934/2454 721/935/2455 723/936/2456 722/937/2457
f 722/1224/2458 723/1225/2459 725/1226/2460 724/1227/2461
f 724/956/2462 725/957/2463 719/958/2464 718/959/2465
f 719/414/2466 725/415/2467 723/416/2468 721/417/2469
f 758/426/2470 759/428/2471 760/429/2472 761/427/2473
f 724/956/2474 718/959/2475 727/960/2476 726/961/2477
f 718/1214/2478 720/1217/2479 728/1218/2480 727/1219/2481
f 720/934/2482 722/937/2483 729/938/2484 728/939/2485
f 722/1224/2486 724/1227/2487 726/1228/2488 729/1229/2489
f 726/961/2490 727/960/2491 731/962/2492 730/963/2493
f 727/1219/2494 728/1218/2495 732/1220/2496 731/1221/2497
f 728/939/2498 729/938/2499 733/940/2500 732/941/2501
f 750/418/2502 751/419/2503 752/420/2504 753/421/2505
f 729/1229/2506 726/1228/2507 735/1230/2508 734/1231/2509
f 726/961/2510 730/963/2511 736/966/2512 735/967/2513
f 730/1240/2514 733/1241/2515 737/1237/2516 736/1236/2517
f 733/940/2518 729/938/2519 734/942/2520 737/943/2521
f 734/1231/2522 735/1230/2523 739/1232/2524 738/1233/2525
f 735/967/2526 736/966/2527 740/970/2528 739/971/2529
f 736/1236/2530 737/1237/2531 741/1238/2532 740/1239/2533
f 737/943/2534 734/942/2535 738/946/2536 741/947/2537
f 730/963/2538 731/962/2539 743/964/2540 742/965/2541
f 731/1221/2542 732/1220/2543 744/1222/2544 743/1223/2545
f 732/941/2546 733/940/2547 745/944/2548 744/945/2549
f 733/1244/2550 730/1245/2551 742/1246/2552 745/1247/2553
f 742/965/2554 743/964/2555 747/968/2556 746/969/2557
f 754/433/2558 755/432/2559 756/434/2560 757/435/2561
f 744/945/2562 745/944/2563 749/948/2564 748/949/2565
f 745/422/2566 742/423/2567 746/424/2568 749/425/2569
f 738/1233/2570 739/1232/2571 751/1234/2572 750/1235/2573
f 739/971/2574 740/970/2575 752/976/2576 751/977/2577
f 740/1239/2578 741/1238/2579 753/1242/2580 752/1243/2581
f 741/947/2582 738/946/2583 750/950/2584 753/951/2585
f 743/430/2586 744/431/2587 755/432/2588 754/433/2589
f 744/945/2590 748/949/2591 756/954/2592 755/955/2593
f 748/1358/2594 747/1359/2595 757/1360/2596 756/1361/2597
f 747/968/2598 743/964/2599 754/972/2600 757/973/2601
f 746/969/2602 747/968/2603 759/974/2604 758/975/2605
f 747/1332/2606 748/1333/2607 760/1334/2608 759/1335/2609
f 748/949/2610 749/948/2611 761/952/2612 760/953/2613
f 749/425/2614 746/424/2615 758/426/2616 761/427/2617
