# This file uses centimeters as units for non-parametric coordinates.

mtllib Weapon_Rack_v02.mtl
g default
v -6.544875 0.332615 -2.439637
v -7.310223 0.332615 -2.434297
v -7.847631 0.332615 -1.889338
v -7.842291 0.332615 -1.123990
v -7.297332 0.332615 -0.586583
v -6.531984 0.332615 -0.591923
v -5.994576 0.332615 -1.136881
v -5.999916 0.332615 -1.902230
v -6.544875 52.838585 -2.439637
v -7.310223 52.838585 -2.434297
v -7.847631 52.838585 -1.889338
v -7.842291 52.838585 -1.123990
v -7.297332 52.838585 -0.586583
v -6.531984 52.838585 -0.591923
v -5.994576 52.838585 -1.136881
v -5.999916 52.838585 -1.902230
v -6.921103 0.332615 -1.513110
v -5.937808 52.838585 -1.928465
v -5.932107 52.838585 -1.111515
v -7.322699 52.838585 -0.524113
v -6.505748 52.838585 -0.529814
v -6.519508 52.838585 -2.502106
v -7.336459 52.838585 -2.496406
v -7.910100 52.838585 -1.914705
v -7.904399 52.838585 -1.097755
v -5.937808 56.550201 -1.928465
v -5.932107 56.550201 -1.111515
v -7.322699 56.550201 -0.524113
v -6.505748 56.550201 -0.529814
v -6.519508 56.550201 -2.502106
v -7.336459 56.550201 -2.496406
v -7.910100 56.550201 -1.914705
v -7.904399 56.550201 -1.097755
v -5.749861 56.550201 -2.007856
v -5.743073 56.550201 -1.034755
v -7.399459 56.550201 -0.335079
v -6.426357 56.550201 -0.341866
v -6.442749 56.550201 -2.691141
v -7.415850 56.550201 -2.684353
v -8.099134 56.550201 -1.991465
v -8.092346 56.550201 -1.018364
v -6.869137 65.028671 -1.535061
v -6.921103 65.028671 -1.513110
v -6.868835 65.028671 -1.491886
v -6.942327 65.028671 -1.460842
v -6.899152 65.028671 -1.461144
v -6.899879 65.028671 -1.565378
v -6.943055 65.028671 -1.565076
v -6.973372 65.028671 -1.534334
v -6.973070 65.028671 -1.491159
v 1.648056 12.121704 -1.799939
v 1.233831 12.121704 -2.214646
v 0.647687 12.121704 -2.214988
v 0.232980 12.121704 -1.800764
v 0.232638 12.121704 -1.214620
v 0.646862 12.121704 -0.799913
v 1.233006 12.121704 -0.799571
v 1.647714 12.121704 -1.213795
v 1.648056 26.599678 -1.799939
v 1.233831 26.599678 -2.214646
v 0.647687 26.599678 -2.214988
v 0.232980 26.599678 -1.800764
v 0.232638 26.599678 -1.214620
v 0.646862 26.599678 -0.799913
v 1.233006 26.599678 -0.799571
v 1.647714 26.599678 -1.213795
v 0.940347 12.121704 -1.507280
v 1.653970 28.684032 -1.799934
v 1.239746 28.684032 -2.214642
v 0.653602 28.684032 -2.214984
v 0.238894 28.684032 -1.800759
v 0.238552 28.684032 -1.214616
v 0.652777 28.684032 -0.799908
v 1.238920 28.684032 -0.799566
v 1.653628 28.684032 -1.213791
v 1.648056 28.965771 -1.799939
v 1.233831 28.965771 -2.214647
v 0.940347 28.965771 -1.507280
v 0.647687 28.965771 -2.214989
v 0.232980 28.965771 -1.800765
v 0.232638 28.965771 -1.214620
v 0.646862 28.965771 -0.799913
v 1.233006 28.965771 -0.799571
v 1.647714 28.965771 -1.213796
v 1.700262 26.599730 -1.885030
v 1.253331 26.599678 -2.261647
v 1.259246 28.684032 -2.261642
v 1.706011 28.684086 -1.882923
v 0.628242 26.599678 -2.262011
v 0.634157 28.684032 -2.262007
v 0.185980 26.599678 -1.820264
v 0.191894 28.684032 -1.820260
v 0.185615 26.599678 -1.195175
v 0.191529 28.684032 -1.195171
v 0.627362 26.599678 -0.752912
v 0.633276 28.684032 -0.752908
v 1.252451 26.599678 -0.752548
v 1.258366 28.684032 -0.752543
v 1.699830 26.599731 -1.128601
v 1.705581 28.684086 -1.130702
v 3.249078 26.912062 -1.250244
v 3.249393 26.912045 -1.761744
v 3.250600 28.683990 -1.760967
v 3.250288 28.684006 -1.251028
v 4.105360 26.695148 -1.316058
v 4.105580 26.695148 -1.695036
v 4.083313 28.709347 -1.695197
v 4.083091 28.709347 -1.315921
v 4.952976 26.208858 -1.381699
v 4.953115 26.208855 -1.628501
v 4.916819 28.722553 -1.629374
v 4.916685 28.722549 -1.380866
v 6.049708 25.265373 -1.466382
v 6.049761 25.265373 -1.542661
v 6.035318 28.732246 -1.541052
v 6.035266 28.732246 -1.468007
v 13.403473 6.337367 -0.989863
v 13.532290 6.337367 -0.989863
v 13.403473 50.898815 -0.989863
v 13.532290 50.898815 -0.989863
v 13.403473 50.898815 -1.118680
v 13.532290 50.898815 -1.118680
v 13.403473 6.337367 -1.118680
v 13.532290 6.337367 -1.118680
v 19.993088 17.592113 -0.554271
v 20.679272 17.592113 -0.554271
v 19.993088 39.609352 -0.554271
v 20.679272 39.609352 -0.554271
v 19.993088 39.609352 -1.554271
v 20.679272 39.609352 -1.554271
v 19.993088 17.592113 -1.554271
v 20.679272 17.592113 -1.554271
v 19.709206 42.930824 -0.554271
v 20.382132 43.065060 -0.554271
v 20.382132 43.065060 -1.554271
v 19.709206 42.930824 -1.554271
v 19.709206 14.270638 -1.554271
v 20.382132 14.136404 -1.554271
v 20.382132 14.136404 -0.554271
v 19.709206 14.270638 -0.554271
v 18.738411 45.689888 -0.554271
v 19.342411 46.015511 -0.554271
v 19.342411 46.015511 -1.554271
v 18.738411 45.689888 -1.554271
v 18.738411 11.511576 -1.554271
v 19.342411 11.185951 -1.554271
v 19.342411 11.185951 -0.554271
v 18.738411 11.511576 -0.554271
v 16.704575 48.209480 -0.554271
v 17.172802 48.711082 -0.554271
v 17.172802 48.711082 -1.554271
v 16.704575 48.209480 -1.554271
v 16.704575 8.991989 -1.554271
v 17.172802 8.490381 -1.554271
v 17.172802 8.490381 -0.554271
v 16.704575 8.991989 -0.554271
v 15.104364 49.747952 -0.554271
v 15.358257 50.385437 -0.554271
v 15.358257 50.385437 -1.554271
v 15.104364 49.747952 -1.554271
v 15.104365 7.453516 -1.554271
v 15.358255 6.816029 -1.554271
v 15.358255 6.816029 -0.554271
v 15.104365 7.453516 -0.554271
v 13.545788 50.680824 -0.554271
v 13.956023 51.230877 -0.554271
v 13.956023 51.230877 -1.554271
v 13.545788 50.680824 -1.554271
v 13.545788 6.520638 -1.554271
v 13.956021 5.970585 -1.554271
v 13.956021 5.970585 -0.554271
v 13.545788 6.520638 -0.554271
v 18.885998 28.600731 -0.554271
v 18.885998 28.600731 -1.554271
v 20.271797 28.600731 -1.554271
v 20.271797 28.600731 -0.554271
v 18.885998 32.584370 -1.554271
v 18.885998 32.584370 -0.554271
v 20.271797 32.584370 -0.554271
v 20.271797 32.584370 -1.554271
v 18.885998 24.617096 -0.554271
v 18.885998 24.617096 -1.554271
v 20.271797 24.617096 -1.554271
v 20.271797 24.617096 -0.554271
v 13.390821 50.791962 -0.554271
v 13.801056 51.342010 -0.554271
v 13.801056 51.342010 -1.554271
v 13.390821 50.791962 -1.554271
v 13.390821 6.409502 -1.554271
v 13.801054 5.859449 -1.554271
v 13.801054 5.859449 -0.554271
v 13.390821 6.409502 -0.554271
v 13.243567 50.902023 -0.554271
v 13.653803 51.452072 -0.554271
v 13.653803 51.452072 -1.554271
v 13.243567 50.902023 -1.554271
v 13.243567 6.299438 -1.554271
v 13.653801 5.749388 -1.554271
v 13.653801 5.749388 -0.554271
v 13.243567 6.299438 -0.554271
v 13.536285 50.656219 -0.517045
v 13.977057 51.247231 -0.517045
v 13.810557 51.366615 -0.517045
v 13.369787 50.775612 -0.517045
v 13.977057 51.247231 -1.591498
v 13.810557 51.366615 -1.591498
v 13.536285 50.656219 -1.591498
v 13.369787 50.775612 -1.591498
v 13.536286 6.545242 -1.591498
v 13.977055 5.954231 -1.591498
v 13.810555 5.834845 -1.591498
v 13.369787 6.425856 -1.591498
v 13.977055 5.954231 -0.517045
v 13.810555 5.834845 -0.517045
v 13.536286 6.545242 -0.517045
v 13.369787 6.425856 -0.517045
v -17.486940 15.371337 -2.463280
v -18.023312 15.371337 -1.917302
v -18.016518 15.371337 -1.151965
v -17.470539 15.371337 -0.615594
v -17.486940 50.939102 -2.463280
v -18.023312 50.939102 -1.917302
v -18.016518 50.939102 -1.151965
v -17.470539 50.939102 -0.615594
v -17.096071 15.371337 -1.542833
v -17.486940 55.586704 -2.463280
v -18.023312 55.586704 -1.917302
v -18.016518 55.586704 -1.151965
v -17.470539 55.586704 -0.615594
v -17.486940 56.051857 -2.463280
v -17.096071 56.051857 -1.542833
v -18.023312 56.051857 -1.917302
v -18.016518 56.051857 -1.151965
v -17.470539 56.051857 -0.615594
v -17.511974 50.939102 -2.522233
v -17.511974 55.586704 -2.522233
v -18.082701 50.939102 -1.941285
v -18.082701 55.586704 -1.941285
v -18.075470 50.939102 -1.126930
v -18.075470 55.586704 -1.126930
v -17.494524 50.939102 -0.556205
v -17.494524 55.586704 -0.556205
v -19.689283 50.686928 -1.927023
v -19.682053 50.686928 -1.112668
v -19.682053 55.838879 -1.112668
v -19.689283 55.838879 -1.927023
v -21.072046 49.792397 -1.914747
v -21.064817 49.792397 -1.100391
v -21.064817 56.733410 -1.100391
v -21.072046 56.733410 -1.914747
v -22.595764 47.969841 -1.901218
v -22.588535 47.969841 -1.086864
v -22.588535 58.555965 -1.086864
v -22.595764 58.555965 -1.901218
v -23.486372 47.564468 -1.893312
v -23.479141 47.564468 -1.078957
v -23.479141 58.961334 -1.078957
v -23.486372 58.961334 -1.893312
v -24.145636 48.433193 -1.743651
v -24.140949 48.433193 -1.216888
v -24.140949 58.092583 -1.216888
v -24.145636 58.092583 -1.743651
v -24.564541 49.558605 -1.617441
v -24.562033 49.558605 -1.335625
v -24.562033 56.967171 -1.335625
v -24.564541 56.967171 -1.617441
v -24.870457 51.125484 -1.552500
v -24.869066 51.125484 -1.395115
v -24.869066 55.400291 -1.395115
v -24.870457 55.400291 -1.552500
v -17.096071 15.371337 -2.466749
v -17.096071 15.371337 -0.618917
v -17.096071 50.939102 -2.466749
v -17.096071 50.939102 -0.618917
v -17.096071 15.371337 -1.542833
v -17.096071 15.371337 -1.542834
v -17.096071 55.586704 -2.466749
v -17.096071 55.586704 -0.618917
v -17.096071 56.051857 -2.466749
v -17.096071 56.051857 -1.542833
v -17.096071 56.051857 -1.542834
v -17.096071 56.051857 -0.618917
v -17.096071 50.939102 -2.525925
v -17.096071 55.586704 -2.525925
v -17.096071 50.939102 -0.559742
v -17.096071 55.586704 -0.559742
v -16.705202 15.371337 -2.463280
v -16.168831 15.371337 -1.917302
v -16.175625 15.371337 -1.151965
v -16.721603 15.371337 -0.615594
v -16.705202 50.939102 -2.463280
v -16.168831 50.939102 -1.917302
v -16.175625 50.939102 -1.151965
v -16.721603 50.939102 -0.615594
v -16.705202 55.586704 -2.463280
v -16.168831 55.586704 -1.917302
v -16.175625 55.586704 -1.151965
v -16.721603 55.586704 -0.615594
v -16.705202 56.051857 -2.463280
v -16.168831 56.051857 -1.917302
v -16.175625 56.051857 -1.151965
v -16.721603 56.051857 -0.615594
v -16.680168 50.939102 -2.522233
v -16.680168 55.586704 -2.522233
v -16.109442 50.939102 -1.941285
v -16.109442 55.586704 -1.941285
v -16.116671 50.939102 -1.126930
v -16.116671 55.586704 -1.126930
v -16.697618 50.939102 -0.556205
v -16.697618 55.586704 -0.556205
v -14.502859 50.686928 -1.927023
v -14.510089 50.686928 -1.112668
v -14.510089 55.838879 -1.112668
v -14.502859 55.838879 -1.927023
v -13.120094 49.792397 -1.914747
v -13.127325 49.792397 -1.100391
v -13.127325 56.733410 -1.100391
v -13.120094 56.733410 -1.914747
v -11.596378 47.969841 -1.901219
v -11.603607 47.969841 -1.086864
v -11.603607 58.555965 -1.086864
v -11.596378 58.555965 -1.901219
v -10.705770 47.564468 -1.893312
v -10.713000 47.564468 -1.078957
v -10.713000 58.961334 -1.078957
v -10.705770 58.961334 -1.893312
v -10.046506 48.433193 -1.743652
v -10.051193 48.433193 -1.216888
v -10.051193 58.092583 -1.216888
v -10.046506 58.092583 -1.743652
v -9.627603 49.558605 -1.617441
v -9.630108 49.558605 -1.335625
v -9.630108 56.967171 -1.335625
v -9.627603 56.967171 -1.617441
v -9.321686 51.125484 -1.552500
v -9.323076 51.125484 -1.395115
v -9.323076 55.400291 -1.395115
v -9.321686 55.400291 -1.552500
v -12.096774 45.509384 -2.397791
v -11.389668 45.509384 -2.690684
v -10.682561 45.509384 -2.397791
v -10.389668 45.509384 -1.690684
v -10.682561 45.509384 -0.983578
v -11.389668 45.509384 -0.690684
v -12.096774 45.509384 -0.983578
v -12.389668 45.509384 -1.690684
v -12.096774 39.933083 -2.397791
v -11.389668 39.933083 -2.690684
v -10.682561 39.933083 -2.397791
v -10.389668 39.933083 -1.690684
v -10.682561 39.933083 -0.983578
v -11.389668 39.933083 -0.690684
v -12.096774 39.933083 -0.983578
v -12.389668 39.933083 -1.690684
v -12.670113 45.509384 -2.497273
v -11.389668 45.509384 -2.831373
v -10.109222 45.509384 -2.497273
v -9.578844 45.509384 -1.690684
v -10.109222 45.509384 -0.884096
v -11.389668 45.509384 -0.549996
v -12.670113 45.509384 -0.884096
v -13.200491 45.509384 -1.690684
v -12.598403 45.777874 -2.497273
v -11.389668 45.777874 -2.831373
v -10.180932 45.777874 -2.497273
v -9.680258 45.777874 -1.690684
v -10.180932 45.777874 -0.884096
v -11.389668 45.777874 -0.549996
v -12.598403 45.777874 -0.884096
v -13.099077 45.777874 -1.690684
v -12.262815 46.189362 -2.397791
v -11.389668 46.189362 -2.690684
v -10.516520 46.189362 -2.397791
v -10.154849 46.189362 -1.690684
v -10.516520 46.189362 -0.983578
v -11.389668 46.189362 -0.690684
v -12.262815 46.189362 -0.983578
v -12.624486 46.189362 -1.690684
v -11.855945 46.356705 -2.397791
v -11.389668 46.356705 -2.548537
v -11.389668 46.356705 -1.690684
v -10.923390 46.356705 -2.397791
v -10.730252 46.356705 -1.690684
v -10.923390 46.356705 -0.983578
v -11.389668 46.356705 -0.832832
v -11.855945 46.356705 -0.983578
v -12.049083 46.356705 -1.690684
v -13.064133 39.933083 -2.539076
v -11.389668 39.933083 -2.890492
v -9.715202 39.933083 -2.539076
v -9.021618 39.933083 -1.690684
v -9.715202 39.933083 -0.842292
v -11.389668 39.933083 -0.490877
v -13.064133 39.933083 -0.842292
v -13.757717 39.933083 -1.690684
v -13.064133 39.036171 -2.539076
v -11.389668 39.036171 -2.890492
v -9.715202 39.036171 -2.539076
v -9.021618 39.036171 -1.690684
v -9.715202 39.036171 -0.842292
v -11.389668 39.036171 -0.490877
v -13.064133 39.036171 -0.842292
v -13.757717 39.036171 -1.690684
v -12.432407 39.036171 -1.886946
v -11.389668 39.036171 -1.968240
v -10.346928 39.036171 -1.886946
v -9.915012 39.036171 -1.690684
v -10.346928 39.036171 -1.494423
v -11.389668 39.036171 -1.413129
v -12.432407 39.036171 -1.494423
v -12.864323 39.036171 -1.690684
v -12.432407 13.008526 -1.886946
v -11.389668 13.008526 -1.968240
v -10.346928 13.008526 -1.886946
v -9.915012 13.008526 -1.690684
v -10.346928 13.008526 -1.494423
v -11.389668 13.008526 -1.413129
v -12.432407 13.008526 -1.494423
v -12.864323 13.008526 -1.690684
v -11.708282 10.487377 -1.728062
v -11.389668 10.487377 -1.743545
v -11.389668 10.487377 -1.690684
v -11.071054 10.487377 -1.728062
v -10.939081 10.487377 -1.690684
v -11.071054 10.487377 -1.653307
v -11.389668 10.487377 -1.637824
v -11.708282 10.487377 -1.653307
v -11.840254 10.487377 -1.690684
v -2.211168 6.957275 -2.615262
v -2.976516 6.957275 -2.609923
v -3.513923 6.957275 -2.064964
v -3.508583 6.957275 -1.299616
v -2.963625 6.957275 -0.762209
v -2.198277 6.957275 -0.767548
v -1.660869 6.957275 -1.312507
v -1.666209 6.957275 -2.077855
v -2.211168 45.503387 -2.615262
v -2.976516 45.503387 -2.609923
v -3.513923 45.503387 -2.064964
v -3.508583 45.503387 -1.299616
v -2.963625 45.503387 -0.762209
v -2.198277 45.503387 -0.767548
v -1.660869 45.503387 -1.312507
v -1.666209 45.503387 -2.077855
v -2.587396 6.957275 -1.688735
v -2.211168 49.147793 -2.615262
v -2.976516 49.147793 -2.609923
v -3.513923 49.147793 -2.064964
v -3.508583 49.147793 -1.299616
v -2.963625 49.147793 -0.762209
v -2.198277 49.147793 -0.767548
v -1.660869 49.147793 -1.312507
v -1.666209 49.147793 -2.077855
v -2.132953 45.503387 -2.807879
v -3.057410 45.503387 -2.801429
v -3.057410 49.147793 -2.801429
v -2.132953 49.147793 -2.807879
v -3.706540 45.503387 -2.143178
v -3.706540 49.147793 -2.143178
v -3.700090 45.503387 -1.218722
v -3.700090 49.147793 -1.218721
v -3.041840 45.503387 -0.569592
v -3.041839 49.147793 -0.569592
v -2.117382 45.503387 -0.576042
v -2.117382 49.147793 -0.576042
v -1.468253 45.503387 -1.234291
v -1.468252 49.147793 -1.234290
v -1.474703 45.503387 -2.158750
v -1.474703 49.147793 -2.158750
v -2.211168 49.462509 -2.615262
v -2.976516 49.462509 -2.609923
v -2.587396 49.462509 -1.688735
v -3.513923 49.462509 -2.064964
v -3.508583 49.462509 -1.299616
v -2.963625 49.462509 -0.762209
v -2.198277 49.462509 -0.767548
v -1.660869 49.462509 -1.312507
v -1.666209 49.462509 -2.077855
v 1.263939 45.065308 -1.253355
v 1.257488 45.065308 -2.177814
v 1.257487 49.585869 -2.177813
v 1.263939 49.585869 -1.253354
v 3.044795 43.923119 -1.265781
v 3.038344 43.923119 -2.190239
v 3.648232 50.299286 -2.194494
v 3.654683 50.299286 -1.270036
v 4.205172 42.717178 -1.273878
v 4.198721 42.717178 -2.198335
v 6.495735 51.945992 -2.214362
v 6.502188 51.945992 -1.289905
v 5.767690 45.868462 -1.284781
v 5.761239 45.868462 -2.209237
v 6.398762 48.429920 -2.213685
v 6.405213 48.429920 -1.289229
v 9.732980 -0.941517 -2.438160
v 9.025873 -0.941517 -2.731053
v 8.318767 -0.941517 -2.438160
v 8.025873 -0.941517 -1.731053
v 8.318767 -0.941517 -1.023946
v 9.025873 -0.941517 -0.731053
v 9.732980 -0.941517 -1.023946
v 10.025873 -0.941517 -1.731053
v 9.732980 54.598083 -2.438160
v 9.025873 54.598083 -2.731053
v 8.318767 54.598083 -2.438160
v 8.025873 54.598083 -1.731053
v 8.318767 54.598083 -1.023946
v 9.025873 54.598083 -0.731053
v 9.732980 54.598083 -1.023946
v 10.025873 54.598083 -1.731053
v 9.025873 -0.941517 -1.731053
v 9.732980 56.384205 -2.438160
v 9.025873 56.384205 -2.731053
v 8.318767 56.384205 -2.438160
v 8.025873 56.384205 -1.731053
v 8.318767 56.384205 -1.023946
v 9.025873 56.384205 -0.731053
v 9.732980 56.384205 -1.023946
v 10.025873 56.384205 -1.731053
v 9.783669 54.598083 -2.488849
v 9.025873 54.598083 -2.802740
v 9.025873 56.384205 -2.802740
v 9.783669 56.384205 -2.488849
v 8.268077 54.598083 -2.488849
v 8.268077 56.384205 -2.488849
v 7.954187 54.598083 -1.731053
v 7.954187 56.384205 -1.731053
v 8.268077 54.598083 -0.973257
v 8.268077 56.384205 -0.973257
v 9.025873 54.598083 -0.659367
v 9.025873 56.384205 -0.659367
v 9.783669 54.598083 -0.973257
v 9.783669 56.384205 -0.973257
v 10.097560 54.598083 -1.731053
v 10.097560 56.384205 -1.731053
v 4.468586 53.699284 -3.251547
v 4.468583 53.699284 -1.731053
v 4.468583 57.283108 -1.731053
v 4.468586 57.283108 -3.251547
v 4.468586 53.699284 -0.210559
v 4.468586 57.283108 -0.210559
v 13.583160 53.699284 -0.210559
v 13.583162 53.699284 -1.731053
v 13.583162 57.283108 -1.731053
v 13.583160 57.283108 -0.210559
v 13.583160 53.699284 -3.251547
v 13.583160 57.283108 -3.251547
v 4.468586 53.439240 -3.472191
v 4.468583 53.439240 -1.731053
v 4.468583 57.543167 -1.731053
v 4.468586 57.543167 -3.472191
v 4.468586 53.439240 0.010085
v 4.468586 57.543167 0.010085
v 13.583160 53.439240 0.010085
v 13.583162 53.439240 -1.731053
v 13.583162 57.543167 -1.731053
v 13.583160 57.543167 0.010085
v 13.583160 53.439240 -3.472191
v 13.583160 57.543167 -3.472191
v 3.922546 53.439240 -3.472191
v 3.922543 53.439240 -1.731053
v 3.922543 57.543167 -1.731053
v 3.922546 57.543167 -3.472191
v 3.922546 53.439240 0.010085
v 3.922546 57.543167 0.010085
v 14.129200 53.439240 0.010085
v 14.129202 53.439240 -1.731053
v 14.129202 57.543167 -1.731053
v 14.129200 57.543167 0.010085
v 14.129200 53.439240 -3.472191
v 14.129200 57.543167 -3.472191
v 9.732980 56.610748 -2.438160
v 9.025873 56.610748 -2.731053
v 9.025873 56.610748 -1.731053
v 8.318767 56.610748 -2.438160
v 8.025873 56.610748 -1.731053
v 8.318767 56.610748 -1.023946
v 9.025873 56.610748 -0.731053
v 9.732980 56.610748 -1.023946
v 10.025873 56.610748 -1.731053
v -21.381996 0.734145 -0.734145
v 21.381996 0.734145 -0.734145
v -21.381996 -0.734145 -0.734145
v 21.381996 -0.734145 -0.734145
v 22.982677 -0.734145 -0.734145
v 22.982677 0.734145 -0.734145
v -22.982677 -0.734145 -0.734145
v -22.982677 0.734145 -0.734145
v 21.381996 0.734145 -7.074484
v 21.381996 -0.734145 -7.074484
v 22.982677 0.734145 -7.074484
v 22.982677 -0.734145 -7.074484
v -21.381996 0.734145 -7.074484
v -21.381996 -0.734145 -7.074484
v -22.982677 -0.734145 -7.074484
v -22.982677 0.734145 -7.074484
v 21.381996 0.734145 -8.739026
v 21.381996 -0.734145 -8.739026
v 22.982677 0.734145 -8.739026
v 22.982677 -0.734145 -8.739026
v -21.381996 0.734145 -8.739026
v -21.381996 -0.734145 -8.739026
v -22.982677 -0.734145 -8.739026
v -22.982677 0.734145 -8.739026
v 21.381996 7.431450 -0.734145
v 22.982677 7.431450 -0.734145
v -21.381996 7.431450 -0.734145
v -22.982677 7.431450 -0.734145
v 21.381996 8.994228 -0.734145
v 22.982677 8.994228 -0.734145
v -21.381996 8.994228 -0.734145
v -22.982677 8.994228 -0.734145
v -21.381996 0.734145 0.146829
v 21.381996 0.734145 0.146829
v -21.381996 -0.734145 0.146829
v 21.381996 -0.734145 0.146829
v 22.982677 -0.734145 0.146829
v 22.982677 0.734145 0.146829
v -22.982677 -0.734145 0.146829
v -22.982677 0.734145 0.146829
v 21.381996 7.431450 0.146829
v 22.982677 7.431450 0.146829
v -21.381996 7.431450 0.146829
v -22.982677 7.431450 0.146829
v 21.381996 8.994228 0.146829
v 22.982677 8.994228 0.146829
v -21.381996 8.994228 0.146829
v -22.982677 8.994228 0.146829
v -21.381996 0.734145 1.027804
v 21.381996 0.734145 1.027804
v -21.381996 -0.734145 1.027804
v 21.381996 -0.734145 1.027804
v 22.982677 -0.734145 1.027804
v 22.982677 0.734145 1.027804
v -22.982677 -0.734145 1.027804
v -22.982677 0.734145 1.027804
v 21.381996 0.734145 7.368143
v 21.381996 -0.734145 7.368143
v 22.982677 0.734145 7.368143
v 22.982677 -0.734145 7.368143
v -21.381996 0.734145 7.368143
v -21.381996 -0.734145 7.368143
v -22.982677 -0.734145 7.368143
v -22.982677 0.734145 7.368143
v 21.381996 0.734145 9.032685
v 21.381996 -0.734145 9.032685
v 22.982677 0.734145 9.032685
v 22.982677 -0.734145 9.032685
v -21.381996 0.734145 9.032685
v -21.381996 -0.734145 9.032685
v -22.982677 -0.734145 9.032685
v -22.982677 0.734145 9.032685
v 21.381996 7.431450 1.027804
v 22.982677 7.431450 1.027804
v -21.381996 7.431450 1.027804
v -22.982677 7.431450 1.027804
v 21.381996 8.994228 1.027804
v 22.982677 8.994228 1.027804
v -21.381996 8.994228 1.027804
v -22.982677 8.994228 1.027804
v 21.381996 15.877055 0.146829
v 21.381996 15.877055 -0.734145
v 22.982677 15.877055 0.146829
v 22.982677 15.877055 -0.734145
v 21.381996 15.877055 1.027804
v 22.982677 15.877055 1.027804
v -21.381996 15.877055 0.146829
v -22.982677 15.877055 0.146829
v -21.381996 15.877055 -0.734145
v -22.982677 15.877055 -0.734145
v -22.982677 15.877055 1.027804
v -21.381996 15.877055 1.027804
v 21.381996 23.606800 0.146829
v 21.381996 23.606800 -0.734145
v 22.982677 23.606800 0.146829
v 22.982677 23.606800 -0.734145
v 21.381996 23.606800 1.027804
v 22.982677 23.606800 1.027804
v -21.381996 23.606800 0.146829
v -22.982677 23.606800 0.146829
v -21.381996 23.606800 -0.734145
v -22.982677 23.606800 -0.734145
v -22.982677 23.606800 1.027804
v -21.381996 23.606800 1.027804
v 21.381996 37.329659 0.146829
v 21.381996 37.329659 -0.734145
v 22.982677 37.329659 0.146829
v 22.982677 37.329659 -0.734145
v 21.381996 37.329659 1.027804
v 22.982677 37.329659 1.027804
v -21.381996 37.329659 0.146829
v -22.982677 37.329659 0.146829
v -21.381996 37.329659 -0.734145
v -22.982677 37.329659 -0.734145
v -22.982677 37.329659 1.027804
v -21.381996 37.329659 1.027804
v 21.381996 45.690079 0.146829
v 21.381996 45.690079 -0.734145
v 22.982677 45.690079 0.146829
v 22.982677 45.690079 -0.734145
v 21.381996 45.690079 1.027804
v 22.982677 45.690079 1.027804
v -21.381996 45.690079 0.146829
v -22.982677 45.690079 0.146829
v -21.381996 45.690079 -0.734145
v -22.982677 45.690079 -0.734145
v -22.982677 45.690079 1.027804
v -21.381996 45.690079 1.027804
v 21.381996 55.852695 0.146829
v 21.381996 55.852695 -0.734145
v 22.982677 55.852695 0.146829
v 22.982677 55.852695 -0.734145
v 21.381996 55.852695 1.027804
v 22.982677 55.852695 1.027804
v -21.381996 55.852695 0.146829
v -22.982677 55.852695 0.146829
v -21.381996 55.852695 -0.734145
v -22.982677 55.852695 -0.734145
v -22.982677 55.852695 1.027804
v -21.381996 55.852695 1.027804
v 0.000000 15.877055 1.027804
v 0.000000 15.877055 0.146829
v 0.000000 15.877055 -0.734145
v 0.000000 23.606800 -0.734145
v 0.000000 23.606800 0.146829
v 0.000000 23.606800 1.027804
v -10.690998 15.877055 1.027804
v -10.690998 15.877055 0.146829
v -10.690998 15.877055 -0.734145
v -10.690998 23.606800 -0.734145
v -10.690998 23.606800 0.146829
v -10.690998 23.606800 1.027804
v 10.690998 15.877055 1.027804
v 10.690998 15.877055 0.146829
v 10.690998 15.877055 -0.734145
v 10.690998 23.606800 -0.734145
v 10.690998 23.606800 0.146829
v 10.690998 23.606800 1.027804
v 0.000000 37.329659 0.146829
v 0.000000 37.329659 -0.734145
v 0.000000 45.690079 -0.734145
v 0.000000 45.690079 0.146829
v 0.000000 45.690079 1.027804
v 0.000000 37.329659 1.027804
v 10.690998 37.329659 0.146829
v 10.690998 37.329659 -0.734145
v 10.690998 45.690079 -0.734145
v 10.690998 45.690079 0.146829
v 10.690998 45.690079 1.027804
v 10.690998 37.329659 1.027804
v -10.690998 37.329659 0.146829
v -10.690998 37.329659 -0.734145
v -10.690998 45.690079 -0.734145
v -10.690998 45.690079 0.146829
v -10.690998 45.690079 1.027804
v -10.690998 37.329659 1.027804
v -16.036497 15.877055 1.027804
v -16.036497 15.877055 0.146829
v -16.036497 15.877055 -0.734145
v -16.036497 23.606800 -0.734145
v -16.036497 23.606800 0.146829
v -16.036497 23.606800 1.027804
v -5.345499 15.877055 1.027804
v -5.345499 15.877055 0.146829
v -5.345499 15.877055 -0.734145
v -5.345499 23.606800 -0.734145
v -5.345499 23.606800 0.146829
v -5.345499 23.606800 1.027804
v 5.345499 15.877055 1.027804
v 5.345499 15.877055 0.146829
v 5.345499 15.877055 -0.734145
v 5.345499 23.606800 -0.734145
v 5.345499 23.606800 0.146829
v 5.345499 23.606800 1.027804
v 16.036497 15.877055 1.027804
v 16.036497 15.877055 0.146829
v 16.036497 15.877055 -0.734145
v 16.036497 23.606800 -0.734145
v 16.036497 23.606800 0.146829
v 16.036497 23.606800 1.027804
v 16.036497 37.329659 0.146829
v 16.036497 37.329659 -0.734145
v 16.036497 45.690079 -0.734145
v 16.036497 45.690079 0.146829
v 16.036497 45.690079 1.027804
v 16.036497 37.329659 1.027804
v 5.345499 37.329659 0.146829
v 5.345499 37.329659 -0.734145
v 5.345499 45.690079 -0.734145
v 5.345499 45.690079 0.146829
v 5.345499 45.690079 1.027804
v 5.345499 37.329659 1.027804
v -5.345499 37.329659 0.146829
v -5.345499 37.329659 -0.734145
v -5.345499 45.690079 -0.734145
v -5.345499 45.690079 0.146829
v -5.345499 45.690079 1.027804
v -5.345499 37.329659 1.027804
v -16.036497 37.329659 0.146829
v -16.036497 37.329659 -0.734145
v -16.036497 45.690079 -0.734145
v -16.036497 45.690079 0.146829
v -16.036497 45.690079 1.027804
v -16.036497 37.329659 1.027804
vt 0.926587 0.426261
vt 0.932273 0.426261
vt 0.932273 0.816303
vt 0.926587 0.816303
vt 0.936265 0.426261
vt 0.936265 0.816303
vt 0.922539 0.426261
vt 0.922539 0.816303
vt 0.894905 0.426261
vt 0.900591 0.426261
vt 0.900591 0.816303
vt 0.894905 0.816303
vt 0.904583 0.426261
vt 0.904583 0.816303
vt 0.890857 0.426261
vt 0.890857 0.816303
vt 0.238187 0.805247
vt 0.244256 0.805247
vt 0.244256 0.832819
vt 0.238187 0.832819
vt 0.248517 0.805247
vt 0.248517 0.832819
vt 0.233866 0.805247
vt 0.233866 0.832819
vt 0.205196 0.793401
vt 0.211265 0.793401
vt 0.211265 0.820973
vt 0.205196 0.820973
vt 0.215526 0.793401
vt 0.215526 0.820973
vt 0.200875 0.793401
vt 0.200875 0.820973
vt 0.619305 0.766470
vt 0.626534 0.766470
vt 0.623022 0.829453
vt 0.622701 0.829453
vt 0.631610 0.766470
vt 0.623247 0.829453
vt 0.614158 0.766470
vt 0.622473 0.829453
vt 0.658284 0.766470
vt 0.665513 0.766470
vt 0.662001 0.829453
vt 0.661680 0.829453
vt 0.670589 0.766470
vt 0.662226 0.829453
vt 0.653137 0.766470
vt 0.661452 0.829453
vt 0.126099 0.642328
vt 0.130453 0.642328
vt 0.130453 0.749878
vt 0.126099 0.749878
vt 0.133534 0.642328
vt 0.133534 0.749878
vt 0.123022 0.642328
vt 0.123022 0.749878
vt 0.096865 0.545757
vt 0.101219 0.545757
vt 0.101219 0.653307
vt 0.096865 0.653307
vt 0.104300 0.545757
vt 0.104300 0.653307
vt 0.093788 0.545757
vt 0.093788 0.653307
vt 0.014338 0.665232
vt 0.018982 0.665232
vt 0.018982 0.680716
vt 0.014338 0.680716
vt 0.022267 0.665232
vt 0.022267 0.680716
vt 0.011057 0.665232
vt 0.011057 0.680716
vt 0.073032 0.665232
vt 0.073599 0.665232
vt 0.073587 0.690986
vt 0.073044 0.690986
vt 0.296479 0.869323
vt 0.296479 0.864969
vt 0.298572 0.864969
vt 0.298572 0.869323
vt 0.296479 0.861888
vt 0.298572 0.861888
vt 0.296479 0.872400
vt 0.298572 0.872400
vt 0.286734 0.837991
vt 0.286734 0.833637
vt 0.288827 0.833637
vt 0.288827 0.837991
vt 0.286734 0.830556
vt 0.288827 0.830556
vt 0.286734 0.841068
vt 0.288827 0.841068
vt 0.599057 0.426261
vt 0.600014 0.426261
vt 0.600014 0.757287
vt 0.599057 0.757287
vt 0.591965 0.426261
vt 0.592922 0.426261
vt 0.592922 0.757287
vt 0.591965 0.757287
vt 0.738864 0.513600
vt 0.746292 0.513600
vt 0.746292 0.565785
vt 0.738864 0.565785
vt 0.738864 0.487929
vt 0.746292 0.487929
vt 0.746292 0.595378
vt 0.738864 0.595378
vt 0.738864 0.466012
vt 0.746292 0.466012
vt 0.746292 0.624971
vt 0.738864 0.624971
vt 0.738864 0.445988
vt 0.746292 0.445988
vt 0.746292 0.677156
vt 0.738864 0.677156
vt 0.738864 0.433550
vt 0.746292 0.433550
vt 0.746292 0.702827
vt 0.738864 0.702827
vt 0.738864 0.427269
vt 0.746292 0.427269
vt 0.746292 0.724744
vt 0.738864 0.724744
vt 0.738587 0.427148
vt 0.746569 0.427148
vt 0.746292 0.744768
vt 0.738864 0.744768
vt 0.738864 0.431355
vt 0.738587 0.431538
vt 0.738587 0.426261
vt 0.746569 0.426261
vt 0.746292 0.431355
vt 0.746569 0.431538
vt 0.746292 0.757206
vt 0.738864 0.757206
vt 0.746292 0.763487
vt 0.738864 0.763487
vt 0.746569 0.763608
vt 0.738587 0.763608
vt 0.746292 0.759401
vt 0.746569 0.759218
vt 0.746569 0.764495
vt 0.738587 0.764495
vt 0.738864 0.759401
vt 0.738587 0.759218
vt 0.578401 0.508506
vt 0.585829 0.508506
vt 0.585829 0.560691
vt 0.578401 0.560691
vt 0.578401 0.483832
vt 0.585829 0.483832
vt 0.585829 0.590284
vt 0.578401 0.590284
vt 0.578401 0.463336
vt 0.585829 0.463336
vt 0.585829 0.619876
vt 0.578401 0.619876
vt 0.578401 0.444619
vt 0.585829 0.444619
vt 0.585829 0.672061
vt 0.578401 0.672061
vt 0.578401 0.433191
vt 0.585829 0.433191
vt 0.585829 0.696735
vt 0.578401 0.696735
vt 0.578401 0.426261
vt 0.585829 0.426261
vt 0.585829 0.717231
vt 0.578401 0.717231
vt 0.585829 0.735948
vt 0.578401 0.735948
vt 0.585829 0.747376
vt 0.578401 0.747376
vt 0.585829 0.754306
vt 0.578401 0.754306
vt 0.350297 0.865066
vt 0.350297 0.857638
vt 0.350480 0.857361
vt 0.350480 0.865343
vt 0.346211 0.857638
vt 0.346089 0.857361
vt 0.346211 0.865066
vt 0.346089 0.865343
vt 0.347028 0.857638
vt 0.347028 0.865066
vt 0.345203 0.865343
vt 0.345203 0.857361
vt 0.368773 0.857638
vt 0.368773 0.865066
vt 0.368590 0.865343
vt 0.368590 0.857361
vt 0.357079 0.857638
vt 0.357079 0.865066
vt 0.356896 0.865343
vt 0.356896 0.857361
vt 0.361165 0.865066
vt 0.361287 0.865343
vt 0.361165 0.857638
vt 0.361287 0.857361
vt 0.360348 0.865066
vt 0.360348 0.857638
vt 0.362174 0.857361
vt 0.362174 0.865343
vt 0.376386 0.865066
vt 0.376386 0.857638
vt 0.376569 0.857361
vt 0.376569 0.865343
vt 0.224004 0.426261
vt 0.229690 0.426261
vt 0.229690 0.690477
vt 0.224004 0.690477
vt 0.233674 0.426261
vt 0.233674 0.690477
vt 0.219948 0.426261
vt 0.219948 0.690477
vt 0.236644 0.743047
vt 0.237813 0.743047
vt 0.237813 0.774802
vt 0.236644 0.774802
vt 0.236162 0.731407
vt 0.238255 0.731407
vt 0.238255 0.786442
vt 0.236162 0.786442
vt 0.235224 0.723047
vt 0.239137 0.723047
vt 0.239137 0.794802
vt 0.235224 0.794802
vt 0.234112 0.716593
vt 0.240162 0.716593
vt 0.240162 0.801255
vt 0.234112 0.801255
vt 0.173695 0.841135
vt 0.173695 0.835449
vt 0.177150 0.835449
vt 0.177150 0.841135
vt 0.173695 0.831465
vt 0.177150 0.831465
vt 0.173695 0.845191
vt 0.177150 0.845191
vt 0.186116 0.426261
vt 0.186116 0.690477
vt 0.180431 0.690477
vt 0.180431 0.426261
vt 0.190172 0.426261
vt 0.190172 0.690477
vt 0.176446 0.690477
vt 0.176446 0.426261
vt 0.251273 0.743047
vt 0.251273 0.774802
vt 0.250104 0.774802
vt 0.250104 0.743047
vt 0.249662 0.786442
vt 0.251755 0.786442
vt 0.251755 0.731407
vt 0.249662 0.731407
vt 0.248780 0.794802
vt 0.252693 0.794802
vt 0.252693 0.723047
vt 0.248780 0.723047
vt 0.247755 0.801255
vt 0.253804 0.801255
vt 0.253804 0.716593
vt 0.247755 0.716593
vt 0.183440 0.836020
vt 0.186895 0.836020
vt 0.186895 0.841705
vt 0.183440 0.841705
vt 0.183440 0.831964
vt 0.186895 0.831964
vt 0.186895 0.845690
vt 0.183440 0.845690
vt 0.604516 0.874402
vt 0.599263 0.874402
vt 0.599263 0.832978
vt 0.604516 0.832978
vt 0.594011 0.874402
vt 0.594011 0.832978
vt 0.571234 0.871421
vt 0.565982 0.871421
vt 0.565982 0.829997
vt 0.571234 0.829997
vt 0.560729 0.871421
vt 0.560729 0.829997
vt 0.275539 0.426261
vt 0.281225 0.426261
vt 0.281225 0.712602
vt 0.275539 0.712602
vt 0.285217 0.426261
vt 0.285217 0.712602
vt 0.271491 0.426261
vt 0.271491 0.712602
vt 0.243858 0.426261
vt 0.249543 0.426261
vt 0.249543 0.712602
vt 0.243858 0.712602
vt 0.253535 0.426261
vt 0.253535 0.712602
vt 0.239809 0.426261
vt 0.239809 0.712602
vt 0.170846 0.800401
vt 0.177714 0.800401
vt 0.177714 0.827473
vt 0.170846 0.827473
vt 0.182536 0.800401
vt 0.182536 0.827473
vt 0.165956 0.800401
vt 0.165956 0.827473
vt 0.475863 0.771335
vt 0.482731 0.771335
vt 0.482764 0.790363
vt 0.475896 0.790363
vt 0.475782 0.747926
vt 0.482650 0.747926
vt 0.482769 0.816483
vt 0.475901 0.816483
vt 0.193184 0.841642
vt 0.193184 0.835956
vt 0.195522 0.835956
vt 0.195522 0.841642
vt 0.193184 0.831964
vt 0.195522 0.831964
vt 0.193184 0.845690
vt 0.195522 0.845690
vt 0.202929 0.834642
vt 0.202929 0.828957
vt 0.205267 0.828957
vt 0.205267 0.834642
vt 0.202929 0.824965
vt 0.205267 0.824965
vt 0.202929 0.838690
vt 0.205267 0.838690
vt 0.987502 0.418481
vt 0.992755 0.418481
vt 0.992755 0.831059
vt 0.987502 0.831059
vt 0.998008 0.418481
vt 0.998008 0.831059
vt 0.954221 0.426261
vt 0.959474 0.426261
vt 0.959474 0.838839
vt 0.954221 0.838839
vt 0.964726 0.426261
vt 0.964726 0.838839
vt 0.391429 0.822883
vt 0.404363 0.822883
vt 0.404363 0.853370
vt 0.391429 0.853370
vt 0.417297 0.822883
vt 0.417297 0.853370
vt 0.359426 0.822883
vt 0.372360 0.822883
vt 0.372360 0.853370
vt 0.359426 0.853370
vt 0.385294 0.822883
vt 0.385294 0.853370
vt 0.351651 0.824815
vt 0.340356 0.824815
vt 0.340356 0.822883
vt 0.353290 0.822883
vt 0.329061 0.824815
vt 0.327422 0.822883
vt 0.351651 0.851438
vt 0.353290 0.853370
vt 0.329061 0.851438
vt 0.327422 0.853370
vt 0.340356 0.851438
vt 0.340356 0.853370
vt 0.319648 0.829343
vt 0.308353 0.829343
vt 0.308353 0.827411
vt 0.321287 0.827411
vt 0.297058 0.829343
vt 0.295419 0.827411
vt 0.319648 0.855965
vt 0.321287 0.857897
vt 0.297058 0.855965
vt 0.295419 0.857897
vt 0.308353 0.855965
vt 0.308353 0.857897
vt 0.315968 0.872394
vt 0.315968 0.867141
vt 0.317651 0.867141
vt 0.317651 0.872394
vt 0.315968 0.861888
vt 0.317651 0.861888
vt 0.335458 0.867867
vt 0.335458 0.862614
vt 0.337141 0.862614
vt 0.337141 0.867867
vt 0.335458 0.857361
vt 0.337141 0.857361
vt 0.061457 0.001912
vt 0.068001 0.001912
vt 0.068001 0.012819
vt 0.061457 0.012819
vt 0.074545 0.001912
vt 0.074545 0.012819
vt 0.068001 0.062570
vt 0.061457 0.062570
vt 0.014357 0.012819
vt 0.014357 0.001912
vt 0.121645 0.001912
vt 0.121645 0.012819
vt 0.074545 0.062570
vt 0.068001 0.074180
vt 0.061457 0.074180
vt 0.001992 0.012819
vt 0.001992 0.001912
vt 0.134010 0.001912
vt 0.134010 0.012819
vt 0.074545 0.074180
vt 0.068001 0.125309
vt 0.061457 0.125309
vt 0.074545 0.125309
vt 0.068001 0.182730
vt 0.061457 0.182730
vt 0.074545 0.182730
vt 0.068001 0.284670
vt 0.061457 0.284670
vt 0.074545 0.284670
vt 0.068001 0.346776
vt 0.061457 0.346776
vt 0.074545 0.346776
vt 0.068001 0.422269
vt 0.061457 0.422269
vt 0.074545 0.422269
vt 0.857325 0.837059
vt 0.868232 0.837059
vt 0.868232 0.884159
vt 0.857325 0.884159
vt 0.561978 0.012819
vt 0.561978 0.001912
vt 0.609078 0.001912
vt 0.609078 0.012819
vt 0.555434 0.012819
vt 0.555434 0.001912
vt 0.621443 0.001912
vt 0.621443 0.012819
vt 0.548890 0.012819
vt 0.548890 0.001912
vt 0.555434 0.062570
vt 0.561978 0.062570
vt 0.561978 0.074180
vt 0.548890 0.062570
vt 0.501790 0.012819
vt 0.501790 0.001912
vt 0.555434 0.074180
vt 0.548890 0.074180
vt 0.489425 0.012819
vt 0.489425 0.001912
vt 0.561978 0.125309
vt 0.555434 0.125309
vt 0.548890 0.125309
vt 0.561978 0.182730
vt 0.555434 0.182730
vt 0.548890 0.182730
vt 0.561978 0.284670
vt 0.555434 0.284670
vt 0.548890 0.284670
vt 0.561978 0.346776
vt 0.555434 0.346776
vt 0.548890 0.346776
vt 0.561978 0.422269
vt 0.555434 0.422269
vt 0.548890 0.422269
vt 0.833163 0.884159
vt 0.822256 0.884159
vt 0.822256 0.837059
vt 0.833163 0.837059
vt 0.965695 0.905594
vt 0.972240 0.905594
vt 0.972240 0.955345
vt 0.965695 0.955345
vt 0.978784 0.905594
vt 0.978784 0.955345
vt 0.692116 0.771707
vt 0.704481 0.771707
vt 0.751581 0.821459
vt 0.751581 0.833068
vt 0.805480 0.771707
vt 0.817845 0.771707
vt 0.758380 0.833068
vt 0.758380 0.821459
vt 0.916964 0.957933
vt 0.916964 0.908182
vt 0.923508 0.908182
vt 0.923508 0.957933
vt 0.910419 0.957933
vt 0.910419 0.908182
vt 0.751136 0.884159
vt 0.751136 0.837059
vt 0.762043 0.837059
vt 0.762043 0.884159
vt 0.726974 0.837059
vt 0.726974 0.884159
vt 0.716067 0.884159
vt 0.716067 0.837059
vt 0.884109 0.771707
vt 0.824645 0.833068
vt 0.824645 0.821459
vt 0.871744 0.771707
vt 0.903274 0.842830
vt 0.950374 0.892581
vt 0.950374 0.904190
vt 0.890909 0.842830
vt 0.980561 0.842830
vt 0.987105 0.842830
vt 0.987105 0.893959
vt 0.980561 0.893959
vt 0.993650 0.842830
vt 0.993650 0.893959
vt 0.991464 0.897951
vt 0.998008 0.897951
vt 0.998008 0.949080
vt 0.991464 0.949080
vt 0.984919 0.897951
vt 0.984919 0.949080
vt 0.152256 0.642328
vt 0.158801 0.642328
vt 0.158801 0.744269
vt 0.152256 0.744269
vt 0.165345 0.642328
vt 0.165345 0.744269
vt 0.178290 0.694469
vt 0.184834 0.694469
vt 0.184834 0.796409
vt 0.178290 0.796409
vt 0.171746 0.694469
vt 0.171746 0.796409
vt 0.284785 0.716593
vt 0.291329 0.716593
vt 0.291329 0.792087
vt 0.284785 0.792087
vt 0.297874 0.716593
vt 0.297874 0.792087
vt 0.310819 0.747926
vt 0.317363 0.747926
vt 0.317363 0.823419
vt 0.310819 0.823419
vt 0.304275 0.747926
vt 0.304275 0.823419
vt 0.109419 0.794538
vt 0.109379 0.788853
vt 0.116262 0.791647
vt 0.113371 0.784804
vt 0.113467 0.798530
vt 0.119057 0.784765
vt 0.119153 0.798490
vt 0.123105 0.788757
vt 0.123145 0.794442
vt 0.583749 0.878945
vt 0.583363 0.878781
vt 0.583751 0.878624
vt 0.583521 0.879170
vt 0.583526 0.878395
vt 0.583200 0.879168
vt 0.583205 0.878393
vt 0.582975 0.878939
vt 0.582977 0.878618
vt 0.055205 0.695085
vt 0.049520 0.695124
vt 0.049325 0.694663
vt 0.055394 0.694621
vt 0.045528 0.699173
vt 0.045064 0.698984
vt 0.059254 0.699077
vt 0.059715 0.698882
vt 0.045568 0.704858
vt 0.045106 0.705053
vt 0.059293 0.704762
vt 0.059757 0.704951
vt 0.049616 0.708850
vt 0.049427 0.709314
vt 0.055301 0.708810
vt 0.055496 0.709272
vt 0.040137 0.666637
vt 0.034068 0.666679
vt 0.033478 0.665283
vt 0.040707 0.665232
vt 0.029807 0.671000
vt 0.028403 0.670430
vt 0.044458 0.670898
vt 0.045854 0.670308
vt 0.029849 0.677069
vt 0.028453 0.677659
vt 0.044500 0.676967
vt 0.045905 0.677537
vt 0.034170 0.681330
vt 0.033600 0.682734
vt 0.040239 0.681288
vt 0.040829 0.682684
vt 0.259090 0.839727
vt 0.262167 0.842808
vt 0.256910 0.844982
vt 0.262165 0.847162
vt 0.254736 0.839725
vt 0.259084 0.850239
vt 0.251655 0.842802
vt 0.254730 0.850237
vt 0.251653 0.847156
vt 0.279708 0.838330
vt 0.276631 0.841410
vt 0.274451 0.836156
vt 0.272277 0.841413
vt 0.279705 0.833975
vt 0.269196 0.838336
vt 0.276625 0.830898
vt 0.269193 0.833982
vt 0.272271 0.830901
vt 0.648073 0.866142
vt 0.644992 0.869219
vt 0.644643 0.869075
vt 0.647441 0.865755
vt 0.644990 0.873574
vt 0.644641 0.873718
vt 0.652427 0.866145
vt 0.653060 0.865758
vt 0.648067 0.876654
vt 0.647922 0.877004
vt 0.648357 0.854247
vt 0.652156 0.854249
vt 0.655504 0.869226
vt 0.655854 0.869081
vt 0.652421 0.876657
vt 0.652566 0.877006
vt 0.648852 0.847887
vt 0.651668 0.847888
vt 0.655502 0.873580
vt 0.655851 0.873725
vt 0.649347 0.841591
vt 0.651180 0.841592
vt 0.649984 0.833444
vt 0.650551 0.833445
vt 0.638153 0.869068
vt 0.635073 0.865991
vt 0.635689 0.865605
vt 0.638503 0.868923
vt 0.630719 0.865994
vt 0.630101 0.865608
vt 0.638156 0.873422
vt 0.638505 0.873567
vt 0.627641 0.869074
vt 0.627292 0.868930
vt 0.630995 0.854133
vt 0.634783 0.854131
vt 0.635079 0.876503
vt 0.635224 0.876852
vt 0.627644 0.873428
vt 0.627295 0.873573
vt 0.631477 0.847946
vt 0.634295 0.847945
vt 0.630725 0.876506
vt 0.630580 0.876855
vt 0.631960 0.841754
vt 0.633806 0.841753
vt 0.632607 0.833444
vt 0.633150 0.833444
vt 0.567383 0.875412
vt 0.568340 0.875412
vt 0.568340 0.876369
vt 0.567383 0.876369
vt 0.575179 0.878393
vt 0.576136 0.878393
vt 0.576136 0.879350
vt 0.575179 0.879350
vt 0.066528 0.704884
vt 0.066502 0.701980
vt 0.073366 0.701980
vt 0.066528 0.699076
vt 0.070584 0.708868
vt 0.073366 0.701980
vt 0.070584 0.695092
vt 0.076269 0.708817
vt 0.076269 0.695142
vt 0.080254 0.704762
vt 0.073366 0.701980
vt 0.080254 0.699198
vt 0.080229 0.701980
vt 0.101666 0.704884
vt 0.097611 0.708868
vt 0.094829 0.701980
vt 0.094829 0.701980
vt 0.091925 0.708818
vt 0.101666 0.699076
vt 0.097611 0.695092
vt 0.101692 0.701980
vt 0.087941 0.704762
vt 0.094829 0.701980
vt 0.091925 0.695142
vt 0.087966 0.701980
vt 0.087941 0.699198
vt 0.205402 0.744843
vt 0.205428 0.741939
vt 0.205867 0.741939
vt 0.205840 0.745029
vt 0.205402 0.739036
vt 0.205840 0.738850
vt 0.201346 0.748827
vt 0.201524 0.749268
vt 0.201346 0.735051
vt 0.201524 0.734610
vt 0.195661 0.748777
vt 0.195475 0.749215
vt 0.195661 0.735102
vt 0.195475 0.734664
vt 0.201418 0.761203
vt 0.195369 0.761149
vt 0.191676 0.744721
vt 0.191235 0.744899
vt 0.191676 0.739157
vt 0.191235 0.738979
vt 0.195369 0.722729
vt 0.201418 0.722676
vt 0.201327 0.771475
vt 0.195278 0.771421
vt 0.191262 0.741939
vt 0.191701 0.741939
vt 0.195278 0.712457
vt 0.201327 0.712404
vt 0.201227 0.782794
vt 0.195177 0.782740
vt 0.195177 0.701138
vt 0.201227 0.701085
vt 0.201168 0.789410
vt 0.195119 0.789356
vt 0.195119 0.694522
vt 0.201168 0.694469
vt 0.213139 0.744843
vt 0.217195 0.748827
vt 0.217017 0.749268
vt 0.212701 0.745029
vt 0.222880 0.748777
vt 0.223066 0.749215
vt 0.212674 0.741939
vt 0.213113 0.741939
vt 0.226865 0.744721
vt 0.227306 0.744899
vt 0.223172 0.761149
vt 0.217123 0.761203
vt 0.212701 0.738850
vt 0.213139 0.739036
vt 0.226840 0.741939
vt 0.227280 0.741939
vt 0.223263 0.771421
vt 0.217214 0.771475
vt 0.217017 0.734610
vt 0.217195 0.735051
vt 0.226865 0.739157
vt 0.227306 0.738979
vt 0.223364 0.782740
vt 0.217314 0.782794
vt 0.223066 0.734664
vt 0.222880 0.735102
vt 0.223423 0.789356
vt 0.217373 0.789410
vt 0.217123 0.722675
vt 0.223172 0.722729
vt 0.217214 0.712403
vt 0.223263 0.712457
vt 0.217314 0.701084
vt 0.223364 0.701138
vt 0.217373 0.694469
vt 0.223423 0.694522
vt 0.065841 0.677931
vt 0.064721 0.681394
vt 0.059468 0.677931
vt 0.066897 0.677931
vt 0.064721 0.684417
vt 0.059468 0.682829
vt 0.064721 0.674467
vt 0.059468 0.687104
vt 0.064721 0.671444
vt 0.054216 0.681394
vt 0.059468 0.673032
vt 0.065460 0.686910
vt 0.059468 0.690629
vt 0.054216 0.684417
vt 0.059468 0.668758
vt 0.053096 0.677931
vt 0.054216 0.674467
vt 0.053477 0.686910
vt 0.052040 0.677931
vt 0.059468 0.665232
vt 0.065460 0.668952
vt 0.054216 0.671444
vt 0.053477 0.668952
vt 0.407684 0.863075
vt 0.407569 0.860708
vt 0.407962 0.860708
vt 0.407684 0.858341
vt 0.407962 0.864055
vt 0.407962 0.857361
vt 0.408239 0.863075
vt 0.408239 0.858341
vt 0.408354 0.860708
vt 0.143919 0.767321
vt 0.146095 0.772574
vt 0.145356 0.776833
vt 0.142874 0.767321
vt 0.151347 0.774750
vt 0.151347 0.780773
vt 0.146095 0.762069
vt 0.145356 0.757810
vt 0.156600 0.772574
vt 0.157339 0.776833
vt 0.151347 0.759893
vt 0.151347 0.753870
vt 0.158776 0.767321
vt 0.159821 0.767321
vt 0.156600 0.762069
vt 0.157339 0.757810
vt 0.487155 0.845660
vt 0.489331 0.840407
vt 0.490815 0.840407
vt 0.488205 0.852846
vt 0.487155 0.835154
vt 0.488205 0.827968
vt 0.481903 0.847835
vt 0.481903 0.857998
vt 0.481903 0.832978
vt 0.481903 0.822816
vt 0.476650 0.845660
vt 0.475600 0.852846
vt 0.476650 0.835154
vt 0.475600 0.827968
vt 0.474474 0.840407
vt 0.472990 0.840407
vt 0.426043 0.852846
vt 0.423433 0.840407
vt 0.430284 0.840407
vt 0.430888 0.848153
vt 0.426043 0.827968
vt 0.430888 0.832661
vt 0.432345 0.857998
vt 0.432345 0.851361
vt 0.432345 0.822816
vt 0.432345 0.829452
vt 0.438648 0.852846
vt 0.433803 0.848153
vt 0.438648 0.827968
vt 0.433803 0.832661
vt 0.441258 0.840407
vt 0.434407 0.840407
vt 0.134810 0.784804
vt 0.140495 0.784765
vt 0.137701 0.791647
vt 0.144544 0.788757
vt 0.130818 0.788852
vt 0.144583 0.794442
vt 0.130857 0.794538
vt 0.140591 0.798490
vt 0.134906 0.798530
vt 0.166022 0.835553
vt 0.165982 0.841238
vt 0.159139 0.838348
vt 0.161934 0.845230
vt 0.162030 0.831505
vt 0.156248 0.845191
vt 0.156344 0.831465
vt 0.152256 0.841142
vt 0.152296 0.835457
vt 0.958604 0.890494
vt 0.958644 0.896180
vt 0.957222 0.896780
vt 0.957174 0.889913
vt 0.962692 0.900172
vt 0.962111 0.901603
vt 0.962597 0.886446
vt 0.961996 0.885023
vt 0.968378 0.900132
vt 0.968979 0.901555
vt 0.968282 0.886406
vt 0.968863 0.884975
vt 0.972370 0.896084
vt 0.973801 0.896665
vt 0.961854 0.864727
vt 0.968721 0.864679
vt 0.972330 0.890398
vt 0.973753 0.889797
vt 0.961762 0.851498
vt 0.968629 0.851450
vt 0.961702 0.842878
vt 0.968569 0.842830
vt 0.276554 0.787006
vt 0.276594 0.781321
vt 0.278025 0.780740
vt 0.277977 0.787607
vt 0.272602 0.777273
vt 0.273203 0.775850
vt 0.272506 0.790998
vt 0.273087 0.792429
vt 0.266916 0.777233
vt 0.266335 0.775802
vt 0.266821 0.790959
vt 0.266220 0.792381
vt 0.262868 0.781225
vt 0.261446 0.780624
vt 0.266477 0.755506
vt 0.273344 0.755554
vt 0.262829 0.786911
vt 0.261398 0.787492
vt 0.266601 0.737746
vt 0.273468 0.737794
vt 0.266748 0.716593
vt 0.273616 0.716641
vt 0.009421 0.684707
vt 0.014673 0.686883
vt 0.009421 0.692136
vt 0.016849 0.692136
vt 0.004168 0.686883
vt 0.014673 0.697389
vt 0.001992 0.692136
vt 0.009421 0.699565
vt 0.004168 0.697389
vt 0.036307 0.699407
vt 0.031054 0.701583
vt 0.031054 0.694154
vt 0.025801 0.699407
vt 0.038482 0.694154
vt 0.023625 0.694154
vt 0.036307 0.688902
vt 0.025801 0.688902
vt 0.031054 0.686726
vt 0.561732 0.786899
vt 0.559556 0.792152
vt 0.559023 0.792152
vt 0.561355 0.786522
vt 0.561732 0.797405
vt 0.561355 0.797781
vt 0.566985 0.784723
vt 0.566985 0.784191
vt 0.566985 0.799580
vt 0.566985 0.800113
vt 0.555689 0.758298
vt 0.566985 0.758298
vt 0.572237 0.786899
vt 0.572614 0.786522
vt 0.572237 0.797405
vt 0.572614 0.797781
vt 0.566985 0.826006
vt 0.555689 0.826006
vt 0.578280 0.758298
vt 0.574413 0.792152
vt 0.574946 0.792152
vt 0.578280 0.826006
vt 0.603647 0.795133
vt 0.601471 0.789880
vt 0.601848 0.789503
vt 0.604180 0.795133
vt 0.596219 0.787704
vt 0.596219 0.787172
vt 0.601471 0.800385
vt 0.601848 0.800762
vt 0.590966 0.789880
vt 0.590589 0.789503
vt 0.596219 0.761279
vt 0.607514 0.761279
vt 0.596219 0.802561
vt 0.596219 0.803094
vt 0.588790 0.795133
vt 0.588258 0.795133
vt 0.584924 0.761279
vt 0.607514 0.828987
vt 0.596219 0.828987
vt 0.590966 0.800385
vt 0.590589 0.800762
vt 0.584924 0.828987
vt 0.114365 0.753870
vt 0.114365 0.766804
vt 0.110309 0.766804
vt 0.110309 0.753870
vt 0.114365 0.779738
vt 0.110309 0.779738
vt 0.104174 0.670233
vt 0.104174 0.683167
vt 0.100118 0.683167
vt 0.100118 0.670233
vt 0.104174 0.657299
vt 0.100118 0.657299
vt 0.089926 0.691100
vt 0.089926 0.678166
vt 0.093982 0.678166
vt 0.093982 0.691100
vt 0.089926 0.665232
vt 0.093982 0.665232
vt 0.079734 0.678166
vt 0.079734 0.665232
vt 0.083791 0.665232
vt 0.083791 0.678166
vt 0.079734 0.691100
vt 0.083791 0.691100
vt 0.812169 0.755825
vt 0.812169 0.438151
vt 0.818713 0.438151
vt 0.818713 0.755825
vt 0.818713 0.426261
vt 0.812169 0.426261
vt 0.825257 0.755825
vt 0.825257 0.438151
vt 0.818713 0.767716
vt 0.812169 0.767716
vt 0.825257 0.426261
vt 0.765069 0.438151
vt 0.765069 0.426261
vt 0.825257 0.767716
vt 0.765069 0.767716
vt 0.765069 0.755825
vt 0.872357 0.426261
vt 0.872357 0.438151
vt 0.752704 0.438151
vt 0.752704 0.426261
vt 0.872357 0.755825
vt 0.872357 0.767716
vt 0.752704 0.767716
vt 0.752704 0.755825
vt 0.884722 0.426261
vt 0.884722 0.438151
vt 0.884722 0.755825
vt 0.884722 0.767716
vt 0.212674 0.838053
vt 0.212674 0.831509
vt 0.224564 0.831509
vt 0.224564 0.838053
vt 0.212674 0.824965
vt 0.224564 0.824965
vt 0.839299 0.837059
vt 0.851189 0.837059
vt 0.851189 0.884159
vt 0.839299 0.884159
vt 0.804230 0.837059
vt 0.816121 0.837059
vt 0.816121 0.884159
vt 0.804230 0.884159
vt 0.542858 0.426261
vt 0.555223 0.426261
vt 0.555223 0.743935
vt 0.542858 0.743935
vt 0.506591 0.426261
vt 0.513136 0.426261
vt 0.513136 0.743935
vt 0.506591 0.743935
vt 0.519680 0.426261
vt 0.519680 0.743935
vt 0.476167 0.743935
vt 0.476167 0.426261
vt 0.482712 0.426261
vt 0.482712 0.743935
vt 0.469623 0.743935
vt 0.469623 0.426261
vt 0.232163 0.843355
vt 0.244054 0.843355
vt 0.244054 0.849899
vt 0.232163 0.849899
vt 0.232163 0.836810
vt 0.244054 0.836810
vt 0.456943 0.743935
vt 0.456943 0.426261
vt 0.463488 0.426261
vt 0.463488 0.743935
vt 0.450399 0.743935
vt 0.450399 0.426261
vt 0.733110 0.884159
vt 0.733110 0.837059
vt 0.745000 0.837059
vt 0.745000 0.884159
vt 0.698041 0.884159
vt 0.698041 0.837059
vt 0.709932 0.837059
vt 0.709932 0.884159
vt 0.427221 0.426261
vt 0.427221 0.743935
vt 0.414856 0.743935
vt 0.414856 0.426261
vt 0.367389 0.426261
vt 0.373934 0.426261
vt 0.373934 0.465970
vt 0.367389 0.465970
vt 0.373934 0.505679
vt 0.367389 0.505679
vt 0.360845 0.426261
vt 0.360845 0.465970
vt 0.373934 0.545388
vt 0.367389 0.545388
vt 0.360845 0.505679
vt 0.373934 0.585098
vt 0.367389 0.585098
vt 0.360845 0.545388
vt 0.373934 0.624807
vt 0.367389 0.624807
vt 0.360845 0.585098
vt 0.373934 0.664516
vt 0.367389 0.664516
vt 0.360845 0.624807
vt 0.373934 0.704225
vt 0.367389 0.704225
vt 0.360845 0.664516
vt 0.373934 0.743935
vt 0.367389 0.743935
vt 0.360845 0.704225
vt 0.360845 0.743935
vt 0.348165 0.426261
vt 0.354710 0.426261
vt 0.354710 0.465970
vt 0.348165 0.465970
vt 0.354710 0.505679
vt 0.348165 0.505679
vt 0.341621 0.426261
vt 0.341621 0.465970
vt 0.354710 0.545388
vt 0.348165 0.545388
vt 0.341621 0.505679
vt 0.354710 0.585098
vt 0.348165 0.585098
vt 0.341621 0.545388
vt 0.354710 0.624807
vt 0.348165 0.624807
vt 0.341621 0.585098
vt 0.354710 0.664516
vt 0.348165 0.664516
vt 0.341621 0.624807
vt 0.354710 0.704225
vt 0.348165 0.704225
vt 0.341621 0.664516
vt 0.354710 0.743935
vt 0.348165 0.743935
vt 0.341621 0.704225
vt 0.341621 0.743935
vt 0.322397 0.426261
vt 0.328941 0.426261
vt 0.328941 0.465970
vt 0.322397 0.465970
vt 0.335486 0.426261
vt 0.335486 0.465970
vt 0.328941 0.505679
vt 0.322397 0.505679
vt 0.335486 0.505679
vt 0.328941 0.545388
vt 0.322397 0.545388
vt 0.335486 0.545388
vt 0.328941 0.585098
vt 0.322397 0.585098
vt 0.335486 0.585098
vt 0.328941 0.624807
vt 0.322397 0.624807
vt 0.335486 0.624807
vt 0.328941 0.664516
vt 0.322397 0.664516
vt 0.335486 0.664516
vt 0.328941 0.704225
vt 0.322397 0.704225
vt 0.335486 0.704225
vt 0.328941 0.743935
vt 0.322397 0.743935
vt 0.335486 0.743935
vt 0.303173 0.426261
vt 0.309717 0.426261
vt 0.309717 0.465970
vt 0.303173 0.465970
vt 0.316262 0.426261
vt 0.316262 0.465970
vt 0.309717 0.505679
vt 0.303173 0.505679
vt 0.316262 0.505679
vt 0.309717 0.545388
vt 0.303173 0.545388
vt 0.316262 0.545388
vt 0.309717 0.585098
vt 0.303173 0.585098
vt 0.316262 0.585098
vt 0.309717 0.624807
vt 0.303173 0.624807
vt 0.316262 0.624807
vt 0.309717 0.664516
vt 0.303173 0.664516
vt 0.316262 0.664516
vt 0.309717 0.704225
vt 0.303173 0.704225
vt 0.316262 0.704225
vt 0.309717 0.743935
vt 0.303173 0.743935
vt 0.316262 0.743935
vt 0.948086 0.816303
vt 0.942400 0.816303
vt 0.942400 0.426261
vt 0.948086 0.426261
vt 0.910718 0.426261
vt 0.916404 0.426261
vt 0.916404 0.816303
vt 0.910718 0.816303
vt 0.221662 0.793401
vt 0.227730 0.793401
vt 0.227730 0.820973
vt 0.221662 0.820973
vt 0.194740 0.827973
vt 0.188671 0.827973
vt 0.188671 0.800401
vt 0.194740 0.800401
vt 0.639494 0.766470
vt 0.646723 0.766470
vt 0.643211 0.829453
vt 0.642890 0.829453
vt 0.685702 0.829453
vt 0.678473 0.829453
vt 0.681986 0.766470
vt 0.682306 0.766470
vt 0.115682 0.749878
vt 0.111328 0.749878
vt 0.111328 0.642328
vt 0.115682 0.642328
vt 0.140563 0.642328
vt 0.144917 0.642328
vt 0.144917 0.749878
vt 0.140563 0.749878
vt 0.512793 0.855256
vt 0.512793 0.859899
vt 0.497309 0.859855
vt 0.497309 0.855212
vt 0.512792 0.851936
vt 0.497308 0.851893
vt 0.497309 0.840419
vt 0.510472 0.840428
vt 0.497121 0.834233
vt 0.512083 0.834068
vt 0.497023 0.828041
vt 0.515696 0.827772
vt 0.496951 0.819733
vt 0.522704 0.819626
vt 0.538752 0.870277
vt 0.538752 0.865634
vt 0.554235 0.865590
vt 0.554235 0.870233
vt 0.538752 0.862310
vt 0.554236 0.862268
vt 0.541072 0.850802
vt 0.554235 0.850793
vt 0.539461 0.844441
vt 0.554423 0.844606
vt 0.535848 0.838144
vt 0.554521 0.838414
vt 0.528840 0.829997
vt 0.554594 0.830105
vt 0.549986 0.874269
vt 0.549986 0.878623
vt 0.547894 0.878667
vt 0.547894 0.874313
vt 0.557638 0.879767
vt 0.557638 0.875412
vt 0.559731 0.875456
vt 0.559731 0.879811
vt 0.613242 0.426261
vt 0.614199 0.426261
vt 0.614199 0.757287
vt 0.613242 0.757287
vt 0.606149 0.426261
vt 0.607106 0.426261
vt 0.607106 0.757287
vt 0.606149 0.757287
vt 0.727354 0.512592
vt 0.732452 0.512592
vt 0.729425 0.564777
vt 0.719130 0.564777
vt 0.725246 0.487918
vt 0.730244 0.486921
vt 0.729425 0.594370
vt 0.719130 0.594370
vt 0.718034 0.467422
vt 0.722521 0.465003
vt 0.729425 0.623962
vt 0.719130 0.623962
vt 0.702926 0.448705
vt 0.706404 0.444979
vt 0.732452 0.676148
vt 0.727354 0.676148
vt 0.691038 0.437277
vt 0.692924 0.432541
vt 0.730244 0.701818
vt 0.725246 0.700821
vt 0.679461 0.430347
vt 0.682508 0.426261
vt 0.722521 0.723736
vt 0.718034 0.721317
vt 0.706404 0.743760
vt 0.702926 0.740034
vt 0.692924 0.756198
vt 0.691038 0.751462
vt 0.682508 0.762478
vt 0.679461 0.758392
vt 0.660004 0.623962
vt 0.670298 0.623962
vt 0.673325 0.676148
vt 0.668228 0.676148
vt 0.660004 0.594370
vt 0.670298 0.594370
vt 0.671118 0.701818
vt 0.666119 0.700821
vt 0.660004 0.564777
vt 0.670298 0.564777
vt 0.663394 0.723736
vt 0.658907 0.721317
vt 0.668228 0.512592
vt 0.673325 0.512592
vt 0.647277 0.743760
vt 0.643799 0.740034
vt 0.666119 0.487918
vt 0.671118 0.486921
vt 0.633798 0.756198
vt 0.631912 0.751463
vt 0.658907 0.467422
vt 0.663394 0.465003
vt 0.623381 0.762479
vt 0.620334 0.758392
vt 0.643799 0.448705
vt 0.647277 0.444979
vt 0.631912 0.437277
vt 0.633798 0.432541
vt 0.620334 0.430347
vt 0.623381 0.426261
vt 0.455581 0.861989
vt 0.458855 0.866380
vt 0.457618 0.867267
vt 0.454344 0.862876
vt 0.470549 0.862876
vt 0.467274 0.867267
vt 0.466038 0.866380
vt 0.469312 0.861989
vt 0.478968 0.861989
vt 0.482242 0.866380
vt 0.481006 0.867267
vt 0.477731 0.862876
vt 0.493936 0.864778
vt 0.490662 0.869168
vt 0.489425 0.868281
vt 0.492699 0.863891
vt 0.502213 0.863891
vt 0.505260 0.867977
vt 0.504166 0.868795
vt 0.501119 0.864708
vt 0.516954 0.864708
vt 0.513906 0.868795
vt 0.512812 0.867977
vt 0.515860 0.863891
vt 0.525600 0.874269
vt 0.528647 0.878355
vt 0.527554 0.879172
vt 0.524506 0.875086
vt 0.540341 0.875086
vt 0.537294 0.879172
vt 0.536200 0.878355
vt 0.539247 0.874269
vt 0.208250 0.426261
vt 0.211031 0.426261
vt 0.211031 0.690477
vt 0.208250 0.690477
vt 0.213813 0.426261
vt 0.213813 0.690477
vt 0.027061 0.606459
vt 0.027061 0.603499
vt 0.061585 0.603499
vt 0.061585 0.606459
vt 0.027061 0.600539
vt 0.061585 0.600539
vt 0.027061 0.610774
vt 0.061585 0.610774
vt 0.027061 0.596223
vt 0.061585 0.596223
vt 0.063459 0.622709
vt 0.025187 0.622709
vt 0.025187 0.584289
vt 0.063459 0.584289
vt 0.070104 0.632981
vt 0.018542 0.632981
vt 0.018542 0.574017
vt 0.070104 0.574017
vt 0.083643 0.644300
vt 0.005003 0.644300
vt 0.005003 0.562698
vt 0.083643 0.562698
vt 0.086654 0.650916
vt 0.001992 0.650916
vt 0.001992 0.556082
vt 0.086654 0.556082
vt 0.080200 0.655832
vt 0.008445 0.655832
vt 0.008445 0.551166
vt 0.080200 0.551166
vt 0.071840 0.658960
vt 0.016806 0.658960
vt 0.016806 0.548038
vt 0.071840 0.548038
vt 0.060201 0.661241
vt 0.028445 0.661241
vt 0.028445 0.545757
vt 0.060201 0.545757
vt 0.444599 0.867553
vt 0.444599 0.864771
vt 0.448055 0.864771
vt 0.448055 0.867553
vt 0.444599 0.861989
vt 0.448055 0.861989
vt 0.054629 0.491342
vt 0.089154 0.491342
vt 0.091027 0.503277
vt 0.052755 0.503277
vt 0.089154 0.487103
vt 0.054629 0.487103
vt 0.097672 0.513549
vt 0.046110 0.513549
vt 0.054629 0.484013
vt 0.089154 0.484013
vt 0.111211 0.524868
vt 0.032571 0.524868
vt 0.054629 0.480924
vt 0.089154 0.480924
vt 0.114222 0.531484
vt 0.029560 0.531484
vt 0.054629 0.476684
vt 0.089154 0.476684
vt 0.107769 0.536381
vt 0.036014 0.536381
vt 0.052755 0.464749
vt 0.091027 0.464749
vt 0.099409 0.539493
vt 0.044374 0.539493
vt 0.046110 0.454477
vt 0.097672 0.454477
vt 0.087769 0.541765
vt 0.056013 0.541765
vt 0.032571 0.443158
vt 0.111211 0.443158
vt 0.029560 0.436543
vt 0.114222 0.436543
vt 0.036014 0.431645
vt 0.107769 0.431645
vt 0.044374 0.428533
vt 0.099409 0.428533
vt 0.056013 0.426261
vt 0.087769 0.426261
vt 0.199211 0.426261
vt 0.199211 0.690477
vt 0.196307 0.690477
vt 0.196307 0.426261
vt 0.202114 0.426261
vt 0.202114 0.690477
vt 0.415365 0.860265
vt 0.418820 0.860265
vt 0.418820 0.863168
vt 0.415365 0.863168
vt 0.415365 0.857361
vt 0.418820 0.857361
vt 0.610651 0.833444
vt 0.615904 0.833444
vt 0.615904 0.874868
vt 0.610651 0.874868
vt 0.621157 0.833444
vt 0.621157 0.874868
vt 0.587875 0.874402
vt 0.582622 0.874402
vt 0.582622 0.832978
vt 0.587875 0.832978
vt 0.577370 0.874402
vt 0.577370 0.832978
vt 0.136739 0.767321
vt 0.136739 0.776833
vt 0.134744 0.776300
vt 0.134744 0.767321
vt 0.136739 0.780773
vt 0.134744 0.780020
vt 0.131687 0.773808
vt 0.131687 0.767321
vt 0.136739 0.757810
vt 0.134744 0.758342
vt 0.131687 0.760835
vt 0.136739 0.753870
vt 0.134744 0.754623
vt 0.120501 0.767321
vt 0.120501 0.757810
vt 0.122495 0.758342
vt 0.122495 0.767321
vt 0.120501 0.753870
vt 0.122495 0.754623
vt 0.125552 0.760835
vt 0.125552 0.767321
vt 0.120501 0.776833
vt 0.122495 0.776300
vt 0.125552 0.773808
vt 0.120501 0.780773
vt 0.122495 0.780020
vt 0.460192 0.852846
vt 0.460192 0.840407
vt 0.466854 0.840407
vt 0.466854 0.852846
vt 0.460192 0.827968
vt 0.466854 0.827968
vt 0.460192 0.857998
vt 0.466854 0.857998
vt 0.460192 0.822816
vt 0.466854 0.822816
vt 0.454056 0.827968
vt 0.454056 0.840407
vt 0.447394 0.840407
vt 0.447394 0.827968
vt 0.454056 0.852846
vt 0.447394 0.852846
vt 0.454056 0.822816
vt 0.447394 0.822816
vt 0.454056 0.857998
vt 0.447394 0.857998
vt 0.151610 0.426261
vt 0.159356 0.426261
vt 0.159356 0.619608
vt 0.151610 0.619608
vt 0.167102 0.426261
vt 0.167102 0.619608
vt 0.159356 0.638336
vt 0.156989 0.638336
vt 0.148402 0.426261
vt 0.148402 0.619608
vt 0.170311 0.426261
vt 0.170311 0.619608
vt 0.161723 0.638336
vt 0.156009 0.638336
vt 0.162704 0.638336
vt 0.142266 0.638336
vt 0.139058 0.638336
vt 0.139058 0.444989
vt 0.142266 0.444989
vt 0.131312 0.638336
vt 0.131312 0.444989
vt 0.133679 0.426261
vt 0.134659 0.426261
vt 0.123566 0.638336
vt 0.123566 0.444989
vt 0.131312 0.426261
vt 0.120357 0.638336
vt 0.120357 0.444989
vt 0.128945 0.426261
vt 0.127965 0.426261
vt 0.297038 0.712602
vt 0.291352 0.712602
vt 0.291352 0.426261
vt 0.297038 0.426261
vt 0.259670 0.426261
vt 0.265356 0.426261
vt 0.265356 0.712602
vt 0.259670 0.712602
vt 0.371623 0.812025
vt 0.371623 0.818892
vt 0.344551 0.818892
vt 0.344551 0.812025
vt 0.371623 0.807135
vt 0.344551 0.807135
vt 0.341296 0.786839
vt 0.374878 0.786839
vt 0.335997 0.769079
vt 0.383362 0.773609
vt 0.323764 0.747926
vt 0.392321 0.764990
vt 0.349883 0.748646
vt 0.368911 0.753382
vt 0.420471 0.818824
vt 0.420471 0.811957
vt 0.447543 0.811957
vt 0.447543 0.818824
vt 0.420471 0.807135
vt 0.447543 0.807135
vt 0.417216 0.786839
vt 0.450798 0.786839
vt 0.408732 0.773609
vt 0.456097 0.769079
vt 0.399773 0.764989
vt 0.468330 0.747926
vt 0.423183 0.753382
vt 0.442210 0.748646
vt 0.427447 0.861989
vt 0.427447 0.867675
vt 0.425110 0.867675
vt 0.425110 0.861989
vt 0.434854 0.867675
vt 0.434854 0.861989
vt 0.437192 0.861989
vt 0.437192 0.867675
vt 0.987169 0.414490
vt 0.981916 0.414490
vt 0.981916 0.001912
vt 0.987169 0.001912
vt 0.976663 0.414490
vt 0.976663 0.001912
vt 0.970862 0.426261
vt 0.976114 0.426261
vt 0.976114 0.838839
vt 0.970862 0.838839
vt 0.981367 0.426261
vt 0.981367 0.838839
vt 0.509371 0.776151
vt 0.509371 0.781780
vt 0.496103 0.781780
vt 0.496103 0.776151
vt 0.509371 0.787409
vt 0.496103 0.787409
vt 0.489425 0.747926
vt 0.516048 0.747926
vt 0.516048 0.815634
vt 0.489425 0.815634
vt 0.529234 0.787409
vt 0.529234 0.781780
vt 0.542502 0.781780
vt 0.542502 0.787409
vt 0.529234 0.776151
vt 0.542502 0.776151
vt 0.549180 0.815634
vt 0.522557 0.815634
vt 0.522557 0.747926
vt 0.549180 0.747926
vt 0.289283 0.796078
vt 0.289283 0.826564
vt 0.285227 0.826564
vt 0.285227 0.796078
vt 0.279092 0.796421
vt 0.279092 0.826907
vt 0.275036 0.826907
vt 0.275036 0.796421
vt 0.264844 0.826907
vt 0.264844 0.796421
vt 0.268900 0.796421
vt 0.268900 0.826907
vt 0.254652 0.835733
vt 0.254652 0.805247
vt 0.258709 0.805247
vt 0.258709 0.835733
vt 0.307906 0.861888
vt 0.307906 0.867141
vt 0.306224 0.867141
vt 0.306224 0.861888
vt 0.307906 0.872394
vt 0.306224 0.872394
vt 0.325713 0.867867
vt 0.325713 0.862614
vt 0.327396 0.862614
vt 0.327396 0.867867
vt 0.325713 0.857361
vt 0.327396 0.857361
vt 0.561358 0.743935
vt 0.561358 0.426261
vt 0.572266 0.426261
vt 0.572266 0.743935
vt 0.470127 0.422269
vt 0.470127 0.411362
vt 0.482018 0.411362
vt 0.482018 0.422269
vt 0.152453 0.422269
vt 0.152453 0.411362
vt 0.470127 0.350002
vt 0.482018 0.350002
vt 0.140563 0.422269
vt 0.140563 0.411362
vt 0.470127 0.298872
vt 0.482018 0.298872
vt 0.140563 0.350002
vt 0.152453 0.350002
vt 0.470127 0.241452
vt 0.482018 0.241452
vt 0.140563 0.298872
vt 0.152453 0.298872
vt 0.430418 0.298872
vt 0.430418 0.241452
vt 0.470127 0.139511
vt 0.482018 0.139511
vt 0.140563 0.241452
vt 0.152453 0.241452
vt 0.390709 0.298872
vt 0.390709 0.241452
vt 0.470127 0.077405
vt 0.482018 0.077405
vt 0.140563 0.139511
vt 0.152453 0.139511
vt 0.192162 0.241452
vt 0.192162 0.298872
vt 0.350999 0.298872
vt 0.350999 0.241452
vt 0.430418 0.139511
vt 0.430418 0.077405
vt 0.470127 0.001912
vt 0.482018 0.001912
vt 0.140563 0.077405
vt 0.152453 0.077405
vt 0.231872 0.241452
vt 0.231872 0.298872
vt 0.311290 0.298872
vt 0.311290 0.241452
vt 0.390709 0.139511
vt 0.390709 0.077405
vt 0.140563 0.001912
vt 0.152453 0.001912
vt 0.192162 0.077405
vt 0.192162 0.139511
vt 0.271581 0.241452
vt 0.271581 0.298872
vt 0.350999 0.139511
vt 0.350999 0.077405
vt 0.231872 0.077405
vt 0.231872 0.139511
vt 0.311290 0.139511
vt 0.311290 0.077405
vt 0.271581 0.077405
vt 0.271581 0.139511
vt 0.525815 0.426261
vt 0.536723 0.426261
vt 0.536723 0.743935
vt 0.525815 0.743935
vt 0.959560 0.957933
vt 0.947669 0.957933
vt 0.947669 0.908182
vt 0.959560 0.908182
vt 0.941534 0.957933
vt 0.929643 0.957933
vt 0.929643 0.908182
vt 0.941534 0.908182
vt 0.488847 0.426261
vt 0.500456 0.426261
vt 0.500456 0.743935
vt 0.488847 0.743935
vt 0.444264 0.743935
vt 0.433356 0.743935
vt 0.433356 0.426261
vt 0.444264 0.426261
vt 0.957365 0.001912
vt 0.969256 0.001912
vt 0.969256 0.012819
vt 0.957365 0.012819
vt 0.969256 0.074180
vt 0.957365 0.074180
vt 0.639691 0.012819
vt 0.639691 0.001912
vt 0.969256 0.125309
vt 0.957365 0.125309
vt 0.627801 0.012819
vt 0.627801 0.001912
vt 0.969256 0.182730
vt 0.957365 0.182730
vt 0.639691 0.074180
vt 0.627801 0.074180
vt 0.969256 0.284670
vt 0.957365 0.284670
vt 0.917656 0.182730
vt 0.917656 0.125309
vt 0.639691 0.125309
vt 0.627801 0.125309
vt 0.969256 0.346776
vt 0.957365 0.346776
vt 0.877947 0.182730
vt 0.877947 0.125309
vt 0.639691 0.182730
vt 0.627801 0.182730
vt 0.969256 0.422269
vt 0.957365 0.422269
vt 0.917656 0.346776
vt 0.917656 0.284670
vt 0.838237 0.182730
vt 0.838237 0.125309
vt 0.679401 0.125309
vt 0.679401 0.182730
vt 0.639691 0.284670
vt 0.627801 0.284670
vt 0.877947 0.346776
vt 0.877947 0.284670
vt 0.798528 0.182730
vt 0.798528 0.125309
vt 0.719110 0.125309
vt 0.719110 0.182730
vt 0.639691 0.346776
vt 0.627801 0.346776
vt 0.838237 0.346776
vt 0.838237 0.284670
vt 0.758819 0.182730
vt 0.758819 0.125309
vt 0.679401 0.284670
vt 0.679401 0.346776
vt 0.639691 0.422269
vt 0.627801 0.422269
vt 0.798528 0.346776
vt 0.798528 0.284670
vt 0.719110 0.284670
vt 0.719110 0.346776
vt 0.758819 0.346776
vt 0.758819 0.284670
vt 0.408721 0.426261
vt 0.408721 0.743935
vt 0.397814 0.743935
vt 0.397814 0.426261
vt 0.904284 0.908182
vt 0.904284 0.957933
vt 0.892393 0.957933
vt 0.892393 0.908182
vt 0.886258 0.837059
vt 0.886258 0.886810
vt 0.874367 0.886810
vt 0.874367 0.837059
vt 0.391678 0.426261
vt 0.391678 0.743935
vt 0.380069 0.743935
vt 0.380069 0.426261
vt 0.384182 0.857361
vt 0.388268 0.857361
vt 0.388268 0.864790
vt 0.384182 0.864790
vt 0.387450 0.857361
vt 0.387450 0.864790
vt 0.399961 0.864790
vt 0.395875 0.864790
vt 0.395875 0.857361
vt 0.399961 0.857361
vt 0.396693 0.864790
vt 0.396693 0.857361
vt 0.786204 0.837059
vt 0.798095 0.837059
vt 0.798095 0.884159
vt 0.786204 0.884159
vt 0.768178 0.837059
vt 0.780069 0.837059
vt 0.780069 0.884159
vt 0.768178 0.884159
vt 0.680015 0.884159
vt 0.680015 0.837059
vt 0.691906 0.837059
vt 0.691906 0.884159
vt 0.661989 0.880543
vt 0.661989 0.833444
vt 0.673880 0.833444
vt 0.673880 0.880543
vn -0.006977 0.000000 -0.999976
vn -0.006977 0.000000 -0.999976
vn -0.006977 0.000000 -0.999976
vn -0.006977 0.000000 -0.999976
vn -0.712022 0.000000 -0.702157
vn -0.712022 0.000000 -0.702157
vn -0.712022 0.000000 -0.702157
vn -0.712022 0.000000 -0.702157
vn -0.999976 0.000000 0.006977
vn -0.999976 0.000000 0.006977
vn -0.999976 0.000000 0.006977
vn -0.999976 0.000000 0.006977
vn -0.702156 0.000000 0.712023
vn -0.702156 0.000000 0.712023
vn -0.702156 0.000000 0.712023
vn -0.702156 0.000000 0.712023
vn 0.006977 -0.000000 0.999976
vn 0.006977 -0.000000 0.999976
vn 0.006977 -0.000000 0.999976
vn 0.006977 -0.000000 0.999976
vn 0.712023 -0.000000 0.702157
vn 0.712023 -0.000000 0.702157
vn 0.712023 -0.000000 0.702157
vn 0.712023 -0.000000 0.702157
vn 0.999976 0.000000 -0.006977
vn 0.999976 0.000000 -0.006977
vn 0.999976 0.000000 -0.006977
vn 0.999976 0.000000 -0.006977
vn 0.702156 0.000000 -0.712023
vn 0.702156 0.000000 -0.712023
vn 0.702156 0.000000 -0.712023
vn 0.702156 0.000000 -0.712023
vn 0.000000 -1.000000 0.000000
vn 0.000000 -1.000000 0.000000
vn 0.000000 -1.000000 0.000000
vn 0.000000 -1.000000 0.000000
vn 0.000000 -1.000000 0.000000
vn 0.000000 -1.000000 0.000000
vn 0.000000 -1.000000 0.000000
vn 0.000000 -1.000000 0.000000
vn 0.000000 -1.000000 0.000000
vn 0.000000 1.000000 -0.000022
vn 0.000000 1.000000 0.000021
vn 0.000000 1.000000 -0.000074
vn 0.000000 1.000000 -0.000000
vn 0.000000 1.000000 0.000053
vn 0.000000 1.000000 0.000053
vn 0.000000 1.000000 0.000000
vn 0.000000 1.000000 0.000106
vn 0.000000 1.000000 0.000053
vn 0.000000 -1.000000 0.000000
vn 0.000000 -1.000000 0.000000
vn 0.000000 -1.000000 0.000000
vn 0.000000 -1.000000 0.000000
vn 0.000000 -1.000000 0.000017
vn 0.000000 -1.000000 0.000017
vn 0.000000 -1.000000 0.000017
vn 0.000000 -1.000000 0.000017
vn 0.000000 -1.000000 -0.000015
vn 0.000000 -1.000000 -0.000015
vn 0.000000 -1.000000 -0.000015
vn 0.000000 -1.000000 -0.000015
vn 0.000000 -1.000000 0.000010
vn 0.000000 -1.000000 0.000010
vn 0.000000 -1.000000 0.000010
vn 0.000000 -1.000000 0.000010
vn 0.000000 -1.000000 0.000000
vn 0.000000 -1.000000 0.000000
vn 0.000000 -1.000000 0.000000
vn 0.000000 -1.000000 0.000000
vn 0.000000 -1.000000 -0.000010
vn 0.000000 -1.000000 -0.000010
vn 0.000000 -1.000000 -0.000010
vn 0.000000 -1.000000 -0.000010
vn 0.000000 -1.000000 -0.000048
vn 0.000000 -1.000000 -0.000048
vn 0.000000 -1.000000 -0.000048
vn 0.000000 -1.000000 -0.000048
vn 0.000000 -1.000000 0.000053
vn 0.000000 -1.000000 0.000053
vn 0.000000 -1.000000 0.000053
vn 0.000000 -1.000000 0.000053
vn 0.999976 0.000000 -0.006978
vn 0.999976 0.000000 -0.006978
vn 0.999976 0.000000 -0.006978
vn 0.999976 0.000000 -0.006978
vn 0.006978 0.000000 0.999976
vn 0.006978 0.000000 0.999976
vn 0.006978 0.000000 0.999976
vn 0.006978 0.000000 0.999976
vn 0.702157 0.000000 -0.712022
vn 0.702157 0.000000 -0.712022
vn 0.702157 0.000000 -0.712022
vn 0.702157 0.000000 -0.712022
vn -0.712022 0.000000 -0.702157
vn -0.712022 0.000000 -0.702157
vn -0.712022 0.000000 -0.702157
vn -0.712022 0.000000 -0.702157
vn -0.999976 0.000000 0.006978
vn -0.999976 0.000000 0.006978
vn -0.999976 0.000000 0.006978
vn -0.999976 0.000000 0.006978
vn 0.712022 0.000000 0.702157
vn 0.712022 0.000000 0.702157
vn 0.712022 0.000000 0.702157
vn 0.712022 0.000000 0.702157
vn -0.006978 0.000000 -0.999976
vn -0.006978 0.000000 -0.999976
vn -0.006978 0.000000 -0.999976
vn -0.006978 0.000000 -0.999976
vn -0.702157 0.000000 0.712022
vn -0.702157 0.000000 0.712022
vn -0.702157 0.000000 0.712022
vn -0.702157 0.000000 0.712022
vn 0.000000 -1.000000 0.000000
vn 0.000000 -1.000000 0.000000
vn 0.000000 -1.000000 0.000000
vn 0.000000 -1.000000 0.000000
vn 0.000000 -1.000000 -0.000006
vn 0.000000 -1.000000 -0.000006
vn 0.000000 -1.000000 -0.000006
vn 0.000000 -1.000000 -0.000006
vn 0.000000 -1.000000 0.000000
vn 0.000000 -1.000000 0.000000
vn 0.000000 -1.000000 0.000000
vn 0.000000 -1.000000 0.000000
vn 0.000000 -1.000000 -0.000017
vn 0.000000 -1.000000 -0.000017
vn 0.000000 -1.000000 -0.000017
vn 0.000000 -1.000000 -0.000017
vn 0.000000 -1.000000 0.000000
vn 0.000000 -1.000000 0.000000
vn 0.000000 -1.000000 0.000000
vn 0.000000 -1.000000 0.000000
vn 0.000000 -1.000000 0.000017
vn 0.000000 -1.000000 0.000017
vn 0.000000 -1.000000 0.000017
vn 0.000000 -1.000000 0.000017
vn 0.000000 -1.000000 0.000006
vn 0.000000 -1.000000 0.000006
vn 0.000000 -1.000000 0.000006
vn 0.000000 -1.000000 0.000006
vn 0.000000 -1.000000 0.000000
vn 0.000000 -1.000000 0.000000
vn 0.000000 -1.000000 0.000000
vn 0.000000 -1.000000 0.000000
vn 0.991325 0.131254 -0.006915
vn 0.991325 0.131254 -0.006915
vn 0.991325 0.131254 -0.006915
vn 0.991325 0.131254 -0.006915
vn 0.006915 0.131254 0.991325
vn 0.006915 0.131254 0.991325
vn 0.006915 0.131254 0.991325
vn 0.006915 0.131254 0.991325
vn 0.696082 0.131254 -0.705863
vn 0.696082 0.131254 -0.705863
vn 0.696082 0.131254 -0.705863
vn 0.696082 0.131254 -0.705863
vn -0.705863 0.131254 -0.696081
vn -0.705863 0.131254 -0.696081
vn -0.705863 0.131254 -0.696081
vn -0.705863 0.131254 -0.696081
vn -0.991325 0.131254 0.006915
vn -0.991325 0.131254 0.006915
vn -0.991325 0.131254 0.006915
vn -0.991325 0.131254 0.006915
vn 0.705864 0.131254 0.696081
vn 0.705864 0.131254 0.696081
vn 0.705864 0.131255 0.696081
vn 0.705864 0.131254 0.696081
vn -0.006916 0.131254 -0.991325
vn -0.006916 0.131254 -0.991325
vn -0.006916 0.131254 -0.991325
vn -0.006916 0.131254 -0.991325
vn -0.696082 0.131254 0.705863
vn -0.696082 0.131254 0.705863
vn -0.696082 0.131254 0.705863
vn -0.696082 0.131254 0.705863
vn 0.707519 0.000000 -0.706695
vn 0.707519 0.000000 -0.706695
vn 0.707519 0.000000 -0.706695
vn 0.707519 0.000000 -0.706695
vn 0.000584 0.000000 -1.000000
vn 0.000584 0.000000 -1.000000
vn 0.000584 0.000000 -1.000000
vn 0.000584 0.000000 -1.000000
vn -0.706695 0.000000 -0.707519
vn -0.706695 0.000000 -0.707519
vn -0.706695 0.000000 -0.707519
vn -0.706695 0.000000 -0.707519
vn -1.000000 0.000000 -0.000584
vn -1.000000 0.000000 -0.000584
vn -1.000000 0.000000 -0.000584
vn -1.000000 0.000000 -0.000584
vn -0.707519 0.000000 0.706695
vn -0.707519 0.000000 0.706695
vn -0.707519 0.000000 0.706695
vn -0.707519 0.000000 0.706695
vn -0.000584 -0.000000 1.000000
vn -0.000584 -0.000000 1.000000
vn -0.000584 -0.000000 1.000000
vn -0.000584 -0.000000 1.000000
vn 0.706694 0.000000 0.707519
vn 0.706694 0.000000 0.707519
vn 0.706694 0.000000 0.707519
vn 0.706694 0.000000 0.707519
vn 1.000000 0.000000 0.000583
vn 1.000000 0.000000 0.000583
vn 1.000000 0.000000 0.000583
vn 1.000000 0.000000 0.000583
vn 0.000000 -1.000000 -0.000001
vn 0.000000 -1.000000 0.000002
vn 0.000000 -1.000000 0.000000
vn 0.000000 -1.000000 0.000000
vn 0.000000 -1.000000 -0.000002
vn 0.000000 -1.000000 -0.000002
vn 0.000000 -1.000000 0.000001
vn 0.000000 -1.000000 0.000001
vn 0.000000 -1.000000 0.000002
vn 0.000000 1.000000 0.000005
vn 0.000000 1.000000 0.000000
vn 0.000000 1.000000 -0.000000
vn 0.000000 1.000000 0.000000
vn 0.000000 1.000000 0.000000
vn 0.000000 1.000000 0.000000
vn 0.000000 1.000000 -0.000002
vn 0.000000 1.000000 -0.000005
vn 0.000000 1.000000 0.000002
vn 0.645510 -0.001419 -0.763751
vn 0.645510 -0.001419 -0.763751
vn 0.645510 -0.001419 -0.763751
vn 0.645510 -0.001419 -0.763751
vn 0.000583 0.000000 -1.000000
vn 0.000583 0.000000 -1.000000
vn 0.000583 0.000000 -1.000000
vn 0.000583 0.000000 -1.000000
vn -0.706693 0.002007 -0.707518
vn -0.706693 0.002007 -0.707518
vn -0.706693 0.002007 -0.707518
vn -0.706693 0.002007 -0.707518
vn -0.999996 0.002838 -0.000583
vn -0.999996 0.002838 -0.000583
vn -0.999996 0.002838 -0.000583
vn -0.999996 0.002838 -0.000583
vn -0.707518 0.002006 0.706693
vn -0.707518 0.002006 0.706693
vn -0.707518 0.002006 0.706693
vn -0.707518 0.002006 0.706693
vn -0.000583 -0.000000 1.000000
vn -0.000583 -0.000000 1.000000
vn -0.000583 -0.000000 1.000000
vn -0.000583 -0.000000 1.000000
vn 0.644571 -0.001419 0.764544
vn 0.644571 -0.001419 0.764544
vn 0.644571 -0.001419 0.764543
vn 0.644571 -0.001419 0.764543
vn 0.999991 0.004166 0.000703
vn 0.999991 0.004166 0.000703
vn 0.999991 0.004166 0.000703
vn 0.999991 0.004166 0.000703
vn 0.707440 0.014840 -0.706618
vn 0.707440 0.014840 -0.706618
vn 0.707439 0.014840 -0.706618
vn 0.707439 0.014840 -0.706618
vn 0.000583 -0.000004 -1.000000
vn 0.000583 -0.000004 -1.000000
vn 0.000583 -0.000004 -1.000000
vn 0.000583 -0.000004 -1.000000
vn -0.706615 -0.014846 -0.707442
vn -0.706615 -0.014846 -0.707442
vn -0.706615 -0.014846 -0.707442
vn -0.706615 -0.014846 -0.707442
vn -0.999780 -0.020988 -0.000584
vn -0.999780 -0.020988 -0.000584
vn -0.999780 -0.020988 -0.000584
vn -0.999780 -0.020988 -0.000584
vn -0.707438 -0.014840 0.706619
vn -0.707438 -0.014840 0.706619
vn -0.707438 -0.014840 0.706619
vn -0.707438 -0.014840 0.706619
vn -0.000584 0.000004 1.000000
vn -0.000584 0.000004 1.000000
vn -0.000584 0.000004 1.000000
vn -0.000584 0.000004 1.000000
vn 0.706614 0.014845 0.707443
vn 0.706614 0.014845 0.707443
vn 0.706614 0.014845 0.707443
vn 0.706614 0.014845 0.707443
vn 0.999780 0.020988 0.000584
vn 0.999780 0.020988 0.000584
vn 0.999780 0.020988 0.000584
vn 0.999780 0.020988 0.000584
vn 0.000279 -1.000000 -0.000277
vn 0.000279 -1.000000 -0.000277
vn 0.000279 -1.000000 -0.000277
vn 0.000279 -1.000000 -0.000277
vn -0.000292 1.000000 0.000253
vn -0.000292 1.000000 0.000253
vn -0.000292 1.000000 0.000253
vn -0.000292 1.000000 0.000253
vn 0.000000 -1.000000 0.000052
vn 0.000000 -1.000000 0.000052
vn 0.000000 -1.000000 0.000052
vn 0.000000 -1.000000 0.000052
vn 0.000000 1.000000 -0.000048
vn 0.000000 1.000000 -0.000048
vn 0.000000 1.000000 -0.000048
vn 0.000000 1.000000 -0.000048
vn 0.000000 -1.000000 -0.000038
vn 0.000000 -1.000000 -0.000038
vn 0.000000 -1.000000 -0.000038
vn 0.000000 -1.000000 -0.000038
vn 0.000000 1.000000 -0.000004
vn 0.000000 1.000000 -0.000004
vn 0.000000 1.000000 -0.000004
vn 0.000000 1.000000 -0.000004
vn 0.000000 -1.000000 0.000000
vn 0.000000 -1.000000 0.000000
vn 0.000000 -1.000000 0.000000
vn 0.000000 -1.000000 0.000000
vn 0.000000 1.000000 0.000000
vn 0.000000 1.000000 0.000000
vn 0.000000 1.000000 0.000000
vn 0.000000 1.000000 0.000000
vn 0.000000 -1.000000 0.000021
vn 0.000000 -1.000000 0.000021
vn 0.000000 -1.000000 0.000021
vn 0.000000 -1.000000 0.000021
vn 0.000000 1.000000 0.000008
vn 0.000000 1.000000 0.000008
vn 0.000000 1.000000 0.000008
vn 0.000000 1.000000 0.000008
vn 0.000000 -1.000000 0.000036
vn 0.000000 -1.000000 0.000036
vn 0.000000 -1.000000 0.000036
vn 0.000000 -1.000000 0.000036
vn 0.000000 1.000000 -0.000019
vn 0.000000 1.000000 -0.000019
vn 0.000000 1.000000 -0.000019
vn 0.000000 1.000000 -0.000019
vn 0.000289 -1.000000 0.000256
vn 0.000289 -1.000000 0.000256
vn 0.000289 -1.000000 0.000256
vn 0.000289 -1.000000 0.000256
vn -0.000292 1.000000 -0.000254
vn -0.000292 1.000000 -0.000254
vn -0.000292 1.000000 -0.000254
vn -0.000292 1.000000 -0.000254
vn 0.001006 -1.000000 0.000000
vn 0.001006 -1.000000 0.000000
vn 0.001006 -1.000000 0.000000
vn 0.001006 -1.000000 0.000000
vn -0.001027 1.000000 -0.000003
vn -0.001027 1.000000 -0.000003
vn -0.001027 0.999999 -0.000003
vn -0.001027 1.000000 -0.000003
vn 0.197628 -0.980277 0.000133
vn 0.197628 -0.980277 0.000133
vn 0.197628 -0.980277 0.000133
vn 0.197628 -0.980277 0.000133
vn 0.078963 0.000603 -0.996877
vn 0.078963 0.000603 -0.996877
vn 0.078963 0.000603 -0.996877
vn 0.078963 0.000603 -0.996877
vn 0.000057 1.000000 -0.000012
vn 0.000057 1.000000 -0.000012
vn 0.000057 1.000000 -0.000012
vn 0.000057 1.000000 -0.000012
vn 0.077908 0.000605 0.996960
vn 0.077908 0.000605 0.996960
vn 0.077908 0.000605 0.996960
vn 0.077908 0.000605 0.996960
vn -0.245567 -0.969380 -0.000131
vn -0.245567 -0.969380 -0.000131
vn -0.245567 -0.969380 -0.000131
vn -0.245567 -0.969380 -0.000131
vn 0.078267 0.000597 -0.996932
vn 0.078267 0.000597 -0.996932
vn 0.078267 0.000597 -0.996932
vn 0.078267 0.000597 -0.996932
vn -0.030425 0.999537 -0.000036
vn -0.030425 0.999537 -0.000036
vn -0.030425 0.999537 -0.000036
vn -0.030425 0.999537 -0.000036
vn 0.077220 0.000600 0.997014
vn 0.077220 0.000600 0.997014
vn 0.077220 0.000600 0.997014
vn 0.077220 0.000600 0.997014
vn -0.497652 -0.867377 -0.000287
vn -0.497652 -0.867377 -0.000287
vn -0.497652 -0.867377 -0.000287
vn -0.497652 -0.867377 -0.000287
vn 0.078714 0.000790 -0.996897
vn 0.078714 0.000790 -0.996897
vn 0.078714 0.000790 -0.996897
vn 0.078714 0.000790 -0.996897
vn -0.015839 0.999875 -0.000007
vn -0.015839 0.999875 -0.000007
vn -0.015839 0.999875 -0.000007
vn -0.015839 0.999875 -0.000007
vn 0.077662 0.000791 0.996980
vn 0.077662 0.000791 0.996980
vn 0.077662 0.000791 0.996980
vn 0.077662 0.000791 0.996980
vn -0.652171 -0.758072 -0.000384
vn -0.652171 -0.758072 -0.000384
vn -0.652171 -0.758072 -0.000384
vn -0.652171 -0.758072 -0.000384
vn 0.078713 0.000790 -0.996897
vn 0.078713 0.000790 -0.996897
vn 0.078713 0.000790 -0.996897
vn 0.078713 0.000790 -0.996897
vn -0.008667 0.999962 0.000000
vn -0.008667 0.999962 0.000000
vn -0.008667 0.999963 0.000000
vn -0.008667 0.999963 0.000000
vn 0.077661 0.000791 0.996980
vn 0.077661 0.000791 0.996980
vn 0.077661 0.000791 0.996980
vn 0.077661 0.000791 0.996980
vn 0.000000 0.000000 1.000000
vn 0.000000 0.000000 1.000000
vn 0.000000 0.000000 1.000000
vn 0.000000 0.000000 1.000000
vn 0.000000 1.000000 0.000000
vn 0.000000 1.000000 0.000000
vn 0.000000 1.000000 0.000000
vn 0.000000 1.000000 0.000000
vn 0.000000 0.000000 -1.000000
vn 0.000000 0.000000 -1.000000
vn 0.000000 0.000000 -1.000000
vn 0.000000 0.000000 -1.000000
vn 0.000000 -1.000000 0.000000
vn 0.000000 -1.000000 0.000000
vn 0.000000 -1.000000 0.000000
vn 0.000000 -1.000000 0.000000
vn 1.000000 0.000000 0.000000
vn 1.000000 0.000000 0.000000
vn 1.000000 0.000000 0.000000
vn 1.000000 0.000000 0.000000
vn -1.000000 0.000000 0.000000
vn -1.000000 0.000000 0.000000
vn -1.000000 0.000000 0.000000
vn -1.000000 0.000000 0.000000
vn 0.000000 0.000000 1.000000
vn 0.000000 0.000000 1.000000
vn 0.000000 0.000000 1.000000
vn 0.000000 0.000000 1.000000
vn -0.801606 0.597852 0.000000
vn -0.801606 0.597852 0.000000
vn -0.801606 0.597852 0.000000
vn -0.801606 0.597852 0.000000
vn 0.000000 0.000000 -1.000000
vn 0.000000 0.000000 -1.000000
vn 0.000000 0.000000 -1.000000
vn 0.000000 0.000000 -1.000000
vn -0.801609 -0.597848 0.000000
vn -0.801609 -0.597848 0.000000
vn -0.801609 -0.597848 0.000000
vn -0.801609 -0.597848 0.000000
vn 0.998322 0.057906 0.000000
vn 0.998322 0.057906 0.000000
vn 0.999316 0.036989 0.000000
vn 0.999316 0.036989 0.000000
vn -0.987809 -0.155672 0.000000
vn -0.987809 -0.155672 0.000000
vn -0.994981 -0.100061 0.000000
vn -0.994981 -0.100061 0.000000
vn 0.000000 0.000000 1.000000
vn 0.000000 0.000000 1.000000
vn 0.000000 0.000000 1.000000
vn 0.000000 0.000000 1.000000
vn 0.996324 0.085669 0.000000
vn 0.996324 0.085669 0.000000
vn 0.996324 0.085669 0.000000
vn 0.996324 0.085669 0.000000
vn 0.000000 0.000000 -1.000000
vn 0.000000 0.000000 -1.000000
vn 0.000000 0.000000 -1.000000
vn 0.000000 0.000000 -1.000000
vn -0.996368 -0.085158 0.000000
vn -0.996368 -0.085158 0.000000
vn -0.996368 -0.085158 0.000000
vn -0.996368 -0.085158 0.000000
vn 0.000000 0.000000 -1.000000
vn 0.000000 0.000000 -1.000000
vn 0.000000 0.000000 -1.000000
vn 0.000000 0.000000 -1.000000
vn 0.996324 -0.085669 0.000000
vn 0.996324 -0.085669 0.000000
vn 0.996324 -0.085669 0.000000
vn 0.996324 -0.085669 0.000000
vn 0.000000 0.000000 1.000000
vn 0.000000 0.000000 1.000000
vn 0.000000 0.000000 1.000000
vn 0.000000 0.000000 1.000000
vn -0.996368 0.085158 0.000000
vn -0.996368 0.085158 0.000000
vn -0.996368 0.085158 0.000000
vn -0.996368 0.085158 0.000000
vn -0.000000 0.000000 1.000000
vn -0.000000 0.000000 1.000000
vn -0.000000 0.000000 1.000000
vn -0.000000 0.000000 1.000000
vn 0.943152 0.332361 0.000000
vn 0.943152 0.332361 0.000000
vn 0.943152 0.332361 0.000000
vn 0.943152 0.332361 0.000000
vn 0.000000 0.000000 -1.000000
vn 0.000000 0.000000 -1.000000
vn 0.000000 0.000000 -1.000000
vn 0.000000 0.000000 -1.000000
vn -0.943311 -0.331910 0.000000
vn -0.943311 -0.331910 0.000000
vn -0.943311 -0.331910 0.000000
vn -0.943311 -0.331910 0.000000
vn 0.000000 0.000000 -1.000000
vn 0.000000 0.000000 -1.000000
vn 0.000000 0.000000 -1.000000
vn 0.000000 0.000000 -1.000000
vn 0.943152 -0.332361 0.000000
vn 0.943152 -0.332361 0.000000
vn 0.943152 -0.332361 0.000000
vn 0.943152 -0.332361 0.000000
vn -0.000000 0.000000 1.000000
vn -0.000000 0.000000 1.000000
vn -0.000000 0.000000 1.000000
vn -0.000000 0.000000 1.000000
vn -0.943311 0.331910 0.000000
vn -0.943311 0.331910 0.000000
vn -0.943311 0.331910 0.000000
vn -0.943311 0.331910 0.000000
vn -0.000000 0.000000 1.000000
vn -0.000000 0.000000 1.000000
vn -0.000000 0.000000 1.000000
vn -0.000000 0.000000 1.000000
vn 0.779011 0.627010 0.000000
vn 0.779011 0.627010 0.000000
vn 0.779011 0.627010 0.000000
vn 0.779011 0.627010 0.000000
vn 0.000000 0.000000 -1.000000
vn 0.000000 0.000000 -1.000000
vn 0.000000 0.000000 -1.000000
vn 0.000000 0.000000 -1.000000
vn -0.778125 -0.628109 0.000000
vn -0.778125 -0.628109 0.000000
vn -0.778125 -0.628109 0.000000
vn -0.778125 -0.628109 0.000000
vn 0.000000 0.000000 -1.000000
vn 0.000000 0.000000 -1.000000
vn 0.000000 0.000000 -1.000000
vn 0.000000 0.000000 -1.000000
vn 0.779011 -0.627010 0.000000
vn 0.779011 -0.627010 0.000000
vn 0.779011 -0.627010 0.000000
vn 0.779011 -0.627010 0.000000
vn 0.000000 0.000000 1.000000
vn 0.000000 0.000000 1.000000
vn 0.000000 0.000000 1.000000
vn 0.000000 0.000000 1.000000
vn -0.778124 0.628110 0.000000
vn -0.778124 0.628110 0.000000
vn -0.778124 0.628110 0.000000
vn -0.778124 0.628110 0.000000
vn -0.000000 0.000000 1.000000
vn -0.000000 0.000000 1.000000
vn -0.000000 0.000000 1.000000
vn -0.000000 0.000000 1.000000
vn 0.678147 0.734927 0.000000
vn 0.678147 0.734927 0.000000
vn 0.678147 0.734927 0.000000
vn 0.678147 0.734927 0.000000
vn 0.000000 0.000000 -1.000000
vn 0.000000 0.000000 -1.000000
vn 0.000000 0.000000 -1.000000
vn 0.000000 0.000000 -1.000000
vn -0.693064 -0.720876 0.000000
vn -0.693064 -0.720876 0.000000
vn -0.693064 -0.720876 0.000000
vn -0.693064 -0.720876 0.000000
vn 0.000000 0.000000 -1.000000
vn 0.000000 0.000000 -1.000000
vn 0.000000 0.000000 -1.000000
vn 0.000000 0.000000 -1.000000
vn 0.678146 -0.734927 0.000000
vn 0.678146 -0.734927 0.000000
vn 0.678146 -0.734927 0.000000
vn 0.678146 -0.734927 0.000000
vn 0.000000 0.000000 1.000000
vn 0.000000 0.000000 1.000000
vn 0.000000 0.000000 1.000000
vn 0.000000 0.000000 1.000000
vn -0.693064 0.720876 0.000000
vn -0.693064 0.720876 0.000000
vn -0.693064 0.720876 0.000000
vn -0.693064 0.720876 0.000000
vn 0.000000 0.000000 1.000000
vn 0.000000 0.000000 1.000000
vn 0.000000 0.000000 1.000000
vn 0.000000 0.000000 1.000000
vn 0.516336 0.856386 0.000000
vn 0.516336 0.856386 0.000000
vn 0.516336 0.856386 0.000000
vn 0.516336 0.856386 0.000000
vn 0.000000 0.000000 -1.000000
vn 0.000000 0.000000 -1.000000
vn 0.000000 0.000000 -1.000000
vn 0.000000 0.000000 -1.000000
vn -0.513575 -0.858045 0.000000
vn -0.513575 -0.858045 0.000000
vn -0.513575 -0.858045 0.000000
vn -0.513575 -0.858045 0.000000
vn 0.000000 0.000000 -1.000000
vn 0.000000 0.000000 -1.000000
vn 0.000000 0.000000 -1.000000
vn 0.000000 0.000000 -1.000000
vn 0.516337 -0.856385 0.000000
vn 0.516337 -0.856385 0.000000
vn 0.516337 -0.856385 0.000000
vn 0.516337 -0.856385 0.000000
vn 0.000000 0.000000 1.000000
vn 0.000000 0.000000 1.000000
vn 0.000000 0.000000 1.000000
vn 0.000000 0.000000 1.000000
vn -0.513577 0.858043 0.000000
vn -0.513577 0.858043 0.000000
vn -0.513577 0.858043 0.000000
vn -0.513577 0.858043 0.000000
vn -0.994981 0.100061 0.000000
vn -0.994981 0.100061 0.000000
vn -0.987809 0.155672 0.000000
vn -0.987809 0.155672 0.000000
vn 0.000000 0.000000 -1.000000
vn 0.000000 0.000000 -1.000000
vn 0.000000 0.000000 -1.000000
vn 0.000000 0.000000 -1.000000
vn 0.999316 -0.036989 0.000000
vn 0.999316 -0.036989 0.000000
vn 0.998322 -0.057906 0.000000
vn 0.998322 -0.057906 0.000000
vn 0.000000 0.000000 1.000000
vn 0.000000 0.000000 1.000000
vn 0.000000 0.000000 1.000000
vn 0.000000 0.000000 1.000000
vn -1.000000 0.000000 0.000000
vn -1.000000 0.000000 0.000000
vn 0.000000 0.000000 1.000000
vn 0.000000 0.000000 1.000000
vn 1.000000 0.000000 0.000000
vn 1.000000 0.000000 0.000000
vn 0.000000 0.000000 -1.000000
vn 0.000000 0.000000 -1.000000
vn -0.000000 0.000000 1.000000
vn -0.000000 0.000000 1.000000
vn -0.000000 0.000000 1.000000
vn -0.000000 0.000000 1.000000
vn 0.582715 0.812677 0.000000
vn 0.582715 0.812677 0.000000
vn 0.582715 0.812677 0.000000
vn 0.582715 0.812677 0.000000
vn 0.000000 0.000000 -1.000000
vn 0.000000 0.000000 -1.000000
vn 0.000000 0.000000 -1.000000
vn 0.000000 0.000000 -1.000000
vn -0.582741 -0.812658 0.000000
vn -0.582741 -0.812658 0.000000
vn -0.582741 -0.812658 0.000000
vn -0.582741 -0.812658 0.000000
vn 0.000000 0.000000 -1.000000
vn 0.000000 0.000000 -1.000000
vn 0.000000 0.000000 -1.000000
vn 0.000000 0.000000 -1.000000
vn 0.582721 -0.812672 0.000000
vn 0.582721 -0.812672 0.000000
vn 0.582721 -0.812672 0.000000
vn 0.582721 -0.812672 0.000000
vn 0.000000 0.000000 1.000000
vn 0.000000 0.000000 1.000000
vn 0.000000 0.000000 1.000000
vn 0.000000 0.000000 1.000000
vn -0.582721 0.812672 0.000000
vn -0.582721 0.812672 0.000000
vn -0.582721 0.812672 0.000000
vn -0.582721 0.812672 0.000000
vn -0.000000 0.000000 1.000000
vn -0.000000 0.000000 1.000000
vn -0.000000 0.000000 1.000000
vn -0.000000 0.000000 1.000000
vn 0.598683 0.800986 0.000000
vn 0.598683 0.800986 0.000000
vn 0.598683 0.800986 0.000000
vn 0.598683 0.800986 0.000000
vn 0.000000 0.000000 -1.000000
vn 0.000000 0.000000 -1.000000
vn 0.000000 0.000000 -1.000000
vn 0.000000 0.000000 -1.000000
vn -0.598680 -0.800988 0.000000
vn -0.598680 -0.800988 0.000000
vn -0.598680 -0.800988 0.000000
vn -0.598680 -0.800988 0.000000
vn -0.000000 0.000000 -1.000000
vn -0.000000 0.000000 -1.000000
vn -0.000000 0.000000 -1.000000
vn -0.000000 0.000000 -1.000000
vn 0.598683 -0.800986 0.000000
vn 0.598683 -0.800986 0.000000
vn 0.598683 -0.800986 0.000000
vn 0.598683 -0.800986 0.000000
vn -0.000000 0.000000 1.000000
vn -0.000000 0.000000 1.000000
vn -0.000000 0.000000 1.000000
vn -0.000000 0.000000 1.000000
vn -0.598687 0.800983 0.000000
vn -0.598687 0.800983 0.000000
vn -0.598687 0.800983 0.000000
vn -0.598687 0.800983 0.000000
vn 0.787470 -0.587295 -0.187020
vn 0.787470 -0.587295 -0.187020
vn 0.787470 -0.587295 -0.187020
vn 0.787470 -0.587295 -0.187020
vn -0.787457 0.587292 -0.187083
vn -0.787457 0.587292 -0.187083
vn -0.787457 0.587292 -0.187083
vn -0.787457 0.587292 -0.187083
vn 0.613812 -0.789452 0.000000
vn 0.613812 -0.789452 0.000000
vn 0.613812 -0.789452 0.000000
vn 0.613812 -0.789452 0.000000
vn -0.932859 0.360242 0.000000
vn -0.932859 0.360242 0.000000
vn -0.932859 0.360242 0.000000
vn -0.932859 0.360242 0.000000
vn 0.787469 -0.587295 0.187023
vn 0.787469 -0.587295 0.187023
vn 0.787469 -0.587295 0.187023
vn 0.787469 -0.587295 0.187023
vn -0.787464 0.587297 0.187037
vn -0.787464 0.587297 0.187037
vn -0.787464 0.587297 0.187037
vn -0.787464 0.587297 0.187037
vn 0.932840 -0.360291 0.000000
vn 0.932840 -0.360291 0.000000
vn 0.932840 -0.360291 0.000000
vn 0.932840 -0.360291 0.000000
vn -0.613712 0.789530 0.000000
vn -0.613712 0.789530 0.000000
vn -0.613712 0.789530 0.000000
vn -0.613712 0.789530 0.000000
vn 0.787466 0.587290 0.187051
vn 0.787466 0.587290 0.187051
vn 0.787466 0.587290 0.187051
vn 0.787466 0.587290 0.187051
vn -0.787464 -0.587289 0.187062
vn -0.787464 -0.587289 0.187062
vn -0.787464 -0.587289 0.187062
vn -0.787464 -0.587289 0.187062
vn 0.613811 0.789453 0.000000
vn 0.613811 0.789453 0.000000
vn 0.613811 0.789453 0.000000
vn 0.613811 0.789453 0.000000
vn -0.932858 -0.360243 0.000000
vn -0.932858 -0.360243 0.000000
vn -0.932858 -0.360243 0.000000
vn -0.932858 -0.360243 0.000000
vn 0.787466 0.587290 -0.187052
vn 0.787466 0.587290 -0.187052
vn 0.787466 0.587290 -0.187052
vn 0.787466 0.587290 -0.187052
vn -0.787464 -0.587289 -0.187060
vn -0.787464 -0.587289 -0.187060
vn -0.787464 -0.587289 -0.187060
vn -0.787464 -0.587289 -0.187060
vn 0.932852 0.360261 0.000000
vn 0.932852 0.360261 0.000000
vn 0.932852 0.360260 0.000000
vn 0.932852 0.360260 0.000000
vn -0.613801 -0.789461 0.000000
vn -0.613801 -0.789461 0.000000
vn -0.613801 -0.789460 0.000000
vn -0.613801 -0.789460 0.000000
vn -0.713355 0.000000 -0.700803
vn -0.713355 0.000000 -0.700803
vn -0.713355 0.000000 -0.700803
vn -0.713355 0.000000 -0.700803
vn -0.999961 0.000000 0.008877
vn -0.999961 0.000000 0.008877
vn -0.999961 0.000000 0.008877
vn -0.999961 0.000000 0.008877
vn -0.700803 0.000000 0.713355
vn -0.700803 0.000000 0.713355
vn -0.700803 0.000000 0.713355
vn -0.700803 0.000000 0.713355
vn 0.008876 0.000000 0.999961
vn 0.000000 0.000000 1.000000
vn 0.000000 0.000000 1.000000
vn 0.008876 0.000000 0.999961
vn 0.000000 -1.000000 0.000000
vn 0.000000 -1.000000 0.000000
vn 0.000000 -1.000000 0.000000
vn 0.000000 -1.000000 0.000000
vn 0.000000 -1.000000 -0.000000
vn 0.000000 -1.000000 -0.000001
vn 0.000000 -1.000000 -0.000001
vn 0.000000 -1.000000 -0.000000
vn 0.000000 1.000000 0.000000
vn 0.000000 1.000000 0.000000
vn 0.000000 1.000000 0.000003
vn 0.000000 1.000000 0.000000
vn 0.000000 1.000000 0.000005
vn 0.000000 1.000000 0.000007
vn 0.000000 1.000000 0.000005
vn 0.000000 1.000000 0.000000
vn -0.713355 0.000000 -0.700803
vn -0.713355 0.000000 -0.700803
vn -0.713355 0.000000 -0.700803
vn -0.713355 0.000000 -0.700803
vn -0.999961 0.000000 0.008834
vn -0.999961 0.000000 0.008834
vn -0.999961 0.000000 0.008834
vn -0.999961 0.000000 0.008834
vn -0.700804 0.000000 0.713354
vn -0.700804 0.000000 0.713354
vn -0.700804 0.000000 0.713354
vn -0.700804 0.000000 0.713354
vn 0.008876 0.000000 0.999961
vn 0.000000 0.000000 1.000000
vn 0.000000 0.000000 1.000000
vn 0.008876 0.000000 0.999961
vn -0.713355 0.000000 -0.700803
vn -0.713355 0.000000 -0.700803
vn -0.713355 0.000000 -0.700803
vn -0.713355 0.000000 -0.700803
vn -0.999961 0.000000 0.008877
vn -0.999961 0.000000 0.008877
vn -0.999961 0.000000 0.008877
vn -0.999961 0.000000 0.008877
vn -0.700803 0.000000 0.713355
vn -0.700803 0.000000 0.713355
vn -0.700803 0.000000 0.713355
vn -0.700803 0.000000 0.713355
vn 0.008876 0.000000 0.999961
vn 0.000000 0.000000 1.000000
vn 0.000000 0.000000 1.000000
vn 0.008876 0.000000 0.999961
vn 0.000000 1.000000 0.000040
vn 0.000000 1.000000 0.000020
vn 0.000000 1.000000 0.000020
vn 0.000000 1.000000 0.000040
vn 0.000000 -1.000000 0.000013
vn 0.000000 -1.000000 0.000013
vn 0.000000 -1.000000 0.000013
vn 0.000000 -1.000000 0.000013
vn 0.000000 1.000000 0.000031
vn 0.000000 1.000000 0.000031
vn 0.000000 1.000000 0.000031
vn 0.000000 1.000000 0.000031
vn 0.000000 -1.000000 -0.000005
vn 0.000000 -1.000000 -0.000005
vn 0.000000 -1.000000 -0.000005
vn 0.000000 -1.000000 -0.000005
vn 0.000000 1.000000 0.000000
vn 0.000000 1.000000 0.000000
vn 0.000000 1.000000 0.000000
vn 0.000000 1.000000 0.000000
vn 0.000000 -1.000000 0.000010
vn 0.000000 -1.000000 0.000010
vn 0.000000 -1.000000 0.000010
vn 0.000000 -1.000000 0.000010
vn 0.000000 1.000000 -0.000033
vn 0.000000 1.000000 -0.000033
vn 0.000000 1.000000 -0.000033
vn 0.000000 1.000000 -0.000033
vn 0.000000 -1.000000 -0.000016
vn 0.000000 -1.000000 -0.000008
vn 0.000000 -1.000000 -0.000008
vn 0.000000 -1.000000 -0.000016
vn 0.155052 -0.987905 -0.001377
vn 0.155053 -0.987905 -0.001377
vn 0.155052 -0.987905 -0.001377
vn 0.155052 -0.987905 -0.001377
vn 0.008877 0.000000 0.999961
vn 0.008877 0.000000 0.999961
vn 0.008877 0.000000 0.999961
vn 0.008877 0.000000 0.999961
vn 0.155053 0.987905 -0.001377
vn 0.155053 0.987905 -0.001377
vn 0.155053 0.987905 -0.001377
vn 0.155053 0.987905 -0.001377
vn -0.008877 0.000000 -0.999961
vn -0.008877 0.000000 -0.999961
vn -0.008877 0.000000 -0.999961
vn -0.008877 0.000000 -0.999961
vn 0.543130 -0.839635 -0.004829
vn 0.543130 -0.839635 -0.004829
vn 0.543130 -0.839635 -0.004829
vn 0.543130 -0.839635 -0.004829
vn 0.008878 0.000000 0.999961
vn 0.008878 0.000000 0.999961
vn 0.008878 0.000000 0.999961
vn 0.008878 0.000000 0.999961
vn 0.543130 0.839635 -0.004824
vn 0.543130 0.839635 -0.004824
vn 0.543130 0.839635 -0.004824
vn 0.543130 0.839635 -0.004824
vn -0.008878 0.000000 -0.999961
vn -0.008878 0.000000 -0.999961
vn -0.008878 0.000000 -0.999961
vn -0.008878 0.000000 -0.999961
vn 0.767159 -0.641421 -0.006810
vn 0.767159 -0.641421 -0.006810
vn 0.767159 -0.641421 -0.006810
vn 0.767159 -0.641421 -0.006810
vn 0.008877 0.000000 0.999961
vn 0.008877 0.000000 0.999961
vn 0.008877 0.000000 0.999961
vn 0.008877 0.000000 0.999961
vn 0.767159 0.641422 -0.006810
vn 0.767159 0.641422 -0.006810
vn 0.767158 0.641421 -0.006810
vn 0.767158 0.641421 -0.006810
vn -0.008878 0.000000 -0.999961
vn -0.008878 0.000000 -0.999961
vn -0.008878 0.000000 -0.999961
vn -0.008878 0.000000 -0.999961
vn 0.414240 -0.910160 -0.003681
vn 0.414240 -0.910160 -0.003681
vn 0.414240 -0.910160 -0.003681
vn 0.414240 -0.910160 -0.003681
vn 0.008877 0.000000 0.999961
vn 0.008877 0.000000 0.999961
vn 0.008877 0.000000 0.999961
vn 0.008877 0.000000 0.999961
vn 0.414237 0.910162 -0.003671
vn 0.414237 0.910162 -0.003671
vn 0.414237 0.910162 -0.003671
vn 0.414237 0.910162 -0.003671
vn -0.008877 0.000000 -0.999961
vn -0.008877 0.000000 -0.999961
vn -0.008877 0.000000 -0.999961
vn -0.008877 0.000000 -0.999961
vn -0.795986 -0.605274 0.007071
vn -0.795986 -0.605274 0.007071
vn -0.795986 -0.605274 0.007071
vn -0.795986 -0.605274 0.007071
vn -0.204031 0.000000 0.978964
vn -0.204031 0.000000 0.978964
vn -0.204031 0.000000 0.978964
vn -0.204031 0.000000 0.978964
vn -0.795995 0.605262 0.007073
vn -0.795995 0.605262 0.007073
vn -0.795995 0.605262 0.007073
vn -0.795995 0.605262 0.007073
vn -0.221380 0.000000 -0.975188
vn -0.221380 0.000000 -0.975188
vn -0.221380 0.000000 -0.975188
vn -0.221380 0.000000 -0.975188
vn -0.936843 -0.349650 0.008342
vn -0.936844 -0.349650 0.008342
vn -0.936843 -0.349650 0.008342
vn -0.936843 -0.349650 0.008342
vn -0.271396 0.000000 0.962468
vn -0.271396 0.000000 0.962468
vn -0.271396 0.000000 0.962468
vn -0.271396 0.000000 0.962468
vn -0.936843 0.349651 0.008334
vn -0.936843 0.349651 0.008334
vn -0.936843 0.349651 0.008334
vn -0.936843 0.349651 0.008334
vn -0.288477 0.000000 -0.957487
vn -0.288477 0.000000 -0.957487
vn -0.288477 0.000000 -0.957487
vn -0.288477 0.000000 -0.957487
vn -0.981363 -0.191967 0.008712
vn -0.981363 -0.191967 0.008712
vn -0.981363 -0.191967 0.008712
vn -0.981363 -0.191967 0.008712
vn -0.190221 0.000000 0.981741
vn -0.190221 0.000000 0.981741
vn -0.190221 0.000000 0.981741
vn -0.190221 0.000000 0.981741
vn -0.981363 0.191967 0.008709
vn -0.981363 0.191967 0.008709
vn -0.981363 0.191967 0.008709
vn -0.981363 0.191967 0.008709
vn -0.207656 0.000000 -0.978202
vn -0.207656 0.000000 -0.978202
vn -0.207656 0.000000 -0.978202
vn -0.207656 0.000000 -0.978202
vn 0.000000 0.000000 -1.000000
vn 0.000000 0.000000 -1.000000
vn -0.008876 0.000000 -0.999961
vn -0.008876 0.000000 -0.999961
vn 0.000000 -1.000000 0.000000
vn 0.000000 1.000000 0.000000
vn -0.000000 0.000000 -1.000000
vn -0.000000 0.000000 -1.000000
vn -0.008876 0.000000 -0.999961
vn -0.008876 0.000000 -0.999961
vn 0.000000 0.000000 -1.000000
vn 0.000000 0.000000 -1.000000
vn -0.008876 0.000000 -0.999961
vn -0.008876 0.000000 -0.999961
vn 0.000000 -1.000000 0.000000
vn 0.000000 -1.000000 0.000000
vn 0.000000 -1.000000 0.000000
vn 0.000000 -1.000000 0.000000
vn 0.000000 1.000000 0.000000
vn 0.000000 1.000000 0.000000
vn 0.000000 1.000000 0.000000
vn 0.000000 1.000000 0.000000
vn 0.713355 0.000000 -0.700803
vn 0.713355 0.000000 -0.700803
vn 0.713355 0.000000 -0.700803
vn 0.713355 0.000000 -0.700803
vn 0.999961 0.000000 0.008877
vn 0.999961 0.000000 0.008877
vn 0.999961 0.000000 0.008877
vn 0.999961 0.000000 0.008877
vn 0.700803 0.000000 0.713355
vn 0.700803 0.000000 0.713355
vn 0.700803 0.000000 0.713355
vn 0.700803 0.000000 0.713355
vn -0.008876 0.000000 0.999961
vn -0.008876 0.000000 0.999961
vn 0.000000 -1.000000 0.000000
vn 0.000000 -1.000000 0.000001
vn 0.000000 -1.000000 0.000001
vn 0.000000 -1.000000 0.000000
vn 0.000000 1.000000 0.000000
vn 0.000000 1.000000 -0.000002
vn 0.000000 1.000000 0.000001
vn 0.000000 1.000000 0.000004
vn 0.713355 0.000000 -0.700803
vn 0.713355 0.000000 -0.700803
vn 0.713355 0.000000 -0.700803
vn 0.713355 0.000000 -0.700803
vn 0.999961 0.000000 0.008834
vn 0.999961 0.000000 0.008834
vn 0.999961 0.000000 0.008834
vn 0.999961 0.000000 0.008834
vn 0.700803 0.000000 0.713355
vn 0.700803 0.000000 0.713355
vn 0.700803 0.000000 0.713355
vn 0.700803 0.000000 0.713355
vn -0.008876 0.000000 0.999961
vn -0.008876 0.000000 0.999961
vn 0.713355 0.000000 -0.700803
vn 0.713355 0.000000 -0.700803
vn 0.713355 0.000000 -0.700803
vn 0.713355 0.000000 -0.700803
vn 0.999961 0.000000 0.008877
vn 0.999961 0.000000 0.008877
vn 0.999961 0.000000 0.008877
vn 0.999961 0.000000 0.008877
vn 0.700803 0.000000 0.713355
vn 0.700803 0.000000 0.713355
vn 0.700803 0.000000 0.713355
vn 0.700803 0.000000 0.713355
vn -0.008876 0.000000 0.999961
vn -0.008876 0.000000 0.999961
vn 0.000000 1.000000 0.000000
vn 0.000000 1.000000 0.000000
vn 0.000000 -1.000000 0.000000
vn 0.000000 -1.000000 0.000000
vn 0.000000 -1.000000 0.000000
vn 0.000000 -1.000000 0.000000
vn 0.000000 1.000000 0.000000
vn 0.000000 1.000000 0.000000
vn 0.000000 1.000000 0.000000
vn 0.000000 1.000000 0.000000
vn 0.000000 -1.000000 0.000002
vn 0.000000 -1.000000 0.000002
vn 0.000000 -1.000000 0.000002
vn 0.000000 -1.000000 0.000002
vn 0.000000 1.000000 -0.000001
vn 0.000000 1.000000 -0.000001
vn 0.000000 1.000000 -0.000001
vn 0.000000 1.000000 -0.000001
vn 0.000000 -1.000000 -0.000041
vn 0.000000 -1.000000 -0.000041
vn 0.000000 -1.000000 -0.000041
vn 0.000000 -1.000000 -0.000041
vn 0.000000 1.000000 0.000082
vn 0.000000 1.000000 0.000082
vn 0.000000 1.000000 0.000082
vn 0.000000 1.000000 0.000082
vn 0.000000 -1.000000 0.000000
vn 0.000000 -1.000000 0.000000
vn -0.155053 -0.987905 -0.001376
vn -0.155053 -0.987905 -0.001376
vn -0.155053 -0.987905 -0.001376
vn -0.155053 -0.987905 -0.001376
vn -0.008877 0.000000 0.999961
vn -0.008877 0.000000 0.999961
vn -0.008877 0.000000 0.999961
vn -0.008877 0.000000 0.999961
vn -0.155052 0.987905 -0.001374
vn -0.155052 0.987905 -0.001374
vn -0.155052 0.987905 -0.001374
vn -0.155052 0.987905 -0.001374
vn 0.008877 0.000000 -0.999961
vn 0.008877 0.000000 -0.999961
vn 0.008877 0.000000 -0.999961
vn 0.008877 0.000000 -0.999961
vn -0.543130 -0.839635 -0.004819
vn -0.543130 -0.839635 -0.004819
vn -0.543130 -0.839635 -0.004819
vn -0.543130 -0.839635 -0.004819
vn -0.008878 0.000000 0.999961
vn -0.008878 0.000000 0.999961
vn -0.008878 0.000000 0.999961
vn -0.008878 0.000000 0.999961
vn -0.543130 0.839635 -0.004822
vn -0.543130 0.839635 -0.004822
vn -0.543130 0.839635 -0.004822
vn -0.543130 0.839635 -0.004822
vn 0.008878 0.000000 -0.999961
vn 0.008878 0.000000 -0.999961
vn 0.008878 0.000000 -0.999961
vn 0.008878 0.000000 -0.999961
vn -0.767159 -0.641421 -0.006813
vn -0.767159 -0.641421 -0.006813
vn -0.767159 -0.641421 -0.006813
vn -0.767159 -0.641421 -0.006813
vn -0.008878 0.000000 0.999961
vn -0.008878 0.000000 0.999961
vn -0.008878 0.000000 0.999961
vn -0.008878 0.000000 0.999961
vn -0.767159 0.641421 -0.006814
vn -0.767159 0.641421 -0.006814
vn -0.767159 0.641421 -0.006814
vn -0.767159 0.641421 -0.006814
vn 0.008878 0.000000 -0.999961
vn 0.008878 0.000000 -0.999961
vn 0.008878 0.000000 -0.999961
vn 0.008878 0.000000 -0.999961
vn -0.414239 -0.910161 -0.003676
vn -0.414239 -0.910161 -0.003676
vn -0.414239 -0.910161 -0.003676
vn -0.414239 -0.910161 -0.003676
vn -0.008877 0.000000 0.999961
vn -0.008877 0.000000 0.999961
vn -0.008877 0.000000 0.999961
vn -0.008877 0.000000 0.999961
vn -0.414236 0.910162 -0.003674
vn -0.414236 0.910162 -0.003674
vn -0.414236 0.910162 -0.003674
vn -0.414236 0.910162 -0.003674
vn 0.008878 0.000000 -0.999961
vn 0.008878 0.000000 -0.999961
vn 0.008878 0.000000 -0.999961
vn 0.008878 0.000000 -0.999961
vn 0.795985 -0.605275 0.007073
vn 0.795985 -0.605275 0.007073
vn 0.795985 -0.605275 0.007073
vn 0.795985 -0.605275 0.007073
vn 0.204031 0.000000 0.978965
vn 0.204031 0.000000 0.978965
vn 0.204031 0.000000 0.978964
vn 0.204031 0.000000 0.978964
vn 0.795994 0.605263 0.007076
vn 0.795994 0.605263 0.007076
vn 0.795994 0.605263 0.007076
vn 0.795994 0.605263 0.007076
vn 0.221379 0.000000 -0.975188
vn 0.221379 0.000000 -0.975188
vn 0.221379 0.000000 -0.975188
vn 0.221379 0.000000 -0.975188
vn 0.936844 -0.349650 0.008335
vn 0.936843 -0.349650 0.008335
vn 0.936844 -0.349650 0.008335
vn 0.936844 -0.349650 0.008335
vn 0.271396 0.000000 0.962468
vn 0.271396 0.000000 0.962468
vn 0.271396 0.000000 0.962468
vn 0.271396 0.000000 0.962468
vn 0.936844 0.349650 0.008336
vn 0.936844 0.349650 0.008336
vn 0.936844 0.349650 0.008336
vn 0.936844 0.349650 0.008336
vn 0.288479 0.000000 -0.957486
vn 0.288479 0.000000 -0.957486
vn 0.288479 0.000000 -0.957486
vn 0.288479 0.000000 -0.957486
vn 0.981363 -0.191965 0.008705
vn 0.981363 -0.191965 0.008705
vn 0.981363 -0.191965 0.008705
vn 0.981363 -0.191965 0.008705
vn 0.190222 0.000000 0.981741
vn 0.190222 0.000000 0.981741
vn 0.190222 0.000000 0.981741
vn 0.190222 0.000000 0.981741
vn 0.981363 0.191965 0.008700
vn 0.981363 0.191965 0.008700
vn 0.981363 0.191965 0.008700
vn 0.981363 0.191965 0.008700
vn 0.207655 0.000000 -0.978202
vn 0.207655 0.000000 -0.978202
vn 0.207655 0.000000 -0.978202
vn 0.207655 0.000000 -0.978202
vn 0.008876 0.000000 -0.999961
vn 0.008876 0.000000 -0.999961
vn 0.008876 0.000000 -0.999961
vn 0.008876 0.000000 -0.999961
vn 0.008876 0.000000 -0.999961
vn 0.008876 0.000000 -0.999961
vn 0.000000 -1.000000 0.000000
vn 0.000000 -1.000000 0.000000
vn 0.000000 1.000000 0.000000
vn 0.000000 1.000000 0.000000
vn -0.382684 0.000000 -0.923880
vn -0.382684 0.000000 -0.923880
vn -0.382684 0.000000 -0.923880
vn -0.382684 0.000000 -0.923880
vn 0.382684 0.000000 -0.923880
vn 0.382684 0.000000 -0.923880
vn 0.382684 0.000000 -0.923880
vn 0.382684 0.000000 -0.923880
vn 0.923879 0.000000 -0.382684
vn 0.923879 0.000000 -0.382684
vn 0.923879 0.000000 -0.382684
vn 0.923879 0.000000 -0.382684
vn 0.923879 0.000000 0.382684
vn 0.923879 0.000000 0.382684
vn 0.923879 0.000000 0.382684
vn 0.923879 0.000000 0.382684
vn 0.382684 0.000000 0.923880
vn 0.382684 0.000000 0.923880
vn 0.382684 0.000000 0.923880
vn 0.382684 0.000000 0.923880
vn -0.382684 0.000000 0.923880
vn -0.382684 0.000000 0.923880
vn -0.382684 0.000000 0.923880
vn -0.382684 0.000000 0.923880
vn -0.923879 0.000000 0.382684
vn -0.923879 0.000000 0.382684
vn -0.923879 0.000000 0.382684
vn -0.923879 0.000000 0.382684
vn -0.923879 0.000000 -0.382684
vn -0.923879 0.000000 -0.382684
vn -0.923879 0.000000 -0.382684
vn -0.923879 0.000000 -0.382684
vn 0.000000 1.000000 0.000000
vn 0.000000 1.000000 0.000000
vn 0.000000 1.000000 0.000000
vn 0.000000 1.000000 0.000000
vn 0.000000 1.000000 0.000000
vn 0.000000 1.000000 0.000000
vn 0.000000 1.000000 0.000000
vn 0.000000 1.000000 0.000000
vn 0.000000 1.000000 0.000000
vn 0.000000 -1.000000 0.000000
vn 0.000000 -1.000000 0.000000
vn 0.000000 -1.000000 0.000000
vn 0.000000 -1.000000 0.000000
vn 0.000000 -1.000000 0.000000
vn 0.000000 -1.000000 0.000000
vn 0.000000 -1.000000 0.000000
vn 0.000000 -1.000000 0.000000
vn 0.000000 -1.000000 0.000000
vn 0.000000 -1.000000 0.000018
vn 0.000000 -1.000000 0.000018
vn 0.000000 -1.000000 0.000018
vn 0.000000 -1.000000 0.000018
vn 0.000000 -1.000000 0.000009
vn 0.000000 -1.000000 0.000009
vn 0.000000 -1.000000 0.000009
vn 0.000000 -1.000000 0.000009
vn 0.000000 -1.000000 -0.000007
vn 0.000000 -1.000000 -0.000007
vn 0.000000 -1.000000 -0.000007
vn 0.000000 -1.000000 -0.000007
vn 0.000000 -1.000000 0.000004
vn 0.000000 -1.000000 0.000004
vn 0.000000 -1.000000 0.000004
vn 0.000000 -1.000000 0.000004
vn 0.000000 -1.000000 -0.000018
vn 0.000000 -1.000000 -0.000018
vn 0.000000 -1.000000 -0.000018
vn 0.000000 -1.000000 -0.000018
vn 0.000000 -1.000000 -0.000009
vn 0.000000 -1.000000 -0.000009
vn 0.000000 -1.000000 -0.000009
vn 0.000000 -1.000000 -0.000009
vn 0.000000 -1.000000 0.000007
vn 0.000000 -1.000000 0.000007
vn 0.000000 -1.000000 0.000007
vn 0.000000 -1.000000 0.000007
vn 0.000000 -1.000000 -0.000004
vn 0.000000 -1.000000 -0.000004
vn 0.000000 -1.000000 -0.000004
vn 0.000000 -1.000000 -0.000004
vn -0.259108 0.034602 -0.965228
vn -0.259108 0.034602 -0.965228
vn -0.259108 0.034602 -0.965228
vn -0.259108 0.034602 -0.965228
vn 0.259107 0.034601 -0.965229
vn 0.259107 0.034601 -0.965229
vn 0.259107 0.034601 -0.965229
vn 0.259107 0.034601 -0.965229
vn 0.813132 0.262156 -0.519702
vn 0.813132 0.262156 -0.519702
vn 0.813132 0.262156 -0.519702
vn 0.813132 0.262156 -0.519702
vn 0.813130 0.262156 0.519705
vn 0.813130 0.262156 0.519705
vn 0.813130 0.262156 0.519705
vn 0.813130 0.262156 0.519705
vn 0.259108 0.034602 0.965228
vn 0.259108 0.034602 0.965228
vn 0.259108 0.034602 0.965228
vn 0.259108 0.034602 0.965228
vn -0.259107 0.034602 0.965229
vn -0.259107 0.034602 0.965229
vn -0.259107 0.034602 0.965229
vn -0.259106 0.034602 0.965229
vn -0.813132 0.262155 0.519703
vn -0.813132 0.262155 0.519703
vn -0.813132 0.262155 0.519703
vn -0.813132 0.262155 0.519703
vn -0.813131 0.262154 -0.519705
vn -0.813131 0.262154 -0.519705
vn -0.813131 0.262154 -0.519705
vn -0.813131 0.262154 -0.519705
vn -0.268020 0.369004 -0.889945
vn -0.268020 0.369004 -0.889945
vn -0.268020 0.369004 -0.889945
vn -0.268020 0.369004 -0.889945
vn 0.268021 0.369006 -0.889944
vn 0.268021 0.369006 -0.889944
vn 0.268021 0.369006 -0.889944
vn 0.268021 0.369006 -0.889944
vn 0.640970 0.675142 -0.365160
vn 0.640970 0.675142 -0.365160
vn 0.640970 0.675142 -0.365160
vn 0.640970 0.675142 -0.365160
vn 0.640969 0.675142 0.365160
vn 0.640969 0.675142 0.365160
vn 0.640969 0.675142 0.365160
vn 0.640969 0.675142 0.365160
vn 0.268020 0.369004 0.889945
vn 0.268020 0.369004 0.889945
vn 0.268020 0.369004 0.889945
vn 0.268020 0.369004 0.889945
vn -0.268021 0.369006 0.889944
vn -0.268021 0.369006 0.889944
vn -0.268021 0.369006 0.889944
vn -0.268021 0.369006 0.889944
vn -0.640969 0.675142 0.365160
vn -0.640969 0.675142 0.365160
vn -0.640969 0.675142 0.365160
vn -0.640969 0.675142 0.365160
vn -0.640969 0.675142 -0.365160
vn -0.640969 0.675142 -0.365160
vn -0.640969 0.675142 -0.365160
vn -0.640969 0.675142 -0.365160
vn -0.247269 0.617674 -0.746550
vn -0.247269 0.617674 -0.746550
vn -0.247269 0.617674 -0.746550
vn -0.247269 0.617674 -0.746550
vn 0.247269 0.617673 -0.746551
vn 0.247269 0.617673 -0.746551
vn 0.247269 0.617673 -0.746551
vn 0.247269 0.617673 -0.746551
vn 0.319967 0.939076 -0.125524
vn 0.319967 0.939076 -0.125524
vn 0.319967 0.939076 -0.125524
vn 0.319967 0.939076 -0.125524
vn 0.319967 0.939076 0.125524
vn 0.319967 0.939076 0.125524
vn 0.319967 0.939076 0.125524
vn 0.319967 0.939076 0.125524
vn 0.247269 0.617673 0.746551
vn 0.247269 0.617673 0.746551
vn 0.247269 0.617673 0.746551
vn 0.247269 0.617673 0.746551
vn -0.247269 0.617674 0.746550
vn -0.247269 0.617674 0.746550
vn -0.247269 0.617674 0.746550
vn -0.247269 0.617674 0.746550
vn -0.319967 0.939077 0.125524
vn -0.319967 0.939077 0.125524
vn -0.319967 0.939077 0.125524
vn -0.319967 0.939077 0.125524
vn -0.319968 0.939076 -0.125524
vn -0.319968 0.939076 -0.125524
vn -0.319968 0.939076 -0.125524
vn -0.319968 0.939076 -0.125524
vn 0.000000 1.000000 -0.000011
vn 0.000000 1.000000 -0.000011
vn 0.000000 1.000000 -0.000011
vn 0.000000 1.000000 -0.000011
vn 0.000000 1.000000 -0.000021
vn 0.000000 1.000000 -0.000021
vn 0.000000 1.000000 -0.000021
vn 0.000000 1.000000 -0.000021
vn 0.000000 1.000000 0.000000
vn 0.000000 1.000000 0.000000
vn 0.000000 1.000000 0.000000
vn 0.000000 1.000000 0.000000
vn 0.000000 1.000000 0.000000
vn 0.000000 1.000000 0.000000
vn 0.000000 1.000000 0.000000
vn 0.000000 1.000000 0.000000
vn 0.000000 1.000000 0.000011
vn 0.000000 1.000000 0.000011
vn 0.000000 1.000000 0.000011
vn 0.000000 1.000000 0.000011
vn 0.000000 1.000000 0.000021
vn 0.000000 1.000000 0.000021
vn 0.000000 1.000000 0.000021
vn 0.000000 1.000000 0.000021
vn 0.000000 1.000000 0.000000
vn 0.000000 1.000000 0.000000
vn 0.000000 1.000000 0.000000
vn 0.000000 1.000000 0.000000
vn 0.000000 1.000000 0.000000
vn 0.000000 1.000000 0.000000
vn 0.000000 1.000000 0.000000
vn 0.000000 1.000000 0.000000
vn -0.205393 0.000000 -0.978680
vn -0.205393 0.000000 -0.978680
vn -0.205393 0.000000 -0.978680
vn -0.205393 0.000000 -0.978680
vn 0.205393 0.000000 -0.978680
vn 0.205393 0.000000 -0.978680
vn 0.205393 0.000000 -0.978680
vn 0.205393 0.000000 -0.978680
vn 0.774205 0.000000 -0.632935
vn 0.774205 0.000000 -0.632935
vn 0.774205 0.000000 -0.632935
vn 0.774205 0.000000 -0.632935
vn 0.774205 0.000000 0.632935
vn 0.774205 0.000000 0.632935
vn 0.774205 0.000000 0.632935
vn 0.774205 0.000000 0.632935
vn 0.205393 0.000000 0.978680
vn 0.205393 0.000000 0.978680
vn 0.205393 0.000000 0.978680
vn 0.205393 0.000000 0.978680
vn -0.205393 0.000000 0.978680
vn -0.205393 0.000000 0.978680
vn -0.205393 0.000000 0.978680
vn -0.205393 0.000000 0.978680
vn -0.774205 0.000000 0.632935
vn -0.774205 0.000000 0.632935
vn -0.774205 0.000000 0.632935
vn -0.774205 0.000000 0.632935
vn -0.774205 0.000000 -0.632935
vn -0.774205 0.000000 -0.632935
vn -0.774205 0.000000 -0.632935
vn -0.774205 0.000000 -0.632935
vn 0.000000 -1.000000 0.000000
vn 0.000000 -1.000000 0.000000
vn 0.000000 -1.000000 0.000000
vn 0.000000 -1.000000 0.000000
vn 0.000000 -1.000000 0.000000
vn 0.000000 -1.000000 0.000000
vn 0.000000 -1.000000 0.000000
vn 0.000000 -1.000000 0.000000
vn 0.000000 -1.000000 0.000000
vn 0.000000 -1.000000 0.000000
vn 0.000000 -1.000000 0.000000
vn 0.000000 -1.000000 0.000000
vn 0.000000 -1.000000 -0.000007
vn 0.000000 -1.000000 -0.000007
vn 0.000000 -1.000000 -0.000007
vn 0.000000 -1.000000 -0.000007
vn 0.000000 -1.000000 0.000000
vn 0.000000 -1.000000 0.000000
vn 0.000000 -1.000000 0.000000
vn 0.000000 -1.000000 0.000000
vn 0.000000 -1.000000 0.000000
vn 0.000000 -1.000000 0.000000
vn 0.000000 -1.000000 0.000000
vn 0.000000 -1.000000 0.000000
vn 0.000000 -1.000000 0.000000
vn 0.000000 -1.000000 0.000000
vn 0.000000 -1.000000 0.000000
vn 0.000000 -1.000000 0.000000
vn 0.000000 -1.000000 0.000007
vn 0.000000 -1.000000 0.000007
vn 0.000000 -1.000000 0.000007
vn 0.000000 -1.000000 0.000007
vn -0.077726 0.000000 -0.996975
vn -0.077726 0.000000 -0.996975
vn -0.077726 0.000000 -0.996975
vn -0.077726 0.000000 -0.996975
vn 0.077726 0.000000 -0.996975
vn 0.077726 0.000000 -0.996975
vn 0.077726 0.000000 -0.996975
vn 0.077726 0.000000 -0.996975
vn 0.413692 0.000000 -0.910417
vn 0.413692 0.000000 -0.910417
vn 0.413692 0.000000 -0.910417
vn 0.413692 0.000000 -0.910417
vn 0.413692 0.000000 0.910417
vn 0.413692 0.000000 0.910417
vn 0.413692 0.000000 0.910417
vn 0.413692 0.000000 0.910417
vn 0.077726 0.000000 0.996975
vn 0.077726 0.000000 0.996975
vn 0.077726 0.000000 0.996975
vn 0.077726 0.000000 0.996975
vn -0.077726 0.000000 0.996975
vn -0.077726 0.000000 0.996975
vn -0.077726 0.000000 0.996975
vn -0.077726 0.000000 0.996975
vn -0.413692 0.000000 0.910417
vn -0.413692 0.000000 0.910417
vn -0.413692 0.000000 0.910417
vn -0.413692 0.000000 0.910417
vn -0.413692 0.000000 -0.910417
vn -0.413692 0.000000 -0.910417
vn -0.413692 0.000000 -0.910417
vn -0.413692 0.000000 -0.910417
vn -0.070648 -0.085747 -0.993809
vn -0.070648 -0.085747 -0.993809
vn -0.070648 -0.085747 -0.993809
vn -0.070648 -0.085747 -0.993809
vn 0.070648 -0.085747 -0.993809
vn 0.070648 -0.085747 -0.993809
vn 0.070648 -0.085747 -0.993809
vn 0.070648 -0.085747 -0.993809
vn 0.377865 -0.159745 -0.911976
vn 0.377865 -0.159745 -0.911976
vn 0.377865 -0.159745 -0.911976
vn 0.377865 -0.159745 -0.911976
vn 0.377865 -0.159745 0.911976
vn 0.377865 -0.159745 0.911976
vn 0.377865 -0.159745 0.911976
vn 0.377865 -0.159745 0.911976
vn 0.070648 -0.085747 0.993809
vn 0.070648 -0.085747 0.993809
vn 0.070648 -0.085747 0.993809
vn 0.070648 -0.085747 0.993809
vn -0.070648 -0.085747 0.993809
vn -0.070648 -0.085747 0.993809
vn -0.070648 -0.085747 0.993809
vn -0.070648 -0.085747 0.993809
vn -0.377865 -0.159744 0.911976
vn -0.377865 -0.159744 0.911976
vn -0.377865 -0.159744 0.911976
vn -0.377865 -0.159744 0.911976
vn -0.377865 -0.159745 -0.911976
vn -0.377865 -0.159745 -0.911976
vn -0.377865 -0.159745 -0.911976
vn -0.377865 -0.159745 -0.911976
vn -0.006976 -0.000000 -0.999976
vn -0.006976 -0.000000 -0.999976
vn -0.006976 -0.000000 -0.999976
vn -0.006976 -0.000000 -0.999976
vn -0.712023 -0.000000 -0.702156
vn -0.712023 -0.000000 -0.702156
vn -0.712023 -0.000000 -0.702156
vn -0.712023 -0.000000 -0.702156
vn -0.999976 -0.000000 0.006977
vn -0.999976 -0.000000 0.006977
vn -0.999976 -0.000000 0.006977
vn -0.999976 -0.000000 0.006977
vn -0.702156 0.000000 0.712023
vn -0.702156 0.000000 0.712023
vn -0.702156 0.000000 0.712023
vn -0.702156 0.000000 0.712023
vn 0.006977 -0.000000 0.999976
vn 0.006977 -0.000000 0.999976
vn 0.006977 -0.000000 0.999976
vn 0.006977 -0.000000 0.999976
vn 0.712023 -0.000000 0.702157
vn 0.712023 -0.000000 0.702157
vn 0.712023 -0.000000 0.702157
vn 0.712023 -0.000000 0.702157
vn 0.999976 -0.000000 -0.006977
vn 0.999976 -0.000000 -0.006977
vn 0.999976 -0.000000 -0.006977
vn 0.999976 -0.000000 -0.006977
vn 0.702156 0.000000 -0.712023
vn 0.702156 0.000000 -0.712023
vn 0.702156 0.000000 -0.712023
vn 0.702156 0.000000 -0.712023
vn 0.000000 -1.000000 0.000000
vn 0.000000 -1.000000 0.000000
vn 0.000000 -1.000000 0.000000
vn 0.000000 -1.000000 0.000000
vn 0.000000 -1.000000 0.000000
vn 0.000000 -1.000000 -0.000000
vn 0.000000 -1.000000 0.000000
vn 0.000000 -1.000000 0.000001
vn 0.000000 -1.000000 0.000000
vn 0.000000 1.000000 -0.000003
vn 0.000000 1.000000 0.000000
vn 0.000000 1.000000 0.000000
vn 0.000000 1.000000 0.000003
vn 0.000000 1.000000 0.000000
vn 0.000000 1.000000 0.000003
vn 0.000000 1.000000 -0.000000
vn 0.000000 1.000000 -0.000003
vn 0.000000 1.000000 0.000000
vn -0.006977 0.000000 -0.999976
vn -0.006977 0.000000 -0.999976
vn -0.006977 0.000000 -0.999976
vn -0.006977 0.000000 -0.999976
vn -0.712023 0.000000 -0.702156
vn -0.712023 0.000000 -0.702156
vn -0.712023 0.000000 -0.702156
vn -0.712023 0.000000 -0.702156
vn -0.999976 0.000000 0.006977
vn -0.999976 0.000000 0.006977
vn -0.999976 0.000000 0.006977
vn -0.999976 0.000000 0.006977
vn -0.702156 0.000000 0.712023
vn -0.702156 0.000000 0.712023
vn -0.702156 0.000000 0.712023
vn -0.702156 0.000000 0.712023
vn 0.006977 -0.000000 0.999976
vn 0.006977 -0.000000 0.999976
vn 0.006977 -0.000000 0.999976
vn 0.006977 -0.000000 0.999976
vn 0.712022 -0.000000 0.702157
vn 0.712022 -0.000000 0.702157
vn 0.712022 -0.000000 0.702157
vn 0.712022 -0.000000 0.702157
vn 0.970370 -0.241528 -0.006771
vn 0.970370 -0.241528 -0.006771
vn 0.970370 -0.241528 -0.006771
vn 0.970370 -0.241528 -0.006771
vn 0.702156 -0.000000 -0.712023
vn 0.702156 -0.000000 -0.712023
vn 0.702156 -0.000000 -0.712023
vn 0.702156 -0.000000 -0.712023
vn 0.000000 -1.000000 -0.000003
vn 0.000000 -1.000000 -0.000003
vn 0.000000 -1.000000 -0.000003
vn 0.000000 -1.000000 -0.000003
vn 0.000000 1.000000 -0.000003
vn 0.000000 1.000000 -0.000003
vn 0.000000 1.000000 -0.000003
vn 0.000000 1.000000 -0.000003
vn 0.000000 -1.000000 0.000007
vn 0.000000 -1.000000 0.000007
vn 0.000000 -1.000000 0.000007
vn 0.000000 -1.000000 0.000007
vn 0.000000 1.000000 -0.000006
vn 0.000000 1.000000 -0.000006
vn 0.000000 1.000000 -0.000006
vn 0.000000 1.000000 -0.000006
vn 0.000000 -1.000000 0.000000
vn 0.000000 -1.000000 0.000000
vn 0.000000 -1.000000 0.000000
vn 0.000000 -1.000000 0.000000
vn 0.000000 1.000000 0.000000
vn 0.000000 1.000000 0.000000
vn 0.000000 1.000000 0.000000
vn 0.000000 1.000000 0.000000
vn 0.000000 -1.000000 -0.000006
vn 0.000000 -1.000000 -0.000006
vn 0.000000 -1.000000 -0.000006
vn 0.000000 -1.000000 -0.000006
vn 0.000000 1.000000 0.000007
vn 0.000000 1.000000 0.000007
vn 0.000000 1.000000 0.000007
vn 0.000000 1.000000 0.000007
vn 0.000000 -1.000000 0.000007
vn 0.000000 -1.000000 0.000007
vn 0.000000 -1.000000 0.000007
vn 0.000000 -1.000000 0.000007
vn 0.000000 1.000000 0.000003
vn 0.000000 1.000000 0.000003
vn 0.000000 1.000000 0.000003
vn 0.000000 1.000000 0.000003
vn 0.000000 -1.000000 0.000012
vn 0.000000 -1.000000 0.000012
vn 0.000000 -1.000000 0.000012
vn 0.000000 -1.000000 0.000012
vn 0.000000 1.000000 0.000006
vn 0.000000 1.000000 0.000006
vn 0.000000 1.000000 0.000006
vn 0.000000 1.000000 0.000006
vn 0.000000 -1.000000 -0.000006
vn 0.000000 -1.000000 -0.000006
vn 0.000000 -1.000000 -0.000006
vn 0.000000 -1.000000 -0.000006
vn 0.000000 1.000000 0.000000
vn 0.000000 1.000000 0.000000
vn 0.000000 1.000000 0.000000
vn 0.000000 1.000000 0.000000
vn 0.000000 -1.000000 -0.000006
vn 0.000000 -1.000000 -0.000006
vn 0.000000 -1.000000 -0.000006
vn 0.000000 -1.000000 -0.000006
vn 0.000000 1.000000 0.000018
vn 0.000000 1.000000 0.000018
vn 0.000000 1.000000 0.000018
vn 0.000000 1.000000 0.000018
vn -0.006976 0.000000 -0.999976
vn -0.006976 0.000000 -0.999976
vn -0.006976 0.000000 -0.999976
vn -0.006976 0.000000 -0.999976
vn -0.712024 0.000000 -0.702155
vn -0.712024 0.000000 -0.702155
vn -0.712024 0.000000 -0.702155
vn -0.712024 0.000000 -0.702155
vn -0.999976 0.000000 0.006977
vn -0.999976 0.000000 0.006977
vn -0.999976 0.000000 0.006977
vn -0.999976 0.000000 0.006977
vn -0.702157 0.000000 0.712022
vn -0.702157 0.000000 0.712022
vn -0.702157 0.000000 0.712022
vn -0.702157 0.000000 0.712022
vn 0.006976 0.000000 0.999976
vn 0.006976 0.000000 0.999976
vn 0.006976 0.000000 0.999976
vn 0.006976 0.000000 0.999976
vn 0.712024 0.000000 0.702155
vn 0.712024 0.000000 0.702155
vn 0.712024 0.000000 0.702155
vn 0.712024 0.000000 0.702155
vn 0.999976 0.000000 -0.006977
vn 0.999976 0.000000 -0.006977
vn 0.999976 0.000000 -0.006977
vn 0.999976 0.000000 -0.006977
vn 0.702157 0.000000 -0.712022
vn 0.702157 0.000000 -0.712022
vn 0.702157 0.000000 -0.712022
vn 0.702157 0.000000 -0.712022
vn -0.158310 -0.987389 0.001103
vn -0.158310 -0.987389 0.001103
vn -0.158310 -0.987389 0.001103
vn -0.158310 -0.987389 0.001103
vn -0.006977 0.000000 -0.999976
vn -0.006977 0.000000 -0.999976
vn -0.006977 0.000000 -0.999976
vn -0.006977 0.000000 -0.999976
vn -0.158309 0.987389 0.001103
vn -0.158309 0.987389 0.001103
vn -0.158309 0.987389 0.001103
vn -0.158309 0.987389 0.001103
vn 0.006977 -0.000000 0.999976
vn 0.006977 -0.000000 0.999976
vn 0.006977 -0.000000 0.999976
vn 0.006977 -0.000000 0.999976
vn -0.539850 -0.841753 0.003768
vn -0.539850 -0.841753 0.003768
vn -0.539850 -0.841753 0.003768
vn -0.539850 -0.841753 0.003768
vn -0.006977 0.000000 -0.999976
vn -0.006977 0.000000 -0.999976
vn -0.006977 0.000000 -0.999976
vn -0.006977 0.000000 -0.999976
vn -0.285935 0.958247 0.001991
vn -0.285935 0.958247 0.001991
vn -0.285935 0.958247 0.001991
vn -0.285935 0.958247 0.001991
vn 0.006977 -0.000000 0.999976
vn 0.006977 -0.000000 0.999976
vn 0.006977 -0.000000 0.999976
vn 0.006977 -0.000000 0.999976
vn -0.720563 -0.693372 0.005027
vn -0.720563 -0.693372 0.005027
vn -0.720563 -0.693372 0.005027
vn -0.720563 -0.693372 0.005027
vn -0.006977 0.000000 -0.999976
vn -0.006977 0.000000 -0.999976
vn -0.006977 0.000000 -0.999976
vn -0.006977 0.000000 -0.999976
vn -0.500594 0.865675 0.003497
vn -0.500594 0.865675 0.003497
vn -0.500594 0.865675 0.003497
vn -0.500594 0.865675 0.003497
vn 0.006978 -0.000000 0.999976
vn 0.006978 -0.000000 0.999976
vn 0.006978 -0.000000 0.999976
vn 0.006978 -0.000000 0.999976
vn 0.895889 -0.444235 -0.006253
vn 0.895889 -0.444235 -0.006253
vn 0.895889 -0.444235 -0.006253
vn 0.895889 -0.444235 -0.006253
vn -0.006977 0.000000 -0.999976
vn -0.006977 0.000000 -0.999976
vn -0.006977 0.000000 -0.999976
vn -0.006977 0.000000 -0.999976
vn 0.999596 -0.027570 -0.006977
vn 0.999596 -0.027570 -0.006977
vn 0.999596 -0.027570 -0.006977
vn 0.999596 -0.027570 -0.006977
vn 0.006978 -0.000000 0.999976
vn 0.006978 -0.000000 0.999976
vn 0.006978 -0.000000 0.999976
vn 0.006978 -0.000000 0.999976
vn 0.382683 0.000000 -0.923880
vn 0.382683 0.000000 -0.923880
vn 0.382683 0.000000 -0.923880
vn 0.382683 0.000000 -0.923880
vn -0.382683 0.000000 -0.923880
vn -0.382683 0.000000 -0.923880
vn -0.382683 0.000000 -0.923880
vn -0.382683 0.000000 -0.923880
vn -0.923879 0.000000 -0.382684
vn -0.923879 0.000000 -0.382684
vn -0.923879 0.000000 -0.382684
vn -0.923879 0.000000 -0.382684
vn -0.923880 0.000000 0.382684
vn -0.923880 0.000000 0.382684
vn -0.923880 0.000000 0.382684
vn -0.923880 0.000000 0.382684
vn -0.382684 0.000000 0.923880
vn -0.382684 0.000000 0.923880
vn -0.382684 0.000000 0.923880
vn -0.382684 0.000000 0.923880
vn 0.382683 0.000000 0.923880
vn 0.382683 0.000000 0.923880
vn 0.382683 0.000000 0.923880
vn 0.382683 0.000000 0.923880
vn 0.923879 0.000000 0.382684
vn 0.923879 0.000000 0.382684
vn 0.923879 0.000000 0.382684
vn 0.923879 0.000000 0.382684
vn 0.923879 0.000000 -0.382684
vn 0.923879 0.000000 -0.382684
vn 0.923879 0.000000 -0.382684
vn 0.923879 0.000000 -0.382684
vn 0.000000 -1.000000 0.000000
vn 0.000000 -1.000000 0.000000
vn 0.000000 -1.000000 0.000000
vn 0.000000 -1.000000 0.000000
vn 0.000000 -1.000000 0.000000
vn 0.000000 -1.000000 0.000000
vn 0.000000 -1.000000 0.000000
vn 0.000000 -1.000000 0.000000
vn 0.000000 -1.000000 0.000000
vn 0.000000 1.000000 0.000000
vn 0.000000 1.000000 0.000000
vn 0.000000 1.000000 0.000000
vn 0.000000 1.000000 0.000005
vn 0.000000 1.000000 0.000005
vn 0.000000 1.000000 0.000000
vn 0.000000 1.000000 0.000000
vn 0.000000 1.000000 -0.000005
vn 0.000000 1.000000 -0.000005
vn 0.382684 0.000000 -0.923879
vn 0.382684 0.000000 -0.923879
vn 0.382684 0.000000 -0.923879
vn 0.382684 0.000000 -0.923879
vn -0.382684 0.000000 -0.923879
vn -0.382684 0.000000 -0.923879
vn -0.382684 0.000000 -0.923879
vn -0.382684 0.000000 -0.923879
vn -1.000000 0.000000 -0.000002
vn -1.000000 0.000000 -0.000002
vn -1.000000 0.000000 -0.000002
vn -1.000000 0.000000 -0.000002
vn -1.000000 0.000000 0.000002
vn -1.000000 0.000000 0.000002
vn -1.000000 0.000000 0.000002
vn -1.000000 0.000000 0.000002
vn -0.382685 0.000000 0.923879
vn -0.382685 0.000000 0.923879
vn -0.382685 0.000000 0.923879
vn -0.382685 0.000000 0.923879
vn 0.382684 0.000000 0.923879
vn 0.382684 0.000000 0.923879
vn 0.382684 0.000000 0.923879
vn 0.382684 0.000000 0.923879
vn 1.000000 0.000000 0.000001
vn 1.000000 0.000000 0.000001
vn 1.000000 0.000000 0.000001
vn 1.000000 0.000000 0.000001
vn 1.000000 0.000000 -0.000001
vn 1.000000 0.000000 -0.000001
vn 1.000000 0.000000 -0.000001
vn 1.000000 0.000000 -0.000001
vn 0.000000 -1.000000 -0.000050
vn 0.000000 -1.000000 -0.000050
vn 0.000000 -1.000000 -0.000050
vn 0.000000 -1.000000 -0.000050
vn 0.000000 1.000000 0.000000
vn 0.000000 1.000000 0.000000
vn 0.000000 1.000000 0.000000
vn 0.000000 1.000000 0.000000
vn 0.000000 -1.000000 -0.000073
vn 0.000000 -1.000000 -0.000073
vn 0.000000 -1.000000 -0.000073
vn 0.000000 -1.000000 -0.000073
vn 0.000000 1.000000 -0.000023
vn 0.000000 1.000000 -0.000023
vn 0.000000 1.000000 -0.000023
vn 0.000000 1.000000 -0.000023
vn 0.000000 -1.000000 0.000014
vn 0.000000 -1.000000 0.000014
vn 0.000000 -1.000000 0.000014
vn 0.000000 -1.000000 0.000014
vn 0.000000 1.000000 -0.000018
vn 0.000000 1.000000 -0.000018
vn 0.000000 1.000000 -0.000018
vn 0.000000 1.000000 -0.000018
vn 0.000000 -1.000000 -0.000018
vn 0.000000 -1.000000 -0.000018
vn 0.000000 -1.000000 -0.000018
vn 0.000000 -1.000000 -0.000018
vn 0.000000 1.000000 0.000014
vn 0.000000 1.000000 0.000014
vn 0.000000 1.000000 0.000014
vn 0.000000 1.000000 0.000014
vn 0.000000 -1.000000 0.000050
vn 0.000000 -1.000000 0.000050
vn 0.000000 -1.000000 0.000050
vn 0.000000 -1.000000 0.000050
vn 0.000000 1.000000 0.000000
vn 0.000000 1.000000 0.000000
vn 0.000000 1.000000 0.000000
vn 0.000000 1.000000 0.000000
vn 0.000000 -1.000000 0.000073
vn 0.000000 -1.000000 0.000073
vn 0.000000 -1.000000 0.000073
vn 0.000000 -1.000000 0.000073
vn 0.000000 1.000000 0.000023
vn 0.000000 1.000000 0.000023
vn 0.000000 1.000000 0.000023
vn 0.000000 1.000000 0.000023
vn 0.000000 -1.000000 -0.000014
vn 0.000000 -1.000000 -0.000014
vn 0.000000 -1.000000 -0.000014
vn 0.000000 -1.000000 -0.000014
vn 0.000000 1.000000 0.000027
vn 0.000000 1.000000 0.000027
vn 0.000000 1.000000 0.000027
vn 0.000000 1.000000 0.000027
vn 0.000000 -1.000000 0.000005
vn 0.000000 -1.000000 0.000005
vn 0.000000 -1.000000 0.000005
vn 0.000000 -1.000000 0.000005
vn 0.000000 1.000000 -0.000014
vn 0.000000 1.000000 -0.000014
vn 0.000000 1.000000 -0.000014
vn 0.000000 1.000000 -0.000014
vn 0.236225 -0.971153 0.032543
vn 0.236225 -0.971153 0.032543
vn 0.236225 -0.971153 0.032543
vn 0.236225 -0.971153 0.032543
vn 0.236251 0.971147 0.032550
vn 0.236251 0.971147 0.032550
vn 0.236251 0.971147 0.032550
vn 0.236251 0.971147 0.032550
vn 0.196811 0.000000 -0.980442
vn 0.196811 0.000000 -0.980442
vn 0.196811 0.000000 -0.980442
vn 0.196811 0.000000 -0.980442
vn 0.236225 -0.971153 -0.032543
vn 0.236225 -0.971153 -0.032543
vn 0.236225 -0.971153 -0.032543
vn 0.236225 -0.971153 -0.032543
vn 0.196811 0.000000 0.980442
vn 0.196811 0.000000 0.980442
vn 0.196811 0.000000 0.980442
vn 0.196811 0.000000 0.980442
vn 0.236251 0.971147 -0.032550
vn 0.236251 0.971147 -0.032550
vn 0.236251 0.971147 -0.032550
vn 0.236251 0.971147 -0.032550
vn -0.236225 -0.971153 -0.032543
vn -0.236225 -0.971153 -0.032543
vn -0.236225 -0.971153 -0.032543
vn -0.236225 -0.971153 -0.032543
vn -0.236251 0.971147 -0.032550
vn -0.236251 0.971147 -0.032550
vn -0.236251 0.971147 -0.032550
vn -0.236251 0.971147 -0.032550
vn -0.196811 0.000000 0.980442
vn -0.196811 0.000000 0.980442
vn -0.196811 0.000000 0.980442
vn -0.196811 0.000000 0.980442
vn -0.236225 -0.971153 0.032543
vn -0.236225 -0.971153 0.032543
vn -0.236225 -0.971153 0.032543
vn -0.236225 -0.971153 0.032543
vn -0.196811 0.000000 -0.980442
vn -0.196811 0.000000 -0.980442
vn -0.196811 0.000000 -0.980442
vn -0.196811 0.000000 -0.980442
vn -0.236251 0.971147 0.032547
vn -0.236251 0.971147 0.032547
vn -0.236251 0.971147 0.032547
vn -0.236251 0.971147 0.032547
vn 1.000000 -0.000000 0.000002
vn 1.000000 -0.000000 0.000002
vn 1.000000 -0.000000 0.000002
vn 1.000000 -0.000000 0.000002
vn 1.000000 0.000000 0.000002
vn 1.000000 0.000000 0.000002
vn 1.000000 0.000000 0.000002
vn 1.000000 0.000000 0.000002
vn 1.000000 0.000000 0.000000
vn 1.000000 0.000000 0.000000
vn 1.000000 0.000000 0.000000
vn 1.000000 0.000000 0.000000
vn 1.000000 0.000000 -0.000002
vn 1.000000 0.000000 -0.000002
vn 1.000000 0.000000 -0.000002
vn 1.000000 0.000000 -0.000002
vn 1.000000 0.000000 0.000000
vn 1.000000 0.000000 0.000000
vn 1.000000 0.000000 0.000000
vn 1.000000 0.000000 0.000000
vn 1.000000 0.000000 -0.000002
vn 1.000000 0.000000 -0.000002
vn 1.000000 0.000000 -0.000002
vn 1.000000 0.000000 -0.000002
vn -1.000000 0.000001 -0.000001
vn -1.000000 0.000001 -0.000001
vn -1.000000 0.000001 -0.000001
vn -1.000000 0.000001 -0.000001
vn -1.000000 0.000000 -0.000001
vn -1.000000 0.000000 -0.000001
vn -1.000000 0.000000 -0.000001
vn -1.000000 0.000000 -0.000001
vn -1.000000 0.000000 0.000000
vn -1.000000 0.000000 0.000000
vn -1.000000 0.000000 0.000000
vn -1.000000 0.000000 0.000000
vn -1.000000 0.000004 0.000001
vn -1.000000 0.000004 0.000001
vn -1.000000 0.000004 0.000001
vn -1.000000 0.000004 0.000001
vn -1.000000 0.000000 0.000000
vn -1.000000 0.000000 0.000000
vn -1.000000 0.000000 0.000000
vn -1.000000 0.000000 0.000000
vn -1.000000 -0.000003 0.000001
vn -1.000000 -0.000003 0.000001
vn -1.000000 -0.000003 0.000001
vn -1.000000 -0.000003 0.000001
vn 0.000000 -1.000000 0.000000
vn 0.000000 -1.000000 0.000000
vn 0.000000 -1.000000 0.000000
vn 0.000000 -1.000000 0.000000
vn 0.000000 1.000000 0.000000
vn 0.000000 1.000000 0.000000
vn 0.000000 1.000000 0.000000
vn 0.000000 1.000000 0.000000
vn 0.000000 0.000000 -1.000000
vn 0.000000 0.000000 -1.000000
vn 0.000000 0.000000 -1.000000
vn 0.000000 0.000000 -1.000000
vn 0.000000 -1.000000 0.000000
vn 0.000000 -1.000000 0.000000
vn 0.000000 -1.000000 0.000000
vn 0.000000 -1.000000 0.000000
vn 0.000000 0.000000 1.000000
vn 0.000000 0.000000 1.000000
vn 0.000000 0.000000 1.000000
vn 0.000000 0.000000 1.000000
vn 0.000000 1.000000 0.000000
vn 0.000000 1.000000 0.000000
vn 0.000000 1.000000 0.000000
vn 0.000000 1.000000 0.000000
vn 0.000000 -1.000000 0.000000
vn 0.000000 -1.000000 0.000000
vn 0.000000 -1.000000 0.000000
vn 0.000000 -1.000000 0.000000
vn 0.000000 1.000000 0.000000
vn 0.000000 1.000000 0.000000
vn 0.000000 1.000000 0.000000
vn 0.000000 1.000000 0.000000
vn 0.000000 0.000000 1.000000
vn 0.000000 0.000000 1.000000
vn 0.000000 0.000000 1.000000
vn 0.000000 0.000000 1.000000
vn 0.000000 -1.000000 0.000000
vn 0.000000 -1.000000 0.000000
vn 0.000000 -1.000000 0.000000
vn 0.000000 -1.000000 0.000000
vn 0.000000 0.000000 -1.000000
vn 0.000000 0.000000 -1.000000
vn 0.000000 0.000000 -1.000000
vn 0.000000 0.000000 -1.000000
vn 0.000000 1.000000 0.000000
vn 0.000000 1.000000 0.000000
vn 0.000000 1.000000 0.000000
vn 0.000000 1.000000 0.000000
vn 0.382683 0.000000 -0.923880
vn 0.382683 0.000000 -0.923880
vn 0.382683 0.000000 -0.923880
vn 0.382683 0.000000 -0.923880
vn -0.382683 0.000000 -0.923880
vn -0.382683 0.000000 -0.923880
vn -0.382683 0.000000 -0.923880
vn -0.382683 0.000000 -0.923880
vn -0.923880 0.000000 -0.382683
vn -0.923880 0.000000 -0.382683
vn -0.923880 0.000000 -0.382683
vn -0.923880 0.000000 -0.382683
vn -0.923880 0.000000 0.382683
vn -0.923880 0.000000 0.382683
vn -0.923880 0.000000 0.382683
vn -0.923880 0.000000 0.382683
vn -0.382683 0.000000 0.923880
vn -0.382683 0.000000 0.923880
vn -0.382683 0.000000 0.923880
vn -0.382683 0.000000 0.923880
vn 0.382683 0.000000 0.923880
vn 0.382683 0.000000 0.923880
vn 0.382683 0.000000 0.923880
vn 0.382683 0.000000 0.923880
vn 0.923880 0.000000 0.382683
vn 0.923880 0.000000 0.382683
vn 0.923880 0.000000 0.382683
vn 0.923880 0.000000 0.382683
vn 0.923880 0.000000 -0.382683
vn 0.923880 0.000000 -0.382683
vn 0.923880 0.000000 -0.382683
vn 0.923880 0.000000 -0.382683
vn 0.000000 0.000000 -1.000000
vn 0.000000 0.000000 -1.000000
vn 0.000000 0.000000 -1.000000
vn 0.000000 0.000000 -1.000000
vn 0.000000 -1.000000 0.000000
vn 0.000000 -1.000000 0.000000
vn 0.000000 -1.000000 0.000000
vn 0.000000 -1.000000 0.000000
vn -1.000000 0.000000 0.000000
vn -1.000000 0.000000 0.000000
vn -1.000000 0.000000 0.000000
vn -1.000000 0.000000 0.000000
vn 0.000000 0.000000 -1.000000
vn 0.000000 0.000000 -1.000000
vn 0.000000 0.000000 -1.000000
vn 0.000000 0.000000 -1.000000
vn 0.000000 1.000000 0.000000
vn 0.000000 1.000000 0.000000
vn 0.000000 1.000000 0.000000
vn 0.000000 1.000000 0.000000
vn 0.000000 -1.000000 0.000000
vn 0.000000 -1.000000 0.000000
vn 0.000000 -1.000000 0.000000
vn 0.000000 -1.000000 0.000000
vn 0.000000 0.000000 -1.000000
vn 0.000000 0.000000 -1.000000
vn 0.000000 0.000000 -1.000000
vn 0.000000 0.000000 -1.000000
vn -1.000000 0.000000 0.000000
vn -1.000000 0.000000 0.000000
vn -1.000000 0.000000 0.000000
vn -1.000000 0.000000 0.000000
vn 0.000000 1.000000 0.000000
vn 0.000000 1.000000 0.000000
vn 0.000000 1.000000 0.000000
vn 0.000000 1.000000 0.000000
vn 1.000000 0.000000 0.000000
vn 1.000000 0.000000 0.000000
vn 1.000000 0.000000 0.000000
vn 1.000000 0.000000 0.000000
vn 0.000000 -1.000000 0.000000
vn 0.000000 -1.000000 0.000000
vn 0.000000 -1.000000 0.000000
vn 0.000000 -1.000000 0.000000
vn 1.000000 0.000000 0.000000
vn 1.000000 0.000000 0.000000
vn 1.000000 0.000000 0.000000
vn 1.000000 0.000000 0.000000
vn 0.000000 -1.000000 0.000000
vn 0.000000 -1.000000 0.000000
vn 0.000000 -1.000000 0.000000
vn 0.000000 -1.000000 0.000000
vn -1.000000 0.000000 0.000000
vn -1.000000 0.000000 0.000000
vn -1.000000 0.000000 0.000000
vn -1.000000 0.000000 0.000000
vn 0.000000 1.000000 0.000000
vn 0.000000 1.000000 0.000000
vn 0.000000 1.000000 0.000000
vn 0.000000 1.000000 0.000000
vn 1.000000 0.000000 0.000000
vn 1.000000 0.000000 0.000000
vn 1.000000 0.000000 0.000000
vn 1.000000 0.000000 0.000000
vn 0.000000 -1.000000 0.000000
vn 0.000000 -1.000000 0.000000
vn 0.000000 -1.000000 0.000000
vn 0.000000 -1.000000 0.000000
vn 0.000000 -1.000000 0.000000
vn 0.000000 -1.000000 0.000000
vn 0.000000 -1.000000 0.000000
vn 0.000000 -1.000000 0.000000
vn -1.000000 0.000000 0.000000
vn -1.000000 0.000000 0.000000
vn -1.000000 0.000000 0.000000
vn -1.000000 0.000000 0.000000
vn 0.000000 1.000000 0.000000
vn 0.000000 1.000000 0.000000
vn 0.000000 1.000000 0.000000
vn 0.000000 1.000000 0.000000
vn 0.000000 0.000000 -1.000000
vn 0.000000 0.000000 -1.000000
vn 0.000000 0.000000 -1.000000
vn 0.000000 0.000000 -1.000000
vn 0.000000 0.000000 1.000000
vn 0.000000 0.000000 1.000000
vn 0.000000 0.000000 1.000000
vn 0.000000 0.000000 1.000000
vn 0.000000 -1.000000 0.000000
vn 0.000000 -1.000000 0.000000
vn 0.000000 -1.000000 0.000000
vn 0.000000 -1.000000 0.000000
vn -1.000000 0.000000 0.000000
vn -1.000000 0.000000 0.000000
vn -1.000000 0.000000 0.000000
vn -1.000000 0.000000 0.000000
vn 0.000000 0.000000 -1.000000
vn 0.000000 0.000000 -1.000000
vn 0.000000 0.000000 -1.000000
vn 0.000000 0.000000 -1.000000
vn 0.000000 0.000000 -1.000000
vn 0.000000 0.000000 -1.000000
vn 0.000000 0.000000 -1.000000
vn 0.000000 0.000000 -1.000000
vn -1.000000 0.000000 0.000000
vn -1.000000 0.000000 0.000000
vn -1.000000 0.000000 0.000000
vn -1.000000 0.000000 0.000000
vn -1.000000 0.000000 0.000000
vn -1.000000 0.000000 0.000000
vn -1.000000 0.000000 0.000000
vn -1.000000 0.000000 0.000000
vn 0.000000 -0.687488 0.726195
vn 0.000000 -0.687488 0.726195
vn 0.000000 -0.687488 0.726195
vn 0.000000 -0.687488 0.726195
vn 0.000000 -0.687488 0.726195
vn 0.000000 -0.687488 0.726195
vn 0.000000 -0.687488 0.726195
vn 0.000000 -0.687488 0.726195
vn 1.000000 -0.000001 0.000000
vn 1.000000 -0.000001 0.000000
vn 1.000000 -0.000001 0.000000
vn 1.000000 -0.000001 0.000000
vn -1.000000 -0.000003 0.000000
vn -1.000000 -0.000003 0.000000
vn -1.000000 -0.000003 0.000000
vn -1.000000 -0.000003 0.000000
vn 0.000000 0.695926 -0.718113
vn 0.000000 0.695926 -0.718113
vn 0.000000 0.695926 -0.718113
vn 0.000000 0.695926 -0.718113
vn 0.000000 0.695926 -0.718113
vn 0.000000 0.695926 -0.718113
vn 0.000000 0.695926 -0.718113
vn 0.000000 0.695926 -0.718113
vn -1.000000 0.000001 0.000000
vn -1.000000 0.000001 0.000000
vn -1.000000 0.000001 0.000000
vn -1.000000 0.000001 0.000000
vn 1.000000 0.000001 0.000000
vn 1.000000 0.000001 0.000000
vn 1.000000 0.000001 0.000000
vn 1.000000 0.000001 0.000000
vn 0.000000 -1.000000 0.000000
vn 0.000000 -1.000000 0.000000
vn 0.000000 -1.000000 0.000000
vn 0.000000 -1.000000 0.000000
vn 0.000000 0.000000 -1.000000
vn 0.000000 0.000000 -1.000000
vn 0.000000 0.000000 -1.000000
vn 0.000000 0.000000 -1.000000
vn 0.000000 1.000000 0.000000
vn 0.000000 1.000000 0.000000
vn 0.000000 1.000000 0.000000
vn 0.000000 1.000000 0.000000
vn 1.000000 0.000000 0.000000
vn 1.000000 0.000000 0.000000
vn 1.000000 0.000000 0.000000
vn 1.000000 0.000000 0.000000
vn 0.000000 -1.000000 0.000000
vn 0.000000 -1.000000 0.000000
vn 0.000000 -1.000000 0.000000
vn 0.000000 -1.000000 0.000000
vn 0.000000 1.000000 0.000000
vn 0.000000 1.000000 0.000000
vn 0.000000 1.000000 0.000000
vn 0.000000 1.000000 0.000000
vn 1.000000 0.000000 0.000000
vn 1.000000 0.000000 0.000000
vn 1.000000 0.000000 0.000000
vn 1.000000 0.000000 0.000000
vn 1.000000 0.000000 0.000000
vn 1.000000 0.000000 0.000000
vn 1.000000 0.000000 0.000000
vn 1.000000 0.000000 0.000000
vn 1.000000 0.000000 0.000000
vn 1.000000 0.000000 0.000000
vn 1.000000 0.000000 0.000000
vn 1.000000 0.000000 0.000000
vn 0.000000 1.000000 0.000000
vn 0.000000 1.000000 0.000000
vn 0.000000 1.000000 0.000000
vn 0.000000 1.000000 0.000000
vn 0.000000 0.000000 1.000000
vn 0.000000 0.000000 1.000000
vn 0.000000 0.000000 1.000000
vn 0.000000 0.000000 1.000000
vn 0.000000 -1.000000 0.000000
vn 0.000000 -1.000000 0.000000
vn -1.000000 0.000000 0.000000
vn -1.000000 0.000000 0.000000
vn 0.000000 0.000000 1.000000
vn 0.000000 0.000000 1.000000
vn 0.000000 0.000000 1.000000
vn 0.000000 0.000000 1.000000
vn 0.000000 1.000000 0.000000
vn 0.000000 1.000000 0.000000
vn 0.000000 -1.000000 0.000000
vn 0.000000 -1.000000 0.000000
vn 0.000000 0.000000 1.000000
vn 0.000000 0.000000 1.000000
vn 0.000000 0.000000 1.000000
vn 0.000000 0.000000 1.000000
vn -1.000000 0.000000 0.000000
vn -1.000000 0.000000 0.000000
vn -1.000000 0.000000 0.000000
vn -1.000000 0.000000 0.000000
vn 0.000000 1.000000 -0.000000
vn 0.000000 1.000000 -0.000000
vn 0.000000 1.000000 -0.000000
vn 0.000000 1.000000 -0.000000
vn 1.000000 0.000000 0.000000
vn 1.000000 0.000000 0.000000
vn 1.000000 0.000000 0.000000
vn 1.000000 0.000000 0.000000
vn 0.000000 -1.000000 0.000000
vn 0.000000 -1.000000 0.000000
vn 0.000000 -1.000000 0.000000
vn 0.000000 -1.000000 0.000000
vn 1.000000 0.000000 0.000000
vn 1.000000 0.000000 0.000000
vn 1.000000 0.000000 0.000000
vn 1.000000 0.000000 0.000000
vn 0.000000 -1.000000 0.000000
vn 0.000000 -1.000000 0.000000
vn 0.000000 -1.000000 0.000000
vn 0.000000 -1.000000 0.000000
vn -1.000000 0.000000 0.000000
vn -1.000000 0.000000 0.000000
vn -1.000000 0.000000 0.000000
vn -1.000000 0.000000 0.000000
vn 0.000000 1.000000 -0.000000
vn 0.000000 1.000000 -0.000000
vn 0.000000 1.000000 -0.000000
vn 0.000000 1.000000 -0.000000
vn 1.000000 0.000000 0.000000
vn 1.000000 0.000000 0.000000
vn 1.000000 0.000000 0.000000
vn 1.000000 0.000000 0.000000
vn 0.000000 -1.000000 0.000000
vn 0.000000 -1.000000 0.000000
vn 0.000000 -1.000000 0.000000
vn 0.000000 -1.000000 0.000000
vn 0.000000 -1.000000 0.000000
vn 0.000000 -1.000000 0.000000
vn 0.000000 -1.000000 0.000000
vn 0.000000 -1.000000 0.000000
vn -1.000000 0.000000 0.000000
vn -1.000000 0.000000 0.000000
vn -1.000000 0.000000 0.000000
vn -1.000000 0.000000 0.000000
vn 0.000000 1.000000 0.000000
vn 0.000000 1.000000 0.000000
vn 0.000000 1.000000 0.000000
vn 0.000000 1.000000 0.000000
vn 0.000000 0.000000 1.000000
vn 0.000000 0.000000 1.000000
vn 0.000000 0.000000 1.000000
vn 0.000000 0.000000 1.000000
vn 0.000000 0.000000 -1.000000
vn 0.000000 0.000000 -1.000000
vn 0.000000 0.000000 -1.000000
vn 0.000000 0.000000 -1.000000
vn 0.000000 -1.000000 0.000000
vn 0.000000 -1.000000 0.000000
vn 0.000000 -1.000000 0.000000
vn 0.000000 -1.000000 0.000000
vn -1.000000 0.000000 0.000000
vn -1.000000 0.000000 0.000000
vn 0.000000 0.000000 1.000000
vn 0.000000 0.000000 1.000000
vn 0.000000 0.000000 1.000000
vn 0.000000 0.000000 1.000000
vn 0.000000 0.000000 1.000000
vn 0.000000 0.000000 1.000000
vn 0.000000 0.000000 1.000000
vn 0.000000 0.000000 1.000000
vn -1.000000 0.000000 0.000000
vn -1.000000 0.000000 0.000000
vn -1.000000 0.000000 0.000000
vn -1.000000 0.000000 0.000000
vn 0.000000 -0.687489 -0.726195
vn 0.000000 -0.687489 -0.726195
vn 0.000000 -0.687489 -0.726195
vn 0.000000 -0.687489 -0.726195
vn 0.000000 -0.687489 -0.726195
vn 0.000000 -0.687489 -0.726195
vn 0.000000 -0.687489 -0.726195
vn 0.000000 -0.687489 -0.726195
vn 1.000000 0.000000 0.000000
vn 1.000000 0.000000 0.000000
vn 1.000000 0.000000 0.000000
vn 1.000000 0.000000 0.000000
vn -1.000000 0.000000 0.000000
vn -1.000000 0.000000 0.000000
vn -1.000000 0.000000 0.000000
vn -1.000000 0.000000 0.000000
vn 0.000000 0.695926 0.718113
vn 0.000000 0.695926 0.718113
vn 0.000000 0.695926 0.718113
vn 0.000000 0.695926 0.718113
vn 0.000000 0.695926 0.718113
vn 0.000000 0.695926 0.718113
vn 0.000000 0.695926 0.718113
vn 0.000000 0.695926 0.718113
vn -1.000000 0.000000 0.000000
vn -1.000000 0.000000 0.000000
vn -1.000000 0.000000 0.000000
vn -1.000000 0.000000 0.000000
vn 1.000000 0.000000 0.000000
vn 1.000000 0.000000 0.000000
vn 1.000000 0.000000 0.000000
vn 1.000000 0.000000 0.000000
vn 0.000000 -1.000000 0.000000
vn 0.000000 -1.000000 0.000000
vn 0.000000 0.000000 1.000000
vn 0.000000 0.000000 1.000000
vn 0.000000 0.000000 1.000000
vn 0.000000 0.000000 1.000000
vn 0.000000 1.000000 0.000000
vn 0.000000 1.000000 0.000000
vn 1.000000 0.000000 0.000000
vn 1.000000 0.000000 0.000000
vn 0.000000 -1.000000 0.000000
vn 0.000000 -1.000000 0.000000
vn 0.000000 1.000000 0.000000
vn 0.000000 1.000000 0.000000
vn 1.000000 0.000000 0.000000
vn 1.000000 0.000000 0.000000
vn 1.000000 0.000000 0.000000
vn 1.000000 0.000000 0.000000
vn 1.000000 0.000000 0.000000
vn 1.000000 0.000000 0.000000
vn 0.000000 1.000000 0.000000
vn 0.000000 1.000000 0.000000
vn -1.000000 0.000000 0.000000
vn -1.000000 0.000000 0.000000
vn -1.000000 0.000000 0.000000
vn -1.000000 0.000000 0.000000
vn 1.000000 0.000000 0.000000
vn 1.000000 0.000000 0.000000
vn 1.000000 0.000000 0.000000
vn 1.000000 0.000000 0.000000
vn 0.000000 0.000000 -1.000000
vn 0.000000 0.000000 -1.000000
vn 0.000000 0.000000 -1.000000
vn 0.000000 0.000000 -1.000000
vn 0.000000 0.000000 1.000000
vn 0.000000 0.000000 1.000000
vn 0.000000 0.000000 1.000000
vn 0.000000 0.000000 1.000000
vn 1.000000 0.000000 0.000000
vn 1.000000 0.000000 0.000000
vn 1.000000 0.000000 0.000000
vn 1.000000 0.000000 0.000000
vn -1.000000 0.000000 0.000000
vn -1.000000 0.000000 0.000000
vn -1.000000 0.000000 0.000000
vn -1.000000 0.000000 0.000000
vn 1.000000 0.000000 0.000000
vn 1.000000 0.000000 0.000000
vn 1.000000 0.000000 0.000000
vn 1.000000 0.000000 0.000000
vn 0.000000 0.000000 -1.000000
vn 0.000000 0.000000 -1.000000
vn 0.000000 0.000000 -1.000000
vn 0.000000 0.000000 -1.000000
vn -1.000000 0.000000 0.000000
vn -1.000000 0.000000 0.000000
vn -1.000000 0.000000 0.000000
vn -1.000000 0.000000 0.000000
vn -1.000000 0.000000 0.000000
vn -1.000000 0.000000 0.000000
vn -1.000000 0.000000 0.000000
vn -1.000000 0.000000 0.000000
vn 0.000000 0.000000 1.000000
vn 0.000000 0.000000 1.000000
vn 0.000000 0.000000 1.000000
vn 0.000000 0.000000 1.000000
vn 1.000000 0.000000 0.000000
vn 1.000000 0.000000 0.000000
vn 1.000000 0.000000 0.000000
vn 1.000000 0.000000 0.000000
vn 1.000000 0.000000 0.000000
vn 1.000000 0.000000 0.000000
vn 1.000000 0.000000 0.000000
vn 1.000000 0.000000 0.000000
vn -0.000000 0.000000 -1.000000
vn -0.000000 0.000000 -1.000000
vn -0.000000 0.000000 -1.000000
vn -0.000000 0.000000 -1.000000
vn 0.000000 0.000000 1.000000
vn 0.000000 0.000000 1.000000
vn 0.000000 0.000000 1.000000
vn 0.000000 0.000000 1.000000
vn 1.000000 0.000000 0.000000
vn 1.000000 0.000000 0.000000
vn 1.000000 0.000000 0.000000
vn 1.000000 0.000000 0.000000
vn 0.000000 0.000000 -1.000000
vn 0.000000 0.000000 -1.000000
vn 0.000000 0.000000 -1.000000
vn 0.000000 0.000000 -1.000000
vn -1.000000 0.000000 0.000000
vn -1.000000 0.000000 0.000000
vn -1.000000 0.000000 0.000000
vn -1.000000 0.000000 0.000000
vn -1.000000 0.000000 0.000000
vn -1.000000 0.000000 0.000000
vn -1.000000 0.000000 0.000000
vn -1.000000 0.000000 0.000000
vn 0.000000 0.000000 1.000000
vn 0.000000 0.000000 1.000000
vn 0.000000 0.000000 1.000000
vn 0.000000 0.000000 1.000000
vn -1.000000 -0.000000 0.000000
vn -1.000000 -0.000000 0.000000
vn -1.000000 -0.000000 0.000000
vn -1.000000 -0.000000 0.000000
vn 1.000000 0.000000 0.000000
vn 1.000000 0.000000 0.000000
vn 1.000000 0.000000 0.000000
vn 1.000000 0.000000 0.000000
vn -0.000000 -0.000000 -1.000000
vn -0.000000 -0.000000 -1.000000
vn -0.000000 -0.000000 -1.000000
vn -0.000000 -0.000000 -1.000000
vn 0.000000 0.000000 1.000000
vn 0.000000 0.000000 1.000000
vn 0.000000 0.000000 1.000000
vn 0.000000 0.000000 1.000000
vn 1.000000 0.000000 0.000000
vn 1.000000 0.000000 0.000000
vn 1.000000 0.000000 0.000000
vn 1.000000 0.000000 0.000000
vn -1.000000 0.000000 0.000000
vn -1.000000 0.000000 0.000000
vn -1.000000 0.000000 0.000000
vn -1.000000 0.000000 0.000000
vn 1.000000 0.000000 0.000000
vn 1.000000 0.000000 0.000000
vn 1.000000 0.000000 0.000000
vn 1.000000 0.000000 0.000000
vn 0.000000 -0.000000 -1.000000
vn 0.000000 -0.000000 -1.000000
vn 0.000000 -0.000000 -1.000000
vn 0.000000 -0.000000 -1.000000
vn -1.000000 0.000000 0.000000
vn -1.000000 0.000000 0.000000
vn -1.000000 0.000000 0.000000
vn -1.000000 0.000000 0.000000
vn -1.000000 0.000000 0.000000
vn -1.000000 0.000000 0.000000
vn -1.000000 0.000000 0.000000
vn -1.000000 0.000000 0.000000
vn 0.000000 0.000000 1.000000
vn 0.000000 0.000000 1.000000
vn 0.000000 0.000000 1.000000
vn 0.000000 0.000000 1.000000
vn 1.000000 0.000000 0.000000
vn 1.000000 0.000000 0.000000
vn 1.000000 0.000000 0.000000
vn 1.000000 0.000000 0.000000
vn 1.000000 0.000000 0.000000
vn 1.000000 0.000000 0.000000
vn 1.000000 0.000000 0.000000
vn 1.000000 0.000000 0.000000
vn 0.000000 0.000000 -1.000000
vn 0.000000 0.000000 -1.000000
vn 0.000000 0.000000 -1.000000
vn 0.000000 0.000000 -1.000000
vn 0.000000 0.000000 1.000000
vn 0.000000 0.000000 1.000000
vn 0.000000 0.000000 1.000000
vn 0.000000 0.000000 1.000000
vn 1.000000 0.000000 0.000000
vn 1.000000 0.000000 0.000000
vn 1.000000 0.000000 0.000000
vn 1.000000 0.000000 0.000000
vn 0.000000 0.000000 -1.000000
vn 0.000000 0.000000 -1.000000
vn 0.000000 0.000000 -1.000000
vn 0.000000 0.000000 -1.000000
vn -1.000000 0.000000 0.000000
vn -1.000000 0.000000 0.000000
vn -1.000000 0.000000 0.000000
vn -1.000000 0.000000 0.000000
vn -1.000000 0.000000 0.000000
vn -1.000000 0.000000 0.000000
vn -1.000000 0.000000 0.000000
vn -1.000000 0.000000 0.000000
vn 0.000000 0.000000 1.000000
vn 0.000000 0.000000 1.000000
vn 0.000000 0.000000 1.000000
vn 0.000000 0.000000 1.000000
vn -1.000000 0.000000 0.000000
vn -1.000000 0.000000 0.000000
vn -1.000000 0.000000 0.000000
vn -1.000000 0.000000 0.000000
vn 1.000000 0.000000 0.000000
vn 1.000000 0.000000 0.000000
vn 1.000000 0.000000 0.000000
vn 1.000000 0.000000 0.000000
vn 0.000000 0.000000 -1.000000
vn 0.000000 0.000000 -1.000000
vn 0.000000 0.000000 -1.000000
vn 0.000000 0.000000 -1.000000
vn 0.000000 0.000000 1.000000
vn 0.000000 0.000000 1.000000
vn 0.000000 0.000000 1.000000
vn 0.000000 0.000000 1.000000
vn 1.000000 0.000000 0.000000
vn 1.000000 0.000000 0.000000
vn 1.000000 0.000000 0.000000
vn 1.000000 0.000000 0.000000
vn -1.000000 0.000000 0.000000
vn -1.000000 0.000000 0.000000
vn -1.000000 0.000000 0.000000
vn -1.000000 0.000000 0.000000
vn 1.000000 0.000000 0.000000
vn 1.000000 0.000000 0.000000
vn 1.000000 0.000000 0.000000
vn 1.000000 0.000000 0.000000
vn 0.000000 0.000000 -1.000000
vn 0.000000 0.000000 -1.000000
vn 0.000000 0.000000 -1.000000
vn 0.000000 0.000000 -1.000000
vn -1.000000 0.000000 0.000000
vn -1.000000 0.000000 0.000000
vn -1.000000 0.000000 0.000000
vn -1.000000 0.000000 0.000000
vn -1.000000 0.000000 0.000000
vn -1.000000 0.000000 0.000000
vn -1.000000 0.000000 0.000000
vn -1.000000 0.000000 0.000000
vn 0.000000 0.000000 1.000000
vn 0.000000 0.000000 1.000000
vn 0.000000 0.000000 1.000000
vn 0.000000 0.000000 1.000000
vn 1.000000 0.000000 0.000000
vn 1.000000 0.000000 0.000000
vn 1.000000 0.000000 0.000000
vn 1.000000 0.000000 0.000000
vn 0.000000 -1.000000 0.000000
vn 0.000000 -1.000000 0.000000
vn 0.000000 -1.000000 0.000000
vn 0.000000 -1.000000 0.000000
vn 0.000000 -1.000000 0.000000
vn 0.000000 -1.000000 0.000000
vn 0.000000 -1.000000 0.000000
vn 0.000000 -1.000000 0.000000
vn 0.000000 0.000000 1.000000
vn 0.000000 0.000000 1.000000
vn 0.000000 0.000000 1.000000
vn 0.000000 0.000000 1.000000
vn 0.000000 0.000000 -1.000000
vn 0.000000 0.000000 -1.000000
vn 0.000000 0.000000 -1.000000
vn 0.000000 0.000000 -1.000000
vn 0.000000 1.000000 0.000000
vn 0.000000 1.000000 0.000000
vn 0.000000 1.000000 0.000000
vn 0.000000 1.000000 0.000000
vn 0.000000 1.000000 0.000000
vn 0.000000 1.000000 0.000000
vn 0.000000 1.000000 0.000000
vn 0.000000 1.000000 0.000000
vn 0.000000 -1.000000 0.000000
vn 0.000000 -1.000000 0.000000
vn 0.000000 -1.000000 0.000000
vn 0.000000 -1.000000 0.000000
vn 0.000000 -1.000000 0.000000
vn 0.000000 -1.000000 0.000000
vn 0.000000 -1.000000 0.000000
vn 0.000000 -1.000000 0.000000
vn 0.000000 0.000000 1.000000
vn 0.000000 0.000000 1.000000
vn 0.000000 0.000000 1.000000
vn 0.000000 0.000000 1.000000
vn 0.000000 1.000000 0.000000
vn 0.000000 1.000000 0.000000
vn 0.000000 1.000000 0.000000
vn 0.000000 1.000000 0.000000
vn 0.000000 1.000000 0.000000
vn 0.000000 1.000000 0.000000
vn 0.000000 1.000000 0.000000
vn 0.000000 1.000000 0.000000
vn 0.000000 0.000000 -1.000000
vn 0.000000 0.000000 -1.000000
vn 0.000000 0.000000 -1.000000
vn 0.000000 0.000000 -1.000000
vn 0.000000 -1.000000 0.000000
vn 0.000000 -1.000000 0.000000
vn 0.000000 -1.000000 0.000000
vn 0.000000 -1.000000 0.000000
vn 0.000000 -1.000000 0.000000
vn 0.000000 -1.000000 0.000000
vn 0.000000 -1.000000 0.000000
vn 0.000000 -1.000000 0.000000
vn 0.000000 0.000000 -1.000000
vn 0.000000 0.000000 -1.000000
vn 0.000000 0.000000 -1.000000
vn 0.000000 0.000000 -1.000000
vn 0.000000 1.000000 0.000000
vn 0.000000 1.000000 0.000000
vn 0.000000 1.000000 0.000000
vn 0.000000 1.000000 0.000000
vn 0.000000 1.000000 0.000000
vn 0.000000 1.000000 0.000000
vn 0.000000 1.000000 0.000000
vn 0.000000 1.000000 0.000000
vn 0.000000 0.000000 1.000000
vn 0.000000 0.000000 1.000000
vn 0.000000 0.000000 1.000000
vn 0.000000 0.000000 1.000000
vn 0.000000 -1.000000 0.000000
vn 0.000000 -1.000000 0.000000
vn 0.000000 -1.000000 0.000000
vn 0.000000 -1.000000 0.000000
vn 0.000000 -1.000000 0.000000
vn 0.000000 -1.000000 0.000000
vn 0.000000 -1.000000 0.000000
vn 0.000000 -1.000000 0.000000
vn 0.000000 0.000000 -1.000000
vn 0.000000 0.000000 -1.000000
vn 0.000000 0.000000 -1.000000
vn 0.000000 0.000000 -1.000000
vn 0.000000 1.000000 0.000000
vn 0.000000 1.000000 0.000000
vn 0.000000 1.000000 0.000000
vn 0.000000 1.000000 0.000000
vn 0.000000 1.000000 0.000000
vn 0.000000 1.000000 0.000000
vn 0.000000 1.000000 0.000000
vn 0.000000 1.000000 0.000000
vn 0.000000 0.000000 1.000000
vn 0.000000 0.000000 1.000000
vn 0.000000 0.000000 1.000000
vn 0.000000 0.000000 1.000000
vn 0.000000 -1.000000 0.000000
vn 0.000000 -1.000000 0.000000
vn 0.000000 -1.000000 0.000000
vn 0.000000 -1.000000 0.000000
vn 0.000000 -1.000000 0.000000
vn 0.000000 -1.000000 0.000000
vn 0.000000 -1.000000 0.000000
vn 0.000000 -1.000000 0.000000
vn 0.000000 0.000000 -1.000000
vn 0.000000 0.000000 -1.000000
vn 0.000000 0.000000 -1.000000
vn 0.000000 0.000000 -1.000000
vn 0.000000 1.000000 0.000000
vn 0.000000 1.000000 0.000000
vn 0.000000 1.000000 0.000000
vn 0.000000 1.000000 0.000000
vn 0.000000 1.000000 0.000000
vn 0.000000 1.000000 0.000000
vn 0.000000 1.000000 0.000000
vn 0.000000 1.000000 0.000000
vn 0.000000 0.000000 1.000000
vn 0.000000 0.000000 1.000000
vn 0.000000 0.000000 1.000000
vn 0.000000 0.000000 1.000000
vn 0.000000 -1.000000 0.000000
vn 0.000000 -1.000000 0.000000
vn 0.000000 -1.000000 0.000000
vn 0.000000 -1.000000 0.000000
vn 0.000000 0.000000 -1.000000
vn 0.000000 0.000000 -1.000000
vn 0.000000 0.000000 -1.000000
vn 0.000000 0.000000 -1.000000
vn 0.000000 1.000000 0.000000
vn 0.000000 1.000000 0.000000
vn 0.000000 1.000000 0.000000
vn 0.000000 1.000000 0.000000
vn 0.000000 1.000000 0.000000
vn 0.000000 1.000000 0.000000
vn 0.000000 1.000000 0.000000
vn 0.000000 1.000000 0.000000
vn 0.000000 0.000000 1.000000
vn 0.000000 0.000000 1.000000
vn 0.000000 0.000000 1.000000
vn 0.000000 0.000000 1.000000
vn 0.000000 -1.000000 0.000000
vn 0.000000 -1.000000 0.000000
vn 0.000000 -1.000000 0.000000
vn 0.000000 -1.000000 0.000000
vn 0.000000 -1.000000 0.000000
vn 0.000000 -1.000000 0.000000
vn 0.000000 -1.000000 0.000000
vn 0.000000 -1.000000 0.000000
vn 0.000000 0.000000 -1.000000
vn 0.000000 0.000000 -1.000000
vn 0.000000 0.000000 -1.000000
vn 0.000000 0.000000 -1.000000
vn 0.000000 1.000000 0.000000
vn 0.000000 1.000000 0.000000
vn 0.000000 1.000000 0.000000
vn 0.000000 1.000000 0.000000
vn 0.000000 1.000000 0.000000
vn 0.000000 1.000000 0.000000
vn 0.000000 1.000000 0.000000
vn 0.000000 1.000000 0.000000
vn 0.000000 0.000000 1.000000
vn 0.000000 0.000000 1.000000
vn 0.000000 0.000000 1.000000
vn 0.000000 0.000000 1.000000
vn 0.000000 -1.000000 0.000000
vn 0.000000 -1.000000 0.000000
vn 0.000000 -1.000000 0.000000
vn 0.000000 -1.000000 0.000000
vn 0.000000 -1.000000 0.000000
vn 0.000000 -1.000000 0.000000
vn 0.000000 -1.000000 0.000000
vn 0.000000 -1.000000 0.000000
vn 0.000000 0.000000 -1.000000
vn 0.000000 0.000000 -1.000000
vn 0.000000 0.000000 -1.000000
vn 0.000000 0.000000 -1.000000
vn 0.000000 1.000000 0.000000
vn 0.000000 1.000000 0.000000
vn 0.000000 1.000000 0.000000
vn 0.000000 1.000000 0.000000
vn 0.000000 1.000000 0.000000
vn 0.000000 1.000000 0.000000
vn 0.000000 1.000000 0.000000
vn 0.000000 1.000000 0.000000
vn 0.000000 0.000000 1.000000
vn 0.000000 0.000000 1.000000
vn 0.000000 0.000000 1.000000
vn 0.000000 0.000000 1.000000
vn 0.000000 -1.000000 0.000000
vn 0.000000 -1.000000 0.000000
vn 0.000000 -1.000000 0.000000
vn 0.000000 -1.000000 0.000000
vn 0.000000 -1.000000 0.000000
vn 0.000000 -1.000000 0.000000
vn 0.000000 -1.000000 0.000000
vn 0.000000 -1.000000 0.000000
vn 0.000000 0.000000 -1.000000
vn 0.000000 0.000000 -1.000000
vn 0.000000 1.000000 0.000000
vn 0.000000 1.000000 0.000000
vn 0.000000 1.000000 0.000000
vn 0.000000 1.000000 0.000000
vn 0.000000 0.000000 1.000000
vn 0.000000 0.000000 1.000000
vn 0.000000 -1.000000 0.000000
vn 0.000000 -1.000000 0.000000
vn 0.000000 0.000000 -1.000000
vn 0.000000 0.000000 -1.000000
vn 0.000000 1.000000 0.000000
vn 0.000000 1.000000 0.000000
vn 0.000000 1.000000 0.000000
vn 0.000000 1.000000 0.000000
vn 0.000000 0.000000 1.000000
vn 0.000000 0.000000 1.000000
vn 0.000000 -1.000000 0.000000
vn 0.000000 -1.000000 0.000000
s off
g pCylinder7
usemtl openPBRSurface5SG
f 1/1183/1 2/1184/2 10/1185/3 9/1186/4
f 2/7/5 3/1/6 11/4/7 10/8/8
f 3/1/9 4/2/10 12/3/11 11/4/12
f 4/2/13 5/5/14 13/6/15 12/3/16
f 5/1187/17 6/1188/18 14/1189/19 13/1190/20
f 6/15/21 7/9/22 15/12/23 14/16/24
f 7/9/25 8/10/26 16/11/27 15/12/28
f 8/10/29 1/13/30 9/14/31 16/11/32
s 1
f 2/543/33 1/544/34 17/545/35
f 3/547/36 2/543/33 17/545/35
f 4/549/37 3/547/36 17/545/35
f 5/551/38 4/549/37 17/545/35
f 6/550/39 5/551/38 17/545/35
f 7/548/40 6/550/39 17/545/35
f 8/546/41 7/548/40 17/545/35
f 1/544/34 8/546/41 17/545/35
s 2
f 42/552/42 43/553/43 44/554/44
f 43/553/43 45/558/45 46/556/46
f 47/555/47 43/553/43 42/552/42
f 48/557/48 49/559/49 43/553/43
f 43/553/43 49/559/49 50/560/50
f 44/554/44 43/553/43 46/556/46
f 48/557/48 43/553/43 47/555/47
f 43/553/43 50/560/50 45/558/45
s off
f 15/561/51 16/562/52 18/563/53 19/564/54
f 13/571/55 14/567/56 21/568/57 20/572/58
f 16/562/59 9/565/60 22/566/61 18/563/62
f 10/569/63 11/573/64 24/574/65 23/570/66
f 11/573/67 12/575/68 25/576/69 24/574/70
f 14/567/71 15/561/72 19/564/73 21/568/74
f 9/565/75 10/569/76 23/570/77 22/566/78
f 12/575/79 13/571/80 20/572/81 25/576/82
f 19/17/83 18/18/84 26/19/85 27/20/86
f 20/1191/87 21/1192/88 29/1193/89 28/1194/90
f 18/18/91 22/21/92 30/22/93 26/19/94
f 23/31/95 24/25/96 32/28/97 31/32/98
f 24/25/99 25/26/100 33/27/101 32/28/102
f 21/23/103 19/17/104 27/20/105 29/24/106
f 22/1195/107 23/1196/108 31/1197/109 30/1198/110
f 25/26/111 20/29/112 28/30/113 33/27/114
f 27/577/115 26/578/116 34/579/117 35/580/118
f 28/587/119 29/583/120 37/584/121 36/588/122
f 26/578/123 30/581/124 38/582/125 34/579/126
f 31/585/127 32/589/128 40/590/129 39/586/130
f 32/589/131 33/591/132 41/592/133 40/590/134
f 29/583/135 27/577/136 35/580/137 37/584/138
f 30/581/139 31/585/140 39/586/141 38/582/142
f 33/591/143 28/587/144 36/588/145 41/592/146
f 35/33/147 34/34/148 42/35/149 44/36/150
f 36/1199/151 37/1200/152 46/1201/153 45/1202/154
f 34/34/155 38/37/156 47/38/157 42/35/158
f 39/47/159 40/41/160 49/44/161 48/48/162
f 40/41/163 41/42/164 50/43/165 49/44/166
f 37/39/167 35/33/168 44/36/169 46/40/170
f 38/1203/171 39/1204/172 48/1205/173 47/1206/174
f 41/42/175 36/45/176 45/46/177 50/43/178
f 51/58/179 52/61/180 60/62/181 59/59/182
f 52/1207/183 53/1208/184 61/1209/185 60/1210/186
f 53/55/187 54/49/188 62/52/189 61/56/190
f 54/49/191 55/50/192 63/51/193 62/52/194
f 55/50/195 56/53/196 64/54/197 63/51/198
f 56/1211/199 57/1212/200 65/1213/201 64/1214/202
f 57/63/203 58/57/204 66/60/205 65/64/206
f 58/57/207 51/58/208 59/59/209 66/60/210
s 5
f 52/593/211 51/594/212 67/595/213
f 53/597/214 52/593/211 67/595/213
f 54/599/215 53/597/214 67/595/213
f 55/601/216 54/599/215 67/595/213
f 56/600/217 55/601/216 67/595/213
f 57/598/218 56/600/217 67/595/213
f 58/596/219 57/598/218 67/595/213
f 51/594/212 58/596/219 67/595/213
s 6
f 76/602/220 77/603/221 78/604/222
f 77/603/221 79/605/223 78/604/222
f 79/605/223 80/607/224 78/604/222
f 80/607/224 81/609/225 78/604/222
f 81/609/225 82/610/226 78/604/222
f 82/610/226 83/608/227 78/604/222
f 83/608/227 84/606/228 78/604/222
f 84/606/228 76/602/220 78/604/222
s off
f 85/1219/229 86/1215/230 87/1218/231 88/1220/232
f 86/1215/233 89/1216/234 90/1217/235 87/1218/236
f 89/71/237 91/65/238 92/68/239 90/72/240
f 91/65/241 93/66/242 94/67/243 92/68/244
f 93/66/245 95/69/246 96/70/247 94/67/248
f 95/1229/249 97/1230/250 98/1231/251 96/1232/252
f 97/1230/253 99/1233/254 100/1234/255 98/1231/256
f 113/73/257 114/74/258 115/75/259 116/76/260
f 68/86/261 69/89/262 77/90/263 76/87/264
f 69/1243/265 70/1244/266 79/1245/267 77/1246/268
f 70/83/269 71/77/270 80/80/271 79/84/272
f 71/77/273 72/78/274 81/79/275 80/80/276
f 72/78/277 73/81/278 82/82/279 81/79/280
f 73/1247/281 74/1248/282 83/1249/283 82/1250/284
f 74/91/285 75/85/286 84/88/287 83/92/288
f 75/85/289 68/86/290 76/87/291 84/88/292
f 59/611/293 60/612/294 86/613/295 85/614/296
f 69/635/297 68/636/298 88/637/299 87/638/300
f 60/612/301 61/615/302 89/616/303 86/613/304
f 70/641/305 69/635/306 87/638/307 90/642/308
f 61/615/309 62/619/310 91/620/311 89/616/312
f 71/647/313 70/641/314 90/642/315 92/648/316
f 62/619/317 63/625/318 93/626/319 91/620/320
f 72/653/321 71/647/322 92/648/323 94/654/324
f 63/625/325 64/629/326 95/630/327 93/626/328
f 73/649/329 72/653/330 94/654/331 96/650/332
f 64/629/333 65/623/334 97/624/335 95/630/336
f 74/643/337 73/649/338 96/650/339 98/644/340
f 65/623/341 66/617/342 99/618/343 97/624/344
f 75/639/345 74/643/346 98/644/347 100/640/348
f 66/617/349 59/611/350 85/614/351 99/618/352
f 68/636/353 75/639/354 100/640/355 88/637/356
f 99/618/357 85/614/358 102/621/359 101/622/360
f 85/1219/361 88/1220/362 103/1221/363 102/1222/364
f 88/637/365 100/640/366 104/645/367 103/646/368
f 100/1234/369 99/1233/370 101/1235/371 104/1236/372
f 101/622/373 102/621/374 106/627/375 105/628/376
f 102/1222/377 103/1221/378 107/1223/379 106/1224/380
f 103/646/381 104/645/382 108/651/383 107/652/384
f 104/1236/385 101/1235/386 105/1237/387 108/1238/388
f 105/628/389 106/627/390 110/631/391 109/632/392
f 106/1224/393 107/1223/394 111/1225/395 110/1226/396
f 107/652/397 108/651/398 112/655/399 111/656/400
f 108/1238/401 105/1237/402 109/1239/403 112/1240/404
f 109/632/405 110/631/406 114/633/407 113/634/408
f 110/1226/409 111/1225/410 115/1227/411 114/1228/412
f 111/656/413 112/655/414 116/657/415 115/658/416
f 112/1240/417 109/1239/418 113/1241/419 116/1242/420
f 117/1251/421 118/1252/422 120/1253/423 119/1254/424
f 119/659/425 120/660/426 122/661/427 121/662/428
f 121/1255/429 122/1256/430 124/1257/431 123/1258/432
f 123/663/433 124/664/434 118/665/435 117/666/436
f 118/93/437 124/94/438 122/95/439 120/96/440
f 123/97/441 117/98/442 119/99/443 121/100/444
s 7
f 125/1259/445 126/1260/446 184/1261/447 181/1262/448
s off
f 193/1803/449 194/1804/450 195/1805/451 196/1806/452
s 8
f 182/1289/453 183/1290/454 132/1291/455 131/1292/456
s off
f 197/1809/457 198/1810/458 199/1811/459 200/1812/460
s 9
f 126/101/461 132/102/462 183/103/463 184/104/464
s 10
f 131/147/465 125/148/466 181/149/467 182/150/468
s off
f 127/1274/469 128/1273/470 134/1277/471 133/1278/472
f 128/116/473 130/115/474 135/119/475 134/120/476
f 130/1302/477 129/1301/478 136/1305/479 135/1306/480
f 129/162/481 127/161/482 133/165/483 136/166/484
f 131/1292/485 132/1291/486 138/1295/487 137/1296/488
f 132/102/489 126/101/490 139/105/491 138/106/492
f 126/1260/493 125/1259/494 140/1263/495 139/1264/496
f 125/148/497 131/147/498 137/151/499 140/152/500
f 133/1278/501 134/1277/502 142/1281/503 141/1282/504
f 134/120/505 135/119/506 143/123/507 142/124/508
f 135/1306/509 136/1305/510 144/1309/511 143/1310/512
f 136/166/513 133/165/514 141/169/515 144/170/516
f 137/1296/517 138/1295/518 146/1299/519 145/1300/520
f 138/106/521 139/105/522 147/109/523 146/110/524
f 139/1264/525 140/1263/526 148/1267/527 147/1268/528
f 140/152/529 137/151/530 145/155/531 148/156/532
f 141/1282/533 142/1281/534 150/1283/535 149/1284/536
f 142/124/537 143/123/538 151/127/539 150/128/540
f 143/1310/541 144/1309/542 152/1313/543 151/1314/544
f 144/170/545 141/169/546 149/171/547 152/172/548
f 145/1300/549 146/1299/550 154/1303/551 153/1304/552
f 146/110/553 147/109/554 155/113/555 154/114/556
f 147/1268/557 148/1267/558 156/1271/559 155/1272/560
f 148/156/561 145/155/562 153/159/563 156/160/564
f 149/1284/565 150/1283/566 158/1285/567 157/1286/568
f 150/128/569 151/127/570 159/135/571 158/136/572
f 151/1314/573 152/1313/574 160/1315/575 159/1316/576
f 152/172/577 149/171/578 157/173/579 160/174/580
f 153/1304/581 154/1303/582 162/1307/583 161/1308/584
f 154/114/585 155/113/586 163/117/587 162/118/588
f 155/1272/589 156/1271/590 164/1275/591 163/1276/592
f 156/160/593 153/159/594 161/163/595 164/164/596
f 157/1286/597 158/1285/598 166/1287/599 165/1288/600
f 158/136/601 159/135/602 167/137/603 166/138/604
f 159/1316/605 160/1315/606 168/1317/607 167/1318/608
f 160/174/609 157/173/610 165/175/611 168/176/612
f 161/1308/613 162/1307/614 170/1311/615 169/1312/616
f 162/118/617 163/117/618 171/121/619 170/122/620
f 163/1276/621 164/1275/622 172/1279/623 171/1280/624
f 164/164/625 161/163/626 169/167/627 172/168/628
s 10
f 177/158/629 178/157/630 127/161/631 129/162/632
s 8
f 129/1301/633 130/1302/634 180/1298/635 177/1297/636
s 9
f 179/112/637 180/111/638 130/115/639 128/116/640
s 7
f 178/1270/641 179/1269/642 128/1273/643 127/1274/644
s 10
f 174/154/645 173/153/646 178/157/630 177/158/629
s 7
f 173/1266/647 176/1265/648 179/1269/642 178/1270/641
s 9
f 176/108/649 175/107/650 180/111/638 179/112/637
s 8
f 177/1297/636 180/1298/635 175/1294/651 174/1293/652
s 10
f 182/150/468 181/149/467 173/153/646 174/154/645
s 8
f 174/1293/652 175/1294/651 183/1290/454 182/1289/453
s 9
f 184/104/464 183/103/463 175/107/650 176/108/649
s 7
f 181/1262/448 184/1261/447 176/1265/648 173/1266/647
s off
f 201/1319/653 202/1320/654 203/1321/655 204/1322/656
f 202/140/657 205/139/658 206/143/659 203/144/660
f 205/1323/661 207/1324/662 208/1325/663 206/1326/664
f 207/187/665 201/188/666 204/182/667 208/184/668
f 209/1327/669 210/1328/670 211/1329/671 212/1330/672
f 210/126/673 213/125/674 214/131/675 211/132/676
f 213/1331/677 215/1332/678 216/1333/679 214/1334/680
f 215/203/681 209/204/682 212/198/683 216/200/684
f 185/1335/685 186/1336/686 194/1337/687 193/1338/688
f 186/1807/689 187/1808/690 195/1805/691 194/1804/692
f 187/1339/693 188/1340/694 196/1341/695 195/1342/696
f 188/183/697 185/181/698 193/185/699 196/186/700
f 189/1343/701 190/1344/702 198/1345/703 197/1346/704
f 190/1813/705 191/1814/706 199/1811/707 198/1810/708
f 191/1347/709 192/1348/710 200/1349/711 199/1350/712
f 192/199/713 189/197/714 197/201/715 200/202/716
f 165/145/717 166/138/718 202/140/719 201/146/720
f 186/178/721 185/181/722 204/182/723 203/179/724
f 166/138/725 167/137/726 205/139/727 202/140/728
f 187/177/729 186/178/730 203/179/731 206/180/732
f 167/137/733 168/141/734 207/142/735 205/139/736
f 188/183/737 187/177/738 206/180/739 208/184/740
f 168/189/741 165/190/742 201/191/743 207/192/744
f 185/181/745 188/183/746 208/184/747 204/182/748
f 169/133/749 170/122/750 210/126/751 209/134/752
f 190/194/753 189/197/754 212/198/755 211/195/756
f 170/122/757 171/121/758 213/125/759 210/126/760
f 191/193/761 190/194/762 211/195/763 214/196/764
f 171/121/765 172/129/766 215/130/767 213/125/768
f 192/199/769 191/193/770 214/196/771 216/200/772
f 172/205/773 169/206/774 209/207/775 215/208/776
f 189/197/777 192/199/778 216/200/779 212/198/780
f 217/215/781 218/209/782 222/212/783 221/216/784
f 218/209/785 219/210/786 223/211/787 222/212/788
f 219/210/789 220/213/790 224/214/791 223/211/792
s 15
f 220/1351/793 272/1352/794 274/1353/795 224/1354/796
s 16
f 217/667/797 271/668/798 275/669/799
f 218/671/800 217/667/797 275/669/799 225/672/801
f 219/674/802 218/671/800 225/672/801
f 220/676/803 219/674/802 225/672/801 276/677/804
s 17
f 230/680/805 232/681/806 231/682/807 280/683/808
f 232/681/806 233/684/809 231/682/807
f 233/684/809 234/688/810 281/689/811 231/682/807
f 234/688/810 282/691/812 281/689/811
s off
f 235/1405/813 237/1402/814 238/1401/815 236/1406/816
f 267/217/817 268/218/818 269/219/819 270/220/820
f 239/1363/821 241/1357/822 242/1360/823 240/1364/824
s 18
f 241/1357/825 285/1358/826 286/1359/827 242/1360/828
s off
f 226/239/829 227/233/830 232/236/831 230/240/832
f 227/233/833 228/234/834 233/235/835 232/236/836
f 228/234/837 229/237/838 234/238/839 233/235/840
s 19
f 229/1395/841 278/1396/842 282/1397/843 234/1398/844
s 20
f 226/693/845 277/694/846 284/695/847 236/696/848
s off
f 221/729/849 222/730/850 237/731/851 235/732/852
f 227/699/853 226/693/854 236/696/855 238/700/856
f 222/730/857 223/733/858 239/734/859 237/731/860
f 228/703/861 227/699/862 238/700/863 240/704/864
f 223/733/865 224/737/866 241/738/867 239/734/868
f 229/709/869 228/703/870 240/704/871 242/710/872
s 21
f 224/737/873 274/743/874 285/744/875 241/738/876
s off
f 237/731/877 239/734/878 244/739/879 243/740/880
f 239/1363/881 240/1364/882 245/1367/883 244/1368/884
f 240/704/885 238/700/886 246/707/887 245/708/888
f 238/1401/889 237/1402/890 243/1403/891 246/1404/892
f 243/740/893 244/739/894 248/745/895 247/746/896
f 244/1368/897 245/1367/898 249/1371/899 248/1372/900
f 245/708/901 246/707/902 250/715/903 249/716/904
f 246/1404/905 243/1403/906 247/1407/907 250/1408/908
f 247/746/909 248/745/910 252/751/911 251/752/912
f 248/1372/913 249/1371/914 253/1375/915 252/1376/916
f 249/716/917 250/715/918 254/721/919 253/722/920
f 250/1408/921 247/1407/922 251/1411/923 254/1412/924
f 251/752/925 252/751/926 256/755/927 255/756/928
f 252/1376/929 253/1375/930 257/1379/931 256/1380/932
f 253/722/933 254/721/934 258/725/935 257/726/936
f 254/1412/937 251/1411/938 255/1415/939 258/1416/940
f 255/229/941 256/230/942 260/226/943 259/225/944
f 256/1380/945 257/1379/946 261/1383/947 260/1384/948
f 257/231/949 258/232/950 262/228/951 261/227/952
f 258/1416/953 255/1415/954 259/1419/955 262/1420/956
f 259/225/957 260/226/958 264/222/959 263/221/960
f 260/1384/961 261/1383/962 265/1387/963 264/1388/964
f 261/227/965 262/228/966 266/224/967 265/223/968
f 262/1420/969 259/1419/970 263/1423/971 266/1424/972
f 263/221/973 264/222/974 268/218/975 267/217/976
f 264/1388/977 265/1387/978 269/1391/979 268/1392/980
f 265/223/981 266/224/982 270/220/983 269/219/984
f 266/1424/985 263/1423/986 267/1427/987 270/1428/988
s 22
f 273/1439/989 271/1440/990 217/1441/991 221/1442/992
s 16
f 276/677/804 272/679/993 220/676/803
s 17
f 280/683/808 279/687/994 230/680/805
s 23
f 284/1409/995 283/1410/996 235/1405/997 236/1406/998
s 24
f 279/1445/999 277/1446/1000 226/1447/1001 230/1448/1002
s 25
f 283/735/1003 273/736/1004 221/729/1005 235/732/1006
s 26
f 286/717/1007 278/718/1008 229/709/1009 242/710/1010
s off
f 287/245/1011 291/246/1012 292/242/1013 288/241/1014
f 288/241/1015 292/242/1016 293/243/1017 289/244/1018
f 289/244/1019 293/243/1020 294/247/1021 290/248/1022
s 15
f 290/1355/1023 294/1356/1024 274/1353/795 272/1352/794
s 16
f 287/670/1025 275/669/799 271/668/798
f 288/673/1026 225/672/801 275/669/799 287/670/1025
f 289/675/1027 225/672/801 288/673/1026
f 290/678/1028 276/677/804 225/672/801 289/675/1027
s 17
f 299/685/1029 280/683/808 231/682/807 300/686/1030
f 300/686/1030 231/682/807 301/690/1031
f 301/690/1031 231/682/807 281/689/811 302/692/1032
f 302/692/1032 281/689/811 282/691/812
s off
f 303/1414/1033 304/1413/1034 306/1417/1035 305/1418/1036
f 335/249/1037 338/250/1038 337/251/1039 336/252/1040
f 307/1365/1041 308/1366/1042 310/1362/1043 309/1361/1044
s 18
f 309/1361/1045 310/1362/1046 286/1359/827 285/1358/826
s off
f 295/269/1047 299/270/1048 300/266/1049 296/265/1050
f 296/265/1051 300/266/1052 301/267/1053 297/268/1054
f 297/268/1055 301/267/1056 302/271/1057 298/272/1058
s 19
f 298/1399/1059 302/1400/1060 282/1397/843 278/1396/842
s 20
f 295/697/1061 304/698/1062 284/695/847 277/694/846
s off
f 291/742/1063 303/741/1064 305/747/1065 292/748/1066
f 296/701/1067 306/702/1068 304/698/1069 295/697/1070
f 292/748/1071 305/747/1072 307/753/1073 293/754/1074
f 297/705/1075 308/706/1076 306/702/1077 296/701/1078
f 293/754/1079 307/753/1080 309/750/1081 294/749/1082
f 298/711/1083 310/712/1084 308/706/1085 297/705/1086
s 21
f 294/749/1087 309/750/1088 285/744/875 274/743/874
s off
f 305/747/1089 311/757/1090 312/758/1091 307/753/1092
f 307/1365/1093 312/1369/1094 313/1370/1095 308/1366/1096
f 308/706/1097 313/713/1098 314/714/1099 306/702/1100
f 306/1417/1101 314/1421/1102 311/1422/1103 305/1418/1104
f 311/757/1105 315/759/1106 316/760/1107 312/758/1108
f 312/1369/1109 316/1373/1110 317/1374/1111 313/1370/1112
f 313/713/1113 317/719/1114 318/720/1115 314/714/1116
f 314/1421/1117 318/1425/1118 315/1426/1119 311/1422/1120
f 315/759/1121 319/761/1122 320/762/1123 316/760/1124
f 316/1373/1125 320/1377/1126 321/1378/1127 317/1374/1128
f 317/719/1129 321/723/1130 322/724/1131 318/720/1132
f 318/1425/1133 322/1429/1134 319/1430/1135 315/1426/1136
f 319/761/1137 323/763/1138 324/764/1139 320/762/1140
f 320/1377/1141 324/1381/1142 325/1382/1143 321/1378/1144
f 321/723/1145 325/727/1146 326/728/1147 322/724/1148
f 322/1429/1149 326/1431/1150 323/1432/1151 319/1430/1152
f 323/263/1153 327/259/1154 328/260/1155 324/264/1156
f 324/1381/1157 328/1385/1158 329/1386/1159 325/1382/1160
f 325/261/1161 329/257/1162 330/258/1163 326/262/1164
f 326/1431/1165 330/1433/1166 327/1434/1167 323/1432/1168
f 327/259/1169 331/255/1170 332/256/1171 328/260/1172
f 328/1385/1173 332/1389/1174 333/1390/1175 329/1386/1176
f 329/257/1177 333/253/1178 334/254/1179 330/258/1180
f 330/1433/1181 334/1435/1182 331/1436/1183 327/1434/1184
f 331/255/1185 335/249/1186 336/252/1187 332/256/1188
f 332/1389/1189 336/1393/1190 337/1394/1191 333/1390/1192
f 333/253/1193 337/251/1194 338/250/1195 334/254/1196
f 334/1435/1197 338/1437/1198 335/1438/1199 331/1436/1200
s 22
f 273/1439/989 291/1443/1201 287/1444/1202 271/1440/990
s 16
f 276/677/804 290/678/1028 272/679/993
s 17
f 280/683/808 299/685/1029 279/687/994
s 23
f 284/1409/995 304/1413/1203 303/1414/1204 283/1410/996
s 24
f 279/1445/999 299/1449/1205 295/1450/1206 277/1446/1000
s 25
f 283/735/1003 303/741/1207 291/742/1208 273/736/1004
s 26
f 286/717/1007 310/712/1209 298/711/1210 278/718/1008
s off
f 339/1451/1211 340/1452/1212 348/1453/1213 347/1454/1214
f 340/1452/1215 341/1455/1216 349/1456/1217 348/1453/1218
f 341/273/1219 342/274/1220 350/275/1221 349/276/1222
f 342/274/1223 343/277/1224 351/278/1225 350/275/1226
f 343/1457/1227 344/1458/1228 352/1459/1229 351/1460/1230
f 344/1458/1231 345/1461/1232 353/1462/1233 352/1459/1234
f 345/279/1235 346/280/1236 354/281/1237 353/282/1238
f 346/280/1239 339/283/1240 347/284/1241 354/281/1242
s 27
f 380/765/1243 379/766/1244 381/767/1245
f 382/771/1246 380/765/1243 381/767/1245
f 383/775/1247 382/771/1246 381/767/1245
f 384/781/1248 383/775/1247 381/767/1245
f 385/780/1249 384/781/1248 381/767/1245
f 386/774/1250 385/780/1249 381/767/1245
f 387/770/1251 386/774/1250 381/767/1245
f 379/766/1244 387/770/1251 381/767/1245
s 28
f 420/788/1252 421/789/1253 422/790/1254
f 421/789/1253 423/791/1255 422/790/1254
f 423/791/1255 424/793/1256 422/790/1254
f 424/793/1256 425/795/1257 422/790/1254
f 425/795/1257 426/796/1258 422/790/1254
f 426/796/1258 427/794/1259 422/790/1254
f 427/794/1259 428/792/1260 422/790/1254
f 428/792/1260 420/788/1252 422/790/1254
s off
f 340/797/1261 339/798/1262 355/799/1263 356/800/1264
f 341/803/1265 340/797/1266 356/800/1267 357/804/1268
f 342/807/1269 341/803/1270 357/804/1271 358/808/1272
f 343/811/1273 342/807/1274 358/808/1275 359/812/1276
f 344/809/1277 343/811/1278 359/812/1279 360/810/1280
f 345/805/1281 344/809/1282 360/810/1283 361/806/1284
f 346/801/1285 345/805/1286 361/806/1287 362/802/1288
f 339/798/1289 346/801/1290 362/802/1291 355/799/1292
f 356/1463/1293 355/1464/1294 363/1465/1295 364/1466/1296
f 357/1471/1297 356/1463/1298 364/1466/1299 365/1472/1300
f 358/1474/1301 357/1471/1302 365/1472/1303 366/1475/1304
f 359/1477/1305 358/1480/1306 366/1481/1307 367/1478/1308
f 360/1476/1309 359/1477/1310 367/1478/1311 368/1479/1312
f 361/1484/1313 360/1476/1314 368/1479/1315 369/1485/1316
f 362/1487/1317 361/1484/1318 369/1485/1319 370/1488/1320
f 355/1464/1321 362/1467/1322 370/1468/1323 363/1465/1324
f 364/1466/1325 363/1465/1326 371/1469/1327 372/1470/1328
f 365/1472/1329 364/1466/1330 372/1470/1331 373/1473/1332
f 366/784/1333 365/785/1334 373/773/1335 374/779/1336
f 367/787/1337 366/784/1338 374/779/1339 375/786/1340
f 368/1479/1341 367/1478/1342 375/1482/1343 376/1483/1344
f 369/1485/1345 368/1479/1346 376/1483/1347 377/1486/1348
f 370/777/1349 369/782/1350 377/778/1351 378/772/1352
f 363/776/1353 370/777/1354 378/772/1355 371/769/1356
f 372/768/1357 371/769/1358 379/766/1359 380/765/1360
f 373/773/1361 372/768/1362 380/765/1363 382/771/1364
f 374/779/1365 373/773/1366 382/771/1367 383/775/1368
f 375/786/1369 374/779/1370 383/775/1371 384/781/1372
f 376/783/1373 375/786/1374 384/781/1375 385/780/1376
f 377/778/1377 376/783/1378 385/780/1379 386/774/1380
f 378/772/1381 377/778/1382 386/774/1383 387/770/1384
f 371/769/1385 378/772/1386 387/770/1387 379/766/1388
f 347/813/1389 348/814/1390 389/815/1391 388/816/1392
f 348/814/1393 349/817/1394 390/818/1395 389/815/1396
f 349/817/1397 350/821/1398 391/822/1399 390/818/1400
f 350/821/1401 351/825/1402 392/826/1403 391/822/1404
f 351/825/1405 352/827/1406 393/828/1407 392/826/1408
f 352/827/1409 353/823/1410 394/824/1411 393/828/1412
f 353/823/1413 354/819/1414 395/820/1415 394/824/1416
f 354/819/1417 347/813/1418 388/816/1419 395/820/1420
f 388/1489/1421 389/1490/1422 397/1491/1423 396/1492/1424
f 389/1490/1425 390/1493/1426 398/1494/1427 397/1491/1428
f 390/1493/1429 391/1497/1430 399/1498/1431 398/1494/1432
f 391/1505/1433 392/1499/1434 400/1502/1435 399/1506/1436
f 392/1499/1437 393/1500/1438 401/1501/1439 400/1502/1440
f 393/1500/1441 394/1503/1442 402/1504/1443 401/1501/1444
f 394/1503/1445 395/1507/1446 403/1508/1447 402/1504/1448
f 395/1495/1449 388/1489/1450 396/1492/1451 403/1496/1452
f 396/829/1453 397/830/1454 405/831/1455 404/832/1456
f 397/830/1457 398/833/1458 406/834/1459 405/831/1460
f 398/833/1461 399/837/1462 407/838/1463 406/834/1464
f 399/837/1465 400/841/1466 408/842/1467 407/838/1468
f 400/841/1469 401/843/1470 409/844/1471 408/842/1472
f 401/843/1473 402/839/1474 410/840/1475 409/844/1476
f 402/839/1477 403/835/1478 411/836/1479 410/840/1480
f 403/835/1481 396/829/1482 404/832/1483 411/836/1484
f 404/1509/1485 405/1510/1486 413/1511/1487 412/1512/1488
f 405/1510/1489 406/1513/1490 414/1514/1491 413/1511/1492
f 406/1513/1493 407/1519/1494 415/1520/1495 414/1514/1496
f 407/1524/1497 408/1525/1498 416/1526/1499 415/1527/1500
f 408/1525/1501 409/1528/1502 417/1529/1503 416/1526/1504
f 409/1528/1505 410/1532/1506 418/1533/1507 417/1529/1508
f 410/1532/1509 411/1535/1510 419/1536/1511 418/1533/1512
f 411/1517/1513 404/1509/1514 412/1512/1515 419/1518/1516
f 412/1512/1517 413/1511/1518 421/1515/1519 420/1516/1520
f 413/1511/1521 414/1514/1522 423/1521/1523 421/1515/1524
f 414/1514/1525 415/1520/1526 424/1523/1527 423/1521/1528
f 415/1527/1529 416/1526/1530 425/1530/1531 424/1531/1532
f 416/1526/1533 417/1529/1534 426/1534/1535 425/1530/1536
f 417/1529/1537 418/1533/1538 427/1537/1539 426/1534/1540
f 418/1533/1541 419/1536/1542 428/1538/1543 427/1537/1544
f 419/1518/1545 412/1512/1546 420/1516/1547 428/1522/1548
f 429/1539/1549 430/1540/1550 438/1541/1551 437/1542/1552
f 430/291/1553 431/285/1554 439/288/1555 438/292/1556
f 431/285/1557 432/286/1558 440/287/1559 439/288/1560
f 432/286/1561 433/289/1562 441/290/1563 440/287/1564
f 433/1543/1565 434/1544/1566 442/1545/1567 441/1546/1568
f 434/299/1569 435/293/1570 443/296/1571 442/300/1572
f 435/293/1573 436/294/1574 444/295/1575 443/296/1576
f 436/294/1577 429/297/1578 437/298/1579 444/295/1580
s 29
f 430/845/1581 429/846/1582 445/847/1583
f 431/849/1584 430/845/1581 445/847/1583
f 432/851/1585 431/849/1584 445/847/1583
f 433/853/1586 432/851/1585 445/847/1583
f 434/852/1587 433/853/1586 445/847/1583
f 435/850/1588 434/852/1587 445/847/1583
f 436/848/1589 435/850/1588 445/847/1583
f 429/846/1582 436/848/1589 445/847/1583
s 30
f 470/854/1590 471/855/1591 472/856/1592
f 471/855/1591 473/857/1593 472/856/1592
f 473/857/1593 474/859/1594 472/856/1592
f 474/859/1594 475/861/1595 472/856/1592
f 475/861/1595 476/862/1596 472/856/1592
f 476/862/1596 477/860/1597 472/856/1592
f 477/860/1597 478/858/1598 472/856/1592
f 478/858/1598 470/854/1590 472/856/1592
s off
f 454/1547/1599 455/1548/1600 456/1549/1601 457/1550/1602
f 455/307/1603 458/301/1604 459/304/1605 456/308/1606
f 458/301/1607 460/302/1608 461/303/1609 459/304/1610
f 460/302/1611 462/305/1612 463/306/1613 461/303/1614
f 462/1561/1615 464/1562/1616 465/1563/1617 463/1564/1618
f 464/1562/1619 466/1565/1620 467/1566/1621 465/1563/1622
f 491/309/1623 492/310/1624 493/311/1625 494/312/1626
f 468/1551/1627 454/1547/1628 457/1550/1629 469/1552/1630
f 437/863/1631 438/864/1632 455/865/1633 454/866/1634
f 447/885/1635 446/886/1636 457/887/1637 456/888/1638
f 438/864/1639 439/867/1640 458/868/1641 455/865/1642
f 448/891/1643 447/885/1644 456/888/1645 459/892/1646
f 439/867/1647 440/871/1648 460/872/1649 458/868/1650
f 449/895/1651 448/891/1652 459/892/1653 461/896/1654
f 440/871/1655 441/875/1656 462/876/1657 460/872/1658
f 450/901/1659 449/895/1660 461/896/1661 463/902/1662
f 441/875/1663 442/879/1664 464/880/1665 462/876/1666
f 451/897/1667 450/901/1668 463/902/1669 465/898/1670
f 442/879/1671 443/873/1672 466/874/1673 464/880/1674
f 452/893/1675 451/897/1676 465/898/1677 467/894/1678
f 443/873/1679 444/869/1680 468/870/1681 466/874/1682
f 453/889/1683 452/893/1684 467/894/1685 469/890/1686
f 444/869/1687 437/863/1688 454/866/1689 468/870/1690
f 446/886/1691 453/889/1692 469/890/1693 457/887/1694
f 446/1575/1695 447/1576/1696 471/1577/1697 470/1578/1698
f 447/323/1699 448/317/1700 473/320/1701 471/324/1702
f 448/317/1703 449/318/1704 474/319/1705 473/320/1706
f 449/318/1707 450/321/1708 475/322/1709 474/319/1710
f 450/1579/1711 451/1580/1712 476/1581/1713 475/1582/1714
f 451/331/1715 452/325/1716 477/328/1717 476/332/1718
f 452/325/1719 453/326/1720 478/327/1721 477/328/1722
f 453/326/1723 446/329/1724 470/330/1725 478/327/1726
f 466/874/1727 468/870/1728 480/877/1729 479/878/1730
f 468/1551/1731 469/1552/1732 481/1553/1733 480/1554/1734
f 469/890/1735 467/894/1736 482/899/1737 481/900/1738
f 467/1566/1739 466/1565/1740 479/1567/1741 482/1568/1742
f 479/878/1743 480/877/1744 484/881/1745 483/882/1746
f 480/1554/1747 481/1553/1748 485/1555/1749 484/1556/1750
f 481/900/1751 482/899/1752 486/903/1753 485/904/1754
f 482/1568/1755 479/1567/1756 483/1569/1757 486/1570/1758
f 483/882/1759 484/881/1760 488/883/1761 487/884/1762
f 484/1556/1763 485/1555/1764 489/1557/1765 488/1558/1766
f 485/904/1767 486/903/1768 490/905/1769 489/906/1770
f 486/1570/1771 483/1569/1772 487/1571/1773 490/1572/1774
f 487/313/1775 488/314/1776 492/310/1777 491/309/1778
f 488/1558/1779 489/1557/1780 493/1559/1781 492/1560/1782
f 489/315/1783 490/316/1784 494/312/1785 493/311/1786
f 490/1572/1787 487/1571/1788 491/1573/1789 494/1574/1790
f 495/1583/1791 496/1584/1792 504/1585/1793 503/1586/1794
f 496/1584/1795 497/1587/1796 505/1588/1797 504/1585/1798
f 497/333/1799 498/334/1800 506/335/1801 505/336/1802
f 498/334/1803 499/337/1804 507/338/1805 506/335/1806
f 499/1589/1807 500/1590/1808 508/1591/1809 507/1592/1810
f 500/1590/1811 501/1593/1812 509/1594/1813 508/1591/1814
f 501/339/1815 502/340/1816 510/341/1817 509/342/1818
f 502/340/1819 495/343/1820 503/344/1821 510/341/1822
s 31
f 496/907/1823 495/908/1824 511/909/1825
f 497/911/1826 496/907/1823 511/909/1825
f 498/913/1827 497/911/1826 511/909/1825
f 499/915/1828 498/913/1827 511/909/1825
f 500/914/1829 499/915/1828 511/909/1825
f 501/912/1830 500/914/1829 511/909/1825
f 502/910/1831 501/912/1830 511/909/1825
f 495/908/1824 502/910/1831 511/909/1825
s 32
f 572/916/1832 573/917/1833 574/918/1834
f 573/917/1833 575/919/1835 574/918/1834
f 575/919/1835 576/921/1836 574/918/1834
f 576/921/1836 577/923/1837 574/918/1834
f 577/923/1837 578/924/1838 574/918/1834
f 578/924/1838 579/922/1839 574/918/1834
f 579/922/1839 580/920/1840 574/918/1834
f 580/920/1840 572/916/1832 574/918/1834
s off
f 520/1595/1841 521/1596/1842 522/1597/1843 523/1598/1844
f 521/1596/1845 524/1599/1846 525/1600/1847 522/1597/1848
f 560/345/1849 561/346/1850 562/347/1851 563/348/1852
f 561/346/1853 564/349/1854 565/350/1855 562/347/1856
f 528/1605/1857 530/1606/1858 531/1607/1859 529/1608/1860
f 530/1606/1861 532/1609/1862 533/1610/1863 531/1607/1864
f 566/351/1865 567/352/1866 568/353/1867 569/354/1868
f 567/352/1869 570/355/1870 571/356/1871 568/353/1872
f 503/925/1873 504/926/1874 521/927/1875 520/928/1876
f 513/947/1877 512/948/1878 523/949/1879 522/950/1880
f 504/926/1881 505/929/1882 524/930/1883 521/927/1884
f 514/953/1885 513/947/1886 522/950/1887 525/954/1888
f 505/929/1889 506/933/1890 526/934/1891 524/930/1892
f 515/959/1893 514/953/1894 525/954/1895 527/960/1896
f 506/933/1897 507/939/1898 528/940/1899 526/934/1900
f 516/966/1901 515/959/1902 527/960/1903 529/967/1904
f 507/939/1905 508/944/1906 530/945/1907 528/940/1908
f 517/961/1909 516/966/1910 529/967/1911 531/962/1912
f 508/944/1913 509/937/1914 532/938/1915 530/945/1916
f 518/955/1917 517/961/1918 531/962/1919 533/956/1920
f 509/937/1921 510/931/1922 534/932/1923 532/938/1924
f 519/951/1925 518/955/1926 533/956/1927 535/952/1928
f 510/931/1929 503/925/1930 520/928/1931 534/932/1932
f 512/948/1933 519/951/1934 535/952/1935 523/949/1936
f 524/930/1937 526/934/1938 537/941/1939 536/942/1940
f 527/960/1941 525/954/1942 539/964/1943 538/965/1944
f 525/1600/1945 524/1599/1946 536/1603/1947 539/1604/1948
f 526/934/1949 528/940/1950 540/946/1951 537/941/1952
f 528/1605/1953 529/1608/1954 541/1611/1955 540/1612/1956
f 529/967/1957 527/960/1958 538/965/1959 541/968/1960
f 532/938/1961 534/932/1962 543/936/1963 542/943/1964
f 535/952/1965 533/956/1966 545/963/1967 544/957/1968
f 533/1610/1969 532/1609/1970 542/1613/1971 545/1614/1972
f 534/932/1973 520/928/1974 546/935/1975 543/936/1976
f 520/1595/1977 523/1598/1978 547/1601/1979 546/1602/1980
f 523/949/1981 535/952/1982 544/957/1983 547/958/1984
f 536/357/1985 537/358/1986 549/359/1987 548/360/1988
f 538/367/1989 539/363/1990 551/364/1991 550/368/1992
f 539/363/1993 536/357/1994 548/360/1995 551/364/1996
f 537/358/1997 540/361/1998 552/362/1999 549/359/2000
f 540/361/2001 541/365/2002 553/366/2003 552/362/2004
f 541/365/2005 538/367/2006 550/368/2007 553/366/2008
f 542/369/2009 543/370/2010 555/371/2011 554/372/2012
f 544/379/2013 545/375/2014 557/376/2015 556/380/2016
f 545/375/2017 542/369/2018 554/372/2019 557/376/2020
f 543/370/2021 546/373/2022 558/374/2023 555/371/2024
f 546/373/2025 547/377/2026 559/378/2027 558/374/2028
f 547/377/2029 544/379/2030 556/380/2031 559/378/2032
f 548/969/2033 549/970/2034 561/971/2035 560/972/2036
f 550/975/2037 551/976/2038 563/977/2039 562/978/2040
f 551/1615/2041 548/1616/2042 560/1617/2043 563/1618/2044
f 549/970/2045 552/973/2046 564/974/2047 561/971/2048
f 552/1619/2049 553/1620/2050 565/1621/2051 564/1622/2052
f 553/979/2053 550/975/2054 562/978/2055 565/980/2056
f 554/981/2057 555/982/2058 567/983/2059 566/984/2060
f 556/987/2061 557/988/2062 569/989/2063 568/990/2064
f 557/1623/2065 554/1624/2066 566/1625/2067 569/1626/2068
f 555/982/2069 558/985/2070 570/986/2071 567/983/2072
f 558/1627/2073 559/1628/2074 571/1629/2075 570/1630/2076
f 559/991/2077 556/987/2078 568/990/2079 571/992/2080
f 512/1631/2081 513/1632/2082 573/1633/2083 572/1634/2084
f 513/1632/2085 514/1635/2086 575/1636/2087 573/1633/2088
f 514/381/2089 515/382/2090 576/383/2091 575/384/2092
f 515/382/2093 516/385/2094 577/386/2095 576/383/2096
f 516/1637/2097 517/1638/2098 578/1639/2099 577/1640/2100
f 517/1638/2101 518/1641/2102 579/1642/2103 578/1639/2104
f 518/387/2105 519/388/2106 580/389/2107 579/390/2108
f 519/388/2109 512/391/2110 572/392/2111 580/389/2112
f 581/1643/2113 582/1644/2114 584/1645/2115 583/1646/2116
s 33
f 583/993/2117 584/994/2118 616/995/2119 615/996/2120
s 34
f 587/393/2121 619/394/2122 620/395/2123 588/396/2124
s off
f 598/1647/2125 597/1648/2126 599/1649/2127 600/1650/2128
s 35
f 710/1021/2129 709/1022/2130 711/1023/2131 712/1024/2132
s 36
f 583/993/2133 615/996/2134 619/1001/2135 587/1002/2136
s off
f 601/1652/2137 602/1651/2138 603/1655/2139 604/1656/2140
f 584/428/2141 582/429/2142 589/430/2143 590/431/2144
f 582/1027/2145 586/1028/2146 591/1029/2147 589/1030/2148
f 586/432/2149 585/433/2150 592/434/2151 591/435/2152
f 585/998/2153 584/994/2154 590/1004/2155 592/1005/2156
f 581/467/2157 583/468/2158 594/469/2159 593/470/2160
f 583/993/2161 587/1002/2162 595/1007/2163 594/1008/2164
f 587/393/2165 588/396/2166 596/401/2167 595/402/2168
f 588/1031/2169 581/1032/2170 593/1033/2171 596/1034/2172
f 591/435/2173 592/434/2174 600/438/2175 599/439/2176
f 592/1005/2177 590/1004/2178 598/1011/2179 600/1012/2180
f 594/1008/2181 595/1007/2182 603/1015/2183 602/1016/2184
f 595/402/2185 596/401/2186 604/408/2187 603/409/2188
f 589/1035/2189 597/1036/2190 601/1037/2191 593/1038/2192
f 597/1648/2193 598/1647/2194 602/1651/2195 601/1652/2196
f 590/1707/2197 589/1708/2198 593/1709/2199 594/1710/2200
f 598/1011/2201 590/1004/2202 594/1008/2203 602/1016/2204
s 37
f 582/471/2205 614/472/2206 621/473/2207 605/474/2208
s off
f 586/1711/2209 582/1712/2210 605/1713/2211 606/1714/2212
f 581/1715/2213 588/1716/2214 608/1717/2215 607/1718/2216
s 38
f 588/396/2217 620/395/2218 624/399/2219 608/400/2220
s 39
f 608/400/2221 624/399/2222 628/406/2223 612/407/2224
s off
f 589/1815/2225 591/1816/2226 606/1817/2227 605/1818/2228
f 596/1819/2229 593/1820/2230 607/1821/2231 608/1822/2232
f 591/435/2233 599/439/2234 610/444/2235 606/443/2236
f 604/408/2237 596/401/2238 608/400/2239 612/407/2240
f 599/1649/2241 597/1648/2242 609/1653/2243 610/1654/2244
f 601/1652/2245 604/1656/2246 612/1659/2247 611/1660/2248
f 597/477/2249 589/478/2250 605/479/2251 609/480/2252
f 593/481/2253 601/482/2254 611/483/2255 607/484/2256
s 40
f 605/1039/2257 621/1040/2258 623/1041/2259 607/1042/2260
s off
f 609/1719/2261 605/1720/2262 607/1721/2263 611/1722/2264
s 41
f 613/1045/2265 614/1046/2266 582/1047/2267 581/1048/2268
s 42
f 618/436/2269 617/437/2270 585/433/2271 586/432/2272
s 43
f 617/997/2273 616/995/2274 584/994/2275 585/998/2276
s 44
f 716/1051/2277 715/1052/2278 717/1053/2279 718/1054/2280
s 45
f 622/442/2281 618/436/2282 586/432/2283 606/443/2284
s 46
f 623/485/2285 613/486/2286 581/487/2287 607/488/2288
s 47
f 626/448/2289 622/442/2290 606/443/2291 610/444/2292
s 48
f 627/1057/2293 625/1058/2294 609/1059/2295 611/1060/2296
s off
f 629/1723/2297 631/1724/2298 632/1725/2299 630/1726/2300
s 33
f 631/999/2301 615/996/2120 616/995/2119 632/1000/2302
s 34
f 635/397/2303 636/398/2304 620/395/2123 619/394/2122
s off
f 646/1727/2305 648/1728/2306 647/1729/2307 645/1730/2308
s 35
f 713/1025/2309 714/1026/2310 711/1023/2131 709/1022/2130
s 36
f 631/999/2311 635/1006/2312 619/1001/2135 615/996/2134
s off
f 649/1733/2313 652/1737/2314 651/1738/2315 650/1734/2316
f 632/491/2317 638/492/2318 637/493/2319 630/494/2320
f 630/1063/2321 637/1064/2322 639/1065/2323 634/1066/2324
f 634/440/2325 639/446/2326 640/447/2327 633/441/2328
f 633/1003/2329 640/1009/2330 638/1010/2331 632/1000/2332
f 629/495/2333 641/496/2334 642/497/2335 631/498/2336
f 631/999/2337 642/1013/2338 643/1014/2339 635/1006/2340
f 635/397/2341 643/403/2342 644/404/2343 636/398/2344
f 636/1067/2345 644/1068/2346 641/1069/2347 629/1070/2348
f 639/446/2349 647/450/2350 648/451/2351 640/447/2352
f 640/1009/2353 648/1017/2354 646/1018/2355 638/1010/2356
f 642/1013/2357 650/1019/2358 651/1020/2359 643/1014/2360
f 643/403/2361 651/410/2362 652/411/2363 644/404/2364
f 637/1071/2365 641/1072/2366 649/1073/2367 645/1074/2368
f 645/1730/2369 649/1733/2370 650/1734/2371 646/1727/2372
f 638/1787/2373 642/1788/2374 641/1789/2375 637/1790/2376
f 646/1018/2377 650/1019/2378 642/1013/2379 638/1010/2380
s 37
f 630/475/2381 653/476/2382 621/473/2207 614/472/2206
s off
f 634/1791/2383 654/1792/2384 653/1793/2385 630/1794/2386
f 629/1795/2387 655/1796/2388 656/1797/2389 636/1798/2390
s 38
f 636/398/2391 656/405/2392 624/399/2219 620/395/2218
s 39
f 656/405/2393 660/412/2394 628/406/2223 624/399/2222
s off
f 637/1823/2395 653/1824/2396 654/1825/2397 639/1826/2398
f 644/1827/2399 656/1828/2400 655/1829/2401 641/1830/2402
f 639/446/2403 654/445/2404 658/449/2405 647/450/2406
f 652/411/2407 660/412/2408 656/405/2409 644/404/2410
f 647/1729/2411 658/1731/2412 657/1732/2413 645/1730/2414
f 649/1733/2415 659/1741/2416 660/1742/2417 652/1737/2418
f 645/499/2419 657/500/2420 653/501/2421 637/502/2422
f 641/503/2423 655/504/2424 659/505/2425 649/506/2426
s 40
f 653/1043/2427 655/1044/2428 623/1041/2259 621/1040/2258
s off
f 657/1799/2429 659/1800/2430 655/1801/2431 653/1802/2432
s 41
f 613/1045/2265 629/1049/2433 630/1050/2434 614/1046/2266
s 42
f 618/436/2269 634/440/2435 633/441/2436 617/437/2270
s 43
f 617/997/2273 633/1003/2437 632/1000/2438 616/995/2274
s 44
f 716/1051/2277 719/1055/2439 720/1056/2440 715/1052/2278
s 45
f 622/442/2281 654/445/2441 634/440/2442 618/436/2282
s 46
f 623/485/2285 655/489/2443 629/490/2444 613/486/2286
s 47
f 626/448/2289 658/449/2445 654/445/2446 622/442/2290
s 48
f 627/1057/2293 659/1061/2447 657/1062/2448 625/1058/2294
s off
f 609/507/2449 625/508/2450 661/509/2451 662/510/2452
f 626/448/2453 610/444/2454 664/452/2455 663/453/2456
f 610/1654/2457 609/1653/2458 662/1657/2459 664/1658/2460
f 657/1732/2461 658/1731/2462 666/1735/2463 665/1736/2464
f 658/449/2465 626/448/2466 663/453/2467 666/454/2468
f 625/508/2469 657/511/2470 665/512/2471 661/509/2472
f 627/513/2473 611/514/2474 669/515/2475 667/516/2476
f 611/1660/2477 612/1659/2478 670/1663/2479 669/1664/2480
f 612/407/2481 628/406/2482 668/413/2483 670/414/2484
f 628/406/2485 660/412/2486 671/415/2487 668/413/2488
f 660/1742/2489 659/1741/2490 672/1747/2491 671/1748/2492
f 659/517/2493 627/513/2494 667/516/2495 672/518/2496
f 663/453/2497 664/452/2498 676/455/2499 675/456/2500
f 664/1658/2501 662/1657/2502 674/1661/2503 676/1662/2504
f 665/1736/2505 666/1735/2506 678/1739/2507 677/1740/2508
f 666/454/2509 663/453/2510 675/456/2511 678/457/2512
f 669/1664/2513 670/1663/2514 682/1669/2515 681/1670/2516
f 670/414/2517 668/413/2518 680/416/2519 682/417/2520
f 668/413/2521 671/415/2522 683/418/2523 680/416/2524
f 671/1748/2525 672/1747/2526 684/1753/2527 683/1754/2528
f 674/519/2529 673/520/2530 685/521/2531 686/522/2532
f 675/456/2533 676/455/2534 688/458/2535 687/459/2536
f 676/1662/2537 674/1661/2538 686/1667/2539 688/1668/2540
f 677/1740/2541 678/1739/2542 690/1743/2543 689/1744/2544
f 678/457/2545 675/456/2546 687/459/2547 690/460/2548
f 673/520/2549 677/523/2550 689/524/2551 685/521/2552
f 679/525/2553 681/526/2554 693/527/2555 691/528/2556
f 681/1670/2557 682/1669/2558 694/1675/2559 693/1676/2560
f 682/417/2561 680/416/2562 692/419/2563 694/420/2564
f 680/416/2565 683/418/2566 695/421/2567 692/419/2568
f 683/1754/2569 684/1753/2570 696/1763/2571 695/1764/2572
f 684/529/2573 679/525/2574 691/528/2575 696/530/2576
f 687/459/2577 688/458/2578 700/461/2579 699/462/2580
f 688/1668/2581 686/1667/2582 698/1673/2583 700/1674/2584
f 689/1744/2585 690/1743/2586 702/1749/2587 701/1750/2588
f 690/460/2589 687/459/2590 699/462/2591 702/463/2592
f 693/1676/2593 694/1675/2594 706/1685/2595 705/1686/2596
f 694/420/2597 692/419/2598 704/422/2599 706/423/2600
f 692/419/2601 695/421/2602 707/424/2603 704/422/2604
f 695/1764/2605 696/1763/2606 708/1771/2607 707/1772/2608
f 698/531/2609 697/532/2610 709/533/2611 710/534/2612
f 699/462/2613 700/461/2614 712/464/2615 711/465/2616
f 700/1674/2617 698/1673/2618 710/1683/2619 712/1684/2620
f 701/1750/2621 702/1749/2622 714/1755/2623 713/1756/2624
f 702/463/2625 699/462/2626 711/465/2627 714/466/2628
f 697/532/2629 701/535/2630 713/536/2631 709/533/2632
f 703/537/2633 705/538/2634 717/539/2635 715/540/2636
f 705/1686/2637 706/1685/2638 718/1693/2639 717/1694/2640
f 706/423/2641 704/422/2642 716/425/2643 718/426/2644
f 704/422/2645 707/424/2646 719/427/2647 716/425/2648
f 707/1772/2649 708/1771/2650 720/1779/2651 719/1780/2652
f 708/541/2653 703/537/2654 715/540/2655 720/542/2656
s 49
f 661/1075/2657 665/1076/2658 775/1077/2659 776/1078/2660
s 50
f 662/1081/2661 661/1075/2662 776/1078/2663 777/1082/2664
s 51
f 665/1736/2665 677/1740/2666 780/1745/2667 775/1746/2668
s 52
f 674/1661/2669 662/1657/2670 777/1665/2671 778/1666/2672
s 53
f 673/1102/2673 674/1103/2674 778/1104/2675 779/1105/2676
s 54
f 677/1108/2677 673/1102/2678 779/1105/2679 780/1109/2680
s 55
f 686/1129/2681 685/1130/2682 781/1131/2683 782/1132/2684
s 56
f 685/1130/2685 689/1133/2686 786/1134/2687 781/1131/2688
s 57
f 689/1744/2689 701/1750/2690 785/1757/2691 786/1758/2692
s 58
f 701/1156/2693 697/1157/2694 784/1158/2695 785/1159/2696
s 59
f 697/1157/2697 698/1160/2698 783/1161/2699 784/1158/2700
s 60
f 698/1673/2701 686/1667/2702 782/1681/2703 783/1682/2704
s 49
f 722/1087/2705 721/1086/2706 763/1089/2707 764/1090/2708
s 50
f 723/1091/2709 722/1087/2710 764/1090/2711 765/1094/2712
s 52
f 724/1690/2713 723/1689/2714 765/1698/2715 766/1697/2716
s 53
f 725/1114/2717 724/1113/2718 766/1116/2719 767/1117/2720
s 54
f 726/1118/2721 725/1114/2722 767/1117/2723 768/1121/2724
s 51
f 721/1768/2725 726/1767/2726 768/1775/2727 763/1776/2728
s 49
f 728/1093/2729 727/1092/2730 757/1095/2731 758/1096/2732
s 50
f 729/1097/2733 728/1093/2734 758/1096/2735 759/1100/2736
s 52
f 730/1687/2737 729/1688/2738 759/1678/2739 760/1677/2740
s 53
f 731/1120/2741 730/1119/2742 760/1122/2743 761/1123/2744
s 54
f 732/1124/2745 731/1120/2746 761/1123/2747 762/1127/2748
s 51
f 727/1769/2749 732/1770/2750 762/1762/2751 757/1761/2752
s 49
f 734/1080/2753 733/1079/2754 769/1083/2755 770/1084/2756
s 50
f 735/1085/2757 734/1080/2758 770/1084/2759 771/1088/2760
s 52
f 736/1672/2761 735/1671/2762 771/1679/2763 772/1680/2764
s 53
f 737/1107/2765 736/1106/2766 772/1110/2767 773/1111/2768
s 54
f 738/1112/2769 737/1107/2770 773/1111/2771 774/1115/2772
s 51
f 733/1752/2773 738/1751/2774 774/1759/2775 769/1760/2776
s 55
f 740/1142/2777 739/1141/2778 793/1144/2779 794/1145/2780
s 60
f 741/1704/2781 740/1703/2782 794/1706/2783 795/1705/2784
s 59
f 742/1168/2785 741/1170/2786 795/1173/2787 796/1171/2788
s 58
f 743/1169/2789 742/1168/2790 796/1171/2791 797/1172/2792
s 57
f 744/1782/2793 743/1781/2794 797/1785/2795 798/1786/2796
s 56
f 739/1141/2797 744/1143/2798 798/1146/2799 793/1144/2800
s 55
f 746/1136/2801 745/1135/2802 787/1138/2803 788/1139/2804
s 60
f 747/1692/2805 746/1691/2806 788/1699/2807 789/1700/2808
s 59
f 748/1162/2809 747/1164/2810 789/1167/2811 790/1165/2812
s 58
f 749/1163/2813 748/1162/2814 790/1165/2815 791/1166/2816
s 57
f 750/1766/2817 749/1765/2818 791/1773/2819 792/1774/2820
s 56
f 745/1135/2821 750/1137/2822 792/1140/2823 787/1138/2824
s 55
f 752/1148/2825 751/1147/2826 799/1150/2827 800/1151/2828
s 60
f 753/1701/2829 752/1702/2830 800/1696/2831 801/1695/2832
s 59
f 754/1174/2833 753/1176/2834 801/1179/2835 802/1177/2836
s 58
f 755/1175/2837 754/1174/2838 802/1177/2839 803/1178/2840
s 57
f 756/1783/2841 755/1784/2842 803/1778/2843 804/1777/2844
s 56
f 751/1147/2845 756/1149/2846 804/1152/2847 799/1150/2848
s 49
f 758/1096/2732 757/1095/2731 672/1098/2849 667/1099/2850
s 50
f 759/1100/2736 758/1096/2735 667/1099/2851 669/1101/2852
s 52
f 760/1677/2740 759/1678/2739 669/1664/2853 681/1670/2854
s 53
f 761/1123/2744 760/1122/2743 681/1125/2855 679/1126/2856
s 54
f 762/1127/2748 761/1123/2747 679/1126/2857 684/1128/2858
s 51
f 757/1761/2752 762/1762/2751 684/1753/2859 672/1747/2860
s 49
f 764/1090/2708 763/1089/2707 727/1092/2730 728/1093/2729
s 50
f 765/1094/2712 764/1090/2711 728/1093/2734 729/1097/2733
s 52
f 766/1697/2716 765/1698/2715 729/1688/2738 730/1687/2737
s 53
f 767/1117/2720 766/1116/2719 730/1119/2742 731/1120/2741
s 54
f 768/1121/2724 767/1117/2723 731/1120/2746 732/1124/2745
s 51
f 763/1776/2728 768/1775/2727 732/1770/2750 727/1769/2749
s 49
f 770/1084/2756 769/1083/2755 721/1086/2706 722/1087/2705
s 50
f 771/1088/2760 770/1084/2759 722/1087/2710 723/1091/2709
s 52
f 772/1680/2764 771/1679/2763 723/1689/2714 724/1690/2713
s 53
f 773/1111/2768 772/1110/2767 724/1113/2718 725/1114/2717
s 54
f 774/1115/2772 773/1111/2771 725/1114/2722 726/1118/2721
s 51
f 769/1760/2776 774/1759/2775 726/1767/2726 721/1768/2725
s 49
f 776/1078/2660 775/1077/2659 733/1079/2754 734/1080/2753
s 50
f 777/1082/2664 776/1078/2663 734/1080/2758 735/1085/2757
s 52
f 778/1666/2672 777/1665/2671 735/1671/2762 736/1672/2761
s 53
f 779/1105/2676 778/1104/2675 736/1106/2766 737/1107/2765
s 54
f 780/1109/2680 779/1105/2679 737/1107/2770 738/1112/2769
s 51
f 775/1746/2668 780/1745/2667 738/1751/2774 733/1752/2773
s 55
f 782/1132/2684 781/1131/2683 745/1135/2802 746/1136/2801
s 60
f 783/1682/2704 782/1681/2703 746/1691/2806 747/1692/2805
s 59
f 784/1158/2700 783/1161/2699 747/1164/2810 748/1162/2809
s 58
f 785/1159/2696 784/1158/2695 748/1162/2814 749/1163/2813
s 57
f 786/1758/2692 785/1757/2691 749/1765/2818 750/1766/2817
s 56
f 781/1131/2688 786/1134/2687 750/1137/2822 745/1135/2821
s 55
f 788/1139/2804 787/1138/2803 739/1141/2778 740/1142/2777
s 60
f 789/1700/2808 788/1699/2807 740/1703/2782 741/1704/2781
s 59
f 790/1165/2812 789/1167/2811 741/1170/2786 742/1168/2785
s 58
f 791/1166/2816 790/1165/2815 742/1168/2790 743/1169/2789
s 57
f 792/1774/2820 791/1773/2819 743/1781/2794 744/1782/2793
s 56
f 787/1138/2824 792/1140/2823 744/1143/2798 739/1141/2797
s 55
f 794/1145/2780 793/1144/2779 751/1147/2826 752/1148/2825
s 60
f 795/1705/2784 794/1706/2783 752/1702/2830 753/1701/2829
s 59
f 796/1171/2788 795/1173/2787 753/1176/2834 754/1174/2833
s 58
f 797/1172/2792 796/1171/2791 754/1174/2838 755/1175/2837
s 57
f 798/1786/2796 797/1785/2795 755/1784/2842 756/1783/2841
s 56
f 793/1144/2800 798/1146/2799 756/1149/2846 751/1147/2845
s 55
f 800/1151/2828 799/1150/2827 691/1153/2861 693/1154/2862
s 60
f 801/1695/2832 800/1696/2831 693/1676/2863 705/1686/2864
s 59
f 802/1177/2836 801/1179/2835 705/1182/2865 703/1180/2866
s 58
f 803/1178/2840 802/1177/2839 703/1180/2867 708/1181/2868
s 57
f 804/1777/2844 803/1778/2843 708/1771/2869 696/1763/2870
s 56
f 799/1150/2848 804/1152/2847 696/1155/2871 691/1153/2872
